[May 04, 2026 00:05:51.472AM UTC]  EntityDamageByEntityEvent was triggered by damaged DROWNED Drowned, damager PLAYER .Elaxelinsan0 and cancelled false.
[May 04, 2026 00:05:51.505AM UTC]  EntityDamageByEntityEvent was triggered by damaged PLAYER .Elaxelinsan0, damager DROWNED Drowned and cancelled false.
[May 04, 2026 00:05:55.767AM UTC]  EntityDamageByEntityEvent was triggered by damaged DROWNED Drowned, damager PLAYER .Elaxelinsan0 and cancelled false.
[May 04, 2026 00:05:55.805AM UTC]  EntityDamageByEntityEvent was triggered by damaged PLAYER .Elaxelinsan0, damager DROWNED Drowned and cancelled false.
[May 04, 2026 00:13:35.973AM UTC]  EntityDamageByEntityEvent was triggered by damaged DROWNED Drowned, damager PLAYER .Elaxelinsan0 and cancelled false.
[May 04, 2026 00:13:36.605AM UTC]  EntityDamageByEntityEvent was triggered by damaged DROWNED Drowned, damager PLAYER .Elaxelinsan0 and cancelled false.
[May 04, 2026 00:13:40.141AM UTC]  EntityDamageByEntityEvent was triggered by damaged DROWNED Drowned, damager PLAYER .Elaxelinsan0 and cancelled false.
[May 04, 2026 00:13:40.155AM UTC]  EntityDamageByEntityEvent was triggered by damaged PLAYER .Elaxelinsan0, damager DROWNED Drowned and cancelled false.
[May 04, 2026 00:13:40.755AM UTC]  EntityDamageByEntityEvent was triggered by damaged DROWNED Drowned, damager PLAYER .Elaxelinsan0 and cancelled false.
[May 04, 2026 00:13:45.425AM UTC]  EntityDamageByEntityEvent was triggered by damaged DROWNED Drowned, damager PLAYER .Elaxelinsan0 and cancelled false.
[May 04, 2026 00:13:48.082AM UTC]  EntityDamageByEntityEvent was triggered by damaged DROWNED Drowned, damager PLAYER .Elaxelinsan0 and cancelled false.
[May 04, 2026 00:17:34.505AM UTC]  EntityDamageByEntityEvent was triggered by damaged PLAYER .Elaxelinsan0, damager TRIDENT Trident and cancelled false.
[May 04, 2026 00:18:09.255AM UTC]  EntityDamageByEntityEvent was triggered by damaged DROWNED Drowned, damager PLAYER .Elaxelinsan0 and cancelled false.
[May 04, 2026 00:18:09.892AM UTC]  EntityDamageByEntityEvent was triggered by damaged DROWNED Drowned, damager PLAYER .Elaxelinsan0 and cancelled false.
[May 04, 2026 00:18:10.254AM UTC]  EntityDamageByEntityEvent was triggered by damaged PLAYER .Elaxelinsan0, damager TRIDENT Trident and cancelled false.
[May 04, 2026 00:18:13.200AM UTC]  EntityDamageByEntityEvent was triggered by damaged DROWNED Drowned, damager PLAYER .Elaxelinsan0 and cancelled false.
[May 04, 2026 00:18:14.256AM UTC]  EntityDamageByEntityEvent was triggered by damaged PLAYER .Elaxelinsan0, damager TRIDENT Trident and cancelled false.
[May 04, 2026 00:18:17.931AM UTC]  EntityDamageByEntityEvent was triggered by damaged DROWNED Drowned, damager PLAYER .Elaxelinsan0 and cancelled false.
[May 04, 2026 00:18:18.154AM UTC]  EntityDamageByEntityEvent was triggered by damaged PLAYER .Elaxelinsan0, damager TRIDENT Trident and cancelled false.
[May 04, 2026 00:18:20.154AM UTC]  EntityDamageByEntityEvent was triggered by damaged PLAYER .Elaxelinsan0, damager TRIDENT Trident and cancelled false.
[May 04, 2026 00:18:20.290AM UTC]  EntityDamageByEntityEvent was triggered by damaged DROWNED Drowned, damager PLAYER .Elaxelinsan0 and cancelled false.
[May 04, 2026 00:18:36.821AM UTC]  EntityDamageByEntityEvent was triggered by damaged COD Cod, damager PLAYER .Elaxelinsan0 and cancelled false.
[May 04, 2026 00:21:58.074AM UTC]  PlayerPreTagEvent was triggered on Akukis by .Elaxelinsan0 with type PLAYER, reason ATTACKER, and cancelled false.
[May 04, 2026 00:21:58.082AM UTC]  PlayerTagEvent was triggered on Akukis by .Elaxelinsan0 with type PLAYER and reason ATTACKER.
[May 04, 2026 00:21:58.124AM UTC]  PlayerPreTagEvent was triggered on .Elaxelinsan0 by Akukis with type PLAYER, reason ATTACKED, and cancelled false.
[May 04, 2026 00:21:58.133AM UTC]  PlayerTagEvent was triggered on .Elaxelinsan0 by Akukis with type PLAYER and reason ATTACKED.
[May 04, 2026 00:21:58.172AM UTC]  EntityDamageByEntityEvent was triggered by damaged PLAYER .Elaxelinsan0, damager PLAYER Akukis and cancelled false.
[May 04, 2026 00:22:18.208AM UTC]  PlayerPunishEvent was triggered on Akukis with reason EXPIRE and cancelled true.
[May 04, 2026 00:22:18.209AM UTC]  PlayerUntagEvent was triggered on Akukis with reason EXPIRE and expire set to true.
[May 04, 2026 00:22:18.214AM UTC]  PlayerPunishEvent was triggered on .Elaxelinsan0 with reason EXPIRE and cancelled true.
[May 04, 2026 00:22:18.214AM UTC]  PlayerUntagEvent was triggered on .Elaxelinsan0 with reason EXPIRE and expire set to true.
[May 04, 2026 00:23:03.904AM UTC]  EntityDamageByEntityEvent was triggered by damaged PLAYER .Elaxelinsan0, damager DROWNED Drowned and cancelled false.
[May 04, 2026 00:23:03.907AM UTC]  EntityDamageByEntityEvent was triggered by damaged DROWNED Drowned, damager PLAYER .Elaxelinsan0 and cancelled false.
[May 04, 2026 00:28:13.154AM UTC]  EntityDamageByEntityEvent was triggered by damaged PLAYER Akukis, damager ZOMBIE Zombie and cancelled false.
[May 04, 2026 00:28:13.854AM UTC]  EntityDamageByEntityEvent was triggered by damaged PLAYER Akukis, damager ZOMBIE Zombie and cancelled false.
[May 04, 2026 00:28:14.854AM UTC]  EntityDamageByEntityEvent was triggered by damaged PLAYER Akukis, damager ZOMBIE Zombie and cancelled false.
[May 04, 2026 00:28:15.853AM UTC]  EntityDamageByEntityEvent was triggered by damaged PLAYER Akukis, damager ZOMBIE Zombie and cancelled false.
[May 04, 2026 00:28:16.854AM UTC]  EntityDamageByEntityEvent was triggered by damaged PLAYER Akukis, damager ZOMBIE Zombie and cancelled false.
[May 04, 2026 00:28:17.562AM UTC]  EntityDamageByEntityEvent was triggered by damaged ZOMBIE Zombie, damager PLAYER .Elaxelinsan0 and cancelled false.
[May 04, 2026 00:28:18.573AM UTC]  EntityDamageByEntityEvent was triggered by damaged ZOMBIE Zombie, damager PLAYER .Elaxelinsan0 and cancelled false.
[May 04, 2026 00:30:33.464AM UTC]  EntityDamageByEntityEvent was triggered by damaged PLAYER .Elaxelinsan0, damager CREEPER Creeper and cancelled false.
[May 04, 2026 00:31:24.258AM UTC]  EntityDamageByEntityEvent was triggered by damaged PLAYER Akukis, damager ARROW Arrow and cancelled false.
[May 04, 2026 00:31:36.206AM UTC]  EntityDamageByEntityEvent was triggered by damaged PLAYER Akukis, damager ARROW Arrow and cancelled false.
[May 04, 2026 00:31:39.208AM UTC]  EntityDamageByEntityEvent was triggered by damaged PLAYER Akukis, damager ARROW Arrow and cancelled false.
[May 04, 2026 00:31:45.605AM UTC]  EntityDamageByEntityEvent was triggered by damaged PLAYER .Elaxelinsan0, damager ARROW Arrow and cancelled false.
[May 04, 2026 00:31:48.557AM UTC]  EntityDamageByEntityEvent was triggered by damaged PLAYER .Elaxelinsan0, damager ARROW Arrow and cancelled false.
[May 04, 2026 00:31:51.756AM UTC]  EntityDamageByEntityEvent was triggered by damaged PLAYER .Elaxelinsan0, damager ARROW Arrow and cancelled false.
[May 04, 2026 00:31:56.470AM UTC]  EntityDamageByEntityEvent was triggered by damaged SKELETON Skeleton, damager PLAYER Akukis and cancelled false.
[May 04, 2026 00:31:57.018AM UTC]  EntityDamageByEntityEvent was triggered by damaged SKELETON Skeleton, damager PLAYER Akukis and cancelled false.
[May 04, 2026 00:32:33.119AM UTC]  EntityDamageByEntityEvent was triggered by damaged ZOMBIE Zombie, damager PLAYER Akukis and cancelled false.
[May 04, 2026 00:32:36.070AM UTC]  EntityDamageByEntityEvent was triggered by damaged CREEPER Creeper, damager PLAYER Akukis and cancelled false.
[May 04, 2026 00:32:36.654AM UTC]  EntityDamageByEntityEvent was triggered by damaged PLAYER Akukis, damager CREEPER Creeper and cancelled false.
[May 04, 2026 00:34:00.971AM UTC]  EntityDamageByEntityEvent was triggered by damaged ZOMBIE Zombie, damager PLAYER .Elaxelinsan0 and cancelled false.
[May 04, 2026 00:34:03.604AM UTC]  EntityDamageByEntityEvent was triggered by damaged PLAYER .Elaxelinsan0, damager ZOMBIE Zombie and cancelled false.
[May 04, 2026 00:34:05.153AM UTC]  EntityDamageByEntityEvent was triggered by damaged PLAYER .Elaxelinsan0, damager ZOMBIE Zombie and cancelled false.
[May 04, 2026 00:35:39.554AM UTC]  EntityDamageByEntityEvent was triggered by damaged PLAYER .Elaxelinsan0, damager ZOMBIE Zombie and cancelled false.
[May 04, 2026 00:35:39.620AM UTC]  EntityDamageByEntityEvent was triggered by damaged ZOMBIE Zombie, damager PLAYER Akukis and cancelled false.
[May 04, 2026 00:35:39.621AM UTC]  PlayerPreTagEvent was triggered on Akukis by .Elaxelinsan0 with type PLAYER, reason ATTACKER, and cancelled false.
[May 04, 2026 00:35:39.624AM UTC]  PlayerTagEvent was triggered on Akukis by .Elaxelinsan0 with type PLAYER and reason ATTACKER.
[May 04, 2026 00:35:39.625AM UTC]  PlayerPreTagEvent was triggered on .Elaxelinsan0 by Akukis with type PLAYER, reason ATTACKED, and cancelled false.
[May 04, 2026 00:35:39.625AM UTC]  PlayerTagEvent was triggered on .Elaxelinsan0 by Akukis with type PLAYER and reason ATTACKED.
[May 04, 2026 00:35:39.626AM UTC]  EntityDamageByEntityEvent was triggered by damaged PLAYER .Elaxelinsan0, damager PLAYER Akukis and cancelled false.
[May 04, 2026 00:35:59.700AM UTC]  PlayerPunishEvent was triggered on Akukis with reason EXPIRE and cancelled true.
[May 04, 2026 00:35:59.701AM UTC]  PlayerUntagEvent was triggered on Akukis with reason EXPIRE and expire set to true.
[May 04, 2026 00:35:59.701AM UTC]  PlayerPunishEvent was triggered on .Elaxelinsan0 with reason EXPIRE and cancelled true.
[May 04, 2026 00:35:59.701AM UTC]  PlayerUntagEvent was triggered on .Elaxelinsan0 with reason EXPIRE and expire set to true.
[May 04, 2026 00:37:06.556AM UTC]  EntityDamageByEntityEvent was triggered by damaged SQUID Squid, damager GUARDIAN Guardian and cancelled false.
[May 04, 2026 00:37:06.557AM UTC]  EntityDamageByEntityEvent was triggered by damaged SQUID Squid, damager GUARDIAN Guardian and cancelled false.
[May 04, 2026 00:37:09.606AM UTC]  EntityDamageByEntityEvent was triggered by damaged SQUID Squid, damager GUARDIAN Guardian and cancelled false.
[May 04, 2026 00:37:09.607AM UTC]  EntityDamageByEntityEvent was triggered by damaged SQUID Squid, damager GUARDIAN Guardian and cancelled false.
[May 04, 2026 00:37:14.705AM UTC]  EntityDamageByEntityEvent was triggered by damaged SQUID Squid, damager GUARDIAN Guardian and cancelled false.
[May 04, 2026 00:37:14.706AM UTC]  EntityDamageByEntityEvent was triggered by damaged SQUID Squid, damager GUARDIAN Guardian and cancelled false.
[May 04, 2026 00:37:19.806AM UTC]  EntityDamageByEntityEvent was triggered by damaged SQUID Squid, damager GUARDIAN Guardian and cancelled false.
[May 04, 2026 00:37:19.807AM UTC]  EntityDamageByEntityEvent was triggered by damaged SQUID Squid, damager GUARDIAN Guardian and cancelled false.
[May 04, 2026 00:37:20.206AM UTC]  EntityDamageByEntityEvent was triggered by damaged SQUID Squid, damager GUARDIAN Guardian and cancelled false.
[May 04, 2026 00:37:20.206AM UTC]  EntityDamageByEntityEvent was triggered by damaged SQUID Squid, damager GUARDIAN Guardian and cancelled false.
[May 04, 2026 00:38:18.903AM UTC]  EntityDamageByEntityEvent was triggered by damaged PLAYER .Elaxelinsan0, damager GUARDIAN Guardian and cancelled false.
[May 04, 2026 00:38:18.904AM UTC]  EntityDamageByEntityEvent was triggered by damaged PLAYER .Elaxelinsan0, damager GUARDIAN Guardian and cancelled false.
[May 04, 2026 00:38:19.224AM UTC]  EntityDamageByEntityEvent was triggered by damaged ELDER_GUARDIAN Elder Guardian, damager PLAYER Akukis and cancelled false.
[May 04, 2026 00:38:19.823AM UTC]  EntityDamageByEntityEvent was triggered by damaged ELDER_GUARDIAN Elder Guardian, damager PLAYER Akukis and cancelled false.
[May 04, 2026 00:38:20.472AM UTC]  EntityDamageByEntityEvent was triggered by damaged ELDER_GUARDIAN Elder Guardian, damager PLAYER Akukis and cancelled false.
[May 04, 2026 00:38:21.122AM UTC]  EntityDamageByEntityEvent was triggered by damaged ELDER_GUARDIAN Elder Guardian, damager PLAYER Akukis and cancelled false.
[May 04, 2026 00:38:21.773AM UTC]  EntityDamageByEntityEvent was triggered by damaged ELDER_GUARDIAN Elder Guardian, damager PLAYER Akukis and cancelled false.
[May 04, 2026 00:38:22.372AM UTC]  EntityDamageByEntityEvent was triggered by damaged ELDER_GUARDIAN Elder Guardian, damager PLAYER Akukis and cancelled false.
[May 04, 2026 00:38:23.073AM UTC]  EntityDamageByEntityEvent was triggered by damaged ELDER_GUARDIAN Elder Guardian, damager PLAYER Akukis and cancelled false.
[May 04, 2026 00:38:35.754AM UTC]  EntityDamageByEntityEvent was triggered by damaged PLAYER .Elaxelinsan0, damager GUARDIAN Guardian and cancelled false.
[May 04, 2026 00:38:35.755AM UTC]  EntityDamageByEntityEvent was triggered by damaged PLAYER .Elaxelinsan0, damager GUARDIAN Guardian and cancelled false.
[May 04, 2026 00:38:36.303AM UTC]  EntityDamageByEntityEvent was triggered by damaged PLAYER .Elaxelinsan0, damager GUARDIAN Guardian and cancelled false.
[May 04, 2026 00:38:36.304AM UTC]  EntityDamageByEntityEvent was triggered by damaged PLAYER .Elaxelinsan0, damager GUARDIAN Guardian and cancelled false.
[May 04, 2026 00:38:51.761AM UTC]  EntityDamageByEntityEvent was triggered by damaged GUARDIAN Guardian, damager PLAYER .Elaxelinsan0 and cancelled false.
[May 04, 2026 00:38:52.230AM UTC]  EntityDamageByEntityEvent was triggered by damaged PLAYER .Elaxelinsan0, damager GUARDIAN Guardian and cancelled false.
[May 04, 2026 00:38:52.413AM UTC]  EntityDamageByEntityEvent was triggered by damaged GUARDIAN Guardian, damager PLAYER .Elaxelinsan0 and cancelled false.
[May 04, 2026 00:38:53.103AM UTC]  EntityDamageByEntityEvent was triggered by damaged PLAYER .Elaxelinsan0, damager GUARDIAN Guardian and cancelled false.
[May 04, 2026 00:38:53.103AM UTC]  EntityDamageByEntityEvent was triggered by damaged PLAYER .Elaxelinsan0, damager GUARDIAN Guardian and cancelled false.
[May 04, 2026 00:38:54.105AM UTC]  EntityDamageByEntityEvent was triggered by damaged PLAYER .Elaxelinsan0, damager GUARDIAN Guardian and cancelled false.
[May 04, 2026 00:38:54.106AM UTC]  EntityDamageByEntityEvent was triggered by damaged PLAYER .Elaxelinsan0, damager GUARDIAN Guardian and cancelled false.
[May 04, 2026 00:38:56.655AM UTC]  EntityDamageByEntityEvent was triggered by damaged PLAYER .Elaxelinsan0, damager GUARDIAN Guardian and cancelled false.
[May 04, 2026 00:38:56.655AM UTC]  EntityDamageByEntityEvent was triggered by damaged PLAYER .Elaxelinsan0, damager GUARDIAN Guardian and cancelled false.
[May 04, 2026 00:38:57.703AM UTC]  EntityDamageByEntityEvent was triggered by damaged PLAYER .Elaxelinsan0, damager GUARDIAN Guardian and cancelled false.
[May 04, 2026 00:38:57.704AM UTC]  EntityDamageByEntityEvent was triggered by damaged PLAYER .Elaxelinsan0, damager GUARDIAN Guardian and cancelled false.
[May 04, 2026 00:38:58.704AM UTC]  EntityDamageByEntityEvent was triggered by damaged PLAYER .Elaxelinsan0, damager GUARDIAN Guardian and cancelled false.
[May 04, 2026 00:38:58.705AM UTC]  EntityDamageByEntityEvent was triggered by damaged PLAYER .Elaxelinsan0, damager GUARDIAN Guardian and cancelled false.
[May 04, 2026 00:39:00.703AM UTC]  EntityDamageByEntityEvent was triggered by damaged PLAYER .Elaxelinsan0, damager GUARDIAN Guardian and cancelled false.
[May 04, 2026 00:39:00.704AM UTC]  EntityDamageByEntityEvent was triggered by damaged PLAYER .Elaxelinsan0, damager GUARDIAN Guardian and cancelled false.
[May 04, 2026 00:39:02.803AM UTC]  EntityDamageByEntityEvent was triggered by damaged PLAYER .Elaxelinsan0, damager GUARDIAN Guardian and cancelled false.
[May 04, 2026 00:39:02.804AM UTC]  EntityDamageByEntityEvent was triggered by damaged PLAYER .Elaxelinsan0, damager GUARDIAN Guardian and cancelled false.
[May 04, 2026 00:39:03.603AM UTC]  EntityDamageByEntityEvent was triggered by damaged PLAYER .Elaxelinsan0, damager GUARDIAN Guardian and cancelled false.
[May 04, 2026 00:39:03.603AM UTC]  EntityDamageByEntityEvent was triggered by damaged PLAYER .Elaxelinsan0, damager GUARDIAN Guardian and cancelled false.
[May 04, 2026 00:39:03.971AM UTC]  EntityDamageByEntityEvent was triggered by damaged GUARDIAN Guardian, damager PLAYER .Elaxelinsan0 and cancelled false.
[May 04, 2026 00:39:04.503AM UTC]  EntityDamageByEntityEvent was triggered by damaged PLAYER .Elaxelinsan0, damager GUARDIAN Guardian and cancelled false.
[May 04, 2026 00:39:04.504AM UTC]  EntityDamageByEntityEvent was triggered by damaged PLAYER .Elaxelinsan0, damager GUARDIAN Guardian and cancelled false.
[May 04, 2026 00:39:05.303AM UTC]  EntityDamageByEntityEvent was triggered by damaged PLAYER .Elaxelinsan0, damager GUARDIAN Guardian and cancelled false.
[May 04, 2026 00:39:05.304AM UTC]  EntityDamageByEntityEvent was triggered by damaged PLAYER .Elaxelinsan0, damager GUARDIAN Guardian and cancelled false.
[May 04, 2026 00:39:06.555AM UTC]  EntityDamageByEntityEvent was triggered by damaged PLAYER .Elaxelinsan0, damager GUARDIAN Guardian and cancelled false.
[May 04, 2026 00:39:06.555AM UTC]  EntityDamageByEntityEvent was triggered by damaged PLAYER .Elaxelinsan0, damager GUARDIAN Guardian and cancelled false.
[May 04, 2026 00:39:11.302AM UTC]  EntityDamageByEntityEvent was triggered by damaged PLAYER .Elaxelinsan0, damager GUARDIAN Guardian and cancelled false.
[May 04, 2026 00:39:11.303AM UTC]  EntityDamageByEntityEvent was triggered by damaged PLAYER .Elaxelinsan0, damager GUARDIAN Guardian and cancelled false.
[May 04, 2026 00:39:11.903AM UTC]  EntityDamageByEntityEvent was triggered by damaged PLAYER .Elaxelinsan0, damager GUARDIAN Guardian and cancelled false.
[May 04, 2026 00:39:11.904AM UTC]  EntityDamageByEntityEvent was triggered by damaged PLAYER .Elaxelinsan0, damager GUARDIAN Guardian and cancelled false.
[May 04, 2026 00:39:33.753AM UTC]  EntityDamageByEntityEvent was triggered by damaged PLAYER .Elaxelinsan0, damager GUARDIAN Guardian and cancelled false.
[May 04, 2026 00:39:33.754AM UTC]  EntityDamageByEntityEvent was triggered by damaged PLAYER .Elaxelinsan0, damager GUARDIAN Guardian and cancelled false.
[May 04, 2026 00:39:54.853AM UTC]  EntityDamageByEntityEvent was triggered by damaged PLAYER .Elaxelinsan0, damager GUARDIAN Guardian and cancelled false.
[May 04, 2026 00:39:54.854AM UTC]  EntityDamageByEntityEvent was triggered by damaged PLAYER .Elaxelinsan0, damager GUARDIAN Guardian and cancelled false.
[May 04, 2026 00:39:55.404AM UTC]  EntityDamageByEntityEvent was triggered by damaged PLAYER .Elaxelinsan0, damager GUARDIAN Guardian and cancelled false.
[May 04, 2026 00:39:55.406AM UTC]  EntityDamageByEntityEvent was triggered by damaged PLAYER .Elaxelinsan0, damager GUARDIAN Guardian and cancelled false.
[May 04, 2026 00:39:56.853AM UTC]  EntityDamageByEntityEvent was triggered by damaged PLAYER .Elaxelinsan0, damager GUARDIAN Guardian and cancelled false.
[May 04, 2026 00:39:56.854AM UTC]  EntityDamageByEntityEvent was triggered by damaged PLAYER .Elaxelinsan0, damager GUARDIAN Guardian and cancelled false.
[May 04, 2026 00:39:57.853AM UTC]  EntityDamageByEntityEvent was triggered by damaged PLAYER .Elaxelinsan0, damager GUARDIAN Guardian and cancelled false.
[May 04, 2026 00:39:57.854AM UTC]  EntityDamageByEntityEvent was triggered by damaged PLAYER .Elaxelinsan0, damager GUARDIAN Guardian and cancelled false.
[May 04, 2026 00:39:59.003AM UTC]  EntityDamageByEntityEvent was triggered by damaged PLAYER .Elaxelinsan0, damager GUARDIAN Guardian and cancelled false.
[May 04, 2026 00:39:59.004AM UTC]  EntityDamageByEntityEvent was triggered by damaged PLAYER .Elaxelinsan0, damager GUARDIAN Guardian and cancelled false.
[May 04, 2026 00:39:59.753AM UTC]  EntityDamageByEntityEvent was triggered by damaged PLAYER .Elaxelinsan0, damager GUARDIAN Guardian and cancelled false.
[May 04, 2026 00:39:59.753AM UTC]  EntityDamageByEntityEvent was triggered by damaged PLAYER .Elaxelinsan0, damager GUARDIAN Guardian and cancelled false.
[May 04, 2026 00:40:00.403AM UTC]  EntityDamageByEntityEvent was triggered by damaged PLAYER .Elaxelinsan0, damager GUARDIAN Guardian and cancelled false.
[May 04, 2026 00:40:00.404AM UTC]  EntityDamageByEntityEvent was triggered by damaged PLAYER .Elaxelinsan0, damager GUARDIAN Guardian and cancelled false.
[May 04, 2026 00:40:01.803AM UTC]  EntityDamageByEntityEvent was triggered by damaged PLAYER .Elaxelinsan0, damager GUARDIAN Guardian and cancelled false.
[May 04, 2026 00:40:01.803AM UTC]  EntityDamageByEntityEvent was triggered by damaged PLAYER .Elaxelinsan0, damager GUARDIAN Guardian and cancelled false.
[May 04, 2026 00:40:02.403AM UTC]  EntityDamageByEntityEvent was triggered by damaged PLAYER .Elaxelinsan0, damager GUARDIAN Guardian and cancelled false.
[May 04, 2026 00:40:02.404AM UTC]  EntityDamageByEntityEvent was triggered by damaged PLAYER .Elaxelinsan0, damager GUARDIAN Guardian and cancelled false.
[May 04, 2026 00:40:04.254AM UTC]  EntityDamageByEntityEvent was triggered by damaged PLAYER .Elaxelinsan0, damager GUARDIAN Guardian and cancelled false.
[May 04, 2026 00:40:04.604AM UTC]  EntityDamageByEntityEvent was triggered by damaged PLAYER .Elaxelinsan0, damager GUARDIAN Guardian and cancelled false.
[May 04, 2026 00:40:04.604AM UTC]  EntityDamageByEntityEvent was triggered by damaged PLAYER .Elaxelinsan0, damager GUARDIAN Guardian and cancelled false.
[May 04, 2026 00:40:05.403AM UTC]  EntityDamageByEntityEvent was triggered by damaged PLAYER .Elaxelinsan0, damager GUARDIAN Guardian and cancelled false.
[May 04, 2026 00:40:05.404AM UTC]  EntityDamageByEntityEvent was triggered by damaged PLAYER .Elaxelinsan0, damager GUARDIAN Guardian and cancelled false.
[May 04, 2026 00:40:07.104AM UTC]  EntityDamageByEntityEvent was triggered by damaged PLAYER .Elaxelinsan0, damager GUARDIAN Guardian and cancelled false.
[May 04, 2026 00:40:08.303AM UTC]  EntityDamageByEntityEvent was triggered by damaged PLAYER .Elaxelinsan0, damager GUARDIAN Guardian and cancelled false.
[May 04, 2026 00:41:58.554AM UTC]  EntityDamageByEntityEvent was triggered by damaged PLAYER .Elaxelinsan0, damager GUARDIAN Guardian and cancelled false.
[May 04, 2026 00:41:58.557AM UTC]  EntityDamageByEntityEvent was triggered by damaged PLAYER .Elaxelinsan0, damager GUARDIAN Guardian and cancelled false.
[May 04, 2026 00:46:54.932AM UTC]  PlayerPreTagEvent was triggered on Akukis by .Elaxelinsan0 with type PLAYER, reason ATTACKER, and cancelled false.
[May 04, 2026 00:46:54.935AM UTC]  PlayerTagEvent was triggered on Akukis by .Elaxelinsan0 with type PLAYER and reason ATTACKER.
[May 04, 2026 00:46:54.936AM UTC]  PlayerPreTagEvent was triggered on .Elaxelinsan0 by Akukis with type PLAYER, reason ATTACKED, and cancelled false.
[May 04, 2026 00:46:54.936AM UTC]  PlayerTagEvent was triggered on .Elaxelinsan0 by Akukis with type PLAYER and reason ATTACKED.
[May 04, 2026 00:46:54.937AM UTC]  EntityDamageByEntityEvent was triggered by damaged PLAYER .Elaxelinsan0, damager PLAYER Akukis and cancelled false.
[May 04, 2026 00:47:15.300AM UTC]  PlayerPunishEvent was triggered on Akukis with reason EXPIRE and cancelled true.
[May 04, 2026 00:47:15.301AM UTC]  PlayerUntagEvent was triggered on Akukis with reason EXPIRE and expire set to true.
[May 04, 2026 00:47:15.301AM UTC]  PlayerPunishEvent was triggered on .Elaxelinsan0 with reason EXPIRE and cancelled true.
[May 04, 2026 00:47:15.301AM UTC]  PlayerUntagEvent was triggered on .Elaxelinsan0 with reason EXPIRE and expire set to true.
[May 04, 2026 00:47:22.904AM UTC]  EntityDamageByEntityEvent was triggered by damaged PLAYER .Elaxelinsan0, damager PHANTOM Phantom and cancelled false.
[May 04, 2026 00:47:31.303AM UTC]  EntityDamageByEntityEvent was triggered by damaged PLAYER .Elaxelinsan0, damager PHANTOM Phantom and cancelled false.
[May 04, 2026 00:47:31.721AM UTC]  EntityDamageByEntityEvent was triggered by damaged PHANTOM Phantom, damager PLAYER .Elaxelinsan0 and cancelled false.
[May 04, 2026 00:47:33.054AM UTC]  EntityDamageByEntityEvent was triggered by damaged PLAYER .Elaxelinsan0, damager PHANTOM Phantom and cancelled false.
[May 04, 2026 00:47:40.803AM UTC]  EntityDamageByEntityEvent was triggered by damaged PLAYER .Elaxelinsan0, damager PHANTOM Phantom and cancelled false.
[May 04, 2026 00:47:42.053AM UTC]  EntityDamageByEntityEvent was triggered by damaged PLAYER .Elaxelinsan0, damager PHANTOM Phantom and cancelled false.
[May 04, 2026 00:47:49.703AM UTC]  EntityDamageByEntityEvent was triggered by damaged PLAYER .Elaxelinsan0, damager PHANTOM Phantom and cancelled false.
[May 04, 2026 00:47:50.021AM UTC]  EntityDamageByEntityEvent was triggered by damaged PHANTOM Phantom, damager PLAYER .Elaxelinsan0 and cancelled false.
[May 04, 2026 00:47:58.753AM UTC]  EntityDamageByEntityEvent was triggered by damaged PLAYER .Elaxelinsan0, damager PHANTOM Phantom and cancelled false.
[May 04, 2026 00:47:58.835AM UTC]  EntityDamageByEntityEvent was triggered by damaged PHANTOM Phantom, damager PLAYER .Elaxelinsan0 and cancelled false.
[May 04, 2026 00:48:01.683AM UTC]  EntityDamageByEntityEvent was triggered by damaged PHANTOM Phantom, damager PLAYER .Elaxelinsan0 and cancelled false.
[May 04, 2026 00:48:03.912AM UTC]  EntityDamageByEntityEvent was triggered by damaged PHANTOM Phantom, damager PLAYER .Elaxelinsan0 and cancelled false.
[May 04, 2026 00:48:04.413AM UTC]  EntityDamageByEntityEvent was triggered by damaged PHANTOM Phantom, damager PLAYER .Elaxelinsan0 and cancelled false.
[May 04, 2026 00:48:07.935AM UTC]  EntityDamageByEntityEvent was triggered by damaged PHANTOM Phantom, damager PLAYER .Elaxelinsan0 and cancelled false.
[May 04, 2026 00:48:10.380AM UTC]  PlayerPreTagEvent was triggered on Akukis by .Elaxelinsan0 with type PLAYER, reason ATTACKER, and cancelled false.
[May 04, 2026 00:48:10.381AM UTC]  PlayerTagEvent was triggered on Akukis by .Elaxelinsan0 with type PLAYER and reason ATTACKER.
[May 04, 2026 00:48:10.382AM UTC]  PlayerPreTagEvent was triggered on .Elaxelinsan0 by Akukis with type PLAYER, reason ATTACKED, and cancelled false.
[May 04, 2026 00:48:10.383AM UTC]  PlayerTagEvent was triggered on .Elaxelinsan0 by Akukis with type PLAYER and reason ATTACKED.
[May 04, 2026 00:48:10.384AM UTC]  EntityDamageByEntityEvent was triggered by damaged PLAYER .Elaxelinsan0, damager PLAYER Akukis and cancelled false.
[May 04, 2026 00:48:20.053AM UTC]  EntityDamageByEntityEvent was triggered by damaged PLAYER .Elaxelinsan0, damager PHANTOM Phantom and cancelled false.
[May 04, 2026 00:48:22.402AM UTC]  EntityDamageByEntityEvent was triggered by damaged PLAYER .Elaxelinsan0, damager PHANTOM Phantom and cancelled false.
[May 04, 2026 00:48:28.453AM UTC]  EntityDamageByEntityEvent was triggered by damaged PLAYER .Elaxelinsan0, damager PHANTOM Phantom and cancelled false.
[May 04, 2026 00:48:30.403AM UTC]  EntityDamageByEntityEvent was triggered by damaged PLAYER .Elaxelinsan0, damager PHANTOM Phantom and cancelled false.
[May 04, 2026 00:48:30.800AM UTC]  PlayerPunishEvent was triggered on Akukis with reason EXPIRE and cancelled true.
[May 04, 2026 00:48:30.801AM UTC]  PlayerUntagEvent was triggered on Akukis with reason EXPIRE and expire set to true.
[May 04, 2026 00:48:30.801AM UTC]  PlayerPunishEvent was triggered on .Elaxelinsan0 with reason EXPIRE and cancelled true.
[May 04, 2026 00:48:30.801AM UTC]  PlayerUntagEvent was triggered on .Elaxelinsan0 with reason EXPIRE and expire set to true.
[May 04, 2026 00:48:38.803AM UTC]  EntityDamageByEntityEvent was triggered by damaged PLAYER .Elaxelinsan0, damager PHANTOM Phantom and cancelled false.
[May 04, 2026 00:48:46.104AM UTC]  EntityDamageByEntityEvent was triggered by damaged PLAYER .Elaxelinsan0, damager PHANTOM Phantom and cancelled false.
[May 04, 2026 00:48:50.953AM UTC]  EntityDamageByEntityEvent was triggered by damaged PLAYER .Elaxelinsan0, damager PHANTOM Phantom and cancelled false.
[May 04, 2026 00:48:59.055AM UTC]  EntityDamageByEntityEvent was triggered by damaged PLAYER .Elaxelinsan0, damager PHANTOM Phantom and cancelled false.
[May 04, 2026 00:49:00.913AM UTC]  EntityDamageByEntityEvent was triggered by damaged PHANTOM Phantom, damager PLAYER .Elaxelinsan0 and cancelled false.
[May 04, 2026 00:49:03.729AM UTC]  EntityDamageByEntityEvent was triggered by damaged PHANTOM Phantom, damager PLAYER Akukis and cancelled false.
[May 04, 2026 00:49:05.473AM UTC]  EntityDamageByEntityEvent was triggered by damaged PHANTOM Phantom, damager PLAYER .Elaxelinsan0 and cancelled false.
[May 04, 2026 00:49:13.231AM UTC]  EntityDamageByEntityEvent was triggered by damaged PHANTOM Phantom, damager PLAYER Akukis and cancelled false.
[May 04, 2026 00:49:34.281AM UTC]  EntityDamageByEntityEvent was triggered by damaged PHANTOM Phantom, damager PLAYER Akukis and cancelled false.
[May 04, 2026 00:51:13.633AM UTC]  PlayerPreTagEvent was triggered on Akukis by .Elaxelinsan0 with type PLAYER, reason ATTACKER, and cancelled false.
[May 04, 2026 00:51:13.634AM UTC]  PlayerTagEvent was triggered on Akukis by .Elaxelinsan0 with type PLAYER and reason ATTACKER.
[May 04, 2026 00:51:13.635AM UTC]  PlayerPreTagEvent was triggered on .Elaxelinsan0 by Akukis with type PLAYER, reason ATTACKED, and cancelled false.
[May 04, 2026 00:51:13.635AM UTC]  PlayerTagEvent was triggered on .Elaxelinsan0 by Akukis with type PLAYER and reason ATTACKED.
[May 04, 2026 00:51:13.636AM UTC]  EntityDamageByEntityEvent was triggered by damaged PLAYER .Elaxelinsan0, damager PLAYER Akukis and cancelled false.
[May 04, 2026 00:51:33.800AM UTC]  PlayerPunishEvent was triggered on Akukis with reason EXPIRE and cancelled true.
[May 04, 2026 00:51:33.801AM UTC]  PlayerUntagEvent was triggered on Akukis with reason EXPIRE and expire set to true.
[May 04, 2026 00:51:33.801AM UTC]  PlayerPunishEvent was triggered on .Elaxelinsan0 with reason EXPIRE and cancelled true.
[May 04, 2026 00:51:33.801AM UTC]  PlayerUntagEvent was triggered on .Elaxelinsan0 with reason EXPIRE and expire set to true.
[May 04, 2026 00:53:36.435AM UTC]  EntityDamageByEntityEvent was triggered by damaged WARDEN Warden, damager PLAYER Akukis and cancelled false.
[May 04, 2026 00:53:36.507AM UTC]  EntityDamageByEntityEvent was triggered by damaged PLAYER Akukis, damager WARDEN Warden and cancelled false.
[May 04, 2026 00:54:03.204AM UTC]  EntityDamageByEntityEvent was triggered by damaged PLAYER Akukis, damager WARDEN Warden and cancelled false.
[May 04, 2026 00:54:20.755AM UTC]  EntityDamageByEntityEvent was triggered by damaged PLAYER Akukis, damager WARDEN Warden and cancelled false.
[May 04, 2026 00:54:43.505AM UTC]  EntityDamageByEntityEvent was triggered by damaged PLAYER Akukis, damager WARDEN Warden and cancelled false.
[May 04, 2026 00:54:56.454AM UTC]  EntityDamageByEntityEvent was triggered by damaged PLAYER Akukis, damager WARDEN Warden and cancelled false.
[May 04, 2026 00:55:25.854AM UTC]  EntityDamageByEntityEvent was triggered by damaged PLAYER Akukis, damager WARDEN Warden and cancelled false.
[May 04, 2026 00:55:45.054AM UTC]  EntityDamageByEntityEvent was triggered by damaged PLAYER Akukis, damager WARDEN Warden and cancelled false.
[May 04, 2026 00:56:09.905AM UTC]  EntityDamageByEntityEvent was triggered by damaged PLAYER Akukis, damager WARDEN Warden and cancelled false.
[May 04, 2026 00:56:39.988AM UTC]  EntityDamageByEntityEvent was triggered by damaged WARDEN Warden, damager PLAYER Akukis and cancelled false.
[May 04, 2026 00:56:41.256AM UTC]  EntityDamageByEntityEvent was triggered by damaged PLAYER Akukis, damager WARDEN Warden and cancelled false.
[May 04, 2026 00:56:45.186AM UTC]  EntityDamageByEntityEvent was triggered by damaged WARDEN Warden, damager PLAYER Akukis and cancelled false.
[May 04, 2026 00:56:46.354AM UTC]  EntityDamageByEntityEvent was triggered by damaged PLAYER Akukis, damager WARDEN Warden and cancelled false.
[May 04, 2026 00:57:14.538AM UTC]  EntityDamageByEntityEvent was triggered by damaged WARDEN Warden, damager PLAYER Akukis and cancelled false.
[May 04, 2026 00:57:15.854AM UTC]  EntityDamageByEntityEvent was triggered by damaged PLAYER Akukis, damager WARDEN Warden and cancelled false.
[May 04, 2026 00:57:19.257AM UTC]  EntityDamageByEntityEvent was triggered by damaged WARDEN Warden, damager ARROW Arrow and cancelled false.
[May 04, 2026 00:57:20.156AM UTC]  EntityDamageByEntityEvent was triggered by damaged PLAYER LITTLE_GHOTS, damager ZOMBIE Zombie and cancelled false.
[May 04, 2026 00:57:20.790AM UTC]  EntityDamageByEntityEvent was triggered by damaged ZOMBIE Zombie, damager PLAYER LITTLE_GHOTS and cancelled false.
[May 04, 2026 00:57:21.360AM UTC]  EntityDamageByEntityEvent was triggered by damaged PLAYER LITTLE_GHOTS, damager CREEPER Creeper and cancelled false.
[May 04, 2026 00:57:21.361AM UTC]  EntityDamageByEntityEvent was triggered by damaged ZOMBIE Zombie, damager CREEPER Creeper and cancelled false.
[May 04, 2026 00:57:24.104AM UTC]  EntityDamageByEntityEvent was triggered by damaged PLAYER .Elaxelinsan0, damager PHANTOM Phantom and cancelled false.
[May 04, 2026 00:57:26.295AM UTC]  EntityDamageByEntityEvent was triggered by damaged ZOMBIE Zombie, damager PLAYER LITTLE_GHOTS and cancelled false.
[May 04, 2026 00:57:26.305AM UTC]  EntityDamageByEntityEvent was triggered by damaged PLAYER LITTLE_GHOTS, damager ZOMBIE Zombie and cancelled false.
[May 04, 2026 00:57:31.306AM UTC]  EntityDamageByEntityEvent was triggered by damaged PLAYER LITTLE_GHOTS, damager ZOMBIE Zombie and cancelled false.
[May 04, 2026 00:57:31.955AM UTC]  EntityDamageByEntityEvent was triggered by damaged PLAYER LITTLE_GHOTS, damager ZOMBIE Zombie and cancelled false.
[May 04, 2026 00:57:32.256AM UTC]  EntityDamageByEntityEvent was triggered by damaged PLAYER .Elaxelinsan0, damager PHANTOM Phantom and cancelled false.
[May 04, 2026 01:02:02.958AM UTC]  EntityDamageByEntityEvent was triggered by damaged PLAYER Akukis, damager CREEPER Creeper and cancelled false.
[May 04, 2026 01:02:59.411AM UTC]  EntityDamageByEntityEvent was triggered by damaged PLAYER LITTLE_GHOTS, damager ARROW Arrow and cancelled false.
[May 04, 2026 01:03:05.333AM UTC]  EntityDamageByEntityEvent was triggered by damaged SKELETON Skeleton, damager PLAYER LITTLE_GHOTS and cancelled false.
[May 04, 2026 01:03:05.879AM UTC]  EntityDamageByEntityEvent was triggered by damaged SKELETON Skeleton, damager PLAYER LITTLE_GHOTS and cancelled false.
[May 04, 2026 01:03:07.230AM UTC]  EntityDamageByEntityEvent was triggered by damaged SKELETON Skeleton, damager PLAYER LITTLE_GHOTS and cancelled false.
[May 04, 2026 01:03:07.832AM UTC]  EntityDamageByEntityEvent was triggered by damaged SKELETON Skeleton, damager PLAYER LITTLE_GHOTS and cancelled false.
[May 04, 2026 01:03:08.007AM UTC]  EntityDamageByEntityEvent was triggered by damaged PLAYER LITTLE_GHOTS, damager ARROW Arrow and cancelled false.
[May 04, 2026 01:03:08.982AM UTC]  EntityDamageByEntityEvent was triggered by damaged SKELETON Skeleton, damager PLAYER LITTLE_GHOTS and cancelled false.
[May 04, 2026 01:03:09.207AM UTC]  EntityDamageByEntityEvent was triggered by damaged PLAYER LITTLE_GHOTS, damager ZOMBIE Zombie and cancelled false.
[May 04, 2026 01:03:09.532AM UTC]  EntityDamageByEntityEvent was triggered by damaged SKELETON Skeleton, damager PLAYER LITTLE_GHOTS and cancelled false.
[May 04, 2026 01:03:10.679AM UTC]  EntityDamageByEntityEvent was triggered by damaged ZOMBIE Zombie, damager PLAYER LITTLE_GHOTS and cancelled false.
[May 04, 2026 01:03:10.957AM UTC]  EntityDamageByEntityEvent was triggered by damaged PLAYER LITTLE_GHOTS, damager ZOMBIE Zombie and cancelled false.
[May 04, 2026 01:03:10.959AM UTC]  EntityDamageByEntityEvent was triggered by damaged PLAYER LITTLE_GHOTS, damager ARROW Arrow and cancelled false.
[May 04, 2026 01:03:11.280AM UTC]  EntityDamageByEntityEvent was triggered by damaged SKELETON Skeleton, damager PLAYER LITTLE_GHOTS and cancelled false.
[May 04, 2026 01:03:11.832AM UTC]  EntityDamageByEntityEvent was triggered by damaged ZOMBIE Zombie, damager PLAYER LITTLE_GHOTS and cancelled false.
[May 04, 2026 01:03:12.778AM UTC]  EntityDamageByEntityEvent was triggered by damaged SKELETON Skeleton, damager PLAYER LITTLE_GHOTS and cancelled false.
[May 04, 2026 01:03:13.427AM UTC]  EntityDamageByEntityEvent was triggered by damaged ZOMBIE Zombie, damager PLAYER LITTLE_GHOTS and cancelled false.
[May 04, 2026 01:03:14.008AM UTC]  EntityDamageByEntityEvent was triggered by damaged PLAYER LITTLE_GHOTS, damager ARROW Arrow and cancelled false.
[May 04, 2026 01:03:15.330AM UTC]  EntityDamageByEntityEvent was triggered by damaged SKELETON Skeleton, damager PLAYER LITTLE_GHOTS and cancelled false.
[May 04, 2026 01:03:16.330AM UTC]  EntityDamageByEntityEvent was triggered by damaged SKELETON Skeleton, damager PLAYER LITTLE_GHOTS and cancelled false.
[May 04, 2026 01:03:17.981AM UTC]  EntityDamageByEntityEvent was triggered by damaged ZOMBIE Zombie, damager PLAYER LITTLE_GHOTS and cancelled false.
[May 04, 2026 01:03:18.578AM UTC]  EntityDamageByEntityEvent was triggered by damaged ZOMBIE Zombie, damager PLAYER LITTLE_GHOTS and cancelled false.
[May 04, 2026 01:03:19.232AM UTC]  EntityDamageByEntityEvent was triggered by damaged SKELETON Skeleton, damager PLAYER LITTLE_GHOTS and cancelled false.
[May 04, 2026 01:03:19.781AM UTC]  EntityDamageByEntityEvent was triggered by damaged SKELETON Skeleton, damager PLAYER LITTLE_GHOTS and cancelled false.
[May 04, 2026 01:03:20.008AM UTC]  EntityDamageByEntityEvent was triggered by damaged PLAYER LITTLE_GHOTS, damager ARROW Arrow and cancelled false.
[May 04, 2026 01:03:21.656AM UTC]  EntityDamageByEntityEvent was triggered by damaged PLAYER LITTLE_GHOTS, damager ZOMBIE Zombie and cancelled false.
[May 04, 2026 01:03:21.729AM UTC]  EntityDamageByEntityEvent was triggered by damaged ZOMBIE Zombie, damager PLAYER LITTLE_GHOTS and cancelled false.
[May 04, 2026 01:03:22.656AM UTC]  EntityDamageByEntityEvent was triggered by damaged PLAYER LITTLE_GHOTS, damager ZOMBIE Zombie and cancelled false.
[May 04, 2026 01:03:22.879AM UTC]  EntityDamageByEntityEvent was triggered by damaged ZOMBIE Zombie, damager PLAYER LITTLE_GHOTS and cancelled false.
[May 04, 2026 01:03:23.477AM UTC]  EntityDamageByEntityEvent was triggered by damaged ZOMBIE Zombie, damager PLAYER LITTLE_GHOTS and cancelled false.
[May 04, 2026 01:03:24.079AM UTC]  EntityDamageByEntityEvent was triggered by damaged SKELETON Skeleton, damager PLAYER LITTLE_GHOTS and cancelled false.
[May 04, 2026 01:03:24.681AM UTC]  EntityDamageByEntityEvent was triggered by damaged SKELETON Skeleton, damager PLAYER LITTLE_GHOTS and cancelled false.
[May 04, 2026 01:03:25.279AM UTC]  EntityDamageByEntityEvent was triggered by damaged SKELETON Skeleton, damager PLAYER LITTLE_GHOTS and cancelled false.
[May 04, 2026 01:03:25.879AM UTC]  EntityDamageByEntityEvent was triggered by damaged SKELETON Skeleton, damager PLAYER LITTLE_GHOTS and cancelled false.
[May 04, 2026 01:03:30.607AM UTC]  EntityDamageByEntityEvent was triggered by damaged PLAYER LITTLE_GHOTS, damager ZOMBIE Zombie and cancelled false.
[May 04, 2026 01:03:31.707AM UTC]  EntityDamageByEntityEvent was triggered by damaged PLAYER LITTLE_GHOTS, damager ZOMBIE Zombie and cancelled false.
[May 04, 2026 01:03:32.428AM UTC]  EntityDamageByEntityEvent was triggered by damaged ZOMBIE Zombie, damager PLAYER LITTLE_GHOTS and cancelled false.
[May 04, 2026 01:03:32.978AM UTC]  EntityDamageByEntityEvent was triggered by damaged ZOMBIE Zombie, damager PLAYER LITTLE_GHOTS and cancelled false.
[May 04, 2026 01:03:34.179AM UTC]  EntityDamageByEntityEvent was triggered by damaged ZOMBIE Zombie, damager PLAYER LITTLE_GHOTS and cancelled false.
[May 04, 2026 01:03:35.456AM UTC]  EntityDamageByEntityEvent was triggered by damaged PLAYER LITTLE_GHOTS, damager ZOMBIE Zombie and cancelled false.
[May 04, 2026 01:03:58.605AM UTC]  EntityDamageByEntityEvent was triggered by damaged PLAYER LITTLE_GHOTS, damager ZOMBIE Zombie and cancelled false.
[May 04, 2026 01:03:58.833AM UTC]  EntityDamageByEntityEvent was triggered by damaged ZOMBIE Zombie, damager PLAYER LITTLE_GHOTS and cancelled false.
[May 04, 2026 01:03:59.382AM UTC]  EntityDamageByEntityEvent was triggered by damaged ZOMBIE Zombie, damager PLAYER LITTLE_GHOTS and cancelled false.
[May 04, 2026 01:04:00.156AM UTC]  EntityDamageByEntityEvent was triggered by damaged PLAYER LITTLE_GHOTS, damager ZOMBIE Zombie and cancelled false.
[May 04, 2026 01:04:00.482AM UTC]  EntityDamageByEntityEvent was triggered by damaged ZOMBIE Zombie, damager PLAYER LITTLE_GHOTS and cancelled false.
[May 04, 2026 01:04:01.629AM UTC]  EntityDamageByEntityEvent was triggered by damaged ZOMBIE Zombie, damager PLAYER LITTLE_GHOTS and cancelled false.
[May 04, 2026 01:04:02.228AM UTC]  EntityDamageByEntityEvent was triggered by damaged ZOMBIE Zombie, damager PLAYER LITTLE_GHOTS and cancelled false.
[May 04, 2026 01:05:21.740AM UTC]  PlayerPreTagEvent was triggered on Akukis by .Elaxelinsan0 with type PLAYER, reason ATTACKER, and cancelled false.
[May 04, 2026 01:05:21.741AM UTC]  PlayerTagEvent was triggered on Akukis by .Elaxelinsan0 with type PLAYER and reason ATTACKER.
[May 04, 2026 01:05:21.742AM UTC]  PlayerPreTagEvent was triggered on .Elaxelinsan0 by Akukis with type PLAYER, reason ATTACKED, and cancelled false.
[May 04, 2026 01:05:21.742AM UTC]  PlayerTagEvent was triggered on .Elaxelinsan0 by Akukis with type PLAYER and reason ATTACKED.
[May 04, 2026 01:05:21.742AM UTC]  EntityDamageByEntityEvent was triggered by damaged PLAYER .Elaxelinsan0, damager PLAYER Akukis and cancelled false.
[May 04, 2026 01:05:41.800AM UTC]  PlayerPunishEvent was triggered on Akukis with reason EXPIRE and cancelled true.
[May 04, 2026 01:05:41.801AM UTC]  PlayerUntagEvent was triggered on Akukis with reason EXPIRE and expire set to true.
[May 04, 2026 01:05:41.801AM UTC]  PlayerPunishEvent was triggered on .Elaxelinsan0 with reason EXPIRE and cancelled true.
[May 04, 2026 01:05:41.801AM UTC]  PlayerUntagEvent was triggered on .Elaxelinsan0 with reason EXPIRE and expire set to true.
[May 04, 2026 01:08:15.396AM UTC]  EntityDamageByEntityEvent was triggered by damaged SHEEP Sheep, damager PLAYER Akukis and cancelled false.
[May 04, 2026 01:11:05.697AM UTC]  PlayerPreTagEvent was triggered on Akukis by emi4553 with type PLAYER, reason ATTACKER, and cancelled false.
[May 04, 2026 01:11:05.698AM UTC]  PlayerTagEvent was triggered on Akukis by emi4553 with type PLAYER and reason ATTACKER.
[May 04, 2026 01:11:05.699AM UTC]  PlayerPreTagEvent was triggered on emi4553 by Akukis with type PLAYER, reason ATTACKED, and cancelled false.
[May 04, 2026 01:11:05.699AM UTC]  PlayerTagEvent was triggered on emi4553 by Akukis with type PLAYER and reason ATTACKED.
[May 04, 2026 01:11:05.699AM UTC]  EntityDamageByEntityEvent was triggered by damaged PLAYER emi4553, damager PLAYER Akukis and cancelled false.
[May 04, 2026 01:11:25.800AM UTC]  PlayerPunishEvent was triggered on Akukis with reason EXPIRE and cancelled true.
[May 04, 2026 01:11:25.800AM UTC]  PlayerUntagEvent was triggered on Akukis with reason EXPIRE and expire set to true.
[May 04, 2026 01:11:25.801AM UTC]  PlayerPunishEvent was triggered on emi4553 with reason EXPIRE and cancelled true.
[May 04, 2026 01:11:25.801AM UTC]  PlayerUntagEvent was triggered on emi4553 with reason EXPIRE and expire set to true.
[May 04, 2026 01:17:25.559AM UTC]  EntityDamageByEntityEvent was triggered by damaged ZOMBIE Zombie, damager PLAYER LITTLE_GHOTS and cancelled false.
[May 04, 2026 01:17:26.806AM UTC]  EntityDamageByEntityEvent was triggered by damaged PLAYER LITTLE_GHOTS, damager ZOMBIE Zombie and cancelled false.
[May 04, 2026 01:17:26.908AM UTC]  EntityDamageByEntityEvent was triggered by damaged ZOMBIE Zombie, damager PLAYER LITTLE_GHOTS and cancelled false.
[May 04, 2026 01:17:27.749AM UTC]  EntityDamageByEntityEvent was triggered by damaged ZOMBIE Zombie, damager PLAYER LITTLE_GHOTS and cancelled false.
[May 04, 2026 01:17:28.956AM UTC]  EntityDamageByEntityEvent was triggered by damaged PLAYER LITTLE_GHOTS, damager ZOMBIE Zombie and cancelled false.
[May 04, 2026 01:17:29.110AM UTC]  EntityDamageByEntityEvent was triggered by damaged ZOMBIE Zombie, damager PLAYER LITTLE_GHOTS and cancelled false.
[May 04, 2026 01:17:29.958AM UTC]  EntityDamageByEntityEvent was triggered by damaged ZOMBIE Zombie, damager PLAYER LITTLE_GHOTS and cancelled false.
[May 04, 2026 01:17:30.664AM UTC]  EntityDamageByEntityEvent was triggered by damaged ZOMBIE Zombie, damager PLAYER LITTLE_GHOTS and cancelled false.
[May 04, 2026 01:17:31.499AM UTC]  EntityDamageByEntityEvent was triggered by damaged ZOMBIE Zombie, damager PLAYER LITTLE_GHOTS and cancelled false.
[May 04, 2026 01:17:34.407AM UTC]  EntityDamageByEntityEvent was triggered by damaged ZOMBIE Zombie, damager PLAYER LITTLE_GHOTS and cancelled false.
[May 04, 2026 01:17:43.700AM UTC]  EntityDamageByEntityEvent was triggered by damaged ZOMBIE Zombie, damager PLAYER LITTLE_GHOTS and cancelled false.
[May 04, 2026 01:17:43.706AM UTC]  EntityDamageByEntityEvent was triggered by damaged PLAYER LITTLE_GHOTS, damager ZOMBIE Zombie and cancelled false.
[May 04, 2026 01:17:44.607AM UTC]  EntityDamageByEntityEvent was triggered by damaged ZOMBIE Zombie, damager PLAYER LITTLE_GHOTS and cancelled false.
[May 04, 2026 01:17:46.256AM UTC]  EntityDamageByEntityEvent was triggered by damaged PLAYER LITTLE_GHOTS, damager ZOMBIE Zombie and cancelled false.
[May 04, 2026 01:17:53.555AM UTC]  EntityDamageByEntityEvent was triggered by damaged PLAYER LITTLE_GHOTS, damager ZOMBIE Zombie and cancelled false.
[May 04, 2026 01:17:54.508AM UTC]  EntityDamageByEntityEvent was triggered by damaged ZOMBIE Zombie, damager PLAYER LITTLE_GHOTS and cancelled false.
[May 04, 2026 01:17:54.556AM UTC]  EntityDamageByEntityEvent was triggered by damaged PLAYER LITTLE_GHOTS, damager ZOMBIE Zombie and cancelled false.
[May 04, 2026 01:17:55.558AM UTC]  EntityDamageByEntityEvent was triggered by damaged ZOMBIE Zombie, damager PLAYER LITTLE_GHOTS and cancelled false.
[May 04, 2026 01:17:56.400AM UTC]  EntityDamageByEntityEvent was triggered by damaged ZOMBIE Zombie, damager PLAYER LITTLE_GHOTS and cancelled false.
[May 04, 2026 01:17:57.356AM UTC]  EntityDamageByEntityEvent was triggered by damaged PLAYER LITTLE_GHOTS, damager ZOMBIE Zombie and cancelled false.
[May 04, 2026 01:17:58.105AM UTC]  EntityDamageByEntityEvent was triggered by damaged PLAYER LITTLE_GHOTS, damager ZOMBIE Zombie and cancelled false.
[May 04, 2026 01:19:19.425AM UTC]  EntityDamageByEntityEvent was triggered by damaged CREEPER Creeper, damager PLAYER .Elaxelinsan0 and cancelled false.
[May 04, 2026 01:19:40.530AM UTC]  EntityDamageByEntityEvent was triggered by damaged CREEPER Creeper, damager PLAYER .Elaxelinsan0 and cancelled false.
[May 04, 2026 01:19:41.033AM UTC]  EntityDamageByEntityEvent was triggered by damaged CREEPER Creeper, damager PLAYER .Elaxelinsan0 and cancelled false.
[May 04, 2026 01:21:58.511AM UTC]  EntityDamageByEntityEvent was triggered by damaged TURTLE Turtle, damager PLAYER LITTLE_GHOTS and cancelled false.
[May 04, 2026 01:22:22.910AM UTC]  EntityDamageByEntityEvent was triggered by damaged TURTLE Turtle, damager PLAYER LITTLE_GHOTS and cancelled false.
[May 04, 2026 01:22:23.459AM UTC]  EntityDamageByEntityEvent was triggered by damaged TURTLE Turtle, damager PLAYER LITTLE_GHOTS and cancelled false.
[May 04, 2026 01:22:24.414AM UTC]  EntityDamageByEntityEvent was triggered by damaged TURTLE Turtle, damager PLAYER LITTLE_GHOTS and cancelled false.
[May 04, 2026 01:22:26.110AM UTC]  EntityDamageByEntityEvent was triggered by damaged TURTLE Turtle, damager PLAYER LITTLE_GHOTS and cancelled false.
[May 04, 2026 01:22:26.711AM UTC]  EntityDamageByEntityEvent was triggered by damaged TURTLE Turtle, damager PLAYER LITTLE_GHOTS and cancelled false.
[May 04, 2026 01:22:29.110AM UTC]  EntityDamageByEntityEvent was triggered by damaged TURTLE Turtle, damager PLAYER LITTLE_GHOTS and cancelled false.
[May 04, 2026 01:22:29.610AM UTC]  EntityDamageByEntityEvent was triggered by damaged TURTLE Turtle, damager PLAYER LITTLE_GHOTS and cancelled false.
[May 04, 2026 01:22:30.210AM UTC]  EntityDamageByEntityEvent was triggered by damaged TURTLE Turtle, damager PLAYER LITTLE_GHOTS and cancelled false.
[May 04, 2026 01:22:30.810AM UTC]  EntityDamageByEntityEvent was triggered by damaged TURTLE Turtle, damager PLAYER LITTLE_GHOTS and cancelled false.
[May 04, 2026 01:22:31.410AM UTC]  EntityDamageByEntityEvent was triggered by damaged TURTLE Turtle, damager PLAYER LITTLE_GHOTS and cancelled false.
[May 04, 2026 01:22:32.011AM UTC]  EntityDamageByEntityEvent was triggered by damaged TURTLE Turtle, damager PLAYER LITTLE_GHOTS and cancelled false.
[May 04, 2026 01:22:32.610AM UTC]  EntityDamageByEntityEvent was triggered by damaged TURTLE Turtle, damager PLAYER LITTLE_GHOTS and cancelled false.
[May 04, 2026 01:22:33.660AM UTC]  EntityDamageByEntityEvent was triggered by damaged TURTLE Turtle, damager PLAYER LITTLE_GHOTS and cancelled false.
[May 04, 2026 01:22:35.362AM UTC]  EntityDamageByEntityEvent was triggered by damaged TURTLE Turtle, damager PLAYER LITTLE_GHOTS and cancelled false.
[May 04, 2026 01:22:35.961AM UTC]  EntityDamageByEntityEvent was triggered by damaged TURTLE Turtle, damager PLAYER LITTLE_GHOTS and cancelled false.
[May 04, 2026 01:22:36.662AM UTC]  EntityDamageByEntityEvent was triggered by damaged TURTLE Turtle, damager PLAYER LITTLE_GHOTS and cancelled false.
[May 04, 2026 01:22:37.260AM UTC]  EntityDamageByEntityEvent was triggered by damaged TURTLE Turtle, damager PLAYER LITTLE_GHOTS and cancelled false.
[May 04, 2026 01:22:45.058AM UTC]  EntityDamageByEntityEvent was triggered by damaged PLAYER LITTLE_GHOTS, damager ZOMBIE Zombie and cancelled false.
[May 04, 2026 01:22:46.409AM UTC]  EntityDamageByEntityEvent was triggered by damaged PLAYER LITTLE_GHOTS, damager ZOMBIE Zombie and cancelled false.
[May 04, 2026 01:22:47.165AM UTC]  EntityDamageByEntityEvent was triggered by damaged ZOMBIE Zombie, damager PLAYER LITTLE_GHOTS and cancelled false.
[May 04, 2026 01:22:47.711AM UTC]  EntityDamageByEntityEvent was triggered by damaged ZOMBIE Zombie, damager PLAYER LITTLE_GHOTS and cancelled false.
[May 04, 2026 01:22:48.361AM UTC]  EntityDamageByEntityEvent was triggered by damaged ZOMBIE Zombie, damager PLAYER LITTLE_GHOTS and cancelled false.
[May 04, 2026 01:22:49.111AM UTC]  EntityDamageByEntityEvent was triggered by damaged ZOMBIE Zombie, damager PLAYER LITTLE_GHOTS and cancelled false.
[May 04, 2026 01:22:49.960AM UTC]  EntityDamageByEntityEvent was triggered by damaged ZOMBIE Zombie, damager PLAYER LITTLE_GHOTS and cancelled false.
[May 04, 2026 01:22:50.009AM UTC]  EntityDamageByEntityEvent was triggered by damaged PLAYER LITTLE_GHOTS, damager ZOMBIE Zombie and cancelled false.
[May 04, 2026 01:22:51.009AM UTC]  EntityDamageByEntityEvent was triggered by damaged PLAYER LITTLE_GHOTS, damager ZOMBIE Zombie and cancelled false.
[May 04, 2026 01:22:51.113AM UTC]  EntityDamageByEntityEvent was triggered by damaged ZOMBIE Zombie, damager PLAYER LITTLE_GHOTS and cancelled false.
[May 04, 2026 01:22:51.911AM UTC]  EntityDamageByEntityEvent was triggered by damaged ZOMBIE Zombie, damager PLAYER LITTLE_GHOTS and cancelled false.
[May 04, 2026 01:22:52.614AM UTC]  EntityDamageByEntityEvent was triggered by damaged ZOMBIE Zombie, damager PLAYER LITTLE_GHOTS and cancelled false.
[May 04, 2026 01:22:53.362AM UTC]  EntityDamageByEntityEvent was triggered by damaged ZOMBIE Zombie, damager PLAYER LITTLE_GHOTS and cancelled false.
[May 04, 2026 01:22:54.110AM UTC]  EntityDamageByEntityEvent was triggered by damaged ZOMBIE Zombie, damager PLAYER LITTLE_GHOTS and cancelled false.
[May 04, 2026 01:22:54.911AM UTC]  EntityDamageByEntityEvent was triggered by damaged ZOMBIE Zombie, damager PLAYER LITTLE_GHOTS and cancelled false.
[May 04, 2026 01:22:54.958AM UTC]  EntityDamageByEntityEvent was triggered by damaged PLAYER LITTLE_GHOTS, damager ZOMBIE Zombie and cancelled false.
[May 04, 2026 01:22:56.308AM UTC]  EntityDamageByEntityEvent was triggered by damaged PLAYER LITTLE_GHOTS, damager ZOMBIE Zombie and cancelled false.
[May 04, 2026 01:22:56.361AM UTC]  EntityDamageByEntityEvent was triggered by damaged ZOMBIE Zombie, damager PLAYER LITTLE_GHOTS and cancelled false.
[May 04, 2026 01:22:57.261AM UTC]  EntityDamageByEntityEvent was triggered by damaged ZOMBIE Zombie, damager PLAYER LITTLE_GHOTS and cancelled false.
[May 04, 2026 01:22:57.309AM UTC]  EntityDamageByEntityEvent was triggered by damaged PLAYER LITTLE_GHOTS, damager ZOMBIE Zombie and cancelled false.
[May 04, 2026 01:22:57.861AM UTC]  EntityDamageByEntityEvent was triggered by damaged ZOMBIE Zombie, damager PLAYER LITTLE_GHOTS and cancelled false.
[May 04, 2026 01:22:58.360AM UTC]  EntityDamageByEntityEvent was triggered by damaged ZOMBIE Zombie, damager PLAYER LITTLE_GHOTS and cancelled false.
[May 04, 2026 01:22:58.961AM UTC]  EntityDamageByEntityEvent was triggered by damaged ZOMBIE Zombie, damager PLAYER LITTLE_GHOTS and cancelled false.
[May 04, 2026 01:22:59.511AM UTC]  EntityDamageByEntityEvent was triggered by damaged ZOMBIE Zombie, damager PLAYER LITTLE_GHOTS and cancelled false.
[May 04, 2026 01:23:00.061AM UTC]  EntityDamageByEntityEvent was triggered by damaged ZOMBIE Zombie, damager PLAYER LITTLE_GHOTS and cancelled false.
[May 04, 2026 01:23:00.663AM UTC]  EntityDamageByEntityEvent was triggered by damaged ZOMBIE Zombie, damager PLAYER LITTLE_GHOTS and cancelled false.
[May 04, 2026 01:23:01.211AM UTC]  EntityDamageByEntityEvent was triggered by damaged ZOMBIE Zombie, damager PLAYER LITTLE_GHOTS and cancelled false.
[May 04, 2026 01:23:01.862AM UTC]  EntityDamageByEntityEvent was triggered by damaged ZOMBIE Zombie, damager PLAYER LITTLE_GHOTS and cancelled false.
[May 04, 2026 01:27:30.207AM UTC]  PlayerPreTagEvent was triggered on Akukis by LITTLE_GHOTS with type PLAYER, reason ATTACKER, and cancelled false.
[May 04, 2026 01:27:30.208AM UTC]  PlayerTagEvent was triggered on Akukis by LITTLE_GHOTS with type PLAYER and reason ATTACKER.
[May 04, 2026 01:27:30.209AM UTC]  PlayerPreTagEvent was triggered on LITTLE_GHOTS by Akukis with type PLAYER, reason ATTACKED, and cancelled false.
[May 04, 2026 01:27:30.209AM UTC]  PlayerTagEvent was triggered on LITTLE_GHOTS by Akukis with type PLAYER and reason ATTACKED.
[May 04, 2026 01:27:30.209AM UTC]  EntityDamageByEntityEvent was triggered by damaged PLAYER LITTLE_GHOTS, damager PLAYER Akukis and cancelled false.
[May 04, 2026 01:27:30.215AM UTC]  PlayerPunishEvent was triggered on Akukis with reason ENEMY_DEATH and cancelled true.
[May 04, 2026 01:27:30.215AM UTC]  PlayerUntagEvent was triggered on Akukis with reason ENEMY_DEATH and expire set to true.
[May 04, 2026 01:27:30.216AM UTC]  PlayerPunishEvent was triggered on LITTLE_GHOTS with reason SELF_DEATH and cancelled true.
[May 04, 2026 01:27:30.216AM UTC]  PlayerUntagEvent was triggered on LITTLE_GHOTS with reason SELF_DEATH and expire set to true.
[May 04, 2026 01:32:00.504AM UTC]  EntityDamageByEntityEvent was triggered by damaged FOX Fox, damager WOLF Wolf and cancelled false.
[May 04, 2026 01:32:03.553AM UTC]  EntityDamageByEntityEvent was triggered by damaged FOX Fox, damager WOLF Wolf and cancelled false.
[May 04, 2026 01:32:27.611AM UTC]  PlayerPreTagEvent was triggered on Akukis by LITTLE_GHOTS with type PLAYER, reason ATTACKER, and cancelled false.
[May 04, 2026 01:32:27.611AM UTC]  PlayerTagEvent was triggered on Akukis by LITTLE_GHOTS with type PLAYER and reason ATTACKER.
[May 04, 2026 01:32:27.612AM UTC]  PlayerPreTagEvent was triggered on LITTLE_GHOTS by Akukis with type PLAYER, reason ATTACKED, and cancelled false.
[May 04, 2026 01:32:27.612AM UTC]  PlayerTagEvent was triggered on LITTLE_GHOTS by Akukis with type PLAYER and reason ATTACKED.
[May 04, 2026 01:32:27.613AM UTC]  EntityDamageByEntityEvent was triggered by damaged PLAYER LITTLE_GHOTS, damager PLAYER Akukis and cancelled false.
[May 04, 2026 01:32:47.800AM UTC]  PlayerPunishEvent was triggered on Akukis with reason EXPIRE and cancelled true.
[May 04, 2026 01:32:47.800AM UTC]  PlayerUntagEvent was triggered on Akukis with reason EXPIRE and expire set to true.
[May 04, 2026 01:32:47.801AM UTC]  PlayerPunishEvent was triggered on LITTLE_GHOTS with reason EXPIRE and cancelled true.
[May 04, 2026 01:32:47.801AM UTC]  PlayerUntagEvent was triggered on LITTLE_GHOTS with reason EXPIRE and expire set to true.
[May 04, 2026 01:36:17.054AM UTC]  EntityDamageByEntityEvent was triggered by damaged PLAYER Akukis, damager PHANTOM Phantom and cancelled false.
[May 04, 2026 01:43:04.906AM UTC]  EntityDamageByEntityEvent was triggered by damaged PLAYER LITTLE_GHOTS, damager CREEPER Creeper and cancelled false.
[May 04, 2026 01:43:06.960AM UTC]  EntityDamageByEntityEvent was triggered by damaged PLAYER LITTLE_GHOTS, damager CREEPER Creeper and cancelled false.
[May 04, 2026 01:49:27.158AM UTC]  EntityDamageByEntityEvent was triggered by damaged PLAYER emi4553, damager ARROW Arrow and cancelled false.
[May 04, 2026 01:49:28.761AM UTC]  EntityDamageByEntityEvent was triggered by damaged SKELETON Skeleton, damager PLAYER emi4553 and cancelled false.
[May 04, 2026 01:50:05.421AM UTC]  PlayerPreTagEvent was triggered on Akukis by emi4553 with type PLAYER, reason ATTACKER, and cancelled false.
[May 04, 2026 01:50:05.422AM UTC]  PlayerTagEvent was triggered on Akukis by emi4553 with type PLAYER and reason ATTACKER.
[May 04, 2026 01:50:05.422AM UTC]  PlayerPreTagEvent was triggered on emi4553 by Akukis with type PLAYER, reason ATTACKED, and cancelled false.
[May 04, 2026 01:50:05.423AM UTC]  PlayerTagEvent was triggered on emi4553 by Akukis with type PLAYER and reason ATTACKED.
[May 04, 2026 01:50:05.423AM UTC]  EntityDamageByEntityEvent was triggered by damaged PLAYER emi4553, damager PLAYER Akukis and cancelled false.
[May 04, 2026 01:50:25.800AM UTC]  PlayerPunishEvent was triggered on Akukis with reason EXPIRE and cancelled true.
[May 04, 2026 01:50:25.800AM UTC]  PlayerUntagEvent was triggered on Akukis with reason EXPIRE and expire set to true.
[May 04, 2026 01:50:25.801AM UTC]  PlayerPunishEvent was triggered on emi4553 with reason EXPIRE and cancelled true.
[May 04, 2026 01:50:25.801AM UTC]  PlayerUntagEvent was triggered on emi4553 with reason EXPIRE and expire set to true.
[May 04, 2026 01:53:43.967AM UTC]  PlayerPreTagEvent was triggered on 20Ln by Akukis with type PLAYER, reason ATTACKER, and cancelled false.
[May 04, 2026 01:53:43.967AM UTC]  PlayerTagEvent was triggered on 20Ln by Akukis with type PLAYER and reason ATTACKER.
[May 04, 2026 01:53:43.980AM UTC]  PlayerPreTagEvent was triggered on Akukis by 20Ln with type PLAYER, reason ATTACKED, and cancelled false.
[May 04, 2026 01:53:43.980AM UTC]  PlayerTagEvent was triggered on Akukis by 20Ln with type PLAYER and reason ATTACKED.
[May 04, 2026 01:53:43.984AM UTC]  EntityDamageByEntityEvent was triggered by damaged PLAYER Akukis, damager PLAYER 20Ln and cancelled false.
[May 04, 2026 01:53:44.563AM UTC]  PlayerPreTagEvent was triggered on 20Ln by Akukis with type PLAYER, reason ATTACKER, and cancelled false.
[May 04, 2026 01:53:44.563AM UTC]  PlayerReTagEvent was triggered on 20Ln by Akukis with type PLAYER and reason ATTACKER.
[May 04, 2026 01:53:44.564AM UTC]  PlayerPreTagEvent was triggered on Akukis by 20Ln with type PLAYER, reason ATTACKED, and cancelled false.
[May 04, 2026 01:53:44.564AM UTC]  PlayerReTagEvent was triggered on Akukis by 20Ln with type PLAYER and reason ATTACKED.
[May 04, 2026 01:53:44.564AM UTC]  EntityDamageByEntityEvent was triggered by damaged PLAYER Akukis, damager PLAYER 20Ln and cancelled false.
[May 04, 2026 01:53:45.165AM UTC]  PlayerPreTagEvent was triggered on 20Ln by Akukis with type PLAYER, reason ATTACKER, and cancelled false.
[May 04, 2026 01:53:45.165AM UTC]  PlayerReTagEvent was triggered on 20Ln by Akukis with type PLAYER and reason ATTACKER.
[May 04, 2026 01:53:45.165AM UTC]  PlayerPreTagEvent was triggered on Akukis by 20Ln with type PLAYER, reason ATTACKED, and cancelled false.
[May 04, 2026 01:53:45.165AM UTC]  PlayerReTagEvent was triggered on Akukis by 20Ln with type PLAYER and reason ATTACKED.
[May 04, 2026 01:53:45.166AM UTC]  EntityDamageByEntityEvent was triggered by damaged PLAYER Akukis, damager PLAYER 20Ln and cancelled false.
[May 04, 2026 01:53:54.965AM UTC]  PlayerPreTagEvent was triggered on 20Ln by Akukis with type PLAYER, reason ATTACKER, and cancelled false.
[May 04, 2026 01:53:54.966AM UTC]  PlayerReTagEvent was triggered on 20Ln by Akukis with type PLAYER and reason ATTACKER.
[May 04, 2026 01:53:54.966AM UTC]  PlayerPreTagEvent was triggered on Akukis by 20Ln with type PLAYER, reason ATTACKED, and cancelled false.
[May 04, 2026 01:53:54.966AM UTC]  PlayerReTagEvent was triggered on Akukis by 20Ln with type PLAYER and reason ATTACKED.
[May 04, 2026 01:53:54.966AM UTC]  EntityDamageByEntityEvent was triggered by damaged PLAYER Akukis, damager PLAYER 20Ln and cancelled false.
[May 04, 2026 01:53:55.173AM UTC]  PlayerPreTagEvent was triggered on Akukis by 20Ln with type PLAYER, reason ATTACKER, and cancelled false.
[May 04, 2026 01:53:55.174AM UTC]  PlayerReTagEvent was triggered on Akukis by 20Ln with type PLAYER and reason ATTACKER.
[May 04, 2026 01:53:55.174AM UTC]  PlayerPreTagEvent was triggered on 20Ln by Akukis with type PLAYER, reason ATTACKED, and cancelled false.
[May 04, 2026 01:53:55.174AM UTC]  PlayerReTagEvent was triggered on 20Ln by Akukis with type PLAYER and reason ATTACKED.
[May 04, 2026 01:53:55.174AM UTC]  EntityDamageByEntityEvent was triggered by damaged PLAYER 20Ln, damager PLAYER Akukis and cancelled false.
[May 04, 2026 01:53:55.725AM UTC]  PlayerPreTagEvent was triggered on Akukis by 20Ln with type PLAYER, reason ATTACKER, and cancelled false.
[May 04, 2026 01:53:55.725AM UTC]  PlayerReTagEvent was triggered on Akukis by 20Ln with type PLAYER and reason ATTACKER.
[May 04, 2026 01:53:55.725AM UTC]  PlayerPreTagEvent was triggered on 20Ln by Akukis with type PLAYER, reason ATTACKED, and cancelled false.
[May 04, 2026 01:53:55.725AM UTC]  PlayerReTagEvent was triggered on 20Ln by Akukis with type PLAYER and reason ATTACKED.
[May 04, 2026 01:53:55.726AM UTC]  EntityDamageByEntityEvent was triggered by damaged PLAYER 20Ln, damager PLAYER Akukis and cancelled false.
[May 04, 2026 01:53:56.375AM UTC]  PlayerPreTagEvent was triggered on Akukis by 20Ln with type PLAYER, reason ATTACKER, and cancelled false.
[May 04, 2026 01:53:56.375AM UTC]  PlayerReTagEvent was triggered on Akukis by 20Ln with type PLAYER and reason ATTACKER.
[May 04, 2026 01:53:56.375AM UTC]  PlayerPreTagEvent was triggered on 20Ln by Akukis with type PLAYER, reason ATTACKED, and cancelled false.
[May 04, 2026 01:53:56.375AM UTC]  PlayerReTagEvent was triggered on 20Ln by Akukis with type PLAYER and reason ATTACKED.
[May 04, 2026 01:53:56.376AM UTC]  EntityDamageByEntityEvent was triggered by damaged PLAYER 20Ln, damager PLAYER Akukis and cancelled false.
[May 04, 2026 01:53:56.963AM UTC]  PlayerPreTagEvent was triggered on 20Ln by Akukis with type PLAYER, reason ATTACKER, and cancelled false.
[May 04, 2026 01:53:56.963AM UTC]  PlayerReTagEvent was triggered on 20Ln by Akukis with type PLAYER and reason ATTACKER.
[May 04, 2026 01:53:56.963AM UTC]  PlayerPreTagEvent was triggered on Akukis by 20Ln with type PLAYER, reason ATTACKED, and cancelled false.
[May 04, 2026 01:53:56.963AM UTC]  PlayerReTagEvent was triggered on Akukis by 20Ln with type PLAYER and reason ATTACKED.
[May 04, 2026 01:53:56.964AM UTC]  EntityDamageByEntityEvent was triggered by damaged PLAYER Akukis, damager PLAYER 20Ln and cancelled false.
[May 04, 2026 01:53:56.974AM UTC]  PlayerPreTagEvent was triggered on Akukis by 20Ln with type PLAYER, reason ATTACKER, and cancelled false.
[May 04, 2026 01:53:56.974AM UTC]  PlayerReTagEvent was triggered on Akukis by 20Ln with type PLAYER and reason ATTACKER.
[May 04, 2026 01:53:56.975AM UTC]  PlayerPreTagEvent was triggered on 20Ln by Akukis with type PLAYER, reason ATTACKED, and cancelled false.
[May 04, 2026 01:53:56.975AM UTC]  PlayerReTagEvent was triggered on 20Ln by Akukis with type PLAYER and reason ATTACKED.
[May 04, 2026 01:53:56.975AM UTC]  EntityDamageByEntityEvent was triggered by damaged PLAYER 20Ln, damager PLAYER Akukis and cancelled false.
[May 04, 2026 01:54:03.222AM UTC]  PlayerPreTagEvent was triggered on 20Ln by Akukis with type PLAYER, reason ATTACKER, and cancelled false.
[May 04, 2026 01:54:03.222AM UTC]  PlayerReTagEvent was triggered on 20Ln by Akukis with type PLAYER and reason ATTACKER.
[May 04, 2026 01:54:03.222AM UTC]  PlayerPreTagEvent was triggered on Akukis by 20Ln with type PLAYER, reason ATTACKED, and cancelled false.
[May 04, 2026 01:54:03.223AM UTC]  PlayerReTagEvent was triggered on Akukis by 20Ln with type PLAYER and reason ATTACKED.
[May 04, 2026 01:54:03.223AM UTC]  EntityDamageByEntityEvent was triggered by damaged PLAYER Akukis, damager PLAYER 20Ln and cancelled false.
[May 04, 2026 01:54:04.216AM UTC]  PlayerPreTagEvent was triggered on 20Ln by Akukis with type PLAYER, reason ATTACKER, and cancelled false.
[May 04, 2026 01:54:04.217AM UTC]  PlayerReTagEvent was triggered on 20Ln by Akukis with type PLAYER and reason ATTACKER.
[May 04, 2026 01:54:04.217AM UTC]  PlayerPreTagEvent was triggered on Akukis by 20Ln with type PLAYER, reason ATTACKED, and cancelled false.
[May 04, 2026 01:54:04.218AM UTC]  PlayerReTagEvent was triggered on Akukis by 20Ln with type PLAYER and reason ATTACKED.
[May 04, 2026 01:54:04.218AM UTC]  EntityDamageByEntityEvent was triggered by damaged PLAYER Akukis, damager PLAYER 20Ln and cancelled false.
[May 04, 2026 01:54:04.977AM UTC]  PlayerPreTagEvent was triggered on Akukis by 20Ln with type PLAYER, reason ATTACKER, and cancelled false.
[May 04, 2026 01:54:04.977AM UTC]  PlayerReTagEvent was triggered on Akukis by 20Ln with type PLAYER and reason ATTACKER.
[May 04, 2026 01:54:04.977AM UTC]  PlayerPreTagEvent was triggered on 20Ln by Akukis with type PLAYER, reason ATTACKED, and cancelled false.
[May 04, 2026 01:54:04.977AM UTC]  PlayerReTagEvent was triggered on 20Ln by Akukis with type PLAYER and reason ATTACKED.
[May 04, 2026 01:54:04.978AM UTC]  EntityDamageByEntityEvent was triggered by damaged PLAYER 20Ln, damager PLAYER Akukis and cancelled false.
[May 04, 2026 01:54:05.315AM UTC]  PlayerPreTagEvent was triggered on 20Ln by Akukis with type PLAYER, reason ATTACKER, and cancelled false.
[May 04, 2026 01:54:05.316AM UTC]  PlayerReTagEvent was triggered on 20Ln by Akukis with type PLAYER and reason ATTACKER.
[May 04, 2026 01:54:05.316AM UTC]  PlayerPreTagEvent was triggered on Akukis by 20Ln with type PLAYER, reason ATTACKED, and cancelled false.
[May 04, 2026 01:54:05.316AM UTC]  PlayerReTagEvent was triggered on Akukis by 20Ln with type PLAYER and reason ATTACKED.
[May 04, 2026 01:54:05.316AM UTC]  EntityDamageByEntityEvent was triggered by damaged PLAYER Akukis, damager PLAYER 20Ln and cancelled false.
[May 04, 2026 01:54:05.525AM UTC]  PlayerPreTagEvent was triggered on Akukis by 20Ln with type PLAYER, reason ATTACKER, and cancelled false.
[May 04, 2026 01:54:05.525AM UTC]  PlayerReTagEvent was triggered on Akukis by 20Ln with type PLAYER and reason ATTACKER.
[May 04, 2026 01:54:05.525AM UTC]  PlayerPreTagEvent was triggered on 20Ln by Akukis with type PLAYER, reason ATTACKED, and cancelled false.
[May 04, 2026 01:54:05.526AM UTC]  PlayerReTagEvent was triggered on 20Ln by Akukis with type PLAYER and reason ATTACKED.
[May 04, 2026 01:54:05.526AM UTC]  EntityDamageByEntityEvent was triggered by damaged PLAYER 20Ln, damager PLAYER Akukis and cancelled false.
[May 04, 2026 01:54:05.917AM UTC]  PlayerPreTagEvent was triggered on 20Ln by Akukis with type PLAYER, reason ATTACKER, and cancelled false.
[May 04, 2026 01:54:05.918AM UTC]  PlayerReTagEvent was triggered on 20Ln by Akukis with type PLAYER and reason ATTACKER.
[May 04, 2026 01:54:05.918AM UTC]  PlayerPreTagEvent was triggered on Akukis by 20Ln with type PLAYER, reason ATTACKED, and cancelled false.
[May 04, 2026 01:54:05.918AM UTC]  PlayerReTagEvent was triggered on Akukis by 20Ln with type PLAYER and reason ATTACKED.
[May 04, 2026 01:54:05.918AM UTC]  EntityDamageByEntityEvent was triggered by damaged PLAYER Akukis, damager PLAYER 20Ln and cancelled false.
[May 04, 2026 01:54:06.764AM UTC]  PlayerPreTagEvent was triggered on 20Ln by Akukis with type PLAYER, reason ATTACKER, and cancelled false.
[May 04, 2026 01:54:06.764AM UTC]  PlayerReTagEvent was triggered on 20Ln by Akukis with type PLAYER and reason ATTACKER.
[May 04, 2026 01:54:06.765AM UTC]  PlayerPreTagEvent was triggered on Akukis by 20Ln with type PLAYER, reason ATTACKED, and cancelled false.
[May 04, 2026 01:54:06.765AM UTC]  PlayerReTagEvent was triggered on Akukis by 20Ln with type PLAYER and reason ATTACKED.
[May 04, 2026 01:54:06.765AM UTC]  EntityDamageByEntityEvent was triggered by damaged PLAYER Akukis, damager PLAYER 20Ln and cancelled false.
[May 04, 2026 01:54:07.075AM UTC]  PlayerPreTagEvent was triggered on Akukis by 20Ln with type PLAYER, reason ATTACKER, and cancelled false.
[May 04, 2026 01:54:07.075AM UTC]  PlayerReTagEvent was triggered on Akukis by 20Ln with type PLAYER and reason ATTACKER.
[May 04, 2026 01:54:07.075AM UTC]  PlayerPreTagEvent was triggered on 20Ln by Akukis with type PLAYER, reason ATTACKED, and cancelled false.
[May 04, 2026 01:54:07.075AM UTC]  PlayerReTagEvent was triggered on 20Ln by Akukis with type PLAYER and reason ATTACKED.
[May 04, 2026 01:54:07.076AM UTC]  EntityDamageByEntityEvent was triggered by damaged PLAYER 20Ln, damager PLAYER Akukis and cancelled false.
[May 04, 2026 01:54:08.774AM UTC]  PlayerPreTagEvent was triggered on Akukis by 20Ln with type PLAYER, reason ATTACKER, and cancelled false.
[May 04, 2026 01:54:08.774AM UTC]  PlayerReTagEvent was triggered on Akukis by 20Ln with type PLAYER and reason ATTACKER.
[May 04, 2026 01:54:08.774AM UTC]  PlayerPreTagEvent was triggered on 20Ln by Akukis with type PLAYER, reason ATTACKED, and cancelled false.
[May 04, 2026 01:54:08.774AM UTC]  PlayerReTagEvent was triggered on 20Ln by Akukis with type PLAYER and reason ATTACKED.
[May 04, 2026 01:54:08.775AM UTC]  EntityDamageByEntityEvent was triggered by damaged PLAYER 20Ln, damager PLAYER Akukis and cancelled false.
[May 04, 2026 01:54:08.914AM UTC]  PlayerPreTagEvent was triggered on 20Ln by Akukis with type PLAYER, reason ATTACKER, and cancelled false.
[May 04, 2026 01:54:08.914AM UTC]  PlayerReTagEvent was triggered on 20Ln by Akukis with type PLAYER and reason ATTACKER.
[May 04, 2026 01:54:08.915AM UTC]  PlayerPreTagEvent was triggered on Akukis by 20Ln with type PLAYER, reason ATTACKED, and cancelled false.
[May 04, 2026 01:54:08.915AM UTC]  PlayerReTagEvent was triggered on Akukis by 20Ln with type PLAYER and reason ATTACKED.
[May 04, 2026 01:54:08.915AM UTC]  EntityDamageByEntityEvent was triggered by damaged PLAYER Akukis, damager PLAYER 20Ln and cancelled false.
[May 04, 2026 01:54:10.075AM UTC]  PlayerPreTagEvent was triggered on Akukis by 20Ln with type PLAYER, reason ATTACKER, and cancelled false.
[May 04, 2026 01:54:10.075AM UTC]  PlayerReTagEvent was triggered on Akukis by 20Ln with type PLAYER and reason ATTACKER.
[May 04, 2026 01:54:10.075AM UTC]  PlayerPreTagEvent was triggered on 20Ln by Akukis with type PLAYER, reason ATTACKED, and cancelled false.
[May 04, 2026 01:54:10.075AM UTC]  PlayerReTagEvent was triggered on 20Ln by Akukis with type PLAYER and reason ATTACKED.
[May 04, 2026 01:54:10.076AM UTC]  EntityDamageByEntityEvent was triggered by damaged PLAYER 20Ln, damager PLAYER Akukis and cancelled false.
[May 04, 2026 01:54:10.168AM UTC]  PlayerPreTagEvent was triggered on 20Ln by Akukis with type PLAYER, reason ATTACKER, and cancelled false.
[May 04, 2026 01:54:10.168AM UTC]  PlayerReTagEvent was triggered on 20Ln by Akukis with type PLAYER and reason ATTACKER.
[May 04, 2026 01:54:10.169AM UTC]  PlayerPreTagEvent was triggered on Akukis by 20Ln with type PLAYER, reason ATTACKED, and cancelled false.
[May 04, 2026 01:54:10.169AM UTC]  PlayerReTagEvent was triggered on Akukis by 20Ln with type PLAYER and reason ATTACKED.
[May 04, 2026 01:54:10.169AM UTC]  EntityDamageByEntityEvent was triggered by damaged PLAYER Akukis, damager PLAYER 20Ln and cancelled false.
[May 04, 2026 01:54:11.126AM UTC]  PlayerPreTagEvent was triggered on Akukis by 20Ln with type PLAYER, reason ATTACKER, and cancelled false.
[May 04, 2026 01:54:11.126AM UTC]  PlayerReTagEvent was triggered on Akukis by 20Ln with type PLAYER and reason ATTACKER.
[May 04, 2026 01:54:11.127AM UTC]  PlayerPreTagEvent was triggered on 20Ln by Akukis with type PLAYER, reason ATTACKED, and cancelled false.
[May 04, 2026 01:54:11.127AM UTC]  PlayerReTagEvent was triggered on 20Ln by Akukis with type PLAYER and reason ATTACKED.
[May 04, 2026 01:54:11.127AM UTC]  EntityDamageByEntityEvent was triggered by damaged PLAYER 20Ln, damager PLAYER Akukis and cancelled false.
[May 04, 2026 01:54:11.315AM UTC]  PlayerPreTagEvent was triggered on 20Ln by Akukis with type PLAYER, reason ATTACKER, and cancelled false.
[May 04, 2026 01:54:11.316AM UTC]  PlayerReTagEvent was triggered on 20Ln by Akukis with type PLAYER and reason ATTACKER.
[May 04, 2026 01:54:11.316AM UTC]  PlayerPreTagEvent was triggered on Akukis by 20Ln with type PLAYER, reason ATTACKED, and cancelled false.
[May 04, 2026 01:54:11.316AM UTC]  PlayerReTagEvent was triggered on Akukis by 20Ln with type PLAYER and reason ATTACKED.
[May 04, 2026 01:54:11.316AM UTC]  EntityDamageByEntityEvent was triggered by damaged PLAYER Akukis, damager PLAYER 20Ln and cancelled false.
[May 04, 2026 01:54:16.774AM UTC]  PlayerPreTagEvent was triggered on Akukis by 20Ln with type PLAYER, reason ATTACKER, and cancelled false.
[May 04, 2026 01:54:16.774AM UTC]  PlayerReTagEvent was triggered on Akukis by 20Ln with type PLAYER and reason ATTACKER.
[May 04, 2026 01:54:16.774AM UTC]  PlayerPreTagEvent was triggered on 20Ln by Akukis with type PLAYER, reason ATTACKED, and cancelled false.
[May 04, 2026 01:54:16.774AM UTC]  PlayerReTagEvent was triggered on 20Ln by Akukis with type PLAYER and reason ATTACKED.
[May 04, 2026 01:54:16.775AM UTC]  EntityDamageByEntityEvent was triggered by damaged PLAYER 20Ln, damager PLAYER Akukis and cancelled false.
[May 04, 2026 01:54:16.776AM UTC]  PlayerPunishEvent was triggered on Akukis with reason ENEMY_DEATH and cancelled true.
[May 04, 2026 01:54:16.776AM UTC]  PlayerUntagEvent was triggered on Akukis with reason ENEMY_DEATH and expire set to true.
[May 04, 2026 01:54:16.780AM UTC]  PlayerPunishEvent was triggered on 20Ln with reason SELF_DEATH and cancelled true.
[May 04, 2026 01:54:16.780AM UTC]  PlayerUntagEvent was triggered on 20Ln with reason SELF_DEATH and expire set to true.
[May 04, 2026 01:57:04.209AM UTC]  EntityDamageByEntityEvent was triggered by damaged ITEM Wheat Seeds, damager TNT Primed TNT and cancelled false.
[May 04, 2026 01:57:04.210AM UTC]  EntityDamageByEntityEvent was triggered by damaged PLAYER 20Ln, damager TNT Primed TNT and cancelled false.
[May 04, 2026 01:57:04.210AM UTC]  EntityDamageByEntityEvent was triggered by damaged ITEM Wheat Seeds, damager TNT Primed TNT and cancelled false.
[May 04, 2026 01:57:04.211AM UTC]  EntityDamageByEntityEvent was triggered by damaged ITEM Spider Eye, damager TNT Primed TNT and cancelled false.
[May 04, 2026 01:57:04.211AM UTC]  EntityDamageByEntityEvent was triggered by damaged ITEM Raw Iron, damager TNT Primed TNT and cancelled false.
[May 04, 2026 01:57:04.211AM UTC]  EntityDamageByEntityEvent was triggered by damaged ITEM Bone, damager TNT Primed TNT and cancelled false.
[May 04, 2026 01:57:04.211AM UTC]  EntityDamageByEntityEvent was triggered by damaged ITEM Dirt, damager TNT Primed TNT and cancelled false.
[May 04, 2026 01:57:04.211AM UTC]  EntityDamageByEntityEvent was triggered by damaged ITEM White Wool, damager TNT Primed TNT and cancelled false.
[May 04, 2026 01:57:04.212AM UTC]  EntityDamageByEntityEvent was triggered by damaged ITEM Feather, damager TNT Primed TNT and cancelled false.
[May 04, 2026 01:57:04.212AM UTC]  EntityDamageByEntityEvent was triggered by damaged ITEM Cobblestone, damager TNT Primed TNT and cancelled false.
[May 04, 2026 01:57:04.212AM UTC]  EntityDamageByEntityEvent was triggered by damaged PLAYER Akukis, damager TNT Primed TNT and cancelled false.
[May 04, 2026 01:57:43.207AM UTC]  EntityDamageByEntityEvent was triggered by damaged PLAYER Akukis, damager PHANTOM Phantom and cancelled false.
[May 04, 2026 01:57:47.256AM UTC]  EntityDamageByEntityEvent was triggered by damaged PLAYER Akukis, damager PHANTOM Phantom and cancelled false.
[May 04, 2026 01:57:49.227AM UTC]  EntityDamageByEntityEvent was triggered by damaged PHANTOM Phantom, damager PLAYER Akukis and cancelled false.
[May 04, 2026 01:57:50.575AM UTC]  EntityDamageByEntityEvent was triggered by damaged PHANTOM Phantom, damager PLAYER Akukis and cancelled false.
[May 04, 2026 01:57:56.579AM UTC]  EntityDamageByEntityEvent was triggered by damaged SKELETON Skeleton, damager PLAYER Akukis and cancelled false.
[May 04, 2026 01:57:57.179AM UTC]  EntityDamageByEntityEvent was triggered by damaged SKELETON Skeleton, damager PLAYER Akukis and cancelled false.
[May 04, 2026 01:58:36.429AM UTC]  EntityDamageByEntityEvent was triggered by damaged ZOMBIE Zombie, damager PLAYER Akukis and cancelled false.
[May 04, 2026 01:58:36.457AM UTC]  EntityDamageByEntityEvent was triggered by damaged PLAYER Akukis, damager ZOMBIE Zombie and cancelled false.
[May 04, 2026 01:58:36.926AM UTC]  EntityDamageByEntityEvent was triggered by damaged ZOMBIE Zombie, damager PLAYER Akukis and cancelled false.
[May 04, 2026 01:58:47.228AM UTC]  EntityDamageByEntityEvent was triggered by damaged PLAYER 20Ln, damager PLAYER Akukis and cancelled true.
[May 04, 2026 01:58:47.414AM UTC]  EntityDamageByEntityEvent was triggered by damaged ZOMBIE Zombie, damager PLAYER emi4553 and cancelled false.
[May 04, 2026 01:58:48.357AM UTC]  EntityDamageByEntityEvent was triggered by damaged PLAYER emi4553, damager ZOMBIE Zombie and cancelled false.
[May 04, 2026 01:58:48.735AM UTC]  EntityDamageByEntityEvent was triggered by damaged ZOMBIE Zombie, damager PLAYER emi4553 and cancelled false.
[May 04, 2026 01:58:50.377AM UTC]  EntityDamageByEntityEvent was triggered by damaged PLAYER 20Ln, damager PLAYER Akukis and cancelled true.
[May 04, 2026 01:58:51.333AM UTC]  EntityDamageByEntityEvent was triggered by damaged PLAYER 20Ln, damager PLAYER Akukis and cancelled true.
[May 04, 2026 01:58:51.930AM UTC]  EntityDamageByEntityEvent was triggered by damaged PLAYER 20Ln, damager PLAYER Akukis and cancelled true.
[May 04, 2026 01:58:53.629AM UTC]  EntityDamageByEntityEvent was triggered by damaged PLAYER 20Ln, damager PLAYER Akukis and cancelled true.
[May 04, 2026 01:58:54.343AM UTC]  EntityDamageByEntityEvent was triggered by damaged CREEPER Creeper, damager PLAYER emi4553 and cancelled false.
[May 04, 2026 01:58:54.418AM UTC]  EntityDamageByEntityEvent was triggered by damaged PLAYER emi4553, damager CREEPER Creeper and cancelled false.
[May 04, 2026 01:58:56.915AM UTC]  EntityDamageByEntityEvent was triggered by damaged PLAYER Akukis, damager ZOMBIE Zombie and cancelled false.
[May 04, 2026 01:58:58.165AM UTC]  EntityDamageByEntityEvent was triggered by damaged PLAYER Akukis, damager ZOMBIE Zombie and cancelled false.
[May 04, 2026 01:58:58.489AM UTC]  EntityDamageByEntityEvent was triggered by damaged SKELETON Skeleton, damager PLAYER emi4553 and cancelled false.
[May 04, 2026 01:58:58.979AM UTC]  EntityDamageByEntityEvent was triggered by damaged ZOMBIE Zombie, damager PLAYER Akukis and cancelled false.
[May 04, 2026 01:58:59.477AM UTC]  EntityDamageByEntityEvent was triggered by damaged ZOMBIE Zombie, damager PLAYER Akukis and cancelled false.
[May 04, 2026 01:59:01.280AM UTC]  EntityDamageByEntityEvent was triggered by damaged ZOMBIE Zombie, damager PLAYER Akukis and cancelled false.
[May 04, 2026 01:59:01.881AM UTC]  EntityDamageByEntityEvent was triggered by damaged ZOMBIE Zombie, damager PLAYER Akukis and cancelled false.
[May 04, 2026 01:59:04.079AM UTC]  EntityDamageByEntityEvent was triggered by damaged PLAYER Akukis, damager PLAYER 20Ln and cancelled true.
[May 04, 2026 01:59:04.976AM UTC]  EntityDamageByEntityEvent was triggered by damaged PLAYER Akukis, damager PLAYER 20Ln and cancelled true.
[May 04, 2026 01:59:09.963AM UTC]  EntityDamageByEntityEvent was triggered by damaged VILLAGER Mason, damager ZOMBIE Zombie and cancelled false.
[May 04, 2026 01:59:37.970AM UTC]  EntityDamageByEntityEvent was triggered by damaged PLAYER Akukis, damager PLAYER 20Ln and cancelled true.
[May 04, 2026 01:59:38.932AM UTC]  EntityDamageByEntityEvent was triggered by damaged PLAYER Akukis, damager PLAYER 20Ln and cancelled true.
[May 04, 2026 01:59:39.424AM UTC]  PlayerPreTagEvent was triggered on 20Ln by Akukis with type PLAYER, reason ATTACKER, and cancelled false.
[May 04, 2026 01:59:39.425AM UTC]  PlayerTagEvent was triggered on 20Ln by Akukis with type PLAYER and reason ATTACKER.
[May 04, 2026 01:59:39.426AM UTC]  PlayerPreTagEvent was triggered on Akukis by 20Ln with type PLAYER, reason ATTACKED, and cancelled false.
[May 04, 2026 01:59:39.429AM UTC]  PlayerTagEvent was triggered on Akukis by 20Ln with type PLAYER and reason ATTACKED.
[May 04, 2026 01:59:39.430AM UTC]  EntityDamageByEntityEvent was triggered by damaged PLAYER Akukis, damager PLAYER 20Ln and cancelled false.
[May 04, 2026 01:59:40.527AM UTC]  PlayerPreTagEvent was triggered on Akukis by 20Ln with type PLAYER, reason ATTACKER, and cancelled false.
[May 04, 2026 01:59:40.528AM UTC]  PlayerReTagEvent was triggered on Akukis by 20Ln with type PLAYER and reason ATTACKER.
[May 04, 2026 01:59:40.528AM UTC]  PlayerPreTagEvent was triggered on 20Ln by Akukis with type PLAYER, reason ATTACKED, and cancelled false.
[May 04, 2026 01:59:40.528AM UTC]  PlayerReTagEvent was triggered on 20Ln by Akukis with type PLAYER and reason ATTACKED.
[May 04, 2026 01:59:40.528AM UTC]  EntityDamageByEntityEvent was triggered by damaged PLAYER 20Ln, damager PLAYER Akukis and cancelled false.
[May 04, 2026 01:59:41.377AM UTC]  PlayerPreTagEvent was triggered on Akukis by 20Ln with type PLAYER, reason ATTACKER, and cancelled false.
[May 04, 2026 01:59:41.377AM UTC]  PlayerReTagEvent was triggered on Akukis by 20Ln with type PLAYER and reason ATTACKER.
[May 04, 2026 01:59:41.378AM UTC]  PlayerPreTagEvent was triggered on 20Ln by Akukis with type PLAYER, reason ATTACKED, and cancelled false.
[May 04, 2026 01:59:41.378AM UTC]  PlayerReTagEvent was triggered on 20Ln by Akukis with type PLAYER and reason ATTACKED.
[May 04, 2026 01:59:41.378AM UTC]  EntityDamageByEntityEvent was triggered by damaged PLAYER 20Ln, damager PLAYER Akukis and cancelled false.
[May 04, 2026 01:59:41.656AM UTC]  EntityDamageByEntityEvent was triggered by damaged VILLAGER Mason, damager ZOMBIE Zombie and cancelled false.
[May 04, 2026 01:59:42.677AM UTC]  PlayerPreTagEvent was triggered on Akukis by 20Ln with type PLAYER, reason ATTACKER, and cancelled false.
[May 04, 2026 01:59:42.678AM UTC]  PlayerReTagEvent was triggered on Akukis by 20Ln with type PLAYER and reason ATTACKER.
[May 04, 2026 01:59:42.678AM UTC]  PlayerPreTagEvent was triggered on 20Ln by Akukis with type PLAYER, reason ATTACKED, and cancelled false.
[May 04, 2026 01:59:42.678AM UTC]  PlayerReTagEvent was triggered on 20Ln by Akukis with type PLAYER and reason ATTACKED.
[May 04, 2026 01:59:42.678AM UTC]  EntityDamageByEntityEvent was triggered by damaged PLAYER 20Ln, damager PLAYER Akukis and cancelled false.
[May 04, 2026 01:59:42.957AM UTC]  EntityDamageByEntityEvent was triggered by damaged VILLAGER Mason, damager ZOMBIE Zombie and cancelled false.
[May 04, 2026 01:59:48.730AM UTC]  PlayerPreTagEvent was triggered on Akukis by 20Ln with type PLAYER, reason ATTACKER, and cancelled false.
[May 04, 2026 01:59:48.731AM UTC]  PlayerReTagEvent was triggered on Akukis by 20Ln with type PLAYER and reason ATTACKER.
[May 04, 2026 01:59:48.731AM UTC]  PlayerPreTagEvent was triggered on 20Ln by Akukis with type PLAYER, reason ATTACKED, and cancelled false.
[May 04, 2026 01:59:48.731AM UTC]  PlayerReTagEvent was triggered on 20Ln by Akukis with type PLAYER and reason ATTACKED.
[May 04, 2026 01:59:48.732AM UTC]  EntityDamageByEntityEvent was triggered by damaged PLAYER 20Ln, damager PLAYER Akukis and cancelled false.
[May 04, 2026 01:59:48.734AM UTC]  PlayerPunishEvent was triggered on Akukis with reason ENEMY_DEATH and cancelled true.
[May 04, 2026 01:59:48.734AM UTC]  PlayerUntagEvent was triggered on Akukis with reason ENEMY_DEATH and expire set to true.
[May 04, 2026 01:59:48.735AM UTC]  PlayerPunishEvent was triggered on 20Ln with reason SELF_DEATH and cancelled true.
[May 04, 2026 01:59:48.735AM UTC]  PlayerUntagEvent was triggered on 20Ln with reason SELF_DEATH and expire set to true.
[May 04, 2026 02:00:00.109AM UTC]  EntityDamageByEntityEvent was triggered by damaged PLAYER Akukis, damager SPIDER Spider and cancelled false.
[May 04, 2026 02:00:01.576AM UTC]  EntityDamageByEntityEvent was triggered by damaged CREEPER Creeper, damager PLAYER 20Ln and cancelled false.
[May 04, 2026 02:00:01.629AM UTC]  EntityDamageByEntityEvent was triggered by damaged ZOMBIE Zombie, damager PLAYER Akukis and cancelled false.
[May 04, 2026 02:00:01.659AM UTC]  EntityDamageByEntityEvent was triggered by damaged PLAYER Akukis, damager ZOMBIE Zombie and cancelled false.
[May 04, 2026 02:00:02.608AM UTC]  EntityDamageByEntityEvent was triggered by damaged ITEM Shears, damager CREEPER Creeper and cancelled false.
[May 04, 2026 02:00:02.608AM UTC]  EntityDamageByEntityEvent was triggered by damaged ITEM TNT, damager CREEPER Creeper and cancelled false.
[May 04, 2026 02:00:02.609AM UTC]  EntityDamageByEntityEvent was triggered by damaged ITEM Dirt, damager CREEPER Creeper and cancelled false.
[May 04, 2026 02:00:02.609AM UTC]  EntityDamageByEntityEvent was triggered by damaged ITEM Oak Log, damager CREEPER Creeper and cancelled false.
[May 04, 2026 02:00:02.609AM UTC]  EntityDamageByEntityEvent was triggered by damaged ITEM Iron Ingot, damager CREEPER Creeper and cancelled false.
[May 04, 2026 02:00:05.360AM UTC]  EntityDamageByEntityEvent was triggered by damaged VILLAGER Mason, damager ZOMBIE Zombie and cancelled false.
[May 04, 2026 02:00:06.009AM UTC]  EntityDamageByEntityEvent was triggered by damaged VILLAGER Mason, damager ZOMBIE Zombie and cancelled false.
[May 04, 2026 02:00:06.956AM UTC]  EntityDamageByEntityEvent was triggered by damaged VILLAGER Mason, damager ZOMBIE Zombie and cancelled false.
[May 04, 2026 02:00:10.113AM UTC]  EntityDamageByEntityEvent was triggered by damaged PLAYER Akukis, damager SPIDER Spider and cancelled false.
[May 04, 2026 02:00:10.162AM UTC]  EntityDamageByEntityEvent was triggered by damaged PLAYER Akukis, damager ARROW Arrow and cancelled false.
[May 04, 2026 02:00:10.807AM UTC]  EntityDamageByEntityEvent was triggered by damaged SPIDER Spider, damager CREEPER Creeper and cancelled false.
[May 04, 2026 02:00:10.807AM UTC]  EntityDamageByEntityEvent was triggered by damaged PLAYER Akukis, damager CREEPER Creeper and cancelled false.
[May 04, 2026 02:00:14.307AM UTC]  EntityDamageByEntityEvent was triggered by damaged PLAYER Akukis, damager ZOMBIE Zombie and cancelled false.
[May 04, 2026 02:00:16.812AM UTC]  EntityDamageByEntityEvent was triggered by damaged ZOMBIE Zombie, damager PLAYER Akukis and cancelled false.
[May 04, 2026 02:00:17.814AM UTC]  EntityDamageByEntityEvent was triggered by damaged ZOMBIE Zombie, damager PLAYER Akukis and cancelled false.
[May 04, 2026 02:00:21.410AM UTC]  EntityDamageByEntityEvent was triggered by damaged CREEPER Creeper, damager PLAYER Akukis and cancelled false.
[May 04, 2026 02:00:22.807AM UTC]  EntityDamageByEntityEvent was triggered by damaged ITEM Wheat Seeds, damager CREEPER Creeper and cancelled false.
[May 04, 2026 02:00:22.808AM UTC]  EntityDamageByEntityEvent was triggered by damaged ITEM Dirt, damager CREEPER Creeper and cancelled false.
[May 04, 2026 02:00:22.808AM UTC]  EntityDamageByEntityEvent was triggered by damaged PLAYER Akukis, damager CREEPER Creeper and cancelled false.
[May 04, 2026 02:00:22.808AM UTC]  EntityDamageByEntityEvent was triggered by damaged ZOMBIE Zombie, damager CREEPER Creeper and cancelled false.
[May 04, 2026 02:00:22.809AM UTC]  EntityDamageByEntityEvent was triggered by damaged ZOMBIE Zombie, damager CREEPER Creeper and cancelled false.
[May 04, 2026 02:00:24.506AM UTC]  EntityDamageByEntityEvent was triggered by damaged PLAYER Akukis, damager ZOMBIE Zombie and cancelled false.
[May 04, 2026 02:00:25.163AM UTC]  EntityDamageByEntityEvent was triggered by damaged PLAYER Akukis, damager ARROW Arrow and cancelled false.
[May 04, 2026 02:00:26.079AM UTC]  EntityDamageByEntityEvent was triggered by damaged ZOMBIE Zombie, damager PLAYER Akukis and cancelled false.
[May 04, 2026 02:00:28.461AM UTC]  EntityDamageByEntityEvent was triggered by damaged PLAYER Akukis, damager ARROW Arrow and cancelled false.
[May 04, 2026 02:00:38.609AM UTC]  PlayerPreTagEvent was triggered on Akukis by 20Ln with type PLAYER, reason ATTACKER, and cancelled false.
[May 04, 2026 02:00:38.610AM UTC]  PlayerTagEvent was triggered on Akukis by 20Ln with type PLAYER and reason ATTACKER.
[May 04, 2026 02:00:38.611AM UTC]  PlayerPreTagEvent was triggered on 20Ln by Akukis with type PLAYER, reason ATTACKED, and cancelled false.
[May 04, 2026 02:00:38.611AM UTC]  PlayerTagEvent was triggered on 20Ln by Akukis with type PLAYER and reason ATTACKED.
[May 04, 2026 02:00:38.611AM UTC]  EntityDamageByEntityEvent was triggered by damaged PLAYER 20Ln, damager PLAYER Akukis and cancelled false.
[May 04, 2026 02:00:39.709AM UTC]  PlayerPreTagEvent was triggered on Akukis by 20Ln with type PLAYER, reason ATTACKER, and cancelled false.
[May 04, 2026 02:00:39.709AM UTC]  PlayerReTagEvent was triggered on Akukis by 20Ln with type PLAYER and reason ATTACKER.
[May 04, 2026 02:00:39.710AM UTC]  PlayerPreTagEvent was triggered on 20Ln by Akukis with type PLAYER, reason ATTACKED, and cancelled false.
[May 04, 2026 02:00:39.710AM UTC]  PlayerReTagEvent was triggered on 20Ln by Akukis with type PLAYER and reason ATTACKED.
[May 04, 2026 02:00:39.710AM UTC]  EntityDamageByEntityEvent was triggered by damaged PLAYER 20Ln, damager PLAYER Akukis and cancelled false.
[May 04, 2026 02:00:50.006AM UTC]  EntityDamageByEntityEvent was triggered by damaged PLAYER 20Ln, damager SPIDER Spider and cancelled false.
[May 04, 2026 02:00:51.006AM UTC]  EntityDamageByEntityEvent was triggered by damaged PLAYER 20Ln, damager SPIDER Spider and cancelled false.
[May 04, 2026 02:00:51.472AM UTC]  EntityDamageByEntityEvent was triggered by damaged SPIDER Spider, damager PLAYER 20Ln and cancelled false.
[May 04, 2026 02:00:52.057AM UTC]  EntityDamageByEntityEvent was triggered by damaged PLAYER 20Ln, damager SPIDER Spider and cancelled false.
[May 04, 2026 02:00:52.069AM UTC]  EntityDamageByEntityEvent was triggered by damaged SPIDER Spider, damager PLAYER 20Ln and cancelled false.
[May 04, 2026 02:00:52.716AM UTC]  EntityDamageByEntityEvent was triggered by damaged SPIDER Spider, damager PLAYER 20Ln and cancelled false.
[May 04, 2026 02:00:54.006AM UTC]  EntityDamageByEntityEvent was triggered by damaged PLAYER 20Ln, damager SPIDER Spider and cancelled false.
[May 04, 2026 02:00:55.006AM UTC]  EntityDamageByEntityEvent was triggered by damaged PLAYER 20Ln, damager SPIDER Spider and cancelled false.
[May 04, 2026 02:00:55.520AM UTC]  EntityDamageByEntityEvent was triggered by damaged SPIDER Spider, damager PLAYER 20Ln and cancelled false.
[May 04, 2026 02:00:55.759AM UTC]  EntityDamageByEntityEvent was triggered by damaged PLAYER Akukis, damager ARROW Arrow and cancelled false.
[May 04, 2026 02:00:57.078AM UTC]  EntityDamageByEntityEvent was triggered by damaged SKELETON Skeleton, damager PLAYER Akukis and cancelled false.
[May 04, 2026 02:00:57.679AM UTC]  EntityDamageByEntityEvent was triggered by damaged SKELETON Skeleton, damager PLAYER Akukis and cancelled false.
[May 04, 2026 02:00:59.800AM UTC]  PlayerPunishEvent was triggered on Akukis with reason EXPIRE and cancelled true.
[May 04, 2026 02:00:59.801AM UTC]  PlayerUntagEvent was triggered on Akukis with reason EXPIRE and expire set to true.
[May 04, 2026 02:00:59.801AM UTC]  PlayerPunishEvent was triggered on 20Ln with reason EXPIRE and cancelled true.
[May 04, 2026 02:00:59.802AM UTC]  PlayerUntagEvent was triggered on 20Ln with reason EXPIRE and expire set to true.
[May 04, 2026 02:00:59.927AM UTC]  EntityDamageByEntityEvent was triggered by damaged SKELETON Skeleton, damager PLAYER Akukis and cancelled false.
[May 04, 2026 02:01:02.462AM UTC]  EntityDamageByEntityEvent was triggered by damaged PLAYER Akukis, damager ARROW Arrow and cancelled false.
[May 04, 2026 02:01:03.929AM UTC]  EntityDamageByEntityEvent was triggered by damaged SKELETON Skeleton, damager PLAYER Akukis and cancelled false.
[May 04, 2026 02:01:27.214AM UTC]  EntityDamageByEntityEvent was triggered by damaged CHICKEN Chicken, damager PLAYER Akukis and cancelled false.
[May 04, 2026 02:01:28.464AM UTC]  EntityDamageByEntityEvent was triggered by damaged CREEPER Creeper, damager PLAYER Akukis and cancelled false.
[May 04, 2026 02:01:41.666AM UTC]  EntityDamageByEntityEvent was triggered by damaged PLAYER LITTLE_GHOTS, damager ARROW Arrow and cancelled false.
[May 04, 2026 02:01:50.782AM UTC]  EntityDamageByEntityEvent was triggered by damaged PLAYER cinco5en5, damager PLAYER Akukis and cancelled true.
[May 04, 2026 02:01:51.430AM UTC]  EntityDamageByEntityEvent was triggered by damaged PLAYER cinco5en5, damager PLAYER Akukis and cancelled true.
[May 04, 2026 02:01:51.931AM UTC]  EntityDamageByEntityEvent was triggered by damaged PLAYER cinco5en5, damager PLAYER Akukis and cancelled true.
[May 04, 2026 02:01:53.891AM UTC]  PlayerPreTagEvent was triggered on cinco5en5 by Akukis with type PLAYER, reason ATTACKER, and cancelled false.
[May 04, 2026 02:01:53.891AM UTC]  PlayerTagEvent was triggered on cinco5en5 by Akukis with type PLAYER and reason ATTACKER.
[May 04, 2026 02:01:53.891AM UTC]  PlayerPreTagEvent was triggered on Akukis by cinco5en5 with type PLAYER, reason ATTACKED, and cancelled false.
[May 04, 2026 02:01:53.892AM UTC]  PlayerTagEvent was triggered on Akukis by cinco5en5 with type PLAYER and reason ATTACKED.
[May 04, 2026 02:01:53.892AM UTC]  EntityDamageByEntityEvent was triggered by damaged PLAYER Akukis, damager PLAYER cinco5en5 and cancelled false.
[May 04, 2026 02:01:54.387AM UTC]  PlayerPreTagEvent was triggered on cinco5en5 by Akukis with type PLAYER, reason ATTACKER, and cancelled false.
[May 04, 2026 02:01:54.387AM UTC]  PlayerReTagEvent was triggered on cinco5en5 by Akukis with type PLAYER and reason ATTACKER.
[May 04, 2026 02:01:54.388AM UTC]  PlayerPreTagEvent was triggered on Akukis by cinco5en5 with type PLAYER, reason ATTACKED, and cancelled false.
[May 04, 2026 02:01:54.388AM UTC]  PlayerReTagEvent was triggered on Akukis by cinco5en5 with type PLAYER and reason ATTACKED.
[May 04, 2026 02:01:54.388AM UTC]  EntityDamageByEntityEvent was triggered by damaged PLAYER Akukis, damager PLAYER cinco5en5 and cancelled false.
[May 04, 2026 02:01:54.944AM UTC]  PlayerPreTagEvent was triggered on cinco5en5 by Akukis with type PLAYER, reason ATTACKER, and cancelled false.
[May 04, 2026 02:01:54.944AM UTC]  PlayerReTagEvent was triggered on cinco5en5 by Akukis with type PLAYER and reason ATTACKER.
[May 04, 2026 02:01:54.944AM UTC]  PlayerPreTagEvent was triggered on Akukis by cinco5en5 with type PLAYER, reason ATTACKED, and cancelled false.
[May 04, 2026 02:01:54.944AM UTC]  PlayerReTagEvent was triggered on Akukis by cinco5en5 with type PLAYER and reason ATTACKED.
[May 04, 2026 02:01:54.945AM UTC]  EntityDamageByEntityEvent was triggered by damaged PLAYER Akukis, damager PLAYER cinco5en5 and cancelled false.
[May 04, 2026 02:01:55.488AM UTC]  PlayerPreTagEvent was triggered on cinco5en5 by Akukis with type PLAYER, reason ATTACKER, and cancelled false.
[May 04, 2026 02:01:55.488AM UTC]  PlayerReTagEvent was triggered on cinco5en5 by Akukis with type PLAYER and reason ATTACKER.
[May 04, 2026 02:01:55.488AM UTC]  PlayerPreTagEvent was triggered on Akukis by cinco5en5 with type PLAYER, reason ATTACKED, and cancelled false.
[May 04, 2026 02:01:55.489AM UTC]  PlayerReTagEvent was triggered on Akukis by cinco5en5 with type PLAYER and reason ATTACKED.
[May 04, 2026 02:01:55.489AM UTC]  EntityDamageByEntityEvent was triggered by damaged PLAYER Akukis, damager PLAYER cinco5en5 and cancelled false.
[May 04, 2026 02:01:56.039AM UTC]  PlayerPreTagEvent was triggered on cinco5en5 by Akukis with type PLAYER, reason ATTACKER, and cancelled false.
[May 04, 2026 02:01:56.039AM UTC]  PlayerReTagEvent was triggered on cinco5en5 by Akukis with type PLAYER and reason ATTACKER.
[May 04, 2026 02:01:56.039AM UTC]  PlayerPreTagEvent was triggered on Akukis by cinco5en5 with type PLAYER, reason ATTACKED, and cancelled false.
[May 04, 2026 02:01:56.039AM UTC]  PlayerReTagEvent was triggered on Akukis by cinco5en5 with type PLAYER and reason ATTACKED.
[May 04, 2026 02:01:56.040AM UTC]  EntityDamageByEntityEvent was triggered by damaged PLAYER Akukis, damager PLAYER cinco5en5 and cancelled false.
[May 04, 2026 02:01:58.829AM UTC]  PlayerPreTagEvent was triggered on Akukis by cinco5en5 with type PLAYER, reason ATTACKER, and cancelled false.
[May 04, 2026 02:01:58.829AM UTC]  PlayerReTagEvent was triggered on Akukis by cinco5en5 with type PLAYER and reason ATTACKER.
[May 04, 2026 02:01:58.829AM UTC]  PlayerPreTagEvent was triggered on cinco5en5 by Akukis with type PLAYER, reason ATTACKED, and cancelled false.
[May 04, 2026 02:01:58.830AM UTC]  PlayerReTagEvent was triggered on cinco5en5 by Akukis with type PLAYER and reason ATTACKED.
[May 04, 2026 02:01:58.830AM UTC]  EntityDamageByEntityEvent was triggered by damaged PLAYER cinco5en5, damager PLAYER Akukis and cancelled false.
[May 04, 2026 02:01:59.140AM UTC]  PlayerPreTagEvent was triggered on cinco5en5 by Akukis with type PLAYER, reason ATTACKER, and cancelled false.
[May 04, 2026 02:01:59.141AM UTC]  PlayerReTagEvent was triggered on cinco5en5 by Akukis with type PLAYER and reason ATTACKER.
[May 04, 2026 02:01:59.141AM UTC]  PlayerPreTagEvent was triggered on Akukis by cinco5en5 with type PLAYER, reason ATTACKED, and cancelled false.
[May 04, 2026 02:01:59.141AM UTC]  PlayerReTagEvent was triggered on Akukis by cinco5en5 with type PLAYER and reason ATTACKED.
[May 04, 2026 02:01:59.141AM UTC]  EntityDamageByEntityEvent was triggered by damaged PLAYER Akukis, damager PLAYER cinco5en5 and cancelled false.
[May 04, 2026 02:01:59.380AM UTC]  PlayerPreTagEvent was triggered on Akukis by cinco5en5 with type PLAYER, reason ATTACKER, and cancelled false.
[May 04, 2026 02:01:59.381AM UTC]  PlayerReTagEvent was triggered on Akukis by cinco5en5 with type PLAYER and reason ATTACKER.
[May 04, 2026 02:01:59.381AM UTC]  PlayerPreTagEvent was triggered on cinco5en5 by Akukis with type PLAYER, reason ATTACKED, and cancelled false.
[May 04, 2026 02:01:59.381AM UTC]  PlayerReTagEvent was triggered on cinco5en5 by Akukis with type PLAYER and reason ATTACKED.
[May 04, 2026 02:01:59.381AM UTC]  EntityDamageByEntityEvent was triggered by damaged PLAYER cinco5en5, damager PLAYER Akukis and cancelled false.
[May 04, 2026 02:02:00.538AM UTC]  PlayerPreTagEvent was triggered on cinco5en5 by Akukis with type PLAYER, reason ATTACKER, and cancelled false.
[May 04, 2026 02:02:00.538AM UTC]  PlayerReTagEvent was triggered on cinco5en5 by Akukis with type PLAYER and reason ATTACKER.
[May 04, 2026 02:02:00.538AM UTC]  PlayerPreTagEvent was triggered on Akukis by cinco5en5 with type PLAYER, reason ATTACKED, and cancelled false.
[May 04, 2026 02:02:00.539AM UTC]  PlayerReTagEvent was triggered on Akukis by cinco5en5 with type PLAYER and reason ATTACKED.
[May 04, 2026 02:02:00.539AM UTC]  EntityDamageByEntityEvent was triggered by damaged PLAYER Akukis, damager PLAYER cinco5en5 and cancelled false.
[May 04, 2026 02:02:01.043AM UTC]  PlayerPreTagEvent was triggered on cinco5en5 by Akukis with type PLAYER, reason ATTACKER, and cancelled false.
[May 04, 2026 02:02:01.044AM UTC]  PlayerReTagEvent was triggered on cinco5en5 by Akukis with type PLAYER and reason ATTACKER.
[May 04, 2026 02:02:01.045AM UTC]  PlayerPreTagEvent was triggered on Akukis by cinco5en5 with type PLAYER, reason ATTACKED, and cancelled false.
[May 04, 2026 02:02:01.045AM UTC]  PlayerReTagEvent was triggered on Akukis by cinco5en5 with type PLAYER and reason ATTACKED.
[May 04, 2026 02:02:01.045AM UTC]  EntityDamageByEntityEvent was triggered by damaged PLAYER Akukis, damager PLAYER cinco5en5 and cancelled false.
[May 04, 2026 02:02:01.538AM UTC]  PlayerPreTagEvent was triggered on cinco5en5 by Akukis with type PLAYER, reason ATTACKER, and cancelled false.
[May 04, 2026 02:02:01.538AM UTC]  PlayerReTagEvent was triggered on cinco5en5 by Akukis with type PLAYER and reason ATTACKER.
[May 04, 2026 02:02:01.538AM UTC]  PlayerPreTagEvent was triggered on Akukis by cinco5en5 with type PLAYER, reason ATTACKED, and cancelled false.
[May 04, 2026 02:02:01.539AM UTC]  PlayerReTagEvent was triggered on Akukis by cinco5en5 with type PLAYER and reason ATTACKED.
[May 04, 2026 02:02:01.539AM UTC]  EntityDamageByEntityEvent was triggered by damaged PLAYER Akukis, damager PLAYER cinco5en5 and cancelled false.
[May 04, 2026 02:02:02.179AM UTC]  PlayerPreTagEvent was triggered on Akukis by cinco5en5 with type PLAYER, reason ATTACKER, and cancelled false.
[May 04, 2026 02:02:02.180AM UTC]  PlayerReTagEvent was triggered on Akukis by cinco5en5 with type PLAYER and reason ATTACKER.
[May 04, 2026 02:02:02.180AM UTC]  PlayerPreTagEvent was triggered on cinco5en5 by Akukis with type PLAYER, reason ATTACKED, and cancelled false.
[May 04, 2026 02:02:02.180AM UTC]  PlayerReTagEvent was triggered on cinco5en5 by Akukis with type PLAYER and reason ATTACKED.
[May 04, 2026 02:02:02.181AM UTC]  EntityDamageByEntityEvent was triggered by damaged PLAYER cinco5en5, damager PLAYER Akukis and cancelled false.
[May 04, 2026 02:02:02.439AM UTC]  PlayerPreTagEvent was triggered on cinco5en5 by Akukis with type PLAYER, reason ATTACKER, and cancelled false.
[May 04, 2026 02:02:02.439AM UTC]  PlayerReTagEvent was triggered on cinco5en5 by Akukis with type PLAYER and reason ATTACKER.
[May 04, 2026 02:02:02.440AM UTC]  PlayerPreTagEvent was triggered on Akukis by cinco5en5 with type PLAYER, reason ATTACKED, and cancelled false.
[May 04, 2026 02:02:02.440AM UTC]  PlayerReTagEvent was triggered on Akukis by cinco5en5 with type PLAYER and reason ATTACKED.
[May 04, 2026 02:02:02.440AM UTC]  EntityDamageByEntityEvent was triggered by damaged PLAYER Akukis, damager PLAYER cinco5en5 and cancelled false.
[May 04, 2026 02:02:03.388AM UTC]  PlayerPreTagEvent was triggered on cinco5en5 by Akukis with type PLAYER, reason ATTACKER, and cancelled false.
[May 04, 2026 02:02:03.389AM UTC]  PlayerReTagEvent was triggered on cinco5en5 by Akukis with type PLAYER and reason ATTACKER.
[May 04, 2026 02:02:03.389AM UTC]  PlayerPreTagEvent was triggered on Akukis by cinco5en5 with type PLAYER, reason ATTACKED, and cancelled false.
[May 04, 2026 02:02:03.389AM UTC]  PlayerReTagEvent was triggered on Akukis by cinco5en5 with type PLAYER and reason ATTACKED.
[May 04, 2026 02:02:03.389AM UTC]  EntityDamageByEntityEvent was triggered by damaged PLAYER Akukis, damager PLAYER cinco5en5 and cancelled false.
[May 04, 2026 02:02:03.481AM UTC]  PlayerPreTagEvent was triggered on Akukis by cinco5en5 with type PLAYER, reason ATTACKER, and cancelled false.
[May 04, 2026 02:02:03.482AM UTC]  PlayerReTagEvent was triggered on Akukis by cinco5en5 with type PLAYER and reason ATTACKER.
[May 04, 2026 02:02:03.482AM UTC]  PlayerPreTagEvent was triggered on cinco5en5 by Akukis with type PLAYER, reason ATTACKED, and cancelled false.
[May 04, 2026 02:02:03.482AM UTC]  PlayerReTagEvent was triggered on cinco5en5 by Akukis with type PLAYER and reason ATTACKED.
[May 04, 2026 02:02:03.482AM UTC]  EntityDamageByEntityEvent was triggered by damaged PLAYER cinco5en5, damager PLAYER Akukis and cancelled false.
[May 04, 2026 02:02:03.892AM UTC]  PlayerPreTagEvent was triggered on cinco5en5 by Akukis with type PLAYER, reason ATTACKER, and cancelled false.
[May 04, 2026 02:02:03.892AM UTC]  PlayerReTagEvent was triggered on cinco5en5 by Akukis with type PLAYER and reason ATTACKER.
[May 04, 2026 02:02:03.892AM UTC]  PlayerPreTagEvent was triggered on Akukis by cinco5en5 with type PLAYER, reason ATTACKED, and cancelled false.
[May 04, 2026 02:02:03.892AM UTC]  PlayerReTagEvent was triggered on Akukis by cinco5en5 with type PLAYER and reason ATTACKED.
[May 04, 2026 02:02:03.893AM UTC]  EntityDamageByEntityEvent was triggered by damaged PLAYER Akukis, damager PLAYER cinco5en5 and cancelled false.
[May 04, 2026 02:02:04.588AM UTC]  PlayerPreTagEvent was triggered on cinco5en5 by Akukis with type PLAYER, reason ATTACKER, and cancelled false.
[May 04, 2026 02:02:04.589AM UTC]  PlayerReTagEvent was triggered on cinco5en5 by Akukis with type PLAYER and reason ATTACKER.
[May 04, 2026 02:02:04.589AM UTC]  PlayerPreTagEvent was triggered on Akukis by cinco5en5 with type PLAYER, reason ATTACKED, and cancelled false.
[May 04, 2026 02:02:04.589AM UTC]  PlayerReTagEvent was triggered on Akukis by cinco5en5 with type PLAYER and reason ATTACKED.
[May 04, 2026 02:02:04.589AM UTC]  EntityDamageByEntityEvent was triggered by damaged PLAYER Akukis, damager PLAYER cinco5en5 and cancelled false.
[May 04, 2026 02:02:06.529AM UTC]  PlayerPreTagEvent was triggered on Akukis by cinco5en5 with type PLAYER, reason ATTACKER, and cancelled false.
[May 04, 2026 02:02:06.529AM UTC]  PlayerReTagEvent was triggered on Akukis by cinco5en5 with type PLAYER and reason ATTACKER.
[May 04, 2026 02:02:06.529AM UTC]  PlayerPreTagEvent was triggered on cinco5en5 by Akukis with type PLAYER, reason ATTACKED, and cancelled false.
[May 04, 2026 02:02:06.529AM UTC]  PlayerReTagEvent was triggered on cinco5en5 by Akukis with type PLAYER and reason ATTACKED.
[May 04, 2026 02:02:06.530AM UTC]  EntityDamageByEntityEvent was triggered by damaged PLAYER cinco5en5, damager PLAYER Akukis and cancelled false.
[May 04, 2026 02:02:06.789AM UTC]  PlayerPreTagEvent was triggered on cinco5en5 by Akukis with type PLAYER, reason ATTACKER, and cancelled false.
[May 04, 2026 02:02:06.789AM UTC]  PlayerReTagEvent was triggered on cinco5en5 by Akukis with type PLAYER and reason ATTACKER.
[May 04, 2026 02:02:06.789AM UTC]  PlayerPreTagEvent was triggered on Akukis by cinco5en5 with type PLAYER, reason ATTACKED, and cancelled false.
[May 04, 2026 02:02:06.789AM UTC]  PlayerReTagEvent was triggered on Akukis by cinco5en5 with type PLAYER and reason ATTACKED.
[May 04, 2026 02:02:06.790AM UTC]  EntityDamageByEntityEvent was triggered by damaged PLAYER Akukis, damager PLAYER cinco5en5 and cancelled false.
[May 04, 2026 02:02:07.838AM UTC]  PlayerPreTagEvent was triggered on cinco5en5 by Akukis with type PLAYER, reason ATTACKER, and cancelled false.
[May 04, 2026 02:02:07.839AM UTC]  PlayerReTagEvent was triggered on cinco5en5 by Akukis with type PLAYER and reason ATTACKER.
[May 04, 2026 02:02:07.839AM UTC]  PlayerPreTagEvent was triggered on Akukis by cinco5en5 with type PLAYER, reason ATTACKED, and cancelled false.
[May 04, 2026 02:02:07.839AM UTC]  PlayerReTagEvent was triggered on Akukis by cinco5en5 with type PLAYER and reason ATTACKED.
[May 04, 2026 02:02:07.839AM UTC]  EntityDamageByEntityEvent was triggered by damaged PLAYER Akukis, damager PLAYER cinco5en5 and cancelled false.
[May 04, 2026 02:02:07.931AM UTC]  PlayerPreTagEvent was triggered on Akukis by cinco5en5 with type PLAYER, reason ATTACKER, and cancelled false.
[May 04, 2026 02:02:07.932AM UTC]  PlayerReTagEvent was triggered on Akukis by cinco5en5 with type PLAYER and reason ATTACKER.
[May 04, 2026 02:02:07.932AM UTC]  PlayerPreTagEvent was triggered on cinco5en5 by Akukis with type PLAYER, reason ATTACKED, and cancelled false.
[May 04, 2026 02:02:07.932AM UTC]  PlayerReTagEvent was triggered on cinco5en5 by Akukis with type PLAYER and reason ATTACKED.
[May 04, 2026 02:02:07.932AM UTC]  EntityDamageByEntityEvent was triggered by damaged PLAYER cinco5en5, damager PLAYER Akukis and cancelled false.
[May 04, 2026 02:02:09.336AM UTC]  PlayerPreTagEvent was triggered on cinco5en5 by Akukis with type PLAYER, reason ATTACKER, and cancelled false.
[May 04, 2026 02:02:09.336AM UTC]  PlayerReTagEvent was triggered on cinco5en5 by Akukis with type PLAYER and reason ATTACKER.
[May 04, 2026 02:02:09.336AM UTC]  PlayerPreTagEvent was triggered on Akukis by cinco5en5 with type PLAYER, reason ATTACKED, and cancelled false.
[May 04, 2026 02:02:09.337AM UTC]  PlayerReTagEvent was triggered on Akukis by cinco5en5 with type PLAYER and reason ATTACKED.
[May 04, 2026 02:02:09.337AM UTC]  EntityDamageByEntityEvent was triggered by damaged PLAYER Akukis, damager PLAYER cinco5en5 and cancelled false.
[May 04, 2026 02:02:09.434AM UTC]  PlayerPreTagEvent was triggered on Akukis by cinco5en5 with type PLAYER, reason ATTACKER, and cancelled false.
[May 04, 2026 02:02:09.434AM UTC]  PlayerReTagEvent was triggered on Akukis by cinco5en5 with type PLAYER and reason ATTACKER.
[May 04, 2026 02:02:09.435AM UTC]  PlayerPreTagEvent was triggered on cinco5en5 by Akukis with type PLAYER, reason ATTACKED, and cancelled false.
[May 04, 2026 02:02:09.435AM UTC]  PlayerReTagEvent was triggered on cinco5en5 by Akukis with type PLAYER and reason ATTACKED.
[May 04, 2026 02:02:09.435AM UTC]  EntityDamageByEntityEvent was triggered by damaged PLAYER cinco5en5, damager PLAYER Akukis and cancelled false.
[May 04, 2026 02:02:09.938AM UTC]  PlayerPreTagEvent was triggered on cinco5en5 by Akukis with type PLAYER, reason ATTACKER, and cancelled false.
[May 04, 2026 02:02:09.939AM UTC]  PlayerReTagEvent was triggered on cinco5en5 by Akukis with type PLAYER and reason ATTACKER.
[May 04, 2026 02:02:09.939AM UTC]  PlayerPreTagEvent was triggered on Akukis by cinco5en5 with type PLAYER, reason ATTACKED, and cancelled false.
[May 04, 2026 02:02:09.939AM UTC]  PlayerReTagEvent was triggered on Akukis by cinco5en5 with type PLAYER and reason ATTACKED.
[May 04, 2026 02:02:09.940AM UTC]  EntityDamageByEntityEvent was triggered by damaged PLAYER Akukis, damager PLAYER cinco5en5 and cancelled false.
[May 04, 2026 02:02:10.438AM UTC]  PlayerPreTagEvent was triggered on cinco5en5 by Akukis with type PLAYER, reason ATTACKER, and cancelled false.
[May 04, 2026 02:02:10.439AM UTC]  PlayerReTagEvent was triggered on cinco5en5 by Akukis with type PLAYER and reason ATTACKER.
[May 04, 2026 02:02:10.439AM UTC]  PlayerPreTagEvent was triggered on Akukis by cinco5en5 with type PLAYER, reason ATTACKED, and cancelled false.
[May 04, 2026 02:02:10.439AM UTC]  PlayerReTagEvent was triggered on Akukis by cinco5en5 with type PLAYER and reason ATTACKED.
[May 04, 2026 02:02:10.439AM UTC]  EntityDamageByEntityEvent was triggered by damaged PLAYER Akukis, damager PLAYER cinco5en5 and cancelled false.
[May 04, 2026 02:02:10.938AM UTC]  PlayerPreTagEvent was triggered on cinco5en5 by Akukis with type PLAYER, reason ATTACKER, and cancelled false.
[May 04, 2026 02:02:10.939AM UTC]  PlayerReTagEvent was triggered on cinco5en5 by Akukis with type PLAYER and reason ATTACKER.
[May 04, 2026 02:02:10.939AM UTC]  PlayerPreTagEvent was triggered on Akukis by cinco5en5 with type PLAYER, reason ATTACKED, and cancelled false.
[May 04, 2026 02:02:10.939AM UTC]  PlayerReTagEvent was triggered on Akukis by cinco5en5 with type PLAYER and reason ATTACKED.
[May 04, 2026 02:02:10.939AM UTC]  EntityDamageByEntityEvent was triggered by damaged PLAYER Akukis, damager PLAYER cinco5en5 and cancelled false.
[May 04, 2026 02:02:11.128AM UTC]  PlayerPreTagEvent was triggered on Akukis by cinco5en5 with type PLAYER, reason ATTACKER, and cancelled false.
[May 04, 2026 02:02:11.129AM UTC]  PlayerReTagEvent was triggered on Akukis by cinco5en5 with type PLAYER and reason ATTACKER.
[May 04, 2026 02:02:11.129AM UTC]  PlayerPreTagEvent was triggered on cinco5en5 by Akukis with type PLAYER, reason ATTACKED, and cancelled false.
[May 04, 2026 02:02:11.129AM UTC]  PlayerReTagEvent was triggered on cinco5en5 by Akukis with type PLAYER and reason ATTACKED.
[May 04, 2026 02:02:11.129AM UTC]  EntityDamageByEntityEvent was triggered by damaged PLAYER cinco5en5, damager PLAYER Akukis and cancelled false.
[May 04, 2026 02:02:11.629AM UTC]  PlayerPreTagEvent was triggered on Akukis by cinco5en5 with type PLAYER, reason ATTACKER, and cancelled false.
[May 04, 2026 02:02:11.630AM UTC]  PlayerReTagEvent was triggered on Akukis by cinco5en5 with type PLAYER and reason ATTACKER.
[May 04, 2026 02:02:11.630AM UTC]  PlayerPreTagEvent was triggered on cinco5en5 by Akukis with type PLAYER, reason ATTACKED, and cancelled false.
[May 04, 2026 02:02:11.630AM UTC]  PlayerReTagEvent was triggered on cinco5en5 by Akukis with type PLAYER and reason ATTACKED.
[May 04, 2026 02:02:11.630AM UTC]  EntityDamageByEntityEvent was triggered by damaged PLAYER cinco5en5, damager PLAYER Akukis and cancelled false.
[May 04, 2026 02:02:12.833AM UTC]  PlayerPreTagEvent was triggered on Akukis by cinco5en5 with type PLAYER, reason ATTACKER, and cancelled false.
[May 04, 2026 02:02:12.833AM UTC]  PlayerReTagEvent was triggered on Akukis by cinco5en5 with type PLAYER and reason ATTACKER.
[May 04, 2026 02:02:12.833AM UTC]  PlayerPreTagEvent was triggered on cinco5en5 by Akukis with type PLAYER, reason ATTACKED, and cancelled false.
[May 04, 2026 02:02:12.833AM UTC]  PlayerReTagEvent was triggered on cinco5en5 by Akukis with type PLAYER and reason ATTACKED.
[May 04, 2026 02:02:12.834AM UTC]  EntityDamageByEntityEvent was triggered by damaged PLAYER cinco5en5, damager PLAYER Akukis and cancelled false.
[May 04, 2026 02:02:13.381AM UTC]  PlayerPreTagEvent was triggered on Akukis by cinco5en5 with type PLAYER, reason ATTACKER, and cancelled false.
[May 04, 2026 02:02:13.381AM UTC]  PlayerReTagEvent was triggered on Akukis by cinco5en5 with type PLAYER and reason ATTACKER.
[May 04, 2026 02:02:13.382AM UTC]  PlayerPreTagEvent was triggered on cinco5en5 by Akukis with type PLAYER, reason ATTACKED, and cancelled false.
[May 04, 2026 02:02:13.382AM UTC]  PlayerReTagEvent was triggered on cinco5en5 by Akukis with type PLAYER and reason ATTACKED.
[May 04, 2026 02:02:13.382AM UTC]  EntityDamageByEntityEvent was triggered by damaged PLAYER cinco5en5, damager PLAYER Akukis and cancelled false.
[May 04, 2026 02:02:13.981AM UTC]  PlayerPreTagEvent was triggered on Akukis by cinco5en5 with type PLAYER, reason ATTACKER, and cancelled false.
[May 04, 2026 02:02:13.982AM UTC]  PlayerReTagEvent was triggered on Akukis by cinco5en5 with type PLAYER and reason ATTACKER.
[May 04, 2026 02:02:13.982AM UTC]  PlayerPreTagEvent was triggered on cinco5en5 by Akukis with type PLAYER, reason ATTACKED, and cancelled false.
[May 04, 2026 02:02:13.982AM UTC]  PlayerReTagEvent was triggered on cinco5en5 by Akukis with type PLAYER and reason ATTACKED.
[May 04, 2026 02:02:13.982AM UTC]  EntityDamageByEntityEvent was triggered by damaged PLAYER cinco5en5, damager PLAYER Akukis and cancelled false.
[May 04, 2026 02:02:14.580AM UTC]  PlayerPreTagEvent was triggered on Akukis by cinco5en5 with type PLAYER, reason ATTACKER, and cancelled false.
[May 04, 2026 02:02:14.580AM UTC]  PlayerReTagEvent was triggered on Akukis by cinco5en5 with type PLAYER and reason ATTACKER.
[May 04, 2026 02:02:14.580AM UTC]  PlayerPreTagEvent was triggered on cinco5en5 by Akukis with type PLAYER, reason ATTACKED, and cancelled false.
[May 04, 2026 02:02:14.581AM UTC]  PlayerReTagEvent was triggered on cinco5en5 by Akukis with type PLAYER and reason ATTACKED.
[May 04, 2026 02:02:14.581AM UTC]  EntityDamageByEntityEvent was triggered by damaged PLAYER cinco5en5, damager PLAYER Akukis and cancelled false.
[May 04, 2026 02:02:15.229AM UTC]  PlayerPreTagEvent was triggered on Akukis by cinco5en5 with type PLAYER, reason ATTACKER, and cancelled false.
[May 04, 2026 02:02:15.229AM UTC]  PlayerReTagEvent was triggered on Akukis by cinco5en5 with type PLAYER and reason ATTACKER.
[May 04, 2026 02:02:15.229AM UTC]  PlayerPreTagEvent was triggered on cinco5en5 by Akukis with type PLAYER, reason ATTACKED, and cancelled false.
[May 04, 2026 02:02:15.230AM UTC]  PlayerReTagEvent was triggered on cinco5en5 by Akukis with type PLAYER and reason ATTACKED.
[May 04, 2026 02:02:15.230AM UTC]  EntityDamageByEntityEvent was triggered by damaged PLAYER cinco5en5, damager PLAYER Akukis and cancelled false.
[May 04, 2026 02:02:15.781AM UTC]  PlayerPreTagEvent was triggered on Akukis by cinco5en5 with type PLAYER, reason ATTACKER, and cancelled false.
[May 04, 2026 02:02:15.782AM UTC]  PlayerReTagEvent was triggered on Akukis by cinco5en5 with type PLAYER and reason ATTACKER.
[May 04, 2026 02:02:15.782AM UTC]  PlayerPreTagEvent was triggered on cinco5en5 by Akukis with type PLAYER, reason ATTACKED, and cancelled false.
[May 04, 2026 02:02:15.782AM UTC]  PlayerReTagEvent was triggered on cinco5en5 by Akukis with type PLAYER and reason ATTACKED.
[May 04, 2026 02:02:15.782AM UTC]  EntityDamageByEntityEvent was triggered by damaged PLAYER cinco5en5, damager PLAYER Akukis and cancelled false.
[May 04, 2026 02:02:16.141AM UTC]  PlayerPreTagEvent was triggered on cinco5en5 by Akukis with type PLAYER, reason ATTACKER, and cancelled false.
[May 04, 2026 02:02:16.142AM UTC]  PlayerReTagEvent was triggered on cinco5en5 by Akukis with type PLAYER and reason ATTACKER.
[May 04, 2026 02:02:16.142AM UTC]  PlayerPreTagEvent was triggered on Akukis by cinco5en5 with type PLAYER, reason ATTACKED, and cancelled false.
[May 04, 2026 02:02:16.142AM UTC]  PlayerReTagEvent was triggered on Akukis by cinco5en5 with type PLAYER and reason ATTACKED.
[May 04, 2026 02:02:16.142AM UTC]  EntityDamageByEntityEvent was triggered by damaged PLAYER Akukis, damager PLAYER cinco5en5 and cancelled false.
[May 04, 2026 02:02:16.688AM UTC]  PlayerPreTagEvent was triggered on cinco5en5 by Akukis with type PLAYER, reason ATTACKER, and cancelled false.
[May 04, 2026 02:02:16.689AM UTC]  PlayerReTagEvent was triggered on cinco5en5 by Akukis with type PLAYER and reason ATTACKER.
[May 04, 2026 02:02:16.689AM UTC]  PlayerPreTagEvent was triggered on Akukis by cinco5en5 with type PLAYER, reason ATTACKED, and cancelled false.
[May 04, 2026 02:02:16.690AM UTC]  PlayerReTagEvent was triggered on Akukis by cinco5en5 with type PLAYER and reason ATTACKED.
[May 04, 2026 02:02:16.690AM UTC]  EntityDamageByEntityEvent was triggered by damaged PLAYER Akukis, damager PLAYER cinco5en5 and cancelled false.
[May 04, 2026 02:02:16.830AM UTC]  PlayerPreTagEvent was triggered on Akukis by cinco5en5 with type PLAYER, reason ATTACKER, and cancelled false.
[May 04, 2026 02:02:16.831AM UTC]  PlayerReTagEvent was triggered on Akukis by cinco5en5 with type PLAYER and reason ATTACKER.
[May 04, 2026 02:02:16.831AM UTC]  PlayerPreTagEvent was triggered on cinco5en5 by Akukis with type PLAYER, reason ATTACKED, and cancelled false.
[May 04, 2026 02:02:16.831AM UTC]  PlayerReTagEvent was triggered on cinco5en5 by Akukis with type PLAYER and reason ATTACKED.
[May 04, 2026 02:02:16.832AM UTC]  EntityDamageByEntityEvent was triggered by damaged PLAYER cinco5en5, damager PLAYER Akukis and cancelled false.
[May 04, 2026 02:02:17.290AM UTC]  PlayerPreTagEvent was triggered on cinco5en5 by Akukis with type PLAYER, reason ATTACKER, and cancelled false.
[May 04, 2026 02:02:17.290AM UTC]  PlayerReTagEvent was triggered on cinco5en5 by Akukis with type PLAYER and reason ATTACKER.
[May 04, 2026 02:02:17.291AM UTC]  PlayerPreTagEvent was triggered on Akukis by cinco5en5 with type PLAYER, reason ATTACKED, and cancelled false.
[May 04, 2026 02:02:17.291AM UTC]  PlayerReTagEvent was triggered on Akukis by cinco5en5 with type PLAYER and reason ATTACKED.
[May 04, 2026 02:02:17.291AM UTC]  EntityDamageByEntityEvent was triggered by damaged PLAYER Akukis, damager PLAYER cinco5en5 and cancelled false.
[May 04, 2026 02:02:17.380AM UTC]  PlayerPreTagEvent was triggered on Akukis by cinco5en5 with type PLAYER, reason ATTACKER, and cancelled false.
[May 04, 2026 02:02:17.380AM UTC]  PlayerReTagEvent was triggered on Akukis by cinco5en5 with type PLAYER and reason ATTACKER.
[May 04, 2026 02:02:17.380AM UTC]  PlayerPreTagEvent was triggered on cinco5en5 by Akukis with type PLAYER, reason ATTACKED, and cancelled false.
[May 04, 2026 02:02:17.380AM UTC]  PlayerReTagEvent was triggered on cinco5en5 by Akukis with type PLAYER and reason ATTACKED.
[May 04, 2026 02:02:17.380AM UTC]  EntityDamageByEntityEvent was triggered by damaged PLAYER cinco5en5, damager PLAYER Akukis and cancelled false.
[May 04, 2026 02:02:18.090AM UTC]  PlayerPreTagEvent was triggered on cinco5en5 by Akukis with type PLAYER, reason ATTACKER, and cancelled false.
[May 04, 2026 02:02:18.090AM UTC]  PlayerReTagEvent was triggered on cinco5en5 by Akukis with type PLAYER and reason ATTACKER.
[May 04, 2026 02:02:18.090AM UTC]  PlayerPreTagEvent was triggered on Akukis by cinco5en5 with type PLAYER, reason ATTACKED, and cancelled false.
[May 04, 2026 02:02:18.090AM UTC]  PlayerReTagEvent was triggered on Akukis by cinco5en5 with type PLAYER and reason ATTACKED.
[May 04, 2026 02:02:18.090AM UTC]  EntityDamageByEntityEvent was triggered by damaged PLAYER Akukis, damager PLAYER cinco5en5 and cancelled false.
[May 04, 2026 02:02:18.329AM UTC]  PlayerPreTagEvent was triggered on Akukis by cinco5en5 with type PLAYER, reason ATTACKER, and cancelled false.
[May 04, 2026 02:02:18.330AM UTC]  PlayerReTagEvent was triggered on Akukis by cinco5en5 with type PLAYER and reason ATTACKER.
[May 04, 2026 02:02:18.330AM UTC]  PlayerPreTagEvent was triggered on cinco5en5 by Akukis with type PLAYER, reason ATTACKED, and cancelled false.
[May 04, 2026 02:02:18.330AM UTC]  PlayerReTagEvent was triggered on cinco5en5 by Akukis with type PLAYER and reason ATTACKED.
[May 04, 2026 02:02:18.330AM UTC]  EntityDamageByEntityEvent was triggered by damaged PLAYER cinco5en5, damager PLAYER Akukis and cancelled false.
[May 04, 2026 02:02:18.738AM UTC]  PlayerPreTagEvent was triggered on cinco5en5 by Akukis with type PLAYER, reason ATTACKER, and cancelled false.
[May 04, 2026 02:02:18.738AM UTC]  PlayerReTagEvent was triggered on cinco5en5 by Akukis with type PLAYER and reason ATTACKER.
[May 04, 2026 02:02:18.738AM UTC]  PlayerPreTagEvent was triggered on Akukis by cinco5en5 with type PLAYER, reason ATTACKED, and cancelled false.
[May 04, 2026 02:02:18.739AM UTC]  PlayerReTagEvent was triggered on Akukis by cinco5en5 with type PLAYER and reason ATTACKED.
[May 04, 2026 02:02:18.739AM UTC]  EntityDamageByEntityEvent was triggered by damaged PLAYER Akukis, damager PLAYER cinco5en5 and cancelled false.
[May 04, 2026 02:02:18.929AM UTC]  PlayerPreTagEvent was triggered on Akukis by cinco5en5 with type PLAYER, reason ATTACKER, and cancelled false.
[May 04, 2026 02:02:18.929AM UTC]  PlayerReTagEvent was triggered on Akukis by cinco5en5 with type PLAYER and reason ATTACKER.
[May 04, 2026 02:02:18.930AM UTC]  PlayerPreTagEvent was triggered on cinco5en5 by Akukis with type PLAYER, reason ATTACKED, and cancelled false.
[May 04, 2026 02:02:18.930AM UTC]  PlayerReTagEvent was triggered on cinco5en5 by Akukis with type PLAYER and reason ATTACKED.
[May 04, 2026 02:02:18.930AM UTC]  EntityDamageByEntityEvent was triggered by damaged PLAYER cinco5en5, damager PLAYER Akukis and cancelled false.
[May 04, 2026 02:02:19.779AM UTC]  PlayerPreTagEvent was triggered on Akukis by cinco5en5 with type PLAYER, reason ATTACKER, and cancelled false.
[May 04, 2026 02:02:19.779AM UTC]  PlayerReTagEvent was triggered on Akukis by cinco5en5 with type PLAYER and reason ATTACKER.
[May 04, 2026 02:02:19.779AM UTC]  PlayerPreTagEvent was triggered on cinco5en5 by Akukis with type PLAYER, reason ATTACKED, and cancelled false.
[May 04, 2026 02:02:19.779AM UTC]  PlayerReTagEvent was triggered on cinco5en5 by Akukis with type PLAYER and reason ATTACKED.
[May 04, 2026 02:02:19.780AM UTC]  EntityDamageByEntityEvent was triggered by damaged PLAYER cinco5en5, damager PLAYER Akukis and cancelled false.
[May 04, 2026 02:02:20.238AM UTC]  PlayerPreTagEvent was triggered on cinco5en5 by Akukis with type PLAYER, reason ATTACKER, and cancelled false.
[May 04, 2026 02:02:20.238AM UTC]  PlayerReTagEvent was triggered on cinco5en5 by Akukis with type PLAYER and reason ATTACKER.
[May 04, 2026 02:02:20.238AM UTC]  PlayerPreTagEvent was triggered on Akukis by cinco5en5 with type PLAYER, reason ATTACKED, and cancelled false.
[May 04, 2026 02:02:20.238AM UTC]  PlayerReTagEvent was triggered on Akukis by cinco5en5 with type PLAYER and reason ATTACKED.
[May 04, 2026 02:02:20.239AM UTC]  EntityDamageByEntityEvent was triggered by damaged PLAYER Akukis, damager PLAYER cinco5en5 and cancelled false.
[May 04, 2026 02:02:20.838AM UTC]  PlayerPreTagEvent was triggered on cinco5en5 by Akukis with type PLAYER, reason ATTACKER, and cancelled false.
[May 04, 2026 02:02:20.839AM UTC]  PlayerReTagEvent was triggered on cinco5en5 by Akukis with type PLAYER and reason ATTACKER.
[May 04, 2026 02:02:20.839AM UTC]  PlayerPreTagEvent was triggered on Akukis by cinco5en5 with type PLAYER, reason ATTACKED, and cancelled false.
[May 04, 2026 02:02:20.839AM UTC]  PlayerReTagEvent was triggered on Akukis by cinco5en5 with type PLAYER and reason ATTACKED.
[May 04, 2026 02:02:20.840AM UTC]  EntityDamageByEntityEvent was triggered by damaged PLAYER Akukis, damager PLAYER cinco5en5 and cancelled false.
[May 04, 2026 02:02:21.489AM UTC]  PlayerPreTagEvent was triggered on cinco5en5 by Akukis with type PLAYER, reason ATTACKER, and cancelled false.
[May 04, 2026 02:02:21.489AM UTC]  PlayerReTagEvent was triggered on cinco5en5 by Akukis with type PLAYER and reason ATTACKER.
[May 04, 2026 02:02:21.490AM UTC]  PlayerPreTagEvent was triggered on Akukis by cinco5en5 with type PLAYER, reason ATTACKED, and cancelled false.
[May 04, 2026 02:02:21.490AM UTC]  PlayerReTagEvent was triggered on Akukis by cinco5en5 with type PLAYER and reason ATTACKED.
[May 04, 2026 02:02:21.490AM UTC]  EntityDamageByEntityEvent was triggered by damaged PLAYER Akukis, damager PLAYER cinco5en5 and cancelled false.
[May 04, 2026 02:02:22.130AM UTC]  PlayerPreTagEvent was triggered on Akukis by cinco5en5 with type PLAYER, reason ATTACKER, and cancelled false.
[May 04, 2026 02:02:22.130AM UTC]  PlayerReTagEvent was triggered on Akukis by cinco5en5 with type PLAYER and reason ATTACKER.
[May 04, 2026 02:02:22.131AM UTC]  PlayerPreTagEvent was triggered on cinco5en5 by Akukis with type PLAYER, reason ATTACKED, and cancelled false.
[May 04, 2026 02:02:22.131AM UTC]  PlayerReTagEvent was triggered on cinco5en5 by Akukis with type PLAYER and reason ATTACKED.
[May 04, 2026 02:02:22.131AM UTC]  EntityDamageByEntityEvent was triggered by damaged PLAYER cinco5en5, damager PLAYER Akukis and cancelled false.
[May 04, 2026 02:02:22.238AM UTC]  PlayerPreTagEvent was triggered on cinco5en5 by Akukis with type PLAYER, reason ATTACKER, and cancelled false.
[May 04, 2026 02:02:22.238AM UTC]  PlayerReTagEvent was triggered on cinco5en5 by Akukis with type PLAYER and reason ATTACKER.
[May 04, 2026 02:02:22.238AM UTC]  PlayerPreTagEvent was triggered on Akukis by cinco5en5 with type PLAYER, reason ATTACKED, and cancelled false.
[May 04, 2026 02:02:22.238AM UTC]  PlayerReTagEvent was triggered on Akukis by cinco5en5 with type PLAYER and reason ATTACKED.
[May 04, 2026 02:02:22.239AM UTC]  EntityDamageByEntityEvent was triggered by damaged PLAYER Akukis, damager PLAYER cinco5en5 and cancelled false.
[May 04, 2026 02:02:22.940AM UTC]  PlayerPreTagEvent was triggered on cinco5en5 by Akukis with type PLAYER, reason ATTACKER, and cancelled false.
[May 04, 2026 02:02:22.940AM UTC]  PlayerReTagEvent was triggered on cinco5en5 by Akukis with type PLAYER and reason ATTACKER.
[May 04, 2026 02:02:22.940AM UTC]  PlayerPreTagEvent was triggered on Akukis by cinco5en5 with type PLAYER, reason ATTACKED, and cancelled false.
[May 04, 2026 02:02:22.940AM UTC]  PlayerReTagEvent was triggered on Akukis by cinco5en5 with type PLAYER and reason ATTACKED.
[May 04, 2026 02:02:22.941AM UTC]  EntityDamageByEntityEvent was triggered by damaged PLAYER Akukis, damager PLAYER cinco5en5 and cancelled false.
[May 04, 2026 02:02:23.159AM UTC]  EntityDamageByEntityEvent was triggered by damaged PLAYER LITTLE_GHOTS, damager CREEPER Creeper and cancelled false.
[May 04, 2026 02:02:23.213AM UTC]  EntityDamageByEntityEvent was triggered by damaged PLAYER 20Ln, damager SPIDER Spider and cancelled false.
[May 04, 2026 02:02:23.640AM UTC]  PlayerPreTagEvent was triggered on cinco5en5 by Akukis with type PLAYER, reason ATTACKER, and cancelled false.
[May 04, 2026 02:02:23.640AM UTC]  PlayerReTagEvent was triggered on cinco5en5 by Akukis with type PLAYER and reason ATTACKER.
[May 04, 2026 02:02:23.641AM UTC]  PlayerPreTagEvent was triggered on Akukis by cinco5en5 with type PLAYER, reason ATTACKED, and cancelled false.
[May 04, 2026 02:02:23.641AM UTC]  PlayerReTagEvent was triggered on Akukis by cinco5en5 with type PLAYER and reason ATTACKED.
[May 04, 2026 02:02:23.641AM UTC]  EntityDamageByEntityEvent was triggered by damaged PLAYER Akukis, damager PLAYER cinco5en5 and cancelled false.
[May 04, 2026 02:02:23.731AM UTC]  PlayerPreTagEvent was triggered on Akukis by cinco5en5 with type PLAYER, reason ATTACKER, and cancelled false.
[May 04, 2026 02:02:23.731AM UTC]  PlayerReTagEvent was triggered on Akukis by cinco5en5 with type PLAYER and reason ATTACKER.
[May 04, 2026 02:02:23.732AM UTC]  PlayerPreTagEvent was triggered on cinco5en5 by Akukis with type PLAYER, reason ATTACKED, and cancelled false.
[May 04, 2026 02:02:23.732AM UTC]  PlayerReTagEvent was triggered on cinco5en5 by Akukis with type PLAYER and reason ATTACKED.
[May 04, 2026 02:02:23.732AM UTC]  EntityDamageByEntityEvent was triggered by damaged PLAYER cinco5en5, damager PLAYER Akukis and cancelled false.
[May 04, 2026 02:02:23.733AM UTC]  PlayerPunishEvent was triggered on Akukis with reason ENEMY_DEATH and cancelled true.
[May 04, 2026 02:02:23.733AM UTC]  PlayerUntagEvent was triggered on Akukis with reason ENEMY_DEATH and expire set to true.
[May 04, 2026 02:02:23.734AM UTC]  PlayerPunishEvent was triggered on cinco5en5 with reason SELF_DEATH and cancelled true.
[May 04, 2026 02:02:23.734AM UTC]  PlayerUntagEvent was triggered on cinco5en5 with reason SELF_DEATH and expire set to true.
[May 04, 2026 02:02:23.968AM UTC]  EntityDamageByEntityEvent was triggered by damaged SPIDER Spider, damager PLAYER 20Ln and cancelled false.
[May 04, 2026 02:02:24.361AM UTC]  EntityDamageByEntityEvent was triggered by damaged PLAYER 20Ln, damager SPIDER Spider and cancelled false.
[May 04, 2026 02:02:24.568AM UTC]  EntityDamageByEntityEvent was triggered by damaged SPIDER Spider, damager PLAYER 20Ln and cancelled false.
[May 04, 2026 02:02:25.127AM UTC]  EntityDamageByEntityEvent was triggered by damaged SPIDER Spider, damager PLAYER 20Ln and cancelled false.
[May 04, 2026 02:02:25.811AM UTC]  EntityDamageByEntityEvent was triggered by damaged PLAYER 20Ln, damager SPIDER Spider and cancelled false.
[May 04, 2026 02:02:25.978AM UTC]  EntityDamageByEntityEvent was triggered by damaged SPIDER Spider, damager PLAYER 20Ln and cancelled false.
[May 04, 2026 02:03:37.565AM UTC]  EntityDamageByEntityEvent was triggered by damaged PLAYER emi4553, damager PHANTOM Phantom and cancelled false.
[May 04, 2026 02:03:38.913AM UTC]  EntityDamageByEntityEvent was triggered by damaged PLAYER emi4553, damager PHANTOM Phantom and cancelled false.
[May 04, 2026 02:03:44.411AM UTC]  EntityDamageByEntityEvent was triggered by damaged PLAYER Akukis, damager ZOMBIE Zombie and cancelled false.
[May 04, 2026 02:03:45.411AM UTC]  EntityDamageByEntityEvent was triggered by damaged PLAYER Akukis, damager ZOMBIE Zombie and cancelled false.
[May 04, 2026 02:03:45.617AM UTC]  EntityDamageByEntityEvent was triggered by damaged PLAYER Akukis, damager ARROW Arrow and cancelled false.
[May 04, 2026 02:03:46.461AM UTC]  EntityDamageByEntityEvent was triggered by damaged PLAYER Akukis, damager ZOMBIE Zombie and cancelled false.
[May 04, 2026 02:03:46.483AM UTC]  EntityDamageByEntityEvent was triggered by damaged ZOMBIE Zombie, damager PLAYER Akukis and cancelled false.
[May 04, 2026 02:03:47.132AM UTC]  EntityDamageByEntityEvent was triggered by damaged ZOMBIE Zombie, damager PLAYER Akukis and cancelled false.
[May 04, 2026 02:03:47.911AM UTC]  EntityDamageByEntityEvent was triggered by damaged PLAYER emi4553, damager PHANTOM Phantom and cancelled false.
[May 04, 2026 02:03:48.261AM UTC]  EntityDamageByEntityEvent was triggered by damaged PLAYER Akukis, damager ZOMBIE Zombie and cancelled false.
[May 04, 2026 02:03:50.530AM UTC]  EntityDamageByEntityEvent was triggered by damaged SKELETON Skeleton, damager PLAYER Akukis and cancelled false.
[May 04, 2026 02:03:51.732AM UTC]  EntityDamageByEntityEvent was triggered by damaged SKELETON Skeleton, damager PLAYER Akukis and cancelled false.
[May 04, 2026 02:03:53.413AM UTC]  EntityDamageByEntityEvent was triggered by damaged PLAYER Akukis, damager ZOMBIE Zombie and cancelled false.
[May 04, 2026 02:03:54.383AM UTC]  EntityDamageByEntityEvent was triggered by damaged ZOMBIE Zombie, damager PLAYER Akukis and cancelled false.
[May 04, 2026 02:03:56.114AM UTC]  EntityDamageByEntityEvent was triggered by damaged PLAYER Akukis, damager ZOMBIE Zombie and cancelled false.
[May 04, 2026 02:03:56.670AM UTC]  EntityDamageByEntityEvent was triggered by damaged PLAYER Akukis, damager ZOMBIE Zombie and cancelled false.
[May 04, 2026 02:03:57.138AM UTC]  EntityDamageByEntityEvent was triggered by damaged ZOMBIE Zombie, damager PLAYER Akukis and cancelled false.
[May 04, 2026 02:03:57.875AM UTC]  EntityDamageByEntityEvent was triggered by damaged ZOMBIE Zombie, damager PLAYER 20Ln and cancelled false.
[May 04, 2026 02:03:58.523AM UTC]  EntityDamageByEntityEvent was triggered by damaged ZOMBIE Zombie, damager PLAYER 20Ln and cancelled false.
[May 04, 2026 02:04:00.018AM UTC]  EntityDamageByEntityEvent was triggered by damaged ITEM Rotten Flesh, damager TNT Primed TNT and cancelled false.
[May 04, 2026 02:04:12.978AM UTC]  EntityDamageByEntityEvent was triggered by damaged PLAYER 20Ln, damager ZOMBIE Zombie and cancelled false.
[May 04, 2026 02:04:13.462AM UTC]  EntityDamageByEntityEvent was triggered by damaged PLAYER 20Ln, damager ZOMBIE Zombie and cancelled false.
[May 04, 2026 02:04:15.961AM UTC]  EntityDamageByEntityEvent was triggered by damaged PLAYER 20Ln, damager ZOMBIE Zombie and cancelled false.
[May 04, 2026 02:04:16.067AM UTC]  EntityDamageByEntityEvent was triggered by damaged ZOMBIE Zombie, damager PLAYER 20Ln and cancelled false.
[May 04, 2026 02:04:16.815AM UTC]  EntityDamageByEntityEvent was triggered by damaged PLAYER 20Ln, damager ZOMBIE Zombie and cancelled false.
[May 04, 2026 02:04:17.834AM UTC]  EntityDamageByEntityEvent was triggered by damaged ZOMBIE Zombie, damager PLAYER 20Ln and cancelled false.
[May 04, 2026 02:04:17.921AM UTC]  EntityDamageByEntityEvent was triggered by damaged ZOMBIE Zombie, damager TNT Primed TNT and cancelled false.
[May 04, 2026 02:04:17.921AM UTC]  EntityDamageByEntityEvent was triggered by damaged ZOMBIE Zombie, damager TNT Primed TNT and cancelled false.
[May 04, 2026 02:04:17.922AM UTC]  EntityDamageByEntityEvent was triggered by damaged ITEM Dirt, damager TNT Primed TNT and cancelled false.
[May 04, 2026 02:04:17.923AM UTC]  EntityDamageByEntityEvent was triggered by damaged ITEM Oak Log, damager TNT Primed TNT and cancelled false.
[May 04, 2026 02:04:17.923AM UTC]  EntityDamageByEntityEvent was triggered by damaged ITEM Mossy Cobblestone, damager TNT Primed TNT and cancelled false.
[May 04, 2026 02:04:17.923AM UTC]  EntityDamageByEntityEvent was triggered by damaged ITEM Dirt, damager TNT Primed TNT and cancelled false.
[May 04, 2026 02:04:18.417AM UTC]  EntityDamageByEntityEvent was triggered by damaged ITEM Rotten Flesh, damager TNT Primed TNT and cancelled false.
[May 04, 2026 02:04:18.417AM UTC]  EntityDamageByEntityEvent was triggered by damaged ITEM Torch, damager TNT Primed TNT and cancelled false.
[May 04, 2026 02:04:18.418AM UTC]  EntityDamageByEntityEvent was triggered by damaged ITEM Oak Fence, damager TNT Primed TNT and cancelled false.
[May 04, 2026 02:04:18.418AM UTC]  EntityDamageByEntityEvent was triggered by damaged ITEM Dirt, damager TNT Primed TNT and cancelled false.
[May 04, 2026 02:04:18.418AM UTC]  EntityDamageByEntityEvent was triggered by damaged ITEM Oak Log, damager TNT Primed TNT and cancelled false.
[May 04, 2026 02:04:18.418AM UTC]  EntityDamageByEntityEvent was triggered by damaged ITEM Dirt, damager TNT Primed TNT and cancelled false.
[May 04, 2026 02:04:18.418AM UTC]  EntityDamageByEntityEvent was triggered by damaged ITEM Oak Log, damager TNT Primed TNT and cancelled false.
[May 04, 2026 02:04:18.418AM UTC]  EntityDamageByEntityEvent was triggered by damaged ITEM Oak Stairs, damager TNT Primed TNT and cancelled false.
[May 04, 2026 02:04:18.419AM UTC]  EntityDamageByEntityEvent was triggered by damaged ITEM Dirt, damager TNT Primed TNT and cancelled false.
[May 04, 2026 02:04:18.419AM UTC]  EntityDamageByEntityEvent was triggered by damaged ITEM Dirt, damager TNT Primed TNT and cancelled false.
[May 04, 2026 02:04:18.419AM UTC]  EntityDamageByEntityEvent was triggered by damaged ITEM Dirt, damager TNT Primed TNT and cancelled false.
[May 04, 2026 02:04:18.419AM UTC]  EntityDamageByEntityEvent was triggered by damaged ITEM Dirt, damager TNT Primed TNT and cancelled false.
[May 04, 2026 02:04:18.419AM UTC]  EntityDamageByEntityEvent was triggered by damaged ITEM Mossy Cobblestone, damager TNT Primed TNT and cancelled false.
[May 04, 2026 02:04:18.419AM UTC]  EntityDamageByEntityEvent was triggered by damaged ITEM Dirt, damager TNT Primed TNT and cancelled false.
[May 04, 2026 02:04:18.420AM UTC]  EntityDamageByEntityEvent was triggered by damaged ITEM Oak Door, damager TNT Primed TNT and cancelled false.
[May 04, 2026 02:04:18.420AM UTC]  EntityDamageByEntityEvent was triggered by damaged ITEM Torch, damager TNT Primed TNT and cancelled false.
[May 04, 2026 02:04:18.420AM UTC]  EntityDamageByEntityEvent was triggered by damaged ITEM Torch, damager TNT Primed TNT and cancelled false.
[May 04, 2026 02:04:18.420AM UTC]  EntityDamageByEntityEvent was triggered by damaged ITEM Torch, damager TNT Primed TNT and cancelled false.
[May 04, 2026 02:04:18.420AM UTC]  EntityDamageByEntityEvent was triggered by damaged ITEM Cobblestone Stairs, damager TNT Primed TNT and cancelled false.
[May 04, 2026 02:04:18.421AM UTC]  EntityDamageByEntityEvent was triggered by damaged ITEM Oak Door, damager TNT Primed TNT and cancelled false.
[May 04, 2026 02:04:18.421AM UTC]  EntityDamageByEntityEvent was triggered by damaged ITEM Cobblestone, damager TNT Primed TNT and cancelled false.
[May 04, 2026 02:04:18.421AM UTC]  EntityDamageByEntityEvent was triggered by damaged ITEM Torch, damager TNT Primed TNT and cancelled false.
[May 04, 2026 02:04:18.421AM UTC]  EntityDamageByEntityEvent was triggered by damaged ITEM Dirt, damager TNT Primed TNT and cancelled false.
[May 04, 2026 02:04:18.965AM UTC]  EntityDamageByEntityEvent was triggered by damaged ZOMBIE Zombie, damager TNT Primed TNT and cancelled false.
[May 04, 2026 02:04:18.966AM UTC]  EntityDamageByEntityEvent was triggered by damaged ITEM Oak Stairs, damager TNT Primed TNT and cancelled false.
[May 04, 2026 02:04:18.966AM UTC]  EntityDamageByEntityEvent was triggered by damaged ITEM Dirt, damager TNT Primed TNT and cancelled false.
[May 04, 2026 02:04:18.966AM UTC]  EntityDamageByEntityEvent was triggered by damaged ITEM Cobblestone, damager TNT Primed TNT and cancelled false.
[May 04, 2026 02:04:18.966AM UTC]  EntityDamageByEntityEvent was triggered by damaged ITEM Dirt, damager TNT Primed TNT and cancelled false.
[May 04, 2026 02:04:18.966AM UTC]  EntityDamageByEntityEvent was triggered by damaged ITEM Dirt, damager TNT Primed TNT and cancelled false.
[May 04, 2026 02:04:18.966AM UTC]  EntityDamageByEntityEvent was triggered by damaged ITEM Cobblestone Stairs, damager TNT Primed TNT and cancelled false.
[May 04, 2026 02:04:19.264AM UTC]  EntityDamageByEntityEvent was triggered by damaged ITEM Gravel, damager TNT Primed TNT and cancelled false.
[May 04, 2026 02:04:19.265AM UTC]  EntityDamageByEntityEvent was triggered by damaged ITEM Dirt, damager TNT Primed TNT and cancelled false.
[May 04, 2026 02:04:19.265AM UTC]  EntityDamageByEntityEvent was triggered by damaged ITEM Oak Fence, damager TNT Primed TNT and cancelled false.
[May 04, 2026 02:04:19.265AM UTC]  EntityDamageByEntityEvent was triggered by damaged ITEM Dirt, damager TNT Primed TNT and cancelled false.
[May 04, 2026 02:04:19.265AM UTC]  EntityDamageByEntityEvent was triggered by damaged ITEM Dirt, damager TNT Primed TNT and cancelled false.
[May 04, 2026 02:04:19.265AM UTC]  EntityDamageByEntityEvent was triggered by damaged ITEM Oak Log, damager TNT Primed TNT and cancelled false.
[May 04, 2026 02:04:19.265AM UTC]  EntityDamageByEntityEvent was triggered by damaged ITEM Crafting Table, damager TNT Primed TNT and cancelled false.
[May 04, 2026 02:04:19.266AM UTC]  EntityDamageByEntityEvent was triggered by damaged ITEM Dirt, damager TNT Primed TNT and cancelled false.
[May 04, 2026 02:04:19.266AM UTC]  EntityDamageByEntityEvent was triggered by damaged ITEM Torch, damager TNT Primed TNT and cancelled false.
[May 04, 2026 02:04:19.266AM UTC]  EntityDamageByEntityEvent was triggered by damaged ITEM Mossy Cobblestone, damager TNT Primed TNT and cancelled false.
[May 04, 2026 02:04:19.266AM UTC]  EntityDamageByEntityEvent was triggered by damaged ITEM Dirt, damager TNT Primed TNT and cancelled false.
[May 04, 2026 02:04:19.266AM UTC]  EntityDamageByEntityEvent was triggered by damaged ITEM Cobblestone, damager TNT Primed TNT and cancelled false.
[May 04, 2026 02:04:19.267AM UTC]  EntityDamageByEntityEvent was triggered by damaged ITEM Dirt, damager TNT Primed TNT and cancelled false.
[May 04, 2026 02:04:19.267AM UTC]  EntityDamageByEntityEvent was triggered by damaged ITEM Dirt, damager TNT Primed TNT and cancelled false.
[May 04, 2026 02:04:19.267AM UTC]  EntityDamageByEntityEvent was triggered by damaged ITEM Dirt, damager TNT Primed TNT and cancelled false.
[May 04, 2026 02:04:19.267AM UTC]  EntityDamageByEntityEvent was triggered by damaged ITEM Rotten Flesh, damager TNT Primed TNT and cancelled false.
[May 04, 2026 02:04:19.267AM UTC]  EntityDamageByEntityEvent was triggered by damaged ITEM Mossy Cobblestone, damager TNT Primed TNT and cancelled false.
[May 04, 2026 02:04:19.267AM UTC]  EntityDamageByEntityEvent was triggered by damaged ITEM Dirt, damager TNT Primed TNT and cancelled false.
[May 04, 2026 02:04:19.268AM UTC]  EntityDamageByEntityEvent was triggered by damaged ITEM Bundle, damager TNT Primed TNT and cancelled false.
[May 04, 2026 02:04:19.268AM UTC]  EntityDamageByEntityEvent was triggered by damaged ITEM Torch, damager TNT Primed TNT and cancelled false.
[May 04, 2026 02:04:19.268AM UTC]  EntityDamageByEntityEvent was triggered by damaged ITEM Oak Planks, damager TNT Primed TNT and cancelled false.
[May 04, 2026 02:04:19.268AM UTC]  EntityDamageByEntityEvent was triggered by damaged ITEM Oak Stairs, damager TNT Primed TNT and cancelled false.
[May 04, 2026 02:04:19.268AM UTC]  EntityDamageByEntityEvent was triggered by damaged ITEM Oak Log, damager TNT Primed TNT and cancelled false.
[May 04, 2026 02:04:19.269AM UTC]  EntityDamageByEntityEvent was triggered by damaged ITEM Chest, damager TNT Primed TNT and cancelled false.
[May 04, 2026 02:04:19.269AM UTC]  EntityDamageByEntityEvent was triggered by damaged ITEM Stripped Oak Log, damager TNT Primed TNT and cancelled false.
[May 04, 2026 02:04:19.269AM UTC]  EntityDamageByEntityEvent was triggered by damaged ITEM Cobblestone Stairs, damager TNT Primed TNT and cancelled false.
[May 04, 2026 02:04:19.521AM UTC]  EntityDamageByEntityEvent was triggered by damaged ZOMBIE Zombie, damager PLAYER 20Ln and cancelled false.
[May 04, 2026 02:04:43.860AM UTC]  EntityDamageByEntityEvent was triggered by damaged PLAYER Akukis, damager SPIDER Spider and cancelled false.
[May 04, 2026 02:04:44.731AM UTC]  EntityDamageByEntityEvent was triggered by damaged SPIDER Spider, damager PLAYER Akukis and cancelled false.
[May 04, 2026 02:04:46.132AM UTC]  EntityDamageByEntityEvent was triggered by damaged SPIDER Spider, damager PLAYER Akukis and cancelled false.
[May 04, 2026 02:05:49.423AM UTC]  EntityDamageByEntityEvent was triggered by damaged ITEM Oak Planks, damager TNT Primed TNT and cancelled false.
[May 04, 2026 02:05:49.423AM UTC]  EntityDamageByEntityEvent was triggered by damaged ITEM Oak Planks, damager TNT Primed TNT and cancelled false.
[May 04, 2026 02:05:49.424AM UTC]  EntityDamageByEntityEvent was triggered by damaged ITEM Polished Diorite, damager TNT Primed TNT and cancelled false.
[May 04, 2026 02:05:49.426AM UTC]  EntityDamageByEntityEvent was triggered by damaged ITEM Oak Planks, damager TNT Primed TNT and cancelled false.
[May 04, 2026 02:05:49.426AM UTC]  EntityDamageByEntityEvent was triggered by damaged ITEM Oak Planks, damager TNT Primed TNT and cancelled false.
[May 04, 2026 02:05:49.427AM UTC]  EntityDamageByEntityEvent was triggered by damaged ITEM Polished Diorite, damager TNT Primed TNT and cancelled false.
[May 04, 2026 02:05:49.427AM UTC]  EntityDamageByEntityEvent was triggered by damaged ITEM Oak Planks, damager TNT Primed TNT and cancelled false.
[May 04, 2026 02:05:49.427AM UTC]  EntityDamageByEntityEvent was triggered by damaged ITEM Polished Diorite, damager TNT Primed TNT and cancelled false.
[May 04, 2026 02:05:49.515AM UTC]  EntityDamageByEntityEvent was triggered by damaged ITEM Oak Stairs, damager TNT Primed TNT and cancelled false.
[May 04, 2026 02:05:49.515AM UTC]  EntityDamageByEntityEvent was triggered by damaged ITEM Torch, damager TNT Primed TNT and cancelled false.
[May 04, 2026 02:05:49.516AM UTC]  EntityDamageByEntityEvent was triggered by damaged ITEM Oak Planks, damager TNT Primed TNT and cancelled false.
[May 04, 2026 02:05:49.516AM UTC]  EntityDamageByEntityEvent was triggered by damaged ITEM Oak Planks, damager TNT Primed TNT and cancelled false.
[May 04, 2026 02:05:49.516AM UTC]  EntityDamageByEntityEvent was triggered by damaged ITEM Polished Diorite, damager TNT Primed TNT and cancelled false.
[May 04, 2026 02:05:49.516AM UTC]  EntityDamageByEntityEvent was triggered by damaged ITEM Netherrack, damager TNT Primed TNT and cancelled false.
[May 04, 2026 02:05:49.516AM UTC]  EntityDamageByEntityEvent was triggered by damaged ITEM Oak Planks, damager TNT Primed TNT and cancelled false.
[May 04, 2026 02:05:49.517AM UTC]  EntityDamageByEntityEvent was triggered by damaged ITEM Oak Planks, damager TNT Primed TNT and cancelled false.
[May 04, 2026 02:05:49.517AM UTC]  EntityDamageByEntityEvent was triggered by damaged ITEM Polished Diorite, damager TNT Primed TNT and cancelled false.
[May 04, 2026 02:05:49.517AM UTC]  EntityDamageByEntityEvent was triggered by damaged ITEM Torch, damager TNT Primed TNT and cancelled false.
[May 04, 2026 02:05:49.517AM UTC]  EntityDamageByEntityEvent was triggered by damaged ITEM Oak Planks, damager TNT Primed TNT and cancelled false.
[May 04, 2026 02:05:50.016AM UTC]  EntityDamageByEntityEvent was triggered by damaged ITEM Oak Planks, damager TNT Primed TNT and cancelled false.
[May 04, 2026 02:05:50.016AM UTC]  EntityDamageByEntityEvent was triggered by damaged ITEM Oak Planks, damager TNT Primed TNT and cancelled false.
[May 04, 2026 02:05:50.016AM UTC]  EntityDamageByEntityEvent was triggered by damaged ITEM Cobblestone, damager TNT Primed TNT and cancelled false.
[May 04, 2026 02:05:50.017AM UTC]  EntityDamageByEntityEvent was triggered by damaged ITEM Oak Planks, damager TNT Primed TNT and cancelled false.
[May 04, 2026 02:05:50.017AM UTC]  EntityDamageByEntityEvent was triggered by damaged ITEM Raw Copper, damager TNT Primed TNT and cancelled false.
[May 04, 2026 02:05:50.017AM UTC]  EntityDamageByEntityEvent was triggered by damaged ITEM Polished Diorite, damager TNT Primed TNT and cancelled false.
[May 04, 2026 02:05:50.716AM UTC]  EntityDamageByEntityEvent was triggered by damaged ITEM Netherrack, damager TNT Primed TNT and cancelled false.
[May 04, 2026 02:05:50.716AM UTC]  EntityDamageByEntityEvent was triggered by damaged ITEM Oak Planks, damager TNT Primed TNT and cancelled false.
[May 04, 2026 02:05:50.716AM UTC]  EntityDamageByEntityEvent was triggered by damaged ITEM Oak Stairs, damager TNT Primed TNT and cancelled false.
[May 04, 2026 02:05:50.716AM UTC]  EntityDamageByEntityEvent was triggered by damaged ITEM Cobblestone, damager TNT Primed TNT and cancelled false.
[May 04, 2026 02:05:50.716AM UTC]  EntityDamageByEntityEvent was triggered by damaged ITEM Polished Diorite, damager TNT Primed TNT and cancelled false.
[May 04, 2026 02:05:50.867AM UTC]  EntityDamageByEntityEvent was triggered by damaged ITEM Cobblestone, damager TNT Primed TNT and cancelled false.
[May 04, 2026 02:05:50.868AM UTC]  EntityDamageByEntityEvent was triggered by damaged ITEM Oak Planks, damager TNT Primed TNT and cancelled false.
[May 04, 2026 02:05:50.868AM UTC]  EntityDamageByEntityEvent was triggered by damaged ITEM Raw Copper, damager TNT Primed TNT and cancelled false.
[May 04, 2026 02:05:50.868AM UTC]  EntityDamageByEntityEvent was triggered by damaged ITEM Cobblestone, damager TNT Primed TNT and cancelled false.
[May 04, 2026 02:05:50.868AM UTC]  EntityDamageByEntityEvent was triggered by damaged ITEM Netherrack, damager TNT Primed TNT and cancelled false.
[May 04, 2026 02:05:50.868AM UTC]  EntityDamageByEntityEvent was triggered by damaged ITEM Oak Planks, damager TNT Primed TNT and cancelled false.
[May 04, 2026 02:05:50.868AM UTC]  EntityDamageByEntityEvent was triggered by damaged ITEM Polished Diorite, damager TNT Primed TNT and cancelled false.
[May 04, 2026 02:05:50.869AM UTC]  EntityDamageByEntityEvent was triggered by damaged ITEM Stripped Oak Log, damager TNT Primed TNT and cancelled false.
[May 04, 2026 02:05:50.869AM UTC]  EntityDamageByEntityEvent was triggered by damaged ITEM Cobblestone, damager TNT Primed TNT and cancelled false.
[May 04, 2026 02:05:50.869AM UTC]  EntityDamageByEntityEvent was triggered by damaged ITEM Netherrack, damager TNT Primed TNT and cancelled false.
[May 04, 2026 02:05:50.869AM UTC]  EntityDamageByEntityEvent was triggered by damaged ITEM Diorite, damager TNT Primed TNT and cancelled false.
[May 04, 2026 02:06:28.147AM UTC]  EntityDamageByEntityEvent was triggered by damaged CREEPER Creeper, damager PLAYER cinco5en5 and cancelled false.
[May 04, 2026 02:06:28.372AM UTC]  EntityDamageByEntityEvent was triggered by damaged PLAYER cinco5en5, damager ARROW Arrow and cancelled false.
[May 04, 2026 02:06:28.865AM UTC]  EntityDamageByEntityEvent was triggered by damaged BAT Bat, damager CREEPER Creeper and cancelled false.
[May 04, 2026 02:06:28.866AM UTC]  EntityDamageByEntityEvent was triggered by damaged SKELETON Skeleton, damager CREEPER Creeper and cancelled false.
[May 04, 2026 02:06:28.866AM UTC]  EntityDamageByEntityEvent was triggered by damaged PLAYER cinco5en5, damager CREEPER Creeper and cancelled false.
[May 04, 2026 02:06:28.866AM UTC]  EntityDamageByEntityEvent was triggered by damaged ZOMBIE Zombie, damager CREEPER Creeper and cancelled false.
[May 04, 2026 02:06:31.418AM UTC]  EntityDamageByEntityEvent was triggered by damaged PLAYER cinco5en5, damager ARROW Arrow and cancelled false.
[May 04, 2026 02:06:34.567AM UTC]  EntityDamageByEntityEvent was triggered by damaged PLAYER cinco5en5, damager ARROW Arrow and cancelled false.
[May 04, 2026 02:06:37.872AM UTC]  EntityDamageByEntityEvent was triggered by damaged PLAYER cinco5en5, damager ARROW Arrow and cancelled false.
[May 04, 2026 02:06:54.099AM UTC]  EntityDamageByEntityEvent was triggered by damaged ZOMBIE Zombie, damager PLAYER cinco5en5 and cancelled false.
[May 04, 2026 02:06:54.700AM UTC]  EntityDamageByEntityEvent was triggered by damaged ZOMBIE Zombie, damager PLAYER cinco5en5 and cancelled false.
[May 04, 2026 02:06:58.525AM UTC]  EntityDamageByEntityEvent was triggered by damaged PLAYER cinco5en5, damager ARROW Arrow and cancelled false.
[May 04, 2026 02:07:03.235AM UTC]  PlayerPreTagEvent was triggered on Akukis by karlo with type PLAYER, reason ATTACKER, and cancelled false.
[May 04, 2026 02:07:03.235AM UTC]  PlayerTagEvent was triggered on Akukis by karlo with type PLAYER and reason ATTACKER.
[May 04, 2026 02:07:03.236AM UTC]  PlayerPreTagEvent was triggered on karlo by Akukis with type PLAYER, reason ATTACKED, and cancelled false.
[May 04, 2026 02:07:03.236AM UTC]  PlayerTagEvent was triggered on karlo by Akukis with type PLAYER and reason ATTACKED.
[May 04, 2026 02:07:03.238AM UTC]  EntityDamageByEntityEvent was triggered by damaged PLAYER karlo, damager PLAYER Akukis and cancelled false.
[May 04, 2026 02:07:07.973AM UTC]  EntityDamageByEntityEvent was triggered by damaged PLAYER cinco5en5, damager ARROW Arrow and cancelled false.
[May 04, 2026 02:07:08.299AM UTC]  EntityDamageByEntityEvent was triggered by damaged SKELETON Skeleton, damager PLAYER cinco5en5 and cancelled false.
[May 04, 2026 02:07:10.349AM UTC]  EntityDamageByEntityEvent was triggered by damaged SKELETON Skeleton, damager PLAYER cinco5en5 and cancelled false.
[May 04, 2026 02:07:10.950AM UTC]  EntityDamageByEntityEvent was triggered by damaged SKELETON Skeleton, damager PLAYER cinco5en5 and cancelled false.
[May 04, 2026 02:07:11.569AM UTC]  EntityDamageByEntityEvent was triggered by damaged SKELETON Skeleton, damager PLAYER cinco5en5 and cancelled false.
[May 04, 2026 02:07:17.974AM UTC]  PlayerPunishEvent was triggered on karlo with reason QUIT and cancelled false.
[May 04, 2026 02:07:18.027AM UTC]  PlayerPunishEvent was triggered on Akukis with reason ENEMY_DEATH and cancelled true.
[May 04, 2026 02:07:18.027AM UTC]  PlayerUntagEvent was triggered on Akukis with reason ENEMY_DEATH and expire set to true.
[May 04, 2026 02:07:18.028AM UTC]  PlayerUntagEvent was triggered on karlo with reason QUIT and expire set to false.
[May 04, 2026 02:08:13.770AM UTC]  EntityDamageByEntityEvent was triggered by damaged CREEPER Creeper, damager PLAYER cinco5en5 and cancelled false.
[May 04, 2026 02:08:14.066AM UTC]  EntityDamageByEntityEvent was triggered by damaged PLAYER cinco5en5, damager ARROW Arrow and cancelled false.
[May 04, 2026 02:08:15.063AM UTC]  EntityDamageByEntityEvent was triggered by damaged PLAYER cinco5en5, damager CREEPER Creeper and cancelled false.
[May 04, 2026 02:08:15.063AM UTC]  EntityDamageByEntityEvent was triggered by damaged ITEM Cobbled Deepslate, damager CREEPER Creeper and cancelled false.
[May 04, 2026 02:08:18.683AM UTC]  EntityDamageByEntityEvent was triggered by damaged SKELETON Skeleton, damager PLAYER cinco5en5 and cancelled false.
[May 04, 2026 02:09:18.614AM UTC]  EntityDamageByEntityEvent was triggered by damaged ITEM Diorite, damager TNT Primed TNT and cancelled false.
[May 04, 2026 02:09:19.318AM UTC]  EntityDamageByEntityEvent was triggered by damaged ITEM Cherry Sign, damager TNT Primed TNT and cancelled false.
[May 04, 2026 02:09:19.318AM UTC]  EntityDamageByEntityEvent was triggered by damaged ITEM Torch, damager TNT Primed TNT and cancelled false.
[May 04, 2026 02:09:19.319AM UTC]  EntityDamageByEntityEvent was triggered by damaged ITEM Torch, damager TNT Primed TNT and cancelled false.
[May 04, 2026 02:09:19.319AM UTC]  EntityDamageByEntityEvent was triggered by damaged ITEM Torch, damager TNT Primed TNT and cancelled false.
[May 04, 2026 02:09:19.319AM UTC]  EntityDamageByEntityEvent was triggered by damaged ITEM Cobblestone, damager TNT Primed TNT and cancelled false.
[May 04, 2026 02:09:19.319AM UTC]  EntityDamageByEntityEvent was triggered by damaged ITEM Netherrack, damager TNT Primed TNT and cancelled false.
[May 04, 2026 02:09:19.319AM UTC]  EntityDamageByEntityEvent was triggered by damaged ITEM Gravel, damager TNT Primed TNT and cancelled false.
[May 04, 2026 02:09:19.319AM UTC]  EntityDamageByEntityEvent was triggered by damaged ITEM Oak Planks, damager TNT Primed TNT and cancelled false.
[May 04, 2026 02:09:19.320AM UTC]  EntityDamageByEntityEvent was triggered by damaged ITEM Torch, damager TNT Primed TNT and cancelled false.
[May 04, 2026 02:09:19.320AM UTC]  EntityDamageByEntityEvent was triggered by damaged ITEM Oak Log, damager TNT Primed TNT and cancelled false.
[May 04, 2026 02:09:19.320AM UTC]  EntityDamageByEntityEvent was triggered by damaged ITEM Netherrack, damager TNT Primed TNT and cancelled false.
[May 04, 2026 02:09:19.320AM UTC]  EntityDamageByEntityEvent was triggered by damaged ITEM Soul Sand, damager TNT Primed TNT and cancelled false.
[May 04, 2026 02:09:19.320AM UTC]  EntityDamageByEntityEvent was triggered by damaged ITEM Oak Planks, damager TNT Primed TNT and cancelled false.
[May 04, 2026 02:09:19.320AM UTC]  EntityDamageByEntityEvent was triggered by damaged ITEM Netherrack, damager TNT Primed TNT and cancelled false.
[May 04, 2026 02:09:19.321AM UTC]  EntityDamageByEntityEvent was triggered by damaged ITEM Polished Diorite, damager TNT Primed TNT and cancelled false.
[May 04, 2026 02:09:19.321AM UTC]  EntityDamageByEntityEvent was triggered by damaged ITEM Netherrack, damager TNT Primed TNT and cancelled false.
[May 04, 2026 02:09:19.321AM UTC]  EntityDamageByEntityEvent was triggered by damaged ITEM Oak Planks, damager TNT Primed TNT and cancelled false.
[May 04, 2026 02:09:19.321AM UTC]  EntityDamageByEntityEvent was triggered by damaged ITEM Netherrack, damager TNT Primed TNT and cancelled false.
[May 04, 2026 02:09:19.321AM UTC]  EntityDamageByEntityEvent was triggered by damaged ITEM Wet Sponge, damager TNT Primed TNT and cancelled false.
[May 04, 2026 02:09:19.415AM UTC]  EntityDamageByEntityEvent was triggered by damaged ITEM Polished Diorite, damager TNT Primed TNT and cancelled false.
[May 04, 2026 02:09:19.415AM UTC]  EntityDamageByEntityEvent was triggered by damaged ITEM Netherrack, damager TNT Primed TNT and cancelled false.
[May 04, 2026 02:09:19.415AM UTC]  EntityDamageByEntityEvent was triggered by damaged ITEM Raw Iron, damager TNT Primed TNT and cancelled false.
[May 04, 2026 02:09:19.415AM UTC]  EntityDamageByEntityEvent was triggered by damaged CREEPER Creeper, damager TNT Primed TNT and cancelled false.
[May 04, 2026 02:09:19.415AM UTC]  EntityDamageByEntityEvent was triggered by damaged ITEM Cobblestone, damager TNT Primed TNT and cancelled false.
[May 04, 2026 02:09:19.416AM UTC]  EntityDamageByEntityEvent was triggered by damaged ITEM Diorite, damager TNT Primed TNT and cancelled false.
[May 04, 2026 02:09:19.416AM UTC]  EntityDamageByEntityEvent was triggered by damaged ITEM Cobblestone, damager TNT Primed TNT and cancelled false.
[May 04, 2026 02:09:19.416AM UTC]  EntityDamageByEntityEvent was triggered by damaged ITEM Gravel, damager TNT Primed TNT and cancelled false.
[May 04, 2026 02:09:19.416AM UTC]  EntityDamageByEntityEvent was triggered by damaged ITEM Gravel, damager TNT Primed TNT and cancelled false.
[May 04, 2026 02:09:19.416AM UTC]  EntityDamageByEntityEvent was triggered by damaged ITEM Diorite, damager TNT Primed TNT and cancelled false.
[May 04, 2026 02:09:19.416AM UTC]  EntityDamageByEntityEvent was triggered by damaged ITEM Cobblestone, damager TNT Primed TNT and cancelled false.
[May 04, 2026 02:09:19.417AM UTC]  EntityDamageByEntityEvent was triggered by damaged ITEM Cobblestone, damager TNT Primed TNT and cancelled false.
[May 04, 2026 02:09:19.417AM UTC]  EntityDamageByEntityEvent was triggered by damaged ITEM Flint, damager TNT Primed TNT and cancelled false.
[May 04, 2026 02:09:19.417AM UTC]  EntityDamageByEntityEvent was triggered by damaged ITEM Oak Planks, damager TNT Primed TNT and cancelled false.
[May 04, 2026 02:09:19.417AM UTC]  EntityDamageByEntityEvent was triggered by damaged ITEM Wet Sponge, damager TNT Primed TNT and cancelled false.
[May 04, 2026 02:09:19.566AM UTC]  EntityDamageByEntityEvent was triggered by damaged ITEM Raw Iron, damager TNT Primed TNT and cancelled false.
[May 04, 2026 02:09:19.567AM UTC]  EntityDamageByEntityEvent was triggered by damaged ITEM Cobblestone, damager TNT Primed TNT and cancelled false.
[May 04, 2026 02:09:19.567AM UTC]  EntityDamageByEntityEvent was triggered by damaged ITEM Diorite, damager TNT Primed TNT and cancelled false.
[May 04, 2026 02:09:19.567AM UTC]  EntityDamageByEntityEvent was triggered by damaged ITEM Cobblestone, damager TNT Primed TNT and cancelled false.
[May 04, 2026 02:09:19.567AM UTC]  EntityDamageByEntityEvent was triggered by damaged ITEM Gravel, damager TNT Primed TNT and cancelled false.
[May 04, 2026 02:09:19.567AM UTC]  EntityDamageByEntityEvent was triggered by damaged ITEM Gravel, damager TNT Primed TNT and cancelled false.
[May 04, 2026 02:09:19.567AM UTC]  EntityDamageByEntityEvent was triggered by damaged ITEM Diorite, damager TNT Primed TNT and cancelled false.
[May 04, 2026 02:09:19.568AM UTC]  EntityDamageByEntityEvent was triggered by damaged ITEM Cobblestone, damager TNT Primed TNT and cancelled false.
[May 04, 2026 02:09:19.568AM UTC]  EntityDamageByEntityEvent was triggered by damaged ITEM Diorite, damager TNT Primed TNT and cancelled false.
[May 04, 2026 02:09:19.568AM UTC]  EntityDamageByEntityEvent was triggered by damaged ITEM Granite, damager TNT Primed TNT and cancelled false.
[May 04, 2026 02:09:19.568AM UTC]  EntityDamageByEntityEvent was triggered by damaged ITEM Flint, damager TNT Primed TNT and cancelled false.
[May 04, 2026 02:09:19.568AM UTC]  EntityDamageByEntityEvent was triggered by damaged ITEM Cobblestone, damager TNT Primed TNT and cancelled false.
[May 04, 2026 02:09:19.568AM UTC]  EntityDamageByEntityEvent was triggered by damaged ITEM Netherrack, damager TNT Primed TNT and cancelled false.
[May 04, 2026 02:09:19.568AM UTC]  EntityDamageByEntityEvent was triggered by damaged ITEM Oak Planks, damager TNT Primed TNT and cancelled false.
[May 04, 2026 02:09:19.569AM UTC]  EntityDamageByEntityEvent was triggered by damaged ITEM Cobblestone, damager TNT Primed TNT and cancelled false.
[May 04, 2026 02:09:19.569AM UTC]  EntityDamageByEntityEvent was triggered by damaged ITEM Raw Iron, damager TNT Primed TNT and cancelled false.
[May 04, 2026 02:09:19.569AM UTC]  EntityDamageByEntityEvent was triggered by damaged ITEM Netherrack, damager TNT Primed TNT and cancelled false.
[May 04, 2026 02:09:19.569AM UTC]  EntityDamageByEntityEvent was triggered by damaged ITEM Netherrack, damager TNT Primed TNT and cancelled false.
[May 04, 2026 02:09:19.569AM UTC]  EntityDamageByEntityEvent was triggered by damaged ITEM Oak Planks, damager TNT Primed TNT and cancelled false.
[May 04, 2026 02:09:19.569AM UTC]  EntityDamageByEntityEvent was triggered by damaged ITEM Wet Sponge, damager TNT Primed TNT and cancelled false.
[May 04, 2026 02:09:19.615AM UTC]  EntityDamageByEntityEvent was triggered by damaged ITEM Cobblestone, damager TNT Primed TNT and cancelled false.
[May 04, 2026 02:09:19.615AM UTC]  EntityDamageByEntityEvent was triggered by damaged ITEM Gravel, damager TNT Primed TNT and cancelled false.
[May 04, 2026 02:09:19.615AM UTC]  EntityDamageByEntityEvent was triggered by damaged ITEM Gravel, damager TNT Primed TNT and cancelled false.
[May 04, 2026 02:09:19.615AM UTC]  EntityDamageByEntityEvent was triggered by damaged ITEM Cobblestone, damager TNT Primed TNT and cancelled false.
[May 04, 2026 02:09:19.616AM UTC]  EntityDamageByEntityEvent was triggered by damaged ITEM Cobblestone, damager TNT Primed TNT and cancelled false.
[May 04, 2026 02:09:19.616AM UTC]  EntityDamageByEntityEvent was triggered by damaged ITEM Diorite, damager TNT Primed TNT and cancelled false.
[May 04, 2026 02:09:19.616AM UTC]  EntityDamageByEntityEvent was triggered by damaged ITEM Granite, damager TNT Primed TNT and cancelled false.
[May 04, 2026 02:09:19.616AM UTC]  EntityDamageByEntityEvent was triggered by damaged ITEM Netherrack, damager TNT Primed TNT and cancelled false.
[May 04, 2026 02:09:19.616AM UTC]  EntityDamageByEntityEvent was triggered by damaged ITEM Oak Planks, damager TNT Primed TNT and cancelled false.
[May 04, 2026 02:09:19.616AM UTC]  EntityDamageByEntityEvent was triggered by damaged ITEM Cobblestone, damager TNT Primed TNT and cancelled false.
[May 04, 2026 02:09:19.618AM UTC]  EntityDamageByEntityEvent was triggered by damaged ITEM Cobblestone, damager TNT Primed TNT and cancelled false.
[May 04, 2026 02:09:19.618AM UTC]  EntityDamageByEntityEvent was triggered by damaged ITEM Gravel, damager TNT Primed TNT and cancelled false.
[May 04, 2026 02:09:19.619AM UTC]  EntityDamageByEntityEvent was triggered by damaged ITEM Gravel, damager TNT Primed TNT and cancelled false.
[May 04, 2026 02:09:19.619AM UTC]  EntityDamageByEntityEvent was triggered by damaged ITEM Cobblestone, damager TNT Primed TNT and cancelled false.
[May 04, 2026 02:09:19.619AM UTC]  EntityDamageByEntityEvent was triggered by damaged ITEM Diorite, damager TNT Primed TNT and cancelled false.
[May 04, 2026 02:09:19.619AM UTC]  EntityDamageByEntityEvent was triggered by damaged ITEM Cobblestone, damager TNT Primed TNT and cancelled false.
[May 04, 2026 02:09:19.619AM UTC]  EntityDamageByEntityEvent was triggered by damaged ITEM Gravel, damager TNT Primed TNT and cancelled false.
[May 04, 2026 02:09:19.620AM UTC]  EntityDamageByEntityEvent was triggered by damaged ITEM Diorite, damager TNT Primed TNT and cancelled false.
[May 04, 2026 02:09:19.620AM UTC]  EntityDamageByEntityEvent was triggered by damaged ITEM Granite, damager TNT Primed TNT and cancelled false.
[May 04, 2026 02:09:19.620AM UTC]  EntityDamageByEntityEvent was triggered by damaged ITEM Cobblestone, damager TNT Primed TNT and cancelled false.
[May 04, 2026 02:09:19.620AM UTC]  EntityDamageByEntityEvent was triggered by damaged ITEM Granite, damager TNT Primed TNT and cancelled false.
[May 04, 2026 02:09:19.719AM UTC]  EntityDamageByEntityEvent was triggered by damaged ITEM Cobblestone, damager TNT Primed TNT and cancelled false.
[May 04, 2026 02:09:19.719AM UTC]  EntityDamageByEntityEvent was triggered by damaged ITEM Oak Planks, damager TNT Primed TNT and cancelled false.
[May 04, 2026 02:09:19.719AM UTC]  EntityDamageByEntityEvent was triggered by damaged ITEM Raw Copper, damager TNT Primed TNT and cancelled false.
[May 04, 2026 02:09:19.719AM UTC]  EntityDamageByEntityEvent was triggered by damaged ITEM Oak Planks, damager TNT Primed TNT and cancelled false.
[May 04, 2026 02:09:19.719AM UTC]  EntityDamageByEntityEvent was triggered by damaged ITEM Polished Diorite, damager TNT Primed TNT and cancelled false.
[May 04, 2026 02:09:19.719AM UTC]  EntityDamageByEntityEvent was triggered by damaged ITEM Cobblestone, damager TNT Primed TNT and cancelled false.
[May 04, 2026 02:09:19.720AM UTC]  EntityDamageByEntityEvent was triggered by damaged ITEM Cobblestone, damager TNT Primed TNT and cancelled false.
[May 04, 2026 02:09:19.720AM UTC]  EntityDamageByEntityEvent was triggered by damaged ITEM Netherrack, damager TNT Primed TNT and cancelled false.
[May 04, 2026 02:09:19.720AM UTC]  EntityDamageByEntityEvent was triggered by damaged ITEM Raw Iron, damager TNT Primed TNT and cancelled false.
[May 04, 2026 02:09:19.720AM UTC]  EntityDamageByEntityEvent was triggered by damaged CREEPER Creeper, damager TNT Primed TNT and cancelled false.
[May 04, 2026 02:09:19.721AM UTC]  EntityDamageByEntityEvent was triggered by damaged ITEM Cobblestone, damager TNT Primed TNT and cancelled false.
[May 04, 2026 02:09:19.721AM UTC]  EntityDamageByEntityEvent was triggered by damaged ITEM Diorite, damager TNT Primed TNT and cancelled false.
[May 04, 2026 02:09:19.721AM UTC]  EntityDamageByEntityEvent was triggered by damaged ITEM Netherrack, damager TNT Primed TNT and cancelled false.
[May 04, 2026 02:09:19.722AM UTC]  EntityDamageByEntityEvent was triggered by damaged ITEM Netherrack, damager TNT Primed TNT and cancelled false.
[May 04, 2026 02:09:19.766AM UTC]  EntityDamageByEntityEvent was triggered by damaged ITEM Cobblestone, damager TNT Primed TNT and cancelled false.
[May 04, 2026 02:09:19.767AM UTC]  EntityDamageByEntityEvent was triggered by damaged ITEM Diorite, damager TNT Primed TNT and cancelled false.
[May 04, 2026 02:09:19.770AM UTC]  EntityDamageByEntityEvent was triggered by damaged ITEM Cobblestone, damager TNT Primed TNT and cancelled false.
[May 04, 2026 02:09:19.770AM UTC]  EntityDamageByEntityEvent was triggered by damaged ITEM Oak Planks, damager TNT Primed TNT and cancelled false.
[May 04, 2026 02:09:19.770AM UTC]  EntityDamageByEntityEvent was triggered by damaged ITEM Polished Diorite, damager TNT Primed TNT and cancelled false.
[May 04, 2026 02:09:19.770AM UTC]  EntityDamageByEntityEvent was triggered by damaged ITEM Cobblestone, damager TNT Primed TNT and cancelled false.
[May 04, 2026 02:09:19.770AM UTC]  EntityDamageByEntityEvent was triggered by damaged ITEM Raw Iron, damager TNT Primed TNT and cancelled false.
[May 04, 2026 02:09:19.770AM UTC]  EntityDamageByEntityEvent was triggered by damaged ITEM Polished Diorite, damager TNT Primed TNT and cancelled false.
[May 04, 2026 02:09:19.771AM UTC]  EntityDamageByEntityEvent was triggered by damaged ITEM Diorite, damager TNT Primed TNT and cancelled false.
[May 04, 2026 02:09:19.771AM UTC]  EntityDamageByEntityEvent was triggered by damaged ITEM Oak Stairs, damager TNT Primed TNT and cancelled false.
[May 04, 2026 02:09:19.771AM UTC]  EntityDamageByEntityEvent was triggered by damaged ITEM Netherrack, damager TNT Primed TNT and cancelled false.
[May 04, 2026 02:09:19.771AM UTC]  EntityDamageByEntityEvent was triggered by damaged ITEM Netherrack, damager TNT Primed TNT and cancelled false.
[May 04, 2026 02:09:19.771AM UTC]  EntityDamageByEntityEvent was triggered by damaged ITEM Netherrack, damager TNT Primed TNT and cancelled false.
[May 04, 2026 02:09:19.816AM UTC]  EntityDamageByEntityEvent was triggered by damaged ITEM Diorite, damager TNT Primed TNT and cancelled false.
[May 04, 2026 02:09:19.816AM UTC]  EntityDamageByEntityEvent was triggered by damaged ITEM Raw Iron, damager TNT Primed TNT and cancelled false.
[May 04, 2026 02:09:19.817AM UTC]  EntityDamageByEntityEvent was triggered by damaged ITEM Netherrack, damager TNT Primed TNT and cancelled false.
[May 04, 2026 02:09:19.817AM UTC]  EntityDamageByEntityEvent was triggered by damaged ITEM Cobblestone, damager TNT Primed TNT and cancelled false.
[May 04, 2026 02:09:19.817AM UTC]  EntityDamageByEntityEvent was triggered by damaged ITEM Dirt, damager TNT Primed TNT and cancelled false.
[May 04, 2026 02:09:19.817AM UTC]  EntityDamageByEntityEvent was triggered by damaged ITEM Oak Planks, damager TNT Primed TNT and cancelled false.
[May 04, 2026 02:09:19.817AM UTC]  EntityDamageByEntityEvent was triggered by damaged ITEM Dirt, damager TNT Primed TNT and cancelled false.
[May 04, 2026 02:09:19.817AM UTC]  EntityDamageByEntityEvent was triggered by damaged ITEM Cobblestone, damager TNT Primed TNT and cancelled false.
[May 04, 2026 02:09:19.818AM UTC]  EntityDamageByEntityEvent was triggered by damaged ITEM Oak Log, damager TNT Primed TNT and cancelled false.
[May 04, 2026 02:09:19.818AM UTC]  EntityDamageByEntityEvent was triggered by damaged ITEM Netherrack, damager TNT Primed TNT and cancelled false.
[May 04, 2026 02:09:19.818AM UTC]  EntityDamageByEntityEvent was triggered by damaged ITEM Magma Block, damager TNT Primed TNT and cancelled false.
[May 04, 2026 02:09:19.818AM UTC]  EntityDamageByEntityEvent was triggered by damaged ITEM Netherrack, damager TNT Primed TNT and cancelled false.
[May 04, 2026 02:09:19.818AM UTC]  EntityDamageByEntityEvent was triggered by damaged ITEM Oak Planks, damager TNT Primed TNT and cancelled false.
[May 04, 2026 02:09:19.822AM UTC]  EntityDamageByEntityEvent was triggered by damaged ITEM Diorite, damager TNT Primed TNT and cancelled false.
[May 04, 2026 02:09:19.822AM UTC]  EntityDamageByEntityEvent was triggered by damaged ITEM Cobblestone, damager TNT Primed TNT and cancelled false.
[May 04, 2026 02:09:19.822AM UTC]  EntityDamageByEntityEvent was triggered by damaged ITEM Cobblestone, damager TNT Primed TNT and cancelled false.
[May 04, 2026 02:09:19.822AM UTC]  EntityDamageByEntityEvent was triggered by damaged ITEM Raw Iron, damager TNT Primed TNT and cancelled false.
[May 04, 2026 02:09:19.822AM UTC]  EntityDamageByEntityEvent was triggered by damaged ITEM Cobblestone, damager TNT Primed TNT and cancelled false.
[May 04, 2026 02:09:19.822AM UTC]  EntityDamageByEntityEvent was triggered by damaged ITEM Cobblestone, damager TNT Primed TNT and cancelled false.
[May 04, 2026 02:09:19.823AM UTC]  EntityDamageByEntityEvent was triggered by damaged ITEM Cobblestone, damager TNT Primed TNT and cancelled false.
[May 04, 2026 02:09:19.917AM UTC]  EntityDamageByEntityEvent was triggered by damaged ITEM Gravel, damager TNT Primed TNT and cancelled false.
[May 04, 2026 02:09:19.917AM UTC]  EntityDamageByEntityEvent was triggered by damaged ITEM Flint, damager TNT Primed TNT and cancelled false.
[May 04, 2026 02:09:19.917AM UTC]  EntityDamageByEntityEvent was triggered by damaged ITEM Diorite, damager TNT Primed TNT and cancelled false.
[May 04, 2026 02:09:19.917AM UTC]  EntityDamageByEntityEvent was triggered by damaged ITEM Granite, damager TNT Primed TNT and cancelled false.
[May 04, 2026 02:09:19.918AM UTC]  EntityDamageByEntityEvent was triggered by damaged ITEM Gravel, damager TNT Primed TNT and cancelled false.
[May 04, 2026 02:09:19.918AM UTC]  EntityDamageByEntityEvent was triggered by damaged ITEM Cobblestone, damager TNT Primed TNT and cancelled false.
[May 04, 2026 02:09:19.918AM UTC]  EntityDamageByEntityEvent was triggered by damaged ITEM Dirt, damager TNT Primed TNT and cancelled false.
[May 04, 2026 02:09:19.918AM UTC]  EntityDamageByEntityEvent was triggered by damaged ITEM Dirt, damager TNT Primed TNT and cancelled false.
[May 04, 2026 02:09:19.918AM UTC]  EntityDamageByEntityEvent was triggered by damaged ITEM Cobblestone, damager TNT Primed TNT and cancelled false.
[May 04, 2026 02:09:19.918AM UTC]  EntityDamageByEntityEvent was triggered by damaged ITEM Dirt, damager TNT Primed TNT and cancelled false.
[May 04, 2026 02:09:19.919AM UTC]  EntityDamageByEntityEvent was triggered by damaged ITEM Oak Planks, damager TNT Primed TNT and cancelled false.
[May 04, 2026 02:09:19.919AM UTC]  EntityDamageByEntityEvent was triggered by damaged ITEM Cherry Sign, damager TNT Primed TNT and cancelled false.
[May 04, 2026 02:09:20.016AM UTC]  EntityDamageByEntityEvent was triggered by damaged ITEM Flint, damager TNT Primed TNT and cancelled false.
[May 04, 2026 02:09:20.016AM UTC]  EntityDamageByEntityEvent was triggered by damaged ITEM Gravel, damager TNT Primed TNT and cancelled false.
[May 04, 2026 02:09:20.016AM UTC]  EntityDamageByEntityEvent was triggered by damaged ITEM Cobblestone, damager TNT Primed TNT and cancelled false.
[May 04, 2026 02:09:20.017AM UTC]  EntityDamageByEntityEvent was triggered by damaged ITEM Gravel, damager TNT Primed TNT and cancelled false.
[May 04, 2026 02:09:20.017AM UTC]  EntityDamageByEntityEvent was triggered by damaged ITEM Cobblestone, damager TNT Primed TNT and cancelled false.
[May 04, 2026 02:09:20.017AM UTC]  EntityDamageByEntityEvent was triggered by damaged ITEM Granite, damager TNT Primed TNT and cancelled false.
[May 04, 2026 02:09:20.017AM UTC]  EntityDamageByEntityEvent was triggered by damaged ITEM Granite, damager TNT Primed TNT and cancelled false.
[May 04, 2026 02:09:20.064AM UTC]  EntityDamageByEntityEvent was triggered by damaged ITEM Cobblestone, damager TNT Primed TNT and cancelled false.
[May 04, 2026 02:09:20.064AM UTC]  EntityDamageByEntityEvent was triggered by damaged ITEM Raw Iron, damager TNT Primed TNT and cancelled false.
[May 04, 2026 02:09:20.064AM UTC]  EntityDamageByEntityEvent was triggered by damaged ITEM Cobblestone, damager TNT Primed TNT and cancelled false.
[May 04, 2026 02:09:20.065AM UTC]  EntityDamageByEntityEvent was triggered by damaged ITEM Diorite, damager TNT Primed TNT and cancelled false.
[May 04, 2026 02:09:20.065AM UTC]  EntityDamageByEntityEvent was triggered by damaged ITEM Cobblestone, damager TNT Primed TNT and cancelled false.
[May 04, 2026 02:09:20.065AM UTC]  EntityDamageByEntityEvent was triggered by damaged ITEM Gravel, damager TNT Primed TNT and cancelled false.
[May 04, 2026 02:09:20.065AM UTC]  EntityDamageByEntityEvent was triggered by damaged ITEM Cobblestone, damager TNT Primed TNT and cancelled false.
[May 04, 2026 02:09:20.067AM UTC]  EntityDamageByEntityEvent was triggered by damaged ITEM Diorite, damager TNT Primed TNT and cancelled false.
[May 04, 2026 02:09:20.067AM UTC]  EntityDamageByEntityEvent was triggered by damaged ITEM Cobblestone, damager TNT Primed TNT and cancelled false.
[May 04, 2026 02:09:20.067AM UTC]  EntityDamageByEntityEvent was triggered by damaged ITEM Raw Iron, damager TNT Primed TNT and cancelled false.
[May 04, 2026 02:09:20.067AM UTC]  EntityDamageByEntityEvent was triggered by damaged ITEM Diorite, damager TNT Primed TNT and cancelled false.
[May 04, 2026 02:09:20.067AM UTC]  EntityDamageByEntityEvent was triggered by damaged ITEM Cobblestone, damager TNT Primed TNT and cancelled false.
[May 04, 2026 02:09:20.067AM UTC]  EntityDamageByEntityEvent was triggered by damaged ITEM Netherrack, damager TNT Primed TNT and cancelled false.
[May 04, 2026 02:09:20.067AM UTC]  EntityDamageByEntityEvent was triggered by damaged ITEM Netherrack, damager TNT Primed TNT and cancelled false.
[May 04, 2026 02:09:20.068AM UTC]  EntityDamageByEntityEvent was triggered by damaged ITEM Oak Stairs, damager TNT Primed TNT and cancelled false.
[May 04, 2026 02:09:20.068AM UTC]  EntityDamageByEntityEvent was triggered by damaged ITEM Oak Planks, damager TNT Primed TNT and cancelled false.
[May 04, 2026 02:09:20.068AM UTC]  EntityDamageByEntityEvent was triggered by damaged ITEM Cobblestone, damager TNT Primed TNT and cancelled false.
[May 04, 2026 02:09:20.068AM UTC]  EntityDamageByEntityEvent was triggered by damaged ITEM Dirt, damager TNT Primed TNT and cancelled false.
[May 04, 2026 02:09:20.068AM UTC]  EntityDamageByEntityEvent was triggered by damaged ITEM Dirt, damager TNT Primed TNT and cancelled false.
[May 04, 2026 02:09:20.068AM UTC]  EntityDamageByEntityEvent was triggered by damaged ITEM Cobblestone, damager TNT Primed TNT and cancelled false.
[May 04, 2026 02:09:20.068AM UTC]  EntityDamageByEntityEvent was triggered by damaged ITEM Cherry Sign, damager TNT Primed TNT and cancelled false.
[May 04, 2026 02:09:20.364AM UTC]  EntityDamageByEntityEvent was triggered by damaged ITEM Cobblestone, damager TNT Primed TNT and cancelled false.
[May 04, 2026 02:09:20.365AM UTC]  EntityDamageByEntityEvent was triggered by damaged ITEM Dirt, damager TNT Primed TNT and cancelled false.
[May 04, 2026 02:09:20.365AM UTC]  EntityDamageByEntityEvent was triggered by damaged ITEM Dirt, damager TNT Primed TNT and cancelled false.
[May 04, 2026 02:09:20.365AM UTC]  EntityDamageByEntityEvent was triggered by damaged ITEM Cobblestone, damager TNT Primed TNT and cancelled false.
[May 04, 2026 02:09:20.365AM UTC]  EntityDamageByEntityEvent was triggered by damaged ITEM Dirt, damager TNT Primed TNT and cancelled false.
[May 04, 2026 02:09:20.365AM UTC]  EntityDamageByEntityEvent was triggered by damaged ITEM Netherrack, damager TNT Primed TNT and cancelled false.
[May 04, 2026 02:09:20.365AM UTC]  EntityDamageByEntityEvent was triggered by damaged ITEM Cherry Sign, damager TNT Primed TNT and cancelled false.
[May 04, 2026 02:09:20.369AM UTC]  EntityDamageByEntityEvent was triggered by damaged ITEM Granite, damager TNT Primed TNT and cancelled false.
[May 04, 2026 02:09:20.369AM UTC]  EntityDamageByEntityEvent was triggered by damaged ITEM Gravel, damager TNT Primed TNT and cancelled false.
[May 04, 2026 02:09:20.369AM UTC]  EntityDamageByEntityEvent was triggered by damaged ITEM Granite, damager TNT Primed TNT and cancelled false.
[May 04, 2026 02:09:20.369AM UTC]  EntityDamageByEntityEvent was triggered by damaged ITEM Oak Planks, damager TNT Primed TNT and cancelled false.
[May 04, 2026 02:09:20.369AM UTC]  EntityDamageByEntityEvent was triggered by damaged ITEM Netherrack, damager TNT Primed TNT and cancelled false.
[May 04, 2026 02:09:20.370AM UTC]  EntityDamageByEntityEvent was triggered by damaged ITEM Polished Diorite, damager TNT Primed TNT and cancelled false.
[May 04, 2026 02:09:20.566AM UTC]  EntityDamageByEntityEvent was triggered by damaged ITEM Raw Iron, damager TNT Primed TNT and cancelled false.
[May 04, 2026 02:09:20.566AM UTC]  EntityDamageByEntityEvent was triggered by damaged ITEM Raw Iron, damager TNT Primed TNT and cancelled false.
[May 04, 2026 02:09:20.566AM UTC]  EntityDamageByEntityEvent was triggered by damaged ITEM Netherrack, damager TNT Primed TNT and cancelled false.
[May 04, 2026 02:09:20.566AM UTC]  EntityDamageByEntityEvent was triggered by damaged ITEM Oak Planks, damager TNT Primed TNT and cancelled false.
[May 04, 2026 02:09:20.567AM UTC]  EntityDamageByEntityEvent was triggered by damaged ITEM Netherrack, damager TNT Primed TNT and cancelled false.
[May 04, 2026 02:09:20.567AM UTC]  EntityDamageByEntityEvent was triggered by damaged ITEM Netherrack, damager TNT Primed TNT and cancelled false.
[May 04, 2026 02:09:20.567AM UTC]  EntityDamageByEntityEvent was triggered by damaged ITEM Cobblestone, damager TNT Primed TNT and cancelled false.
[May 04, 2026 02:09:20.567AM UTC]  EntityDamageByEntityEvent was triggered by damaged ITEM Oak Log, damager TNT Primed TNT and cancelled false.
[May 04, 2026 02:09:20.567AM UTC]  EntityDamageByEntityEvent was triggered by damaged ITEM Netherrack, damager TNT Primed TNT and cancelled false.
[May 04, 2026 02:09:20.567AM UTC]  EntityDamageByEntityEvent was triggered by damaged ITEM Polished Diorite, damager TNT Primed TNT and cancelled false.
[May 04, 2026 02:09:20.568AM UTC]  EntityDamageByEntityEvent was triggered by damaged ITEM Cobblestone, damager TNT Primed TNT and cancelled false.
[May 04, 2026 02:09:20.568AM UTC]  EntityDamageByEntityEvent was triggered by damaged ITEM Netherrack, damager TNT Primed TNT and cancelled false.
[May 04, 2026 02:09:20.615AM UTC]  EntityDamageByEntityEvent was triggered by damaged ITEM Dirt, damager TNT Primed TNT and cancelled false.
[May 04, 2026 02:09:20.616AM UTC]  EntityDamageByEntityEvent was triggered by damaged ITEM Dirt, damager TNT Primed TNT and cancelled false.
[May 04, 2026 02:09:20.616AM UTC]  EntityDamageByEntityEvent was triggered by damaged ITEM Cobblestone, damager TNT Primed TNT and cancelled false.
[May 04, 2026 02:09:20.616AM UTC]  EntityDamageByEntityEvent was triggered by damaged ITEM Dirt, damager TNT Primed TNT and cancelled false.
[May 04, 2026 02:09:20.616AM UTC]  EntityDamageByEntityEvent was triggered by damaged ITEM Oak Log, damager TNT Primed TNT and cancelled false.
[May 04, 2026 02:09:20.616AM UTC]  EntityDamageByEntityEvent was triggered by damaged ITEM Cobblestone, damager TNT Primed TNT and cancelled false.
[May 04, 2026 02:09:20.617AM UTC]  EntityDamageByEntityEvent was triggered by damaged ITEM Cobblestone, damager TNT Primed TNT and cancelled false.
[May 04, 2026 02:09:20.617AM UTC]  EntityDamageByEntityEvent was triggered by damaged ITEM Dirt, damager TNT Primed TNT and cancelled false.
[May 04, 2026 02:09:20.617AM UTC]  EntityDamageByEntityEvent was triggered by damaged ITEM Cobblestone, damager TNT Primed TNT and cancelled false.
[May 04, 2026 02:09:20.617AM UTC]  EntityDamageByEntityEvent was triggered by damaged ITEM Netherrack, damager TNT Primed TNT and cancelled false.
[May 04, 2026 02:09:20.617AM UTC]  EntityDamageByEntityEvent was triggered by damaged ITEM Dirt, damager TNT Primed TNT and cancelled false.
[May 04, 2026 02:09:20.617AM UTC]  EntityDamageByEntityEvent was triggered by damaged ITEM Oak Planks, damager TNT Primed TNT and cancelled false.
[May 04, 2026 02:09:20.815AM UTC]  EntityDamageByEntityEvent was triggered by damaged ITEM Diorite, damager TNT Primed TNT and cancelled false.
[May 04, 2026 02:09:20.815AM UTC]  EntityDamageByEntityEvent was triggered by damaged ITEM Oak Planks, damager TNT Primed TNT and cancelled false.
[May 04, 2026 02:09:20.816AM UTC]  EntityDamageByEntityEvent was triggered by damaged ITEM Andesite, damager TNT Primed TNT and cancelled false.
[May 04, 2026 02:09:20.816AM UTC]  EntityDamageByEntityEvent was triggered by damaged ITEM Cobblestone, damager TNT Primed TNT and cancelled false.
[May 04, 2026 02:09:20.816AM UTC]  EntityDamageByEntityEvent was triggered by damaged ITEM Diorite, damager TNT Primed TNT and cancelled false.
[May 04, 2026 02:09:20.816AM UTC]  EntityDamageByEntityEvent was triggered by damaged ITEM Diorite, damager TNT Primed TNT and cancelled false.
[May 04, 2026 02:09:20.816AM UTC]  EntityDamageByEntityEvent was triggered by damaged ITEM Raw Iron, damager TNT Primed TNT and cancelled false.
[May 04, 2026 02:09:20.817AM UTC]  EntityDamageByEntityEvent was triggered by damaged ITEM Oak Stairs, damager TNT Primed TNT and cancelled false.
[May 04, 2026 02:09:20.817AM UTC]  EntityDamageByEntityEvent was triggered by damaged ITEM Cobblestone, damager TNT Primed TNT and cancelled false.
[May 04, 2026 02:09:20.817AM UTC]  EntityDamageByEntityEvent was triggered by damaged ITEM Oak Planks, damager TNT Primed TNT and cancelled false.
[May 04, 2026 02:09:20.817AM UTC]  EntityDamageByEntityEvent was triggered by damaged ITEM Diorite, damager TNT Primed TNT and cancelled false.
[May 04, 2026 02:09:20.817AM UTC]  EntityDamageByEntityEvent was triggered by damaged ITEM Oak Log, damager TNT Primed TNT and cancelled false.
[May 04, 2026 02:09:20.817AM UTC]  EntityDamageByEntityEvent was triggered by damaged ITEM Cobblestone, damager TNT Primed TNT and cancelled false.
[May 04, 2026 02:09:20.817AM UTC]  EntityDamageByEntityEvent was triggered by damaged ITEM Netherrack, damager TNT Primed TNT and cancelled false.
[May 04, 2026 02:09:20.818AM UTC]  EntityDamageByEntityEvent was triggered by damaged ITEM Oak Planks, damager TNT Primed TNT and cancelled false.
[May 04, 2026 02:09:21.167AM UTC]  EntityDamageByEntityEvent was triggered by damaged ITEM Raw Iron, damager TNT Primed TNT and cancelled false.
[May 04, 2026 02:09:21.167AM UTC]  EntityDamageByEntityEvent was triggered by damaged ITEM Netherrack, damager TNT Primed TNT and cancelled false.
[May 04, 2026 02:09:21.168AM UTC]  EntityDamageByEntityEvent was triggered by damaged ITEM Diorite, damager TNT Primed TNT and cancelled false.
[May 04, 2026 02:09:21.168AM UTC]  EntityDamageByEntityEvent was triggered by damaged ITEM Stripped Oak Log, damager TNT Primed TNT and cancelled false.
[May 04, 2026 02:09:21.168AM UTC]  EntityDamageByEntityEvent was triggered by damaged ITEM Diorite, damager TNT Primed TNT and cancelled false.
[May 04, 2026 02:09:21.168AM UTC]  EntityDamageByEntityEvent was triggered by damaged ITEM Andesite, damager TNT Primed TNT and cancelled false.
[May 04, 2026 02:09:21.168AM UTC]  EntityDamageByEntityEvent was triggered by damaged ITEM Netherrack, damager TNT Primed TNT and cancelled false.
[May 04, 2026 02:09:21.168AM UTC]  EntityDamageByEntityEvent was triggered by damaged ITEM Polished Diorite, damager TNT Primed TNT and cancelled false.
[May 04, 2026 02:09:21.168AM UTC]  EntityDamageByEntityEvent was triggered by damaged ITEM Cobblestone, damager TNT Primed TNT and cancelled false.
[May 04, 2026 02:09:21.168AM UTC]  EntityDamageByEntityEvent was triggered by damaged ITEM Dirt, damager TNT Primed TNT and cancelled false.
[May 04, 2026 02:09:21.169AM UTC]  EntityDamageByEntityEvent was triggered by damaged ITEM Oak Planks, damager TNT Primed TNT and cancelled false.
[May 04, 2026 02:09:21.169AM UTC]  EntityDamageByEntityEvent was triggered by damaged ITEM Cobblestone, damager TNT Primed TNT and cancelled false.
[May 04, 2026 02:09:21.169AM UTC]  EntityDamageByEntityEvent was triggered by damaged ITEM Cobblestone, damager TNT Primed TNT and cancelled false.
[May 04, 2026 02:09:21.171AM UTC]  EntityDamageByEntityEvent was triggered by damaged ITEM Diorite, damager TNT Primed TNT and cancelled false.
[May 04, 2026 02:09:21.171AM UTC]  EntityDamageByEntityEvent was triggered by damaged ITEM Cobblestone, damager TNT Primed TNT and cancelled false.
[May 04, 2026 02:09:21.171AM UTC]  EntityDamageByEntityEvent was triggered by damaged ITEM Raw Iron, damager TNT Primed TNT and cancelled false.
[May 04, 2026 02:09:21.171AM UTC]  EntityDamageByEntityEvent was triggered by damaged ITEM Cobblestone, damager TNT Primed TNT and cancelled false.
[May 04, 2026 02:09:21.172AM UTC]  EntityDamageByEntityEvent was triggered by damaged ITEM Polished Diorite, damager TNT Primed TNT and cancelled false.
[May 04, 2026 02:09:21.172AM UTC]  EntityDamageByEntityEvent was triggered by damaged ITEM Granite, damager TNT Primed TNT and cancelled false.
[May 04, 2026 02:09:21.172AM UTC]  EntityDamageByEntityEvent was triggered by damaged ITEM Granite, damager TNT Primed TNT and cancelled false.
[May 04, 2026 02:09:21.172AM UTC]  EntityDamageByEntityEvent was triggered by damaged ITEM Cobblestone, damager TNT Primed TNT and cancelled false.
[May 04, 2026 02:09:21.172AM UTC]  EntityDamageByEntityEvent was triggered by damaged ITEM Diorite, damager TNT Primed TNT and cancelled false.
[May 04, 2026 02:09:21.172AM UTC]  EntityDamageByEntityEvent was triggered by damaged ITEM Diorite, damager TNT Primed TNT and cancelled false.
[May 04, 2026 02:09:21.172AM UTC]  EntityDamageByEntityEvent was triggered by damaged ITEM Cobblestone, damager TNT Primed TNT and cancelled false.
[May 04, 2026 02:09:21.172AM UTC]  EntityDamageByEntityEvent was triggered by damaged ITEM Polished Diorite, damager TNT Primed TNT and cancelled false.
[May 04, 2026 02:09:21.215AM UTC]  EntityDamageByEntityEvent was triggered by damaged ITEM Raw Iron, damager TNT Primed TNT and cancelled false.
[May 04, 2026 02:09:21.215AM UTC]  EntityDamageByEntityEvent was triggered by damaged ITEM Stripped Oak Log, damager TNT Primed TNT and cancelled false.
[May 04, 2026 02:09:21.215AM UTC]  EntityDamageByEntityEvent was triggered by damaged ITEM Diorite, damager TNT Primed TNT and cancelled false.
[May 04, 2026 02:09:21.215AM UTC]  EntityDamageByEntityEvent was triggered by damaged ITEM Andesite, damager TNT Primed TNT and cancelled false.
[May 04, 2026 02:09:21.215AM UTC]  EntityDamageByEntityEvent was triggered by damaged ITEM Cobblestone, damager TNT Primed TNT and cancelled false.
[May 04, 2026 02:09:21.215AM UTC]  EntityDamageByEntityEvent was triggered by damaged ITEM Cobblestone, damager TNT Primed TNT and cancelled false.
[May 04, 2026 02:09:21.216AM UTC]  EntityDamageByEntityEvent was triggered by damaged ITEM Dirt, damager TNT Primed TNT and cancelled false.
[May 04, 2026 02:09:21.216AM UTC]  EntityDamageByEntityEvent was triggered by damaged ITEM Polished Diorite, damager TNT Primed TNT and cancelled false.
[May 04, 2026 02:09:21.216AM UTC]  EntityDamageByEntityEvent was triggered by damaged ITEM Cobblestone, damager TNT Primed TNT and cancelled false.
[May 04, 2026 02:09:21.216AM UTC]  EntityDamageByEntityEvent was triggered by damaged ITEM Cobblestone, damager TNT Primed TNT and cancelled false.
[May 04, 2026 02:09:21.216AM UTC]  EntityDamageByEntityEvent was triggered by damaged ITEM Cobblestone, damager TNT Primed TNT and cancelled false.
[May 04, 2026 02:10:06.723AM UTC]  EntityDamageByEntityEvent was triggered by damaged MOOSHROOM Mooshroom, damager PLAYER LITTLE_GHOTS and cancelled false.
[May 04, 2026 02:10:07.270AM UTC]  EntityDamageByEntityEvent was triggered by damaged ITEM Oak Planks, damager TNT Primed TNT and cancelled false.
[May 04, 2026 02:10:07.270AM UTC]  EntityDamageByEntityEvent was triggered by damaged ITEM Oak Planks, damager TNT Primed TNT and cancelled false.
[May 04, 2026 02:10:07.270AM UTC]  EntityDamageByEntityEvent was triggered by damaged ITEM Diorite, damager TNT Primed TNT and cancelled false.
[May 04, 2026 02:10:08.715AM UTC]  EntityDamageByEntityEvent was triggered by damaged ITEM Oak Planks, damager TNT Primed TNT and cancelled false.
[May 04, 2026 02:10:08.715AM UTC]  EntityDamageByEntityEvent was triggered by damaged ITEM Oak Planks, damager TNT Primed TNT and cancelled false.
[May 04, 2026 02:10:08.716AM UTC]  EntityDamageByEntityEvent was triggered by damaged ITEM Diorite, damager TNT Primed TNT and cancelled false.
[May 04, 2026 02:10:08.716AM UTC]  EntityDamageByEntityEvent was triggered by damaged ITEM Polished Diorite, damager TNT Primed TNT and cancelled false.
[May 04, 2026 02:10:08.716AM UTC]  EntityDamageByEntityEvent was triggered by damaged ITEM Stripped Oak Log, damager TNT Primed TNT and cancelled false.
[May 04, 2026 02:10:08.716AM UTC]  EntityDamageByEntityEvent was triggered by damaged ITEM Polished Diorite, damager TNT Primed TNT and cancelled false.
[May 04, 2026 02:10:08.716AM UTC]  EntityDamageByEntityEvent was triggered by damaged ITEM Cobblestone, damager TNT Primed TNT and cancelled false.
[May 04, 2026 02:10:08.716AM UTC]  EntityDamageByEntityEvent was triggered by damaged ITEM Oak Planks, damager TNT Primed TNT and cancelled false.
[May 04, 2026 02:10:08.717AM UTC]  EntityDamageByEntityEvent was triggered by damaged ITEM Oak Planks, damager TNT Primed TNT and cancelled false.
[May 04, 2026 02:10:08.717AM UTC]  EntityDamageByEntityEvent was triggered by damaged ITEM Oak Planks, damager TNT Primed TNT and cancelled false.
[May 04, 2026 02:10:08.717AM UTC]  EntityDamageByEntityEvent was triggered by damaged ITEM Polished Diorite, damager TNT Primed TNT and cancelled false.
[May 04, 2026 02:10:09.215AM UTC]  EntityDamageByEntityEvent was triggered by damaged ITEM Polished Diorite, damager TNT Primed TNT and cancelled false.
[May 04, 2026 02:10:09.215AM UTC]  EntityDamageByEntityEvent was triggered by damaged ITEM Oak Planks, damager TNT Primed TNT and cancelled false.
[May 04, 2026 02:10:09.215AM UTC]  EntityDamageByEntityEvent was triggered by damaged ITEM Oak Planks, damager TNT Primed TNT and cancelled false.
[May 04, 2026 02:10:09.215AM UTC]  EntityDamageByEntityEvent was triggered by damaged ITEM Diorite, damager TNT Primed TNT and cancelled false.
[May 04, 2026 02:10:09.216AM UTC]  EntityDamageByEntityEvent was triggered by damaged ITEM Polished Diorite, damager TNT Primed TNT and cancelled false.
[May 04, 2026 02:10:09.216AM UTC]  EntityDamageByEntityEvent was triggered by damaged ITEM Torch, damager TNT Primed TNT and cancelled false.
[May 04, 2026 02:10:09.216AM UTC]  EntityDamageByEntityEvent was triggered by damaged ITEM Diorite, damager TNT Primed TNT and cancelled false.
[May 04, 2026 02:10:09.216AM UTC]  EntityDamageByEntityEvent was triggered by damaged ITEM Diorite, damager TNT Primed TNT and cancelled false.
[May 04, 2026 02:10:09.216AM UTC]  EntityDamageByEntityEvent was triggered by damaged ITEM Oak Planks, damager TNT Primed TNT and cancelled false.
[May 04, 2026 02:10:09.216AM UTC]  EntityDamageByEntityEvent was triggered by damaged ITEM Cobblestone, damager TNT Primed TNT and cancelled false.
[May 04, 2026 02:10:09.217AM UTC]  EntityDamageByEntityEvent was triggered by damaged ITEM Oak Planks, damager TNT Primed TNT and cancelled false.
[May 04, 2026 02:10:10.266AM UTC]  EntityDamageByEntityEvent was triggered by damaged ITEM Polished Diorite, damager TNT Primed TNT and cancelled false.
[May 04, 2026 02:10:10.267AM UTC]  EntityDamageByEntityEvent was triggered by damaged ITEM Cobblestone, damager TNT Primed TNT and cancelled false.
[May 04, 2026 02:10:10.267AM UTC]  EntityDamageByEntityEvent was triggered by damaged ITEM Oak Planks, damager TNT Primed TNT and cancelled false.
[May 04, 2026 02:10:10.267AM UTC]  EntityDamageByEntityEvent was triggered by damaged ITEM Oak Planks, damager TNT Primed TNT and cancelled false.
[May 04, 2026 02:10:10.267AM UTC]  EntityDamageByEntityEvent was triggered by damaged ITEM Diorite, damager TNT Primed TNT and cancelled false.
[May 04, 2026 02:10:10.267AM UTC]  EntityDamageByEntityEvent was triggered by damaged ITEM Polished Diorite, damager TNT Primed TNT and cancelled false.
[May 04, 2026 02:10:10.267AM UTC]  EntityDamageByEntityEvent was triggered by damaged ITEM Oak Planks, damager TNT Primed TNT and cancelled false.
[May 04, 2026 02:10:10.267AM UTC]  EntityDamageByEntityEvent was triggered by damaged ITEM Diorite, damager TNT Primed TNT and cancelled false.
[May 04, 2026 02:10:10.268AM UTC]  EntityDamageByEntityEvent was triggered by damaged ITEM Stripped Oak Log, damager TNT Primed TNT and cancelled false.
[May 04, 2026 02:10:10.268AM UTC]  EntityDamageByEntityEvent was triggered by damaged ITEM Oak Planks, damager TNT Primed TNT and cancelled false.
[May 04, 2026 02:10:10.268AM UTC]  EntityDamageByEntityEvent was triggered by damaged ITEM Cobblestone, damager TNT Primed TNT and cancelled false.
[May 04, 2026 02:10:50.865AM UTC]  EntityDamageByEntityEvent was triggered by damaged PLAYER LITTLE_GHOTS, damager ZOMBIE Zombie and cancelled false.
[May 04, 2026 02:10:56.422AM UTC]  EntityDamageByEntityEvent was triggered by damaged ZOMBIE Zombie, damager PLAYER LITTLE_GHOTS and cancelled false.
[May 04, 2026 02:10:57.020AM UTC]  EntityDamageByEntityEvent was triggered by damaged ZOMBIE Zombie, damager PLAYER LITTLE_GHOTS and cancelled false.
[May 04, 2026 02:10:57.722AM UTC]  EntityDamageByEntityEvent was triggered by damaged ZOMBIE Zombie, damager PLAYER LITTLE_GHOTS and cancelled false.
[May 04, 2026 02:12:04.317AM UTC]  EntityDamageByEntityEvent was triggered by damaged PLAYER Akukis, damager ARROW Arrow and cancelled false.
[May 04, 2026 02:14:55.528AM UTC]  PlayerPreTagEvent was triggered on Akukis by cinco5en5 with type PLAYER, reason ATTACKER, and cancelled false.
[May 04, 2026 02:14:55.537AM UTC]  PlayerTagEvent was triggered on Akukis by cinco5en5 with type PLAYER and reason ATTACKER.
[May 04, 2026 02:14:55.537AM UTC]  PlayerPreTagEvent was triggered on cinco5en5 by Akukis with type PLAYER, reason ATTACKED, and cancelled false.
[May 04, 2026 02:14:55.537AM UTC]  PlayerTagEvent was triggered on cinco5en5 by Akukis with type PLAYER and reason ATTACKED.
[May 04, 2026 02:14:55.538AM UTC]  EntityDamageByEntityEvent was triggered by damaged PLAYER cinco5en5, damager PLAYER Akukis and cancelled false.
[May 04, 2026 02:15:16.000AM UTC]  PlayerPunishEvent was triggered on cinco5en5 with reason EXPIRE and cancelled true.
[May 04, 2026 02:15:16.004AM UTC]  PlayerUntagEvent was triggered on cinco5en5 with reason EXPIRE and expire set to true.
[May 04, 2026 02:15:16.004AM UTC]  PlayerPunishEvent was triggered on Akukis with reason EXPIRE and cancelled true.
[May 04, 2026 02:15:16.005AM UTC]  PlayerUntagEvent was triggered on Akukis with reason EXPIRE and expire set to true.
[May 04, 2026 02:15:18.918AM UTC]  EntityDamageByEntityEvent was triggered by damaged SHEEP Sheep, damager WOLF Wolf and cancelled false.
[May 04, 2026 02:15:19.818AM UTC]  EntityDamageByEntityEvent was triggered by damaged SHEEP Sheep, damager WOLF Wolf and cancelled false.
[May 04, 2026 02:15:22.874AM UTC]  PlayerPreTagEvent was triggered on cinco5en5 by Akukis with type PLAYER, reason ATTACKER, and cancelled false.
[May 04, 2026 02:15:22.875AM UTC]  PlayerTagEvent was triggered on cinco5en5 by Akukis with type PLAYER and reason ATTACKER.
[May 04, 2026 02:15:22.876AM UTC]  PlayerPreTagEvent was triggered on Akukis by cinco5en5 with type PLAYER, reason ATTACKED, and cancelled false.
[May 04, 2026 02:15:22.876AM UTC]  PlayerTagEvent was triggered on Akukis by cinco5en5 with type PLAYER and reason ATTACKED.
[May 04, 2026 02:15:22.877AM UTC]  EntityDamageByEntityEvent was triggered by damaged PLAYER Akukis, damager PLAYER cinco5en5 and cancelled false.
[May 04, 2026 02:15:43.000AM UTC]  PlayerPunishEvent was triggered on cinco5en5 with reason EXPIRE and cancelled true.
[May 04, 2026 02:15:43.000AM UTC]  PlayerUntagEvent was triggered on cinco5en5 with reason EXPIRE and expire set to true.
[May 04, 2026 02:15:43.007AM UTC]  PlayerPunishEvent was triggered on Akukis with reason EXPIRE and cancelled true.
[May 04, 2026 02:15:43.007AM UTC]  PlayerUntagEvent was triggered on Akukis with reason EXPIRE and expire set to true.
[May 04, 2026 02:15:50.231AM UTC]  EntityDamageByEntityEvent was triggered by damaged PLAYER Akukis, damager PLAYER 20Ln and cancelled true.
[May 04, 2026 02:15:51.229AM UTC]  EntityDamageByEntityEvent was triggered by damaged PLAYER Akukis, damager PLAYER 20Ln and cancelled true.
[May 04, 2026 02:15:51.980AM UTC]  EntityDamageByEntityEvent was triggered by damaged PLAYER Akukis, damager PLAYER 20Ln and cancelled true.
[May 04, 2026 02:15:52.174AM UTC]  EntityDamageByEntityEvent was triggered by damaged PLAYER Akukis, damager PLAYER 20Ln and cancelled true.
[May 04, 2026 02:15:52.333AM UTC]  EntityDamageByEntityEvent was triggered by damaged PLAYER Akukis, damager PLAYER 20Ln and cancelled true.
[May 04, 2026 02:16:15.140AM UTC]  EntityDamageByEntityEvent was triggered by damaged PLAYER 20Ln, damager PLAYER Akukis and cancelled true.
[May 04, 2026 02:16:15.690AM UTC]  EntityDamageByEntityEvent was triggered by damaged PLAYER 20Ln, damager PLAYER Akukis and cancelled true.
[May 04, 2026 02:16:16.088AM UTC]  EntityDamageByEntityEvent was triggered by damaged PLAYER 20Ln, damager PLAYER Akukis and cancelled true.
[May 04, 2026 02:16:16.442AM UTC]  EntityDamageByEntityEvent was triggered by damaged PLAYER 20Ln, damager PLAYER Akukis and cancelled true.
[May 04, 2026 02:16:16.688AM UTC]  EntityDamageByEntityEvent was triggered by damaged PLAYER 20Ln, damager PLAYER Akukis and cancelled true.
[May 04, 2026 02:16:16.939AM UTC]  EntityDamageByEntityEvent was triggered by damaged PLAYER 20Ln, damager PLAYER Akukis and cancelled true.
[May 04, 2026 02:16:17.192AM UTC]  EntityDamageByEntityEvent was triggered by damaged PLAYER 20Ln, damager PLAYER Akukis and cancelled true.
[May 04, 2026 02:16:18.221AM UTC]  EntityDamageByEntityEvent was triggered by damaged PLAYER Akukis, damager TNT Primed TNT and cancelled false.
[May 04, 2026 02:16:18.222AM UTC]  EntityDamageByEntityEvent was triggered by damaged PLAYER 20Ln, damager TNT Primed TNT and cancelled false.
[May 04, 2026 02:16:18.222AM UTC]  EntityDamageByEntityEvent was triggered by damaged ITEM Oak Stairs, damager TNT Primed TNT and cancelled false.
[May 04, 2026 02:16:18.222AM UTC]  EntityDamageByEntityEvent was triggered by damaged ITEM Dirt, damager TNT Primed TNT and cancelled false.
[May 04, 2026 02:16:18.222AM UTC]  EntityDamageByEntityEvent was triggered by damaged ITEM Dirt, damager TNT Primed TNT and cancelled false.
[May 04, 2026 02:16:18.222AM UTC]  EntityDamageByEntityEvent was triggered by damaged ITEM Oak Trapdoor, damager TNT Primed TNT and cancelled false.
[May 04, 2026 02:16:18.223AM UTC]  EntityDamageByEntityEvent was triggered by damaged ITEM Dirt, damager TNT Primed TNT and cancelled false.
[May 04, 2026 02:16:18.223AM UTC]  EntityDamageByEntityEvent was triggered by damaged ITEM Dirt, damager TNT Primed TNT and cancelled false.
[May 04, 2026 02:16:18.223AM UTC]  EntityDamageByEntityEvent was triggered by damaged ITEM Dandelion, damager TNT Primed TNT and cancelled false.
[May 04, 2026 02:16:18.223AM UTC]  EntityDamageByEntityEvent was triggered by damaged ITEM Oxeye Daisy, damager TNT Primed TNT and cancelled false.
[May 04, 2026 02:16:18.223AM UTC]  EntityDamageByEntityEvent was triggered by damaged ITEM Torch, damager TNT Primed TNT and cancelled false.
[May 04, 2026 02:16:18.223AM UTC]  EntityDamageByEntityEvent was triggered by damaged ITEM Oak Fence, damager TNT Primed TNT and cancelled false.
[May 04, 2026 02:16:31.123AM UTC]  EntityDamageByEntityEvent was triggered by damaged PLAYER 20Ln, damager TNT Primed TNT and cancelled false.
[May 04, 2026 02:16:31.123AM UTC]  EntityDamageByEntityEvent was triggered by damaged PLAYER Akukis, damager TNT Primed TNT and cancelled false.
[May 04, 2026 02:16:31.124AM UTC]  EntityDamageByEntityEvent was triggered by damaged ITEM Dirt, damager TNT Primed TNT and cancelled false.
[May 04, 2026 02:16:34.476AM UTC]  EntityDamageByEntityEvent was triggered by damaged PLAYER 20Ln, damager PLAYER cinco5en5 and cancelled true.
[May 04, 2026 02:16:35.021AM UTC]  EntityDamageByEntityEvent was triggered by damaged PLAYER 20Ln, damager PLAYER cinco5en5 and cancelled true.
[May 04, 2026 02:16:35.675AM UTC]  EntityDamageByEntityEvent was triggered by damaged PLAYER 20Ln, damager PLAYER cinco5en5 and cancelled true.
[May 04, 2026 02:16:36.272AM UTC]  EntityDamageByEntityEvent was triggered by damaged PLAYER 20Ln, damager PLAYER cinco5en5 and cancelled true.
[May 04, 2026 02:16:38.274AM UTC]  PlayerPreTagEvent was triggered on 20Ln by cinco5en5 with type PLAYER, reason ATTACKER, and cancelled false.
[May 04, 2026 02:16:38.275AM UTC]  PlayerTagEvent was triggered on 20Ln by cinco5en5 with type PLAYER and reason ATTACKER.
[May 04, 2026 02:16:38.275AM UTC]  PlayerPreTagEvent was triggered on cinco5en5 by 20Ln with type PLAYER, reason ATTACKED, and cancelled false.
[May 04, 2026 02:16:38.275AM UTC]  PlayerTagEvent was triggered on cinco5en5 by 20Ln with type PLAYER and reason ATTACKED.
[May 04, 2026 02:16:38.275AM UTC]  EntityDamageByEntityEvent was triggered by damaged PLAYER cinco5en5, damager PLAYER 20Ln and cancelled false.
[May 04, 2026 02:16:39.871AM UTC]  PlayerPreTagEvent was triggered on cinco5en5 by 20Ln with type PLAYER, reason ATTACKER, and cancelled false.
[May 04, 2026 02:16:39.871AM UTC]  PlayerReTagEvent was triggered on cinco5en5 by 20Ln with type PLAYER and reason ATTACKER.
[May 04, 2026 02:16:39.871AM UTC]  PlayerPreTagEvent was triggered on 20Ln by cinco5en5 with type PLAYER, reason ATTACKED, and cancelled false.
[May 04, 2026 02:16:39.871AM UTC]  PlayerReTagEvent was triggered on 20Ln by cinco5en5 with type PLAYER and reason ATTACKED.
[May 04, 2026 02:16:39.872AM UTC]  EntityDamageByEntityEvent was triggered by damaged PLAYER 20Ln, damager PLAYER cinco5en5 and cancelled false.
[May 04, 2026 02:16:40.419AM UTC]  PlayerPreTagEvent was triggered on cinco5en5 by 20Ln with type PLAYER, reason ATTACKER, and cancelled false.
[May 04, 2026 02:16:40.420AM UTC]  PlayerReTagEvent was triggered on cinco5en5 by 20Ln with type PLAYER and reason ATTACKER.
[May 04, 2026 02:16:40.420AM UTC]  PlayerPreTagEvent was triggered on 20Ln by cinco5en5 with type PLAYER, reason ATTACKED, and cancelled false.
[May 04, 2026 02:16:40.420AM UTC]  PlayerReTagEvent was triggered on 20Ln by cinco5en5 with type PLAYER and reason ATTACKED.
[May 04, 2026 02:16:40.420AM UTC]  EntityDamageByEntityEvent was triggered by damaged PLAYER 20Ln, damager PLAYER cinco5en5 and cancelled false.
[May 04, 2026 02:16:40.970AM UTC]  PlayerPreTagEvent was triggered on cinco5en5 by 20Ln with type PLAYER, reason ATTACKER, and cancelled false.
[May 04, 2026 02:16:40.970AM UTC]  PlayerReTagEvent was triggered on cinco5en5 by 20Ln with type PLAYER and reason ATTACKER.
[May 04, 2026 02:16:40.970AM UTC]  PlayerPreTagEvent was triggered on 20Ln by cinco5en5 with type PLAYER, reason ATTACKED, and cancelled false.
[May 04, 2026 02:16:40.971AM UTC]  PlayerReTagEvent was triggered on 20Ln by cinco5en5 with type PLAYER and reason ATTACKED.
[May 04, 2026 02:16:40.971AM UTC]  EntityDamageByEntityEvent was triggered by damaged PLAYER 20Ln, damager PLAYER cinco5en5 and cancelled false.
[May 04, 2026 02:16:41.521AM UTC]  PlayerPreTagEvent was triggered on cinco5en5 by 20Ln with type PLAYER, reason ATTACKER, and cancelled false.
[May 04, 2026 02:16:41.522AM UTC]  PlayerReTagEvent was triggered on cinco5en5 by 20Ln with type PLAYER and reason ATTACKER.
[May 04, 2026 02:16:41.522AM UTC]  PlayerPreTagEvent was triggered on 20Ln by cinco5en5 with type PLAYER, reason ATTACKED, and cancelled false.
[May 04, 2026 02:16:41.522AM UTC]  PlayerReTagEvent was triggered on 20Ln by cinco5en5 with type PLAYER and reason ATTACKED.
[May 04, 2026 02:16:41.522AM UTC]  EntityDamageByEntityEvent was triggered by damaged PLAYER 20Ln, damager PLAYER cinco5en5 and cancelled false.
[May 04, 2026 02:16:42.072AM UTC]  PlayerPreTagEvent was triggered on cinco5en5 by 20Ln with type PLAYER, reason ATTACKER, and cancelled false.
[May 04, 2026 02:16:42.072AM UTC]  PlayerReTagEvent was triggered on cinco5en5 by 20Ln with type PLAYER and reason ATTACKER.
[May 04, 2026 02:16:42.072AM UTC]  PlayerPreTagEvent was triggered on 20Ln by cinco5en5 with type PLAYER, reason ATTACKED, and cancelled false.
[May 04, 2026 02:16:42.072AM UTC]  PlayerReTagEvent was triggered on 20Ln by cinco5en5 with type PLAYER and reason ATTACKED.
[May 04, 2026 02:16:42.073AM UTC]  EntityDamageByEntityEvent was triggered by damaged PLAYER 20Ln, damager PLAYER cinco5en5 and cancelled false.
[May 04, 2026 02:16:42.771AM UTC]  PlayerPreTagEvent was triggered on cinco5en5 by 20Ln with type PLAYER, reason ATTACKER, and cancelled false.
[May 04, 2026 02:16:42.771AM UTC]  PlayerReTagEvent was triggered on cinco5en5 by 20Ln with type PLAYER and reason ATTACKER.
[May 04, 2026 02:16:42.771AM UTC]  PlayerPreTagEvent was triggered on 20Ln by cinco5en5 with type PLAYER, reason ATTACKED, and cancelled false.
[May 04, 2026 02:16:42.771AM UTC]  PlayerReTagEvent was triggered on 20Ln by cinco5en5 with type PLAYER and reason ATTACKED.
[May 04, 2026 02:16:42.771AM UTC]  EntityDamageByEntityEvent was triggered by damaged PLAYER 20Ln, damager PLAYER cinco5en5 and cancelled false.
[May 04, 2026 02:16:43.320AM UTC]  PlayerPreTagEvent was triggered on cinco5en5 by 20Ln with type PLAYER, reason ATTACKER, and cancelled false.
[May 04, 2026 02:16:43.321AM UTC]  PlayerReTagEvent was triggered on cinco5en5 by 20Ln with type PLAYER and reason ATTACKER.
[May 04, 2026 02:16:43.321AM UTC]  PlayerPreTagEvent was triggered on 20Ln by cinco5en5 with type PLAYER, reason ATTACKED, and cancelled false.
[May 04, 2026 02:16:43.321AM UTC]  PlayerReTagEvent was triggered on 20Ln by cinco5en5 with type PLAYER and reason ATTACKED.
[May 04, 2026 02:16:43.321AM UTC]  EntityDamageByEntityEvent was triggered by damaged PLAYER 20Ln, damager PLAYER cinco5en5 and cancelled false.
[May 04, 2026 02:16:43.869AM UTC]  PlayerPreTagEvent was triggered on cinco5en5 by 20Ln with type PLAYER, reason ATTACKER, and cancelled false.
[May 04, 2026 02:16:43.869AM UTC]  PlayerReTagEvent was triggered on cinco5en5 by 20Ln with type PLAYER and reason ATTACKER.
[May 04, 2026 02:16:43.869AM UTC]  PlayerPreTagEvent was triggered on 20Ln by cinco5en5 with type PLAYER, reason ATTACKED, and cancelled false.
[May 04, 2026 02:16:43.869AM UTC]  PlayerReTagEvent was triggered on 20Ln by cinco5en5 with type PLAYER and reason ATTACKED.
[May 04, 2026 02:16:43.869AM UTC]  EntityDamageByEntityEvent was triggered by damaged PLAYER 20Ln, damager PLAYER cinco5en5 and cancelled false.
[May 04, 2026 02:16:44.521AM UTC]  PlayerPreTagEvent was triggered on cinco5en5 by 20Ln with type PLAYER, reason ATTACKER, and cancelled false.
[May 04, 2026 02:16:44.522AM UTC]  PlayerReTagEvent was triggered on cinco5en5 by 20Ln with type PLAYER and reason ATTACKER.
[May 04, 2026 02:16:44.522AM UTC]  PlayerPreTagEvent was triggered on 20Ln by cinco5en5 with type PLAYER, reason ATTACKED, and cancelled false.
[May 04, 2026 02:16:44.523AM UTC]  PlayerReTagEvent was triggered on 20Ln by cinco5en5 with type PLAYER and reason ATTACKED.
[May 04, 2026 02:16:44.523AM UTC]  EntityDamageByEntityEvent was triggered by damaged PLAYER 20Ln, damager PLAYER cinco5en5 and cancelled false.
[May 04, 2026 02:16:51.771AM UTC]  PlayerPreTagEvent was triggered on cinco5en5 by 20Ln with type PLAYER, reason ATTACKER, and cancelled false.
[May 04, 2026 02:16:51.771AM UTC]  PlayerReTagEvent was triggered on cinco5en5 by 20Ln with type PLAYER and reason ATTACKER.
[May 04, 2026 02:16:51.771AM UTC]  PlayerPreTagEvent was triggered on 20Ln by cinco5en5 with type PLAYER, reason ATTACKED, and cancelled false.
[May 04, 2026 02:16:51.771AM UTC]  PlayerReTagEvent was triggered on 20Ln by cinco5en5 with type PLAYER and reason ATTACKED.
[May 04, 2026 02:16:51.772AM UTC]  EntityDamageByEntityEvent was triggered by damaged PLAYER 20Ln, damager PLAYER cinco5en5 and cancelled false.
[May 04, 2026 02:16:52.469AM UTC]  PlayerPreTagEvent was triggered on cinco5en5 by 20Ln with type PLAYER, reason ATTACKER, and cancelled false.
[May 04, 2026 02:16:52.469AM UTC]  PlayerReTagEvent was triggered on cinco5en5 by 20Ln with type PLAYER and reason ATTACKER.
[May 04, 2026 02:16:52.469AM UTC]  PlayerPreTagEvent was triggered on 20Ln by cinco5en5 with type PLAYER, reason ATTACKED, and cancelled false.
[May 04, 2026 02:16:52.469AM UTC]  PlayerReTagEvent was triggered on 20Ln by cinco5en5 with type PLAYER and reason ATTACKED.
[May 04, 2026 02:16:52.469AM UTC]  EntityDamageByEntityEvent was triggered by damaged PLAYER 20Ln, damager PLAYER cinco5en5 and cancelled false.
[May 04, 2026 02:16:52.471AM UTC]  PlayerPunishEvent was triggered on cinco5en5 with reason ENEMY_DEATH and cancelled true.
[May 04, 2026 02:16:52.471AM UTC]  PlayerUntagEvent was triggered on cinco5en5 with reason ENEMY_DEATH and expire set to true.
[May 04, 2026 02:16:52.471AM UTC]  PlayerPunishEvent was triggered on 20Ln with reason SELF_DEATH and cancelled true.
[May 04, 2026 02:16:52.471AM UTC]  PlayerUntagEvent was triggered on 20Ln with reason SELF_DEATH and expire set to true.
[May 04, 2026 02:17:31.272AM UTC]  PlayerPreTagEvent was triggered on cinco5en5 by 20Ln with type PLAYER, reason ATTACKER, and cancelled false.
[May 04, 2026 02:17:31.273AM UTC]  PlayerTagEvent was triggered on cinco5en5 by 20Ln with type PLAYER and reason ATTACKER.
[May 04, 2026 02:17:31.273AM UTC]  PlayerPreTagEvent was triggered on 20Ln by cinco5en5 with type PLAYER, reason ATTACKED, and cancelled false.
[May 04, 2026 02:17:31.274AM UTC]  PlayerTagEvent was triggered on 20Ln by cinco5en5 with type PLAYER and reason ATTACKED.
[May 04, 2026 02:17:31.274AM UTC]  EntityDamageByEntityEvent was triggered by damaged PLAYER 20Ln, damager PLAYER cinco5en5 and cancelled false.
[May 04, 2026 02:17:31.922AM UTC]  PlayerPreTagEvent was triggered on cinco5en5 by 20Ln with type PLAYER, reason ATTACKER, and cancelled false.
[May 04, 2026 02:17:31.922AM UTC]  PlayerReTagEvent was triggered on cinco5en5 by 20Ln with type PLAYER and reason ATTACKER.
[May 04, 2026 02:17:31.922AM UTC]  PlayerPreTagEvent was triggered on 20Ln by cinco5en5 with type PLAYER, reason ATTACKED, and cancelled false.
[May 04, 2026 02:17:31.922AM UTC]  PlayerReTagEvent was triggered on 20Ln by cinco5en5 with type PLAYER and reason ATTACKED.
[May 04, 2026 02:17:31.922AM UTC]  EntityDamageByEntityEvent was triggered by damaged PLAYER 20Ln, damager PLAYER cinco5en5 and cancelled false.
[May 04, 2026 02:17:31.979AM UTC]  PlayerPreTagEvent was triggered on 20Ln by cinco5en5 with type PLAYER, reason ATTACKER, and cancelled false.
[May 04, 2026 02:17:31.979AM UTC]  PlayerReTagEvent was triggered on 20Ln by cinco5en5 with type PLAYER and reason ATTACKER.
[May 04, 2026 02:17:31.979AM UTC]  PlayerPreTagEvent was triggered on cinco5en5 by 20Ln with type PLAYER, reason ATTACKED, and cancelled false.
[May 04, 2026 02:17:31.979AM UTC]  PlayerReTagEvent was triggered on cinco5en5 by 20Ln with type PLAYER and reason ATTACKED.
[May 04, 2026 02:17:31.980AM UTC]  EntityDamageByEntityEvent was triggered by damaged PLAYER cinco5en5, damager PLAYER 20Ln and cancelled false.
[May 04, 2026 02:17:32.572AM UTC]  PlayerPreTagEvent was triggered on cinco5en5 by 20Ln with type PLAYER, reason ATTACKER, and cancelled false.
[May 04, 2026 02:17:32.572AM UTC]  PlayerReTagEvent was triggered on cinco5en5 by 20Ln with type PLAYER and reason ATTACKER.
[May 04, 2026 02:17:32.572AM UTC]  PlayerPreTagEvent was triggered on 20Ln by cinco5en5 with type PLAYER, reason ATTACKED, and cancelled false.
[May 04, 2026 02:17:32.573AM UTC]  PlayerReTagEvent was triggered on 20Ln by cinco5en5 with type PLAYER and reason ATTACKED.
[May 04, 2026 02:17:32.573AM UTC]  EntityDamageByEntityEvent was triggered by damaged PLAYER 20Ln, damager PLAYER cinco5en5 and cancelled false.
[May 04, 2026 02:17:32.577AM UTC]  PlayerPreTagEvent was triggered on 20Ln by cinco5en5 with type PLAYER, reason ATTACKER, and cancelled false.
[May 04, 2026 02:17:32.577AM UTC]  PlayerReTagEvent was triggered on 20Ln by cinco5en5 with type PLAYER and reason ATTACKER.
[May 04, 2026 02:17:32.577AM UTC]  PlayerPreTagEvent was triggered on cinco5en5 by 20Ln with type PLAYER, reason ATTACKED, and cancelled false.
[May 04, 2026 02:17:32.577AM UTC]  PlayerReTagEvent was triggered on cinco5en5 by 20Ln with type PLAYER and reason ATTACKED.
[May 04, 2026 02:17:32.577AM UTC]  EntityDamageByEntityEvent was triggered by damaged PLAYER cinco5en5, damager PLAYER 20Ln and cancelled false.
[May 04, 2026 02:17:33.871AM UTC]  PlayerPreTagEvent was triggered on cinco5en5 by 20Ln with type PLAYER, reason ATTACKER, and cancelled false.
[May 04, 2026 02:17:33.872AM UTC]  PlayerReTagEvent was triggered on cinco5en5 by 20Ln with type PLAYER and reason ATTACKER.
[May 04, 2026 02:17:33.872AM UTC]  PlayerPreTagEvent was triggered on 20Ln by cinco5en5 with type PLAYER, reason ATTACKED, and cancelled false.
[May 04, 2026 02:17:33.872AM UTC]  PlayerReTagEvent was triggered on 20Ln by cinco5en5 with type PLAYER and reason ATTACKED.
[May 04, 2026 02:17:33.872AM UTC]  EntityDamageByEntityEvent was triggered by damaged PLAYER 20Ln, damager PLAYER cinco5en5 and cancelled false.
[May 04, 2026 02:17:33.873AM UTC]  PlayerPunishEvent was triggered on cinco5en5 with reason ENEMY_DEATH and cancelled true.
[May 04, 2026 02:17:33.873AM UTC]  PlayerUntagEvent was triggered on cinco5en5 with reason ENEMY_DEATH and expire set to true.
[May 04, 2026 02:17:33.873AM UTC]  PlayerPunishEvent was triggered on 20Ln with reason SELF_DEATH and cancelled true.
[May 04, 2026 02:17:33.873AM UTC]  PlayerUntagEvent was triggered on 20Ln with reason SELF_DEATH and expire set to true.
[May 04, 2026 02:18:52.325AM UTC]  PlayerPreTagEvent was triggered on cinco5en5 by Akukis with type PLAYER, reason ATTACKER, and cancelled false.
[May 04, 2026 02:18:52.326AM UTC]  PlayerTagEvent was triggered on cinco5en5 by Akukis with type PLAYER and reason ATTACKER.
[May 04, 2026 02:18:52.326AM UTC]  PlayerPreTagEvent was triggered on Akukis by cinco5en5 with type PLAYER, reason ATTACKED, and cancelled false.
[May 04, 2026 02:18:52.326AM UTC]  PlayerTagEvent was triggered on Akukis by cinco5en5 with type PLAYER and reason ATTACKED.
[May 04, 2026 02:18:52.327AM UTC]  EntityDamageByEntityEvent was triggered by damaged PLAYER Akukis, damager PLAYER cinco5en5 and cancelled false.
[May 04, 2026 02:18:52.842AM UTC]  PlayerPreTagEvent was triggered on Akukis by cinco5en5 with type PLAYER, reason ATTACKER, and cancelled false.
[May 04, 2026 02:18:52.842AM UTC]  PlayerReTagEvent was triggered on Akukis by cinco5en5 with type PLAYER and reason ATTACKER.
[May 04, 2026 02:18:52.842AM UTC]  PlayerPreTagEvent was triggered on cinco5en5 by Akukis with type PLAYER, reason ATTACKED, and cancelled false.
[May 04, 2026 02:18:52.843AM UTC]  PlayerReTagEvent was triggered on cinco5en5 by Akukis with type PLAYER and reason ATTACKED.
[May 04, 2026 02:18:52.843AM UTC]  EntityDamageByEntityEvent was triggered by damaged PLAYER cinco5en5, damager PLAYER Akukis and cancelled false.
[May 04, 2026 02:18:52.924AM UTC]  PlayerPreTagEvent was triggered on cinco5en5 by Akukis with type PLAYER, reason ATTACKER, and cancelled false.
[May 04, 2026 02:18:52.925AM UTC]  PlayerReTagEvent was triggered on cinco5en5 by Akukis with type PLAYER and reason ATTACKER.
[May 04, 2026 02:18:52.925AM UTC]  PlayerPreTagEvent was triggered on Akukis by cinco5en5 with type PLAYER, reason ATTACKED, and cancelled false.
[May 04, 2026 02:18:52.925AM UTC]  PlayerReTagEvent was triggered on Akukis by cinco5en5 with type PLAYER and reason ATTACKED.
[May 04, 2026 02:18:52.925AM UTC]  EntityDamageByEntityEvent was triggered by damaged PLAYER Akukis, damager PLAYER cinco5en5 and cancelled false.
[May 04, 2026 02:18:58.392AM UTC]  PlayerPreTagEvent was triggered on Akukis by cinco5en5 with type PLAYER, reason ATTACKER, and cancelled false.
[May 04, 2026 02:18:58.392AM UTC]  PlayerReTagEvent was triggered on Akukis by cinco5en5 with type PLAYER and reason ATTACKER.
[May 04, 2026 02:18:58.392AM UTC]  PlayerPreTagEvent was triggered on cinco5en5 by Akukis with type PLAYER, reason ATTACKED, and cancelled false.
[May 04, 2026 02:18:58.392AM UTC]  PlayerReTagEvent was triggered on cinco5en5 by Akukis with type PLAYER and reason ATTACKED.
[May 04, 2026 02:18:58.393AM UTC]  EntityDamageByEntityEvent was triggered by damaged PLAYER cinco5en5, damager PLAYER Akukis and cancelled false.
[May 04, 2026 02:18:58.991AM UTC]  PlayerPreTagEvent was triggered on Akukis by cinco5en5 with type PLAYER, reason ATTACKER, and cancelled false.
[May 04, 2026 02:18:58.992AM UTC]  PlayerReTagEvent was triggered on Akukis by cinco5en5 with type PLAYER and reason ATTACKER.
[May 04, 2026 02:18:58.992AM UTC]  PlayerPreTagEvent was triggered on cinco5en5 by Akukis with type PLAYER, reason ATTACKED, and cancelled false.
[May 04, 2026 02:18:58.992AM UTC]  PlayerReTagEvent was triggered on cinco5en5 by Akukis with type PLAYER and reason ATTACKED.
[May 04, 2026 02:18:58.992AM UTC]  EntityDamageByEntityEvent was triggered by damaged PLAYER cinco5en5, damager PLAYER Akukis and cancelled false.
[May 04, 2026 02:19:02.691AM UTC]  PlayerPreTagEvent was triggered on Akukis by cinco5en5 with type PLAYER, reason ATTACKER, and cancelled false.
[May 04, 2026 02:19:02.691AM UTC]  PlayerReTagEvent was triggered on Akukis by cinco5en5 with type PLAYER and reason ATTACKER.
[May 04, 2026 02:19:02.691AM UTC]  PlayerPreTagEvent was triggered on cinco5en5 by Akukis with type PLAYER, reason ATTACKED, and cancelled false.
[May 04, 2026 02:19:02.691AM UTC]  PlayerReTagEvent was triggered on cinco5en5 by Akukis with type PLAYER and reason ATTACKED.
[May 04, 2026 02:19:02.691AM UTC]  EntityDamageByEntityEvent was triggered by damaged PLAYER cinco5en5, damager PLAYER Akukis and cancelled false.
[May 04, 2026 02:19:11.013AM UTC]  EntityDamageByEntityEvent was triggered by damaged PLAYER Akukis, damager ARROW Arrow and cancelled false.
[May 04, 2026 02:19:11.213AM UTC]  EntityDamageByEntityEvent was triggered by damaged SKELETON Skeleton, damager ARROW Arrow and cancelled false.
[May 04, 2026 02:19:14.011AM UTC]  EntityDamageByEntityEvent was triggered by damaged SKELETON Skeleton, damager ARROW Arrow and cancelled false.
[May 04, 2026 02:19:20.512AM UTC]  EntityDamageByEntityEvent was triggered by damaged SKELETON Skeleton, damager ARROW Arrow and cancelled false.
[May 04, 2026 02:19:22.343AM UTC]  PlayerPreTagEvent was triggered on Akukis by cinco5en5 with type PLAYER, reason ATTACKER, and cancelled false.
[May 04, 2026 02:19:22.343AM UTC]  PlayerReTagEvent was triggered on Akukis by cinco5en5 with type PLAYER and reason ATTACKER.
[May 04, 2026 02:19:22.344AM UTC]  PlayerPreTagEvent was triggered on cinco5en5 by Akukis with type PLAYER, reason ATTACKED, and cancelled false.
[May 04, 2026 02:19:22.344AM UTC]  PlayerReTagEvent was triggered on cinco5en5 by Akukis with type PLAYER and reason ATTACKED.
[May 04, 2026 02:19:22.344AM UTC]  EntityDamageByEntityEvent was triggered by damaged PLAYER cinco5en5, damager PLAYER Akukis and cancelled false.
[May 04, 2026 02:19:23.462AM UTC]  EntityDamageByEntityEvent was triggered by damaged SKELETON Skeleton, damager ARROW Arrow and cancelled false.
[May 04, 2026 02:19:26.563AM UTC]  EntityDamageByEntityEvent was triggered by damaged SKELETON Skeleton, damager ARROW Arrow and cancelled false.
[May 04, 2026 02:19:29.163AM UTC]  EntityDamageByEntityEvent was triggered by damaged SKELETON Skeleton, damager ARROW Arrow and cancelled false.
[May 04, 2026 02:19:29.410AM UTC]  EntityDamageByEntityEvent was triggered by damaged SKELETON Skeleton, damager ARROW Arrow and cancelled false.
[May 04, 2026 02:19:42.500AM UTC]  PlayerPunishEvent was triggered on cinco5en5 with reason EXPIRE and cancelled true.
[May 04, 2026 02:19:42.500AM UTC]  PlayerUntagEvent was triggered on cinco5en5 with reason EXPIRE and expire set to true.
[May 04, 2026 02:19:42.500AM UTC]  PlayerPunishEvent was triggered on Akukis with reason EXPIRE and cancelled true.
[May 04, 2026 02:19:42.500AM UTC]  PlayerUntagEvent was triggered on Akukis with reason EXPIRE and expire set to true.
[May 04, 2026 02:21:40.158AM UTC]  EntityDamageByEntityEvent was triggered by damaged PLAYER Akukis, damager ARROW Arrow and cancelled false.
[May 04, 2026 02:21:42.160AM UTC]  EntityDamageByEntityEvent was triggered by damaged PLAYER Akukis, damager ARROW Arrow and cancelled false.
[May 04, 2026 02:21:44.092AM UTC]  EntityDamageByEntityEvent was triggered by damaged SPIDER Spider, damager PLAYER Akukis and cancelled false.
[May 04, 2026 02:21:45.314AM UTC]  EntityDamageByEntityEvent was triggered by damaged PLAYER Akukis, damager ARROW Arrow and cancelled false.
[May 04, 2026 02:21:46.042AM UTC]  EntityDamageByEntityEvent was triggered by damaged STRAY Stray, damager PLAYER Akukis and cancelled false.
[May 04, 2026 02:21:46.642AM UTC]  EntityDamageByEntityEvent was triggered by damaged STRAY Stray, damager PLAYER Akukis and cancelled false.
[May 04, 2026 02:21:47.992AM UTC]  EntityDamageByEntityEvent was triggered by damaged STRAY Stray, damager PLAYER Akukis and cancelled false.
[May 04, 2026 02:21:48.492AM UTC]  EntityDamageByEntityEvent was triggered by damaged STRAY Stray, damager PLAYER Akukis and cancelled false.
[May 04, 2026 02:21:48.915AM UTC]  EntityDamageByEntityEvent was triggered by damaged PLAYER Akukis, damager ARROW Arrow and cancelled false.
[May 04, 2026 02:21:49.792AM UTC]  EntityDamageByEntityEvent was triggered by damaged STRAY Stray, damager PLAYER Akukis and cancelled false.
[May 04, 2026 02:21:49.793AM UTC]  EntityDamageByEntityEvent was triggered by damaged SPIDER Spider, damager PLAYER Akukis and cancelled false.
[May 04, 2026 02:21:50.060AM UTC]  EntityDamageByEntityEvent was triggered by damaged PLAYER Akukis, damager SPIDER Spider and cancelled false.
[May 04, 2026 02:21:51.092AM UTC]  EntityDamageByEntityEvent was triggered by damaged SPIDER Spider, damager PLAYER Akukis and cancelled false.
[May 04, 2026 02:21:53.765AM UTC]  EntityDamageByEntityEvent was triggered by damaged PLAYER Akukis, damager ARROW Arrow and cancelled false.
[May 04, 2026 02:21:55.493AM UTC]  EntityDamageByEntityEvent was triggered by damaged STRAY Stray, damager PLAYER Akukis and cancelled false.
[May 04, 2026 02:21:56.092AM UTC]  EntityDamageByEntityEvent was triggered by damaged STRAY Stray, damager PLAYER Akukis and cancelled false.
[May 04, 2026 02:21:56.163AM UTC]  EntityDamageByEntityEvent was triggered by damaged PLAYER Akukis, damager ARROW Arrow and cancelled false.
[May 04, 2026 02:21:57.162AM UTC]  EntityDamageByEntityEvent was triggered by damaged PLAYER Akukis, damager SPIDER Spider and cancelled false.
[May 04, 2026 02:21:57.165AM UTC]  EntityDamageByEntityEvent was triggered by damaged PLAYER Akukis, damager ARROW Arrow and cancelled false.
[May 04, 2026 02:21:57.464AM UTC]  EntityDamageByEntityEvent was triggered by damaged SPIDER Spider, damager BREEZE_WIND_CHARGE Wind Charge and cancelled false.
[May 04, 2026 02:21:58.875AM UTC]  EntityDamageByEntityEvent was triggered by damaged PLAYER Akukis, damager SPIDER Spider and cancelled false.
[May 04, 2026 02:22:02.266AM UTC]  EntityDamageByEntityEvent was triggered by damaged STRAY Stray, damager BREEZE_WIND_CHARGE Wind Charge and cancelled false.
[May 04, 2026 02:22:03.715AM UTC]  EntityDamageByEntityEvent was triggered by damaged PLAYER Akukis, damager ARROW Arrow and cancelled false.
[May 04, 2026 02:22:04.270AM UTC]  EntityDamageByEntityEvent was triggered by damaged PLAYER Akukis, damager SPIDER Spider and cancelled false.
[May 04, 2026 02:22:04.292AM UTC]  EntityDamageByEntityEvent was triggered by damaged SPIDER Spider, damager PLAYER Akukis and cancelled false.
[May 04, 2026 02:22:04.914AM UTC]  EntityDamageByEntityEvent was triggered by damaged SPIDER Spider, damager BREEZE_WIND_CHARGE Wind Charge and cancelled false.
[May 04, 2026 02:22:05.013AM UTC]  EntityDamageByEntityEvent was triggered by damaged SPIDER Spider, damager PLAYER Akukis and cancelled false.
[May 04, 2026 02:22:07.243AM UTC]  EntityDamageByEntityEvent was triggered by damaged SPIDER Spider, damager PLAYER Akukis and cancelled false.
[May 04, 2026 02:22:07.843AM UTC]  EntityDamageByEntityEvent was triggered by damaged SPIDER Spider, damager PLAYER Akukis and cancelled false.
[May 04, 2026 02:22:10.143AM UTC]  EntityDamageByEntityEvent was triggered by damaged BREEZE Breeze, damager PLAYER Akukis and cancelled false.
[May 04, 2026 02:22:10.216AM UTC]  EntityDamageByEntityEvent was triggered by damaged PLAYER Akukis, damager ARROW Arrow and cancelled false.
[May 04, 2026 02:22:11.313AM UTC]  EntityDamageByEntityEvent was triggered by damaged PLAYER Akukis, damager BREEZE_WIND_CHARGE Wind Charge and cancelled false.
[May 04, 2026 02:22:13.164AM UTC]  EntityDamageByEntityEvent was triggered by damaged STRAY Stray, damager ARROW Arrow and cancelled false.
[May 04, 2026 02:22:13.362AM UTC]  EntityDamageByEntityEvent was triggered by damaged PLAYER Akukis, damager BREEZE_WIND_CHARGE Wind Charge and cancelled false.
[May 04, 2026 02:22:16.212AM UTC]  EntityDamageByEntityEvent was triggered by damaged STRAY Stray, damager ARROW Arrow and cancelled false.
[May 04, 2026 02:22:16.362AM UTC]  EntityDamageByEntityEvent was triggered by damaged STRAY Stray, damager ARROW Arrow and cancelled false.
[May 04, 2026 02:22:16.693AM UTC]  EntityDamageByEntityEvent was triggered by damaged BREEZE Breeze, damager PLAYER Akukis and cancelled false.
[May 04, 2026 02:22:18.844AM UTC]  EntityDamageByEntityEvent was triggered by damaged BREEZE Breeze, damager PLAYER Akukis and cancelled false.
[May 04, 2026 02:22:19.262AM UTC]  EntityDamageByEntityEvent was triggered by damaged STRAY Stray, damager ARROW Arrow and cancelled false.
[May 04, 2026 02:22:22.215AM UTC]  EntityDamageByEntityEvent was triggered by damaged STRAY Stray, damager ARROW Arrow and cancelled false.
[May 04, 2026 02:22:22.442AM UTC]  EntityDamageByEntityEvent was triggered by damaged STRAY Stray, damager PLAYER Akukis and cancelled false.
[May 04, 2026 02:22:25.192AM UTC]  EntityDamageByEntityEvent was triggered by damaged STRAY Stray, damager PLAYER Akukis and cancelled false.
[May 04, 2026 02:22:31.663AM UTC]  EntityDamageByEntityEvent was triggered by damaged PLAYER emi4553, damager ARROW Arrow and cancelled false.
[May 04, 2026 02:22:44.613AM UTC]  EntityDamageByEntityEvent was triggered by damaged PLAYER emi4553, damager ARROW Arrow and cancelled false.
[May 04, 2026 02:22:45.964AM UTC]  EntityDamageByEntityEvent was triggered by damaged PLAYER Akukis, damager ARROW Arrow and cancelled false.
[May 04, 2026 02:22:47.014AM UTC]  EntityDamageByEntityEvent was triggered by damaged PLAYER Akukis, damager ARROW Arrow and cancelled false.
[May 04, 2026 02:22:48.393AM UTC]  EntityDamageByEntityEvent was triggered by damaged STRAY Stray, damager PLAYER Akukis and cancelled false.
[May 04, 2026 02:22:48.612AM UTC]  EntityDamageByEntityEvent was triggered by damaged PLAYER Akukis, damager SPIDER Spider and cancelled false.
[May 04, 2026 02:22:49.014AM UTC]  EntityDamageByEntityEvent was triggered by damaged PLAYER Akukis, damager ARROW Arrow and cancelled false.
[May 04, 2026 02:22:49.043AM UTC]  EntityDamageByEntityEvent was triggered by damaged SPIDER Spider, damager PLAYER Akukis and cancelled false.
[May 04, 2026 02:22:49.563AM UTC]  EntityDamageByEntityEvent was triggered by damaged PLAYER Akukis, damager ARROW Arrow and cancelled false.
[May 04, 2026 02:22:50.595AM UTC]  EntityDamageByEntityEvent was triggered by damaged STRAY Stray, damager PLAYER Akukis and cancelled false.
[May 04, 2026 02:22:51.195AM UTC]  EntityDamageByEntityEvent was triggered by damaged STRAY Stray, damager PLAYER Akukis and cancelled false.
[May 04, 2026 02:22:51.843AM UTC]  EntityDamageByEntityEvent was triggered by damaged STRAY Stray, damager PLAYER Akukis and cancelled false.
[May 04, 2026 02:22:52.412AM UTC]  EntityDamageByEntityEvent was triggered by damaged PLAYER Akukis, damager ARROW Arrow and cancelled false.
[May 04, 2026 02:22:55.165AM UTC]  EntityDamageByEntityEvent was triggered by damaged STRAY Stray, damager ARROW Arrow and cancelled false.
[May 04, 2026 02:22:55.263AM UTC]  EntityDamageByEntityEvent was triggered by damaged PLAYER Akukis, damager ARROW Arrow and cancelled false.
[May 04, 2026 02:22:56.594AM UTC]  EntityDamageByEntityEvent was triggered by damaged STRAY Stray, damager PLAYER Akukis and cancelled false.
[May 04, 2026 02:22:57.942AM UTC]  EntityDamageByEntityEvent was triggered by damaged STRAY Stray, damager PLAYER Akukis and cancelled false.
[May 04, 2026 02:23:02.693AM UTC]  EntityDamageByEntityEvent was triggered by damaged STRAY Stray, damager PLAYER Akukis and cancelled false.
[May 04, 2026 02:23:03.243AM UTC]  EntityDamageByEntityEvent was triggered by damaged STRAY Stray, damager PLAYER Akukis and cancelled false.
[May 04, 2026 02:23:03.244AM UTC]  EntityDamageByEntityEvent was triggered by damaged STRAY Stray, damager PLAYER Akukis and cancelled false.
[May 04, 2026 02:23:05.318AM UTC]  EntityDamageByEntityEvent was triggered by damaged STRAY Stray, damager PLAYER Akukis and cancelled false.
[May 04, 2026 02:23:05.893AM UTC]  EntityDamageByEntityEvent was triggered by damaged STRAY Stray, damager PLAYER Akukis and cancelled false.
[May 04, 2026 02:23:06.943AM UTC]  EntityDamageByEntityEvent was triggered by damaged STRAY Stray, damager PLAYER Akukis and cancelled false.
[May 04, 2026 02:23:07.615AM UTC]  EntityDamageByEntityEvent was triggered by damaged PLAYER Akukis, damager ARROW Arrow and cancelled false.
[May 04, 2026 02:23:08.244AM UTC]  EntityDamageByEntityEvent was triggered by damaged STRAY Stray, damager PLAYER Akukis and cancelled false.
[May 04, 2026 02:23:17.595AM UTC]  EntityDamageByEntityEvent was triggered by damaged BREEZE Breeze, damager PLAYER Akukis and cancelled false.
[May 04, 2026 02:23:17.864AM UTC]  EntityDamageByEntityEvent was triggered by damaged PLAYER Akukis, damager BREEZE_WIND_CHARGE Wind Charge and cancelled false.
[May 04, 2026 02:23:18.843AM UTC]  EntityDamageByEntityEvent was triggered by damaged BREEZE Breeze, damager PLAYER Akukis and cancelled false.
[May 04, 2026 02:23:20.144AM UTC]  EntityDamageByEntityEvent was triggered by damaged BREEZE Breeze, damager PLAYER Akukis and cancelled false.
[May 04, 2026 02:23:21.012AM UTC]  EntityDamageByEntityEvent was triggered by damaged PLAYER Akukis, damager ARROW Arrow and cancelled false.
[May 04, 2026 02:23:21.596AM UTC]  EntityDamageByEntityEvent was triggered by damaged STRAY Stray, damager PLAYER Akukis and cancelled false.
[May 04, 2026 02:23:22.243AM UTC]  EntityDamageByEntityEvent was triggered by damaged STRAY Stray, damager PLAYER Akukis and cancelled false.
[May 04, 2026 02:23:24.263AM UTC]  EntityDamageByEntityEvent was triggered by damaged PLAYER emi4553, damager BREEZE_WIND_CHARGE Wind Charge and cancelled false.
[May 04, 2026 02:23:24.264AM UTC]  EntityDamageByEntityEvent was triggered by damaged BREEZE Breeze, damager PLAYER emi4553 and cancelled false.
[May 04, 2026 02:23:24.411AM UTC]  EntityDamageByEntityEvent was triggered by damaged PLAYER cinco5en5, damager ARROW Arrow and cancelled false.
[May 04, 2026 02:23:25.162AM UTC]  EntityDamageByEntityEvent was triggered by damaged PLAYER emi4553, damager ARROW Arrow and cancelled false.
[May 04, 2026 02:23:25.910AM UTC]  EntityDamageByEntityEvent was triggered by damaged PLAYER emi4553, damager SPIDER Spider and cancelled false.
[May 04, 2026 02:23:26.463AM UTC]  EntityDamageByEntityEvent was triggered by damaged PLAYER emi4553, damager ARROW Arrow and cancelled false.
[May 04, 2026 02:23:27.314AM UTC]  EntityDamageByEntityEvent was triggered by damaged SPIDER Spider, damager BREEZE_WIND_CHARGE Wind Charge and cancelled false.
[May 04, 2026 02:23:27.591AM UTC]  EntityDamageByEntityEvent was triggered by damaged STRAY Stray, damager PLAYER emi4553 and cancelled false.
[May 04, 2026 02:23:27.919AM UTC]  EntityDamageByEntityEvent was triggered by damaged PLAYER emi4553, damager ARROW Arrow and cancelled false.
[May 04, 2026 02:23:28.340AM UTC]  EntityDamageByEntityEvent was triggered by damaged STRAY Stray, damager PLAYER emi4553 and cancelled false.
[May 04, 2026 02:23:30.714AM UTC]  EntityDamageByEntityEvent was triggered by damaged PLAYER emi4553, damager BREEZE_WIND_CHARGE Wind Charge and cancelled false.
[May 04, 2026 02:23:30.915AM UTC]  EntityDamageByEntityEvent was triggered by damaged PLAYER emi4553, damager ARROW Arrow and cancelled false.
[May 04, 2026 02:23:32.086AM UTC]  EntityDamageByEntityEvent was triggered by damaged SPIDER Spider, damager PLAYER emi4553 and cancelled false.
[May 04, 2026 02:23:34.064AM UTC]  EntityDamageByEntityEvent was triggered by damaged PLAYER emi4553, damager ARROW Arrow and cancelled false.
[May 04, 2026 02:23:34.614AM UTC]  EntityDamageByEntityEvent was triggered by damaged PLAYER emi4553, damager BREEZE_WIND_CHARGE Wind Charge and cancelled false.
[May 04, 2026 02:23:35.046AM UTC]  EntityDamageByEntityEvent was triggered by damaged STRAY Stray, damager PLAYER emi4553 and cancelled false.
[May 04, 2026 02:23:36.213AM UTC]  EntityDamageByEntityEvent was triggered by damaged PLAYER emi4553, damager ARROW Arrow and cancelled false.
[May 04, 2026 02:23:36.340AM UTC]  EntityDamageByEntityEvent was triggered by damaged STRAY Stray, damager PLAYER emi4553 and cancelled false.
[May 04, 2026 02:23:37.318AM UTC]  EntityDamageByEntityEvent was triggered by damaged PLAYER emi4553, damager ARROW Arrow and cancelled false.
[May 04, 2026 02:23:39.412AM UTC]  EntityDamageByEntityEvent was triggered by damaged STRAY Stray, damager BREEZE_WIND_CHARGE Wind Charge and cancelled false.
[May 04, 2026 02:23:40.364AM UTC]  EntityDamageByEntityEvent was triggered by damaged PLAYER emi4553, damager ARROW Arrow and cancelled false.
[May 04, 2026 02:23:41.313AM UTC]  EntityDamageByEntityEvent was triggered by damaged ZOMBIE Zombie, damager PLAYER .Elaxelinsan0 and cancelled false.
[May 04, 2026 02:23:41.889AM UTC]  EntityDamageByEntityEvent was triggered by damaged BREEZE Breeze, damager PLAYER emi4553 and cancelled false.
[May 04, 2026 02:23:43.217AM UTC]  EntityDamageByEntityEvent was triggered by damaged PLAYER emi4553, damager ARROW Arrow and cancelled false.
[May 04, 2026 02:23:44.044AM UTC]  EntityDamageByEntityEvent was triggered by damaged STRAY Stray, damager PLAYER Akukis and cancelled false.
[May 04, 2026 02:23:44.594AM UTC]  EntityDamageByEntityEvent was triggered by damaged STRAY Stray, damager PLAYER Akukis and cancelled false.
[May 04, 2026 02:23:45.259AM UTC]  EntityDamageByEntityEvent was triggered by damaged PLAYER emi4553, damager SPIDER Spider and cancelled false.
[May 04, 2026 02:23:45.294AM UTC]  EntityDamageByEntityEvent was triggered by damaged SPIDER Spider, damager PLAYER Akukis and cancelled false.
[May 04, 2026 02:23:45.661AM UTC]  EntityDamageByEntityEvent was triggered by damaged PLAYER .Elaxelinsan0, damager ARROW Arrow and cancelled false.
[May 04, 2026 02:23:46.443AM UTC]  EntityDamageByEntityEvent was triggered by damaged SPIDER Spider, damager PLAYER Akukis and cancelled false.
[May 04, 2026 02:23:46.511AM UTC]  EntityDamageByEntityEvent was triggered by damaged PLAYER emi4553, damager ARROW Arrow and cancelled false.
[May 04, 2026 02:23:47.244AM UTC]  EntityDamageByEntityEvent was triggered by damaged STRAY Stray, damager PLAYER Akukis and cancelled false.
[May 04, 2026 02:23:47.893AM UTC]  EntityDamageByEntityEvent was triggered by damaged STRAY Stray, damager PLAYER Akukis and cancelled false.
[May 04, 2026 02:23:48.562AM UTC]  EntityDamageByEntityEvent was triggered by damaged PLAYER .Elaxelinsan0, damager ARROW Arrow and cancelled false.
[May 04, 2026 02:23:51.484AM UTC]  EntityDamageByEntityEvent was triggered by damaged BREEZE_WIND_CHARGE Wind Charge, damager PLAYER emi4553 and cancelled false.
[May 04, 2026 02:23:52.640AM UTC]  EntityDamageByEntityEvent was triggered by damaged BREEZE Breeze, damager PLAYER emi4553 and cancelled false.
[May 04, 2026 02:23:53.262AM UTC]  EntityDamageByEntityEvent was triggered by damaged PLAYER emi4553, damager BREEZE_WIND_CHARGE Wind Charge and cancelled false.
[May 04, 2026 02:23:53.264AM UTC]  EntityDamageByEntityEvent was triggered by damaged BREEZE Breeze, damager PLAYER emi4553 and cancelled false.
[May 04, 2026 02:23:54.710AM UTC]  EntityDamageByEntityEvent was triggered by damaged PLAYER emi4553, damager SPIDER Spider and cancelled false.
[May 04, 2026 02:23:55.209AM UTC]  EntityDamageByEntityEvent was triggered by damaged ITEM Paper, damager CREEPER Creeper and cancelled false.
[May 04, 2026 02:23:55.209AM UTC]  EntityDamageByEntityEvent was triggered by damaged ITEM Stick, damager CREEPER Creeper and cancelled false.
[May 04, 2026 02:23:55.209AM UTC]  EntityDamageByEntityEvent was triggered by damaged PLAYER cinco5en5, damager CREEPER Creeper and cancelled false.
[May 04, 2026 02:23:55.762AM UTC]  EntityDamageByEntityEvent was triggered by damaged PLAYER LITTLE_GHOTS, damager ARROW Arrow and cancelled false.
[May 04, 2026 02:23:56.112AM UTC]  EntityDamageByEntityEvent was triggered by damaged PLAYER emi4553, damager SPIDER Spider and cancelled false.
[May 04, 2026 02:23:56.737AM UTC]  EntityDamageByEntityEvent was triggered by damaged SPIDER Spider, damager PLAYER emi4553 and cancelled false.
[May 04, 2026 02:23:57.314AM UTC]  EntityDamageByEntityEvent was triggered by damaged SPIDER Spider, damager PLAYER emi4553 and cancelled false.
[May 04, 2026 02:24:05.910AM UTC]  EntityDamageByEntityEvent was triggered by damaged ITEM Oak Stairs, damager CREEPER Creeper and cancelled false.
[May 04, 2026 02:24:05.911AM UTC]  EntityDamageByEntityEvent was triggered by damaged ITEM Torch, damager CREEPER Creeper and cancelled false.
[May 04, 2026 02:24:05.911AM UTC]  EntityDamageByEntityEvent was triggered by damaged ITEM Dandelion, damager CREEPER Creeper and cancelled false.
[May 04, 2026 02:24:05.911AM UTC]  EntityDamageByEntityEvent was triggered by damaged ITEM Diamond Shovel, damager CREEPER Creeper and cancelled false.
[May 04, 2026 02:24:05.911AM UTC]  EntityDamageByEntityEvent was triggered by damaged ITEM Leaf Litter, damager CREEPER Creeper and cancelled false.
[May 04, 2026 02:24:05.911AM UTC]  EntityDamageByEntityEvent was triggered by damaged ITEM Cobblestone, damager CREEPER Creeper and cancelled false.
[May 04, 2026 02:24:05.911AM UTC]  EntityDamageByEntityEvent was triggered by damaged PLAYER cinco5en5, damager CREEPER Creeper and cancelled false.
[May 04, 2026 02:24:13.895AM UTC]  EntityDamageByEntityEvent was triggered by damaged SPIDER Spider, damager PLAYER Akukis and cancelled false.
[May 04, 2026 02:24:27.409AM UTC]  EntityDamageByEntityEvent was triggered by damaged PLAYER LITTLE_GHOTS, damager ZOMBIE Zombie and cancelled false.
[May 04, 2026 02:24:27.529AM UTC]  EntityDamageByEntityEvent was triggered by damaged ZOMBIE Zombie, damager PLAYER LITTLE_GHOTS and cancelled false.
[May 04, 2026 02:24:28.178AM UTC]  EntityDamageByEntityEvent was triggered by damaged ZOMBIE Zombie, damager PLAYER LITTLE_GHOTS and cancelled false.
[May 04, 2026 02:24:29.178AM UTC]  EntityDamageByEntityEvent was triggered by damaged ZOMBIE Zombie, damager PLAYER LITTLE_GHOTS and cancelled false.
[May 04, 2026 02:24:29.878AM UTC]  EntityDamageByEntityEvent was triggered by damaged ZOMBIE Zombie, damager PLAYER LITTLE_GHOTS and cancelled false.
[May 04, 2026 02:24:30.712AM UTC]  EntityDamageByEntityEvent was triggered by damaged PLAYER LITTLE_GHOTS, damager ARROW Arrow and cancelled false.
[May 04, 2026 02:24:35.010AM UTC]  EntityDamageByEntityEvent was triggered by damaged PLAYER LITTLE_GHOTS, damager ZOMBIE Zombie and cancelled false.
[May 04, 2026 02:24:36.159AM UTC]  EntityDamageByEntityEvent was triggered by damaged PLAYER LITTLE_GHOTS, damager ZOMBIE Zombie and cancelled false.
[May 04, 2026 02:24:36.181AM UTC]  EntityDamageByEntityEvent was triggered by damaged ZOMBIE Zombie, damager PLAYER LITTLE_GHOTS and cancelled false.
[May 04, 2026 02:24:37.159AM UTC]  EntityDamageByEntityEvent was triggered by damaged PLAYER LITTLE_GHOTS, damager ZOMBIE Zombie and cancelled false.
[May 04, 2026 02:24:37.324AM UTC]  EntityDamageByEntityEvent was triggered by damaged ZOMBIE Zombie, damager PLAYER LITTLE_GHOTS and cancelled false.
[May 04, 2026 02:24:37.977AM UTC]  EntityDamageByEntityEvent was triggered by damaged ZOMBIE Zombie, damager PLAYER LITTLE_GHOTS and cancelled false.
[May 04, 2026 02:24:38.609AM UTC]  EntityDamageByEntityEvent was triggered by damaged PLAYER LITTLE_GHOTS, damager ZOMBIE Zombie and cancelled false.
[May 04, 2026 02:24:38.631AM UTC]  EntityDamageByEntityEvent was triggered by damaged ZOMBIE Zombie, damager PLAYER LITTLE_GHOTS and cancelled false.
[May 04, 2026 02:24:40.362AM UTC]  EntityDamageByEntityEvent was triggered by damaged PLAYER LITTLE_GHOTS, damager ZOMBIE Zombie and cancelled false.
[May 04, 2026 02:24:41.012AM UTC]  EntityDamageByEntityEvent was triggered by damaged PLAYER LITTLE_GHOTS, damager ZOMBIE Zombie and cancelled false.
[May 04, 2026 02:24:43.519AM UTC]  EntityDamageByEntityEvent was triggered by damaged PLAYER Akukis, damager ZOMBIE Zombie and cancelled false.
[May 04, 2026 02:24:44.011AM UTC]  EntityDamageByEntityEvent was triggered by damaged PLAYER Akukis, damager ZOMBIE Zombie and cancelled false.
[May 04, 2026 02:24:44.763AM UTC]  EntityDamageByEntityEvent was triggered by damaged PLAYER Akukis, damager ARROW Arrow and cancelled false.
[May 04, 2026 02:24:46.011AM UTC]  EntityDamageByEntityEvent was triggered by damaged PLAYER Akukis, damager ZOMBIE Zombie and cancelled false.
[May 04, 2026 02:24:46.195AM UTC]  EntityDamageByEntityEvent was triggered by damaged ZOMBIE Zombie, damager PLAYER Akukis and cancelled false.
[May 04, 2026 02:24:46.196AM UTC]  EntityDamageByEntityEvent was triggered by damaged STRAY Stray, damager PLAYER Akukis and cancelled false.
[May 04, 2026 02:24:47.311AM UTC]  EntityDamageByEntityEvent was triggered by damaged PLAYER Akukis, damager ZOMBIE Zombie and cancelled false.
[May 04, 2026 02:24:47.445AM UTC]  EntityDamageByEntityEvent was triggered by damaged STRAY Stray, damager PLAYER Akukis and cancelled false.
[May 04, 2026 02:24:48.014AM UTC]  EntityDamageByEntityEvent was triggered by damaged PLAYER Akukis, damager ZOMBIE Zombie and cancelled false.
[May 04, 2026 02:24:48.195AM UTC]  EntityDamageByEntityEvent was triggered by damaged ZOMBIE Zombie, damager PLAYER Akukis and cancelled false.
[May 04, 2026 02:24:50.712AM UTC]  EntityDamageByEntityEvent was triggered by damaged PLAYER Akukis, damager ZOMBIE Zombie and cancelled false.
[May 04, 2026 02:24:51.562AM UTC]  EntityDamageByEntityEvent was triggered by damaged PLAYER Akukis, damager ZOMBIE Zombie and cancelled false.
[May 04, 2026 02:24:52.095AM UTC]  EntityDamageByEntityEvent was triggered by damaged ZOMBIE Zombie, damager PLAYER Akukis and cancelled false.
[May 04, 2026 02:24:52.566AM UTC]  EntityDamageByEntityEvent was triggered by damaged PLAYER Akukis, damager ZOMBIE Zombie and cancelled false.
[May 04, 2026 02:24:53.344AM UTC]  EntityDamageByEntityEvent was triggered by damaged ZOMBIE Zombie, damager PLAYER Akukis and cancelled false.
[May 04, 2026 02:24:53.345AM UTC]  EntityDamageByEntityEvent was triggered by damaged ZOMBIE Zombie, damager PLAYER Akukis and cancelled false.
[May 04, 2026 02:24:53.415AM UTC]  EntityDamageByEntityEvent was triggered by damaged PLAYER Akukis, damager ZOMBIE Zombie and cancelled false.
[May 04, 2026 02:24:54.663AM UTC]  EntityDamageByEntityEvent was triggered by damaged PLAYER Akukis, damager ZOMBIE Zombie and cancelled false.
[May 04, 2026 02:24:55.412AM UTC]  EntityDamageByEntityEvent was triggered by damaged PLAYER Akukis, damager ZOMBIE Zombie and cancelled false.
[May 04, 2026 02:24:56.412AM UTC]  EntityDamageByEntityEvent was triggered by damaged PLAYER Akukis, damager ZOMBIE Zombie and cancelled false.
[May 04, 2026 02:24:57.111AM UTC]  EntityDamageByEntityEvent was triggered by damaged PLAYER Akukis, damager ZOMBIE Zombie and cancelled false.
[May 04, 2026 02:24:58.191AM UTC]  EntityDamageByEntityEvent was triggered by damaged ZOMBIE Zombie, damager PLAYER emi4553 and cancelled false.
[May 04, 2026 02:24:58.362AM UTC]  EntityDamageByEntityEvent was triggered by damaged PLAYER LITTLE_GHOTS, damager ARROW Arrow and cancelled false.
[May 04, 2026 02:24:58.490AM UTC]  EntityDamageByEntityEvent was triggered by damaged ZOMBIE Zombie, damager PLAYER emi4553 and cancelled false.
[May 04, 2026 02:25:00.513AM UTC]  EntityDamageByEntityEvent was triggered by damaged PLAYER LITTLE_GHOTS, damager ARROW Arrow and cancelled false.
[May 04, 2026 02:25:01.846AM UTC]  PlayerPreTagEvent was triggered on Akukis by emi4553 with type PLAYER, reason ATTACKER, and cancelled false.
[May 04, 2026 02:25:01.846AM UTC]  PlayerTagEvent was triggered on Akukis by emi4553 with type PLAYER and reason ATTACKER.
[May 04, 2026 02:25:01.846AM UTC]  PlayerPreTagEvent was triggered on emi4553 by Akukis with type PLAYER, reason ATTACKED, and cancelled false.
[May 04, 2026 02:25:01.847AM UTC]  PlayerTagEvent was triggered on emi4553 by Akukis with type PLAYER and reason ATTACKED.
[May 04, 2026 02:25:01.847AM UTC]  EntityDamageByEntityEvent was triggered by damaged PLAYER emi4553, damager PLAYER Akukis and cancelled false.
[May 04, 2026 02:25:03.213AM UTC]  EntityDamageByEntityEvent was triggered by damaged PLAYER LITTLE_GHOTS, damager ARROW Arrow and cancelled false.
[May 04, 2026 02:25:03.695AM UTC]  PlayerPreTagEvent was triggered on Akukis by LITTLE_GHOTS with type PLAYER, reason ATTACKER, and cancelled false.
[May 04, 2026 02:25:03.695AM UTC]  PlayerReTagEvent was triggered on Akukis by LITTLE_GHOTS with type PLAYER and reason ATTACKER.
[May 04, 2026 02:25:03.696AM UTC]  PlayerPreTagEvent was triggered on LITTLE_GHOTS by Akukis with type PLAYER, reason ATTACKED, and cancelled false.
[May 04, 2026 02:25:03.696AM UTC]  PlayerTagEvent was triggered on LITTLE_GHOTS by Akukis with type PLAYER and reason ATTACKED.
[May 04, 2026 02:25:03.696AM UTC]  EntityDamageByEntityEvent was triggered by damaged PLAYER LITTLE_GHOTS, damager PLAYER Akukis and cancelled false.
[May 04, 2026 02:25:04.362AM UTC]  EntityDamageByEntityEvent was triggered by damaged PLAYER LITTLE_GHOTS, damager ARROW Arrow and cancelled false.
[May 04, 2026 02:25:04.364AM UTC]  PlayerPunishEvent was triggered on LITTLE_GHOTS with reason SELF_DEATH and cancelled true.
[May 04, 2026 02:25:04.364AM UTC]  PlayerUntagEvent was triggered on LITTLE_GHOTS with reason SELF_DEATH and expire set to true.
[May 04, 2026 02:25:05.512AM UTC]  EntityDamageByEntityEvent was triggered by damaged PLAYER Akukis, damager ZOMBIE Zombie and cancelled false.
[May 04, 2026 02:25:06.416AM UTC]  EntityDamageByEntityEvent was triggered by damaged PLAYER Akukis, damager ZOMBIE Zombie and cancelled false.
[May 04, 2026 02:25:06.462AM UTC]  EntityDamageByEntityEvent was triggered by damaged PLAYER Akukis, damager ARROW Arrow and cancelled false.
[May 04, 2026 02:25:07.297AM UTC]  EntityDamageByEntityEvent was triggered by damaged STRAY Stray, damager PLAYER Akukis and cancelled false.
[May 04, 2026 02:25:07.861AM UTC]  EntityDamageByEntityEvent was triggered by damaged PLAYER Akukis, damager ZOMBIE Zombie and cancelled false.
[May 04, 2026 02:25:08.563AM UTC]  EntityDamageByEntityEvent was triggered by damaged PLAYER Akukis, damager ZOMBIE Zombie and cancelled false.
[May 04, 2026 02:25:08.795AM UTC]  EntityDamageByEntityEvent was triggered by damaged ZOMBIE Zombie, damager PLAYER Akukis and cancelled false.
[May 04, 2026 02:25:09.495AM UTC]  EntityDamageByEntityEvent was triggered by damaged ZOMBIE Zombie, damager PLAYER Akukis and cancelled false.
[May 04, 2026 02:25:10.812AM UTC]  EntityDamageByEntityEvent was triggered by damaged PLAYER Akukis, damager ARROW Arrow and cancelled false.
[May 04, 2026 02:25:16.110AM UTC]  EntityDamageByEntityEvent was triggered by damaged PLAYER emi4553, damager ARROW Arrow and cancelled false.
[May 04, 2026 02:25:16.662AM UTC]  EntityDamageByEntityEvent was triggered by damaged PLAYER LITTLE_GHOTS, damager ARROW Arrow and cancelled false.
[May 04, 2026 02:25:17.466AM UTC]  EntityDamageByEntityEvent was triggered by damaged PLAYER LITTLE_GHOTS, damager ZOMBIE Zombie and cancelled false.
[May 04, 2026 02:25:18.060AM UTC]  EntityDamageByEntityEvent was triggered by damaged PLAYER LITTLE_GHOTS, damager ZOMBIE Zombie and cancelled false.
[May 04, 2026 02:25:19.296AM UTC]  EntityDamageByEntityEvent was triggered by damaged STRAY Stray, damager PLAYER Akukis and cancelled false.
[May 04, 2026 02:25:19.366AM UTC]  EntityDamageByEntityEvent was triggered by damaged PLAYER Akukis, damager ARROW Arrow and cancelled false.
[May 04, 2026 02:25:22.000AM UTC]  PlayerPunishEvent was triggered on Akukis with reason EXPIRE and cancelled true.
[May 04, 2026 02:25:22.000AM UTC]  PlayerUntagEvent was triggered on Akukis with reason EXPIRE and expire set to true.
[May 04, 2026 02:25:22.000AM UTC]  PlayerPunishEvent was triggered on emi4553 with reason EXPIRE and cancelled true.
[May 04, 2026 02:25:22.000AM UTC]  PlayerUntagEvent was triggered on emi4553 with reason EXPIRE and expire set to true.
[May 04, 2026 02:25:25.161AM UTC]  EntityDamageByEntityEvent was triggered by damaged PLAYER LITTLE_GHOTS, damager ZOMBIE Zombie and cancelled false.
[May 04, 2026 02:25:25.229AM UTC]  EntityDamageByEntityEvent was triggered by damaged ZOMBIE Zombie, damager PLAYER LITTLE_GHOTS and cancelled false.
[May 04, 2026 02:25:26.360AM UTC]  EntityDamageByEntityEvent was triggered by damaged PLAYER LITTLE_GHOTS, damager ZOMBIE Zombie and cancelled false.
[May 04, 2026 02:25:26.627AM UTC]  EntityDamageByEntityEvent was triggered by damaged ZOMBIE Zombie, damager PLAYER LITTLE_GHOTS and cancelled false.
[May 04, 2026 02:25:28.079AM UTC]  EntityDamageByEntityEvent was triggered by damaged ZOMBIE Zombie, damager PLAYER LITTLE_GHOTS and cancelled false.
[May 04, 2026 02:25:28.730AM UTC]  EntityDamageByEntityEvent was triggered by damaged ZOMBIE Zombie, damager PLAYER LITTLE_GHOTS and cancelled false.
[May 04, 2026 02:25:30.161AM UTC]  EntityDamageByEntityEvent was triggered by damaged PLAYER LITTLE_GHOTS, damager ZOMBIE Zombie and cancelled false.
[May 04, 2026 02:25:31.331AM UTC]  EntityDamageByEntityEvent was triggered by damaged ZOMBIE Zombie, damager PLAYER LITTLE_GHOTS and cancelled false.
[May 04, 2026 02:25:31.979AM UTC]  EntityDamageByEntityEvent was triggered by damaged ZOMBIE Zombie, damager PLAYER LITTLE_GHOTS and cancelled false.
[May 04, 2026 02:25:32.021AM UTC]  EntityDamageByEntityEvent was triggered by damaged PLAYER LITTLE_GHOTS, damager ZOMBIE Zombie and cancelled false.
[May 04, 2026 02:25:32.630AM UTC]  EntityDamageByEntityEvent was triggered by damaged ZOMBIE Zombie, damager PLAYER LITTLE_GHOTS and cancelled false.
[May 04, 2026 02:25:35.848AM UTC]  EntityDamageByEntityEvent was triggered by damaged ZOMBIE Zombie, damager PLAYER emi4553 and cancelled false.
[May 04, 2026 02:25:36.794AM UTC]  EntityDamageByEntityEvent was triggered by damaged STRAY Stray, damager PLAYER Akukis and cancelled false.
[May 04, 2026 02:25:37.346AM UTC]  EntityDamageByEntityEvent was triggered by damaged STRAY Stray, damager PLAYER Akukis and cancelled false.
[May 04, 2026 02:25:37.913AM UTC]  EntityDamageByEntityEvent was triggered by damaged PLAYER Akukis, damager ARROW Arrow and cancelled false.
[May 04, 2026 02:25:38.365AM UTC]  EntityDamageByEntityEvent was triggered by damaged PLAYER emi4553, damager ARROW Arrow and cancelled false.
[May 04, 2026 02:25:39.063AM UTC]  EntityDamageByEntityEvent was triggered by damaged PLAYER emi4553, damager ARROW Arrow and cancelled false.
[May 04, 2026 02:25:39.596AM UTC]  EntityDamageByEntityEvent was triggered by damaged STRAY Stray, damager PLAYER Akukis and cancelled false.
[May 04, 2026 02:25:39.685AM UTC]  EntityDamageByEntityEvent was triggered by damaged STRAY Stray, damager PLAYER emi4553 and cancelled false.
[May 04, 2026 02:25:40.195AM UTC]  EntityDamageByEntityEvent was triggered by damaged STRAY Stray, damager PLAYER Akukis and cancelled false.
[May 04, 2026 02:25:40.364AM UTC]  EntityDamageByEntityEvent was triggered by damaged PLAYER Akukis, damager ARROW Arrow and cancelled false.
[May 04, 2026 02:25:40.745AM UTC]  EntityDamageByEntityEvent was triggered by damaged STRAY Stray, damager PLAYER Akukis and cancelled false.
[May 04, 2026 02:25:41.017AM UTC]  EntityDamageByEntityEvent was triggered by damaged PLAYER Akukis, damager ARROW Arrow and cancelled false.
[May 04, 2026 02:25:41.246AM UTC]  EntityDamageByEntityEvent was triggered by damaged STRAY Stray, damager PLAYER Akukis and cancelled false.
[May 04, 2026 02:25:41.964AM UTC]  EntityDamageByEntityEvent was triggered by damaged STRAY Stray, damager ARROW Arrow and cancelled false.
[May 04, 2026 02:25:42.115AM UTC]  EntityDamageByEntityEvent was triggered by damaged PLAYER emi4553, damager ZOMBIE Zombie and cancelled false.
[May 04, 2026 02:25:42.171AM UTC]  EntityDamageByEntityEvent was triggered by damaged STRAY Stray, damager PLAYER emi4553 and cancelled false.
[May 04, 2026 02:25:42.395AM UTC]  EntityDamageByEntityEvent was triggered by damaged STRAY Stray, damager PLAYER Akukis and cancelled false.
[May 04, 2026 02:25:42.650AM UTC]  EntityDamageByEntityEvent was triggered by damaged ZOMBIE Zombie, damager PLAYER emi4553 and cancelled false.
[May 04, 2026 02:25:42.945AM UTC]  EntityDamageByEntityEvent was triggered by damaged STRAY Stray, damager PLAYER Akukis and cancelled false.
[May 04, 2026 02:25:43.616AM UTC]  EntityDamageByEntityEvent was triggered by damaged PLAYER Akukis, damager ARROW Arrow and cancelled false.
[May 04, 2026 02:25:43.743AM UTC]  EntityDamageByEntityEvent was triggered by damaged STRAY Stray, damager PLAYER emi4553 and cancelled false.
[May 04, 2026 02:25:43.947AM UTC]  EntityDamageByEntityEvent was triggered by damaged STRAY Stray, damager PLAYER Akukis and cancelled false.
[May 04, 2026 02:25:44.264AM UTC]  EntityDamageByEntityEvent was triggered by damaged PLAYER emi4553, damager ARROW Arrow and cancelled false.
[May 04, 2026 02:25:45.595AM UTC]  EntityDamageByEntityEvent was triggered by damaged STRAY Stray, damager PLAYER Akukis and cancelled false.
[May 04, 2026 02:25:46.447AM UTC]  EntityDamageByEntityEvent was triggered by damaged STRAY Stray, damager PLAYER emi4553 and cancelled false.
[May 04, 2026 02:25:46.625AM UTC]  EntityDamageByEntityEvent was triggered by damaged PLAYER Akukis, damager ARROW Arrow and cancelled false.
[May 04, 2026 02:25:46.896AM UTC]  EntityDamageByEntityEvent was triggered by damaged STRAY Stray, damager PLAYER Akukis and cancelled false.
[May 04, 2026 02:25:48.115AM UTC]  EntityDamageByEntityEvent was triggered by damaged PLAYER Akukis, damager ARROW Arrow and cancelled false.
[May 04, 2026 02:25:48.894AM UTC]  EntityDamageByEntityEvent was triggered by damaged STRAY Stray, damager PLAYER Akukis and cancelled false.
[May 04, 2026 02:25:48.967AM UTC]  EntityDamageByEntityEvent was triggered by damaged PLAYER Akukis, damager ARROW Arrow and cancelled false.
[May 04, 2026 02:25:50.115AM UTC]  EntityDamageByEntityEvent was triggered by damaged PLAYER LITTLE_GHOTS, damager ARROW Arrow and cancelled false.
[May 04, 2026 02:25:50.545AM UTC]  EntityDamageByEntityEvent was triggered by damaged STRAY Stray, damager PLAYER Akukis and cancelled false.
[May 04, 2026 02:25:51.047AM UTC]  EntityDamageByEntityEvent was triggered by damaged STRAY Stray, damager PLAYER Akukis and cancelled false.
[May 04, 2026 02:25:51.964AM UTC]  EntityDamageByEntityEvent was triggered by damaged PLAYER Akukis, damager ARROW Arrow and cancelled false.
[May 04, 2026 02:25:53.145AM UTC]  EntityDamageByEntityEvent was triggered by damaged STRAY Stray, damager PLAYER Akukis and cancelled false.
[May 04, 2026 02:25:53.218AM UTC]  EntityDamageByEntityEvent was triggered by damaged PLAYER LITTLE_GHOTS, damager ARROW Arrow and cancelled false.
[May 04, 2026 02:25:53.746AM UTC]  EntityDamageByEntityEvent was triggered by damaged STRAY Stray, damager PLAYER Akukis and cancelled false.
[May 04, 2026 02:25:56.078AM UTC]  EntityDamageByEntityEvent was triggered by damaged STRAY Stray, damager PLAYER LITTLE_GHOTS and cancelled false.
[May 04, 2026 02:25:56.681AM UTC]  EntityDamageByEntityEvent was triggered by damaged STRAY Stray, damager PLAYER LITTLE_GHOTS and cancelled false.
[May 04, 2026 02:25:56.716AM UTC]  EntityDamageByEntityEvent was triggered by damaged PLAYER LITTLE_GHOTS, damager ARROW Arrow and cancelled false.
[May 04, 2026 02:25:57.226AM UTC]  EntityDamageByEntityEvent was triggered by damaged STRAY Stray, damager PLAYER LITTLE_GHOTS and cancelled false.
[May 04, 2026 02:25:59.177AM UTC]  EntityDamageByEntityEvent was triggered by damaged STRAY Stray, damager PLAYER LITTLE_GHOTS and cancelled false.
[May 04, 2026 02:25:59.664AM UTC]  EntityDamageByEntityEvent was triggered by damaged PLAYER LITTLE_GHOTS, damager ARROW Arrow and cancelled false.
[May 04, 2026 02:25:59.777AM UTC]  EntityDamageByEntityEvent was triggered by damaged STRAY Stray, damager PLAYER LITTLE_GHOTS and cancelled false.
[May 04, 2026 02:26:00.364AM UTC]  EntityDamageByEntityEvent was triggered by damaged PLAYER LITTLE_GHOTS, damager ARROW Arrow and cancelled false.
[May 04, 2026 02:26:03.273AM UTC]  EntityDamageByEntityEvent was triggered by damaged PLAYER LITTLE_GHOTS, damager ARROW Arrow and cancelled false.
[May 04, 2026 02:26:03.579AM UTC]  EntityDamageByEntityEvent was triggered by damaged STRAY Stray, damager PLAYER LITTLE_GHOTS and cancelled false.
[May 04, 2026 02:26:04.731AM UTC]  EntityDamageByEntityEvent was triggered by damaged STRAY Stray, damager PLAYER LITTLE_GHOTS and cancelled false.
[May 04, 2026 02:26:04.744AM UTC]  EntityDamageByEntityEvent was triggered by damaged STRAY Stray, damager PLAYER Akukis and cancelled false.
[May 04, 2026 02:26:05.380AM UTC]  EntityDamageByEntityEvent was triggered by damaged STRAY Stray, damager PLAYER LITTLE_GHOTS and cancelled false.
[May 04, 2026 02:26:07.896AM UTC]  EntityDamageByEntityEvent was triggered by damaged STRAY Stray, damager PLAYER Akukis and cancelled false.
[May 04, 2026 02:26:09.211AM UTC]  EntityDamageByEntityEvent was triggered by damaged PLAYER Akukis, damager ARROW Arrow and cancelled false.
[May 04, 2026 02:26:10.396AM UTC]  EntityDamageByEntityEvent was triggered by damaged STRAY Stray, damager PLAYER Akukis and cancelled false.
[May 04, 2026 02:26:10.811AM UTC]  EntityDamageByEntityEvent was triggered by damaged PLAYER Akukis, damager ARROW Arrow and cancelled false.
[May 04, 2026 02:26:10.945AM UTC]  EntityDamageByEntityEvent was triggered by damaged STRAY Stray, damager PLAYER Akukis and cancelled false.
[May 04, 2026 02:26:12.346AM UTC]  EntityDamageByEntityEvent was triggered by damaged STRAY Stray, damager PLAYER Akukis and cancelled false.
[May 04, 2026 02:26:13.497AM UTC]  EntityDamageByEntityEvent was triggered by damaged STRAY Stray, damager PLAYER Akukis and cancelled false.
[May 04, 2026 02:26:14.137AM UTC]  EntityDamageByEntityEvent was triggered by damaged STRAY Stray, damager PLAYER emi4553 and cancelled false.
[May 04, 2026 02:26:14.284AM UTC]  EntityDamageByEntityEvent was triggered by damaged STRAY Stray, damager PLAYER emi4553 and cancelled false.
[May 04, 2026 02:26:14.562AM UTC]  EntityDamageByEntityEvent was triggered by damaged PLAYER Akukis, damager ARROW Arrow and cancelled false.
[May 04, 2026 02:26:14.847AM UTC]  EntityDamageByEntityEvent was triggered by damaged STRAY Stray, damager PLAYER Akukis and cancelled false.
[May 04, 2026 02:26:15.647AM UTC]  EntityDamageByEntityEvent was triggered by damaged STRAY Stray, damager PLAYER Akukis and cancelled false.
[May 04, 2026 02:26:15.718AM UTC]  EntityDamageByEntityEvent was triggered by damaged PLAYER emi4553, damager ARROW Arrow and cancelled false.
[May 04, 2026 02:26:17.795AM UTC]  EntityDamageByEntityEvent was triggered by damaged STRAY Stray, damager PLAYER Akukis and cancelled false.
[May 04, 2026 02:26:17.839AM UTC]  EntityDamageByEntityEvent was triggered by damaged STRAY Stray, damager PLAYER emi4553 and cancelled false.
[May 04, 2026 02:26:18.314AM UTC]  EntityDamageByEntityEvent was triggered by damaged PLAYER Akukis, damager ARROW Arrow and cancelled false.
[May 04, 2026 02:26:18.345AM UTC]  EntityDamageByEntityEvent was triggered by damaged STRAY Stray, damager PLAYER Akukis and cancelled false.
[May 04, 2026 02:26:20.510AM UTC]  EntityDamageByEntityEvent was triggered by damaged PLAYER Akukis, damager ARROW Arrow and cancelled false.
[May 04, 2026 02:26:21.812AM UTC]  EntityDamageByEntityEvent was triggered by damaged PLAYER emi4553, damager ARROW Arrow and cancelled false.
[May 04, 2026 02:26:23.262AM UTC]  EntityDamageByEntityEvent was triggered by damaged STRAY Stray, damager PLAYER emi4553 and cancelled false.
[May 04, 2026 02:26:23.545AM UTC]  EntityDamageByEntityEvent was triggered by damaged STRAY Stray, damager PLAYER emi4553 and cancelled false.
[May 04, 2026 02:26:47.012AM UTC]  EntityDamageByEntityEvent was triggered by damaged PLAYER LITTLE_GHOTS, damager ENDER_PEARL Thrown Ender Pearl and cancelled false.
[May 04, 2026 02:26:55.995AM UTC]  PlayerPreTagEvent was triggered on Akukis by LITTLE_GHOTS with type PLAYER, reason ATTACKER, and cancelled false.
[May 04, 2026 02:26:55.996AM UTC]  PlayerTagEvent was triggered on Akukis by LITTLE_GHOTS with type PLAYER and reason ATTACKER.
[May 04, 2026 02:26:55.996AM UTC]  PlayerPreTagEvent was triggered on LITTLE_GHOTS by Akukis with type PLAYER, reason ATTACKED, and cancelled false.
[May 04, 2026 02:26:55.996AM UTC]  PlayerTagEvent was triggered on LITTLE_GHOTS by Akukis with type PLAYER and reason ATTACKED.
[May 04, 2026 02:26:55.997AM UTC]  EntityDamageByEntityEvent was triggered by damaged PLAYER LITTLE_GHOTS, damager PLAYER Akukis and cancelled false.
[May 04, 2026 02:27:16.000AM UTC]  PlayerPunishEvent was triggered on Akukis with reason EXPIRE and cancelled true.
[May 04, 2026 02:27:16.038AM UTC]  PlayerUntagEvent was triggered on Akukis with reason EXPIRE and expire set to true.
[May 04, 2026 02:27:16.038AM UTC]  PlayerPunishEvent was triggered on LITTLE_GHOTS with reason EXPIRE and cancelled true.
[May 04, 2026 02:27:16.038AM UTC]  PlayerUntagEvent was triggered on LITTLE_GHOTS with reason EXPIRE and expire set to true.
[May 04, 2026 02:27:24.187AM UTC]  EntityDamageByEntityEvent was triggered by damaged PLAYER LITTLE_GHOTS, damager ENDER_PEARL Thrown Ender Pearl and cancelled false.
[May 04, 2026 02:27:38.849AM UTC]  PlayerPreTagEvent was triggered on Akukis by emi4553 with type PLAYER, reason ATTACKER, and cancelled false.
[May 04, 2026 02:27:38.850AM UTC]  PlayerTagEvent was triggered on Akukis by emi4553 with type PLAYER and reason ATTACKER.
[May 04, 2026 02:27:38.850AM UTC]  PlayerPreTagEvent was triggered on emi4553 by Akukis with type PLAYER, reason ATTACKED, and cancelled false.
[May 04, 2026 02:27:38.851AM UTC]  PlayerTagEvent was triggered on emi4553 by Akukis with type PLAYER and reason ATTACKED.
[May 04, 2026 02:27:38.851AM UTC]  EntityDamageByEntityEvent was triggered by damaged PLAYER emi4553, damager PLAYER Akukis and cancelled false.
[May 04, 2026 02:27:42.096AM UTC]  PlayerPreTagEvent was triggered on Akukis by emi4553 with type PLAYER, reason ATTACKER, and cancelled false.
[May 04, 2026 02:27:42.096AM UTC]  PlayerReTagEvent was triggered on Akukis by emi4553 with type PLAYER and reason ATTACKER.
[May 04, 2026 02:27:42.097AM UTC]  PlayerPreTagEvent was triggered on emi4553 by Akukis with type PLAYER, reason ATTACKED, and cancelled false.
[May 04, 2026 02:27:42.097AM UTC]  PlayerReTagEvent was triggered on emi4553 by Akukis with type PLAYER and reason ATTACKED.
[May 04, 2026 02:27:42.098AM UTC]  EntityDamageByEntityEvent was triggered by damaged PLAYER emi4553, damager PLAYER Akukis and cancelled false.
[May 04, 2026 02:27:58.668AM UTC]  EntityDamageByEntityEvent was triggered by damaged PLAYER LITTLE_GHOTS, damager BREEZE_WIND_CHARGE Wind Charge and cancelled false.
[May 04, 2026 02:28:00.735AM UTC]  EntityDamageByEntityEvent was triggered by damaged SPIDER Spider, damager PLAYER .Elaxelinsan0 and cancelled false.
[May 04, 2026 02:28:01.267AM UTC]  EntityDamageByEntityEvent was triggered by damaged SPIDER Spider, damager PLAYER .Elaxelinsan0 and cancelled false.
[May 04, 2026 02:28:01.578AM UTC]  EntityDamageByEntityEvent was triggered by damaged PLAYER LITTLE_GHOTS, damager BREEZE_WIND_CHARGE Wind Charge and cancelled false.
[May 04, 2026 02:28:01.688AM UTC]  EntityDamageByEntityEvent was triggered by damaged SPIDER Spider, damager PLAYER .Elaxelinsan0 and cancelled false.
[May 04, 2026 02:28:01.834AM UTC]  EntityDamageByEntityEvent was triggered by damaged BREEZE Breeze, damager PLAYER LITTLE_GHOTS and cancelled false.
[May 04, 2026 02:28:01.865AM UTC]  EntityDamageByEntityEvent was triggered by damaged SPIDER Spider, damager PLAYER .Elaxelinsan0 and cancelled false.
[May 04, 2026 02:28:02.069AM UTC]  EntityDamageByEntityEvent was triggered by damaged SPIDER Spider, damager PLAYER .Elaxelinsan0 and cancelled false.
[May 04, 2026 02:28:02.500AM UTC]  PlayerPunishEvent was triggered on Akukis with reason EXPIRE and cancelled true.
[May 04, 2026 02:28:02.501AM UTC]  PlayerUntagEvent was triggered on Akukis with reason EXPIRE and expire set to true.
[May 04, 2026 02:28:02.501AM UTC]  PlayerPunishEvent was triggered on emi4553 with reason EXPIRE and cancelled true.
[May 04, 2026 02:28:02.501AM UTC]  PlayerUntagEvent was triggered on emi4553 with reason EXPIRE and expire set to true.
[May 04, 2026 02:28:02.848AM UTC]  EntityDamageByEntityEvent was triggered by damaged BREEZE Breeze, damager PLAYER Akukis and cancelled false.
[May 04, 2026 02:28:03.498AM UTC]  EntityDamageByEntityEvent was triggered by damaged BREEZE Breeze, damager PLAYER Akukis and cancelled false.
[May 04, 2026 02:28:03.513AM UTC]  EntityDamageByEntityEvent was triggered by damaged PLAYER .Elaxelinsan0, damager SPIDER Spider and cancelled false.
[May 04, 2026 02:28:04.182AM UTC]  EntityDamageByEntityEvent was triggered by damaged SPIDER Spider, damager PLAYER .Elaxelinsan0 and cancelled false.
[May 04, 2026 02:28:04.921AM UTC]  EntityDamageByEntityEvent was triggered by damaged PLAYER LITTLE_GHOTS, damager BREEZE_WIND_CHARGE Wind Charge and cancelled false.
[May 04, 2026 02:28:06.519AM UTC]  EntityDamageByEntityEvent was triggered by damaged SPIDER Spider, damager PLAYER .Elaxelinsan0 and cancelled false.
[May 04, 2026 02:28:06.546AM UTC]  EntityDamageByEntityEvent was triggered by damaged BREEZE_WIND_CHARGE Wind Charge, damager PLAYER Akukis and cancelled false.
[May 04, 2026 02:28:06.561AM UTC]  EntityDamageByEntityEvent was triggered by damaged PLAYER .Elaxelinsan0, damager SPIDER Spider and cancelled false.
[May 04, 2026 02:28:07.096AM UTC]  EntityDamageByEntityEvent was triggered by damaged BREEZE Breeze, damager PLAYER Akukis and cancelled false.
[May 04, 2026 02:28:07.381AM UTC]  PlayerPreTagEvent was triggered on LITTLE_GHOTS by Akukis with type PLAYER, reason ATTACKER, and cancelled false.
[May 04, 2026 02:28:07.382AM UTC]  PlayerTagEvent was triggered on LITTLE_GHOTS by Akukis with type PLAYER and reason ATTACKER.
[May 04, 2026 02:28:07.382AM UTC]  PlayerPreTagEvent was triggered on Akukis by LITTLE_GHOTS with type PLAYER, reason ATTACKED, and cancelled false.
[May 04, 2026 02:28:07.382AM UTC]  PlayerTagEvent was triggered on Akukis by LITTLE_GHOTS with type PLAYER and reason ATTACKED.
[May 04, 2026 02:28:07.383AM UTC]  EntityDamageByEntityEvent was triggered by damaged PLAYER Akukis, damager PLAYER LITTLE_GHOTS and cancelled false.
[May 04, 2026 02:28:07.992AM UTC]  EntityDamageByEntityEvent was triggered by damaged SPIDER Spider, damager PLAYER .Elaxelinsan0 and cancelled false.
[May 04, 2026 02:28:09.065AM UTC]  EntityDamageByEntityEvent was triggered by damaged PLAYER LITTLE_GHOTS, damager BREEZE_WIND_CHARGE Wind Charge and cancelled false.
[May 04, 2026 02:28:09.297AM UTC]  PlayerPreTagEvent was triggered on Akukis by LITTLE_GHOTS with type PLAYER, reason ATTACKER, and cancelled false.
[May 04, 2026 02:28:09.297AM UTC]  PlayerReTagEvent was triggered on Akukis by LITTLE_GHOTS with type PLAYER and reason ATTACKER.
[May 04, 2026 02:28:09.297AM UTC]  PlayerPreTagEvent was triggered on LITTLE_GHOTS by Akukis with type PLAYER, reason ATTACKED, and cancelled false.
[May 04, 2026 02:28:09.297AM UTC]  PlayerReTagEvent was triggered on LITTLE_GHOTS by Akukis with type PLAYER and reason ATTACKED.
[May 04, 2026 02:28:09.297AM UTC]  EntityDamageByEntityEvent was triggered by damaged PLAYER LITTLE_GHOTS, damager PLAYER Akukis and cancelled false.
[May 04, 2026 02:28:09.611AM UTC]  EntityDamageByEntityEvent was triggered by damaged PLAYER .Elaxelinsan0, damager SPIDER Spider and cancelled false.
[May 04, 2026 02:28:10.026AM UTC]  EntityDamageByEntityEvent was triggered by damaged SPIDER Spider, damager PLAYER .Elaxelinsan0 and cancelled false.
[May 04, 2026 02:28:11.798AM UTC]  EntityDamageByEntityEvent was triggered by damaged BREEZE_WIND_CHARGE Wind Charge, damager PLAYER Akukis and cancelled false.
[May 04, 2026 02:28:12.017AM UTC]  EntityDamageByEntityEvent was triggered by damaged PLAYER LITTLE_GHOTS, damager BREEZE_WIND_CHARGE Wind Charge and cancelled false.
[May 04, 2026 02:28:13.348AM UTC]  EntityDamageByEntityEvent was triggered by damaged BREEZE Breeze, damager PLAYER Akukis and cancelled false.
[May 04, 2026 02:28:13.820AM UTC]  EntityDamageByEntityEvent was triggered by damaged PLAYER LITTLE_GHOTS, damager BREEZE_WIND_CHARGE Wind Charge and cancelled false.
[May 04, 2026 02:28:15.548AM UTC]  EntityDamageByEntityEvent was triggered by damaged BREEZE Breeze, damager PLAYER Akukis and cancelled false.
[May 04, 2026 02:28:17.184AM UTC]  EntityDamageByEntityEvent was triggered by damaged BREEZE Breeze, damager PLAYER LITTLE_GHOTS and cancelled false.
[May 04, 2026 02:28:17.214AM UTC]  EntityDamageByEntityEvent was triggered by damaged PLAYER LITTLE_GHOTS, damager BREEZE_WIND_CHARGE Wind Charge and cancelled false.
[May 04, 2026 02:28:21.878AM UTC]  EntityDamageByEntityEvent was triggered by damaged BREEZE_WIND_CHARGE Wind Charge, damager PLAYER LITTLE_GHOTS and cancelled false.
[May 04, 2026 02:28:22.329AM UTC]  EntityDamageByEntityEvent was triggered by damaged BREEZE Breeze, damager PLAYER LITTLE_GHOTS and cancelled false.
[May 04, 2026 02:28:23.181AM UTC]  EntityDamageByEntityEvent was triggered by damaged BREEZE Breeze, damager PLAYER LITTLE_GHOTS and cancelled false.
[May 04, 2026 02:28:23.247AM UTC]  EntityDamageByEntityEvent was triggered by damaged BREEZE Breeze, damager PLAYER Akukis and cancelled false.
[May 04, 2026 02:28:23.834AM UTC]  EntityDamageByEntityEvent was triggered by damaged BREEZE Breeze, damager PLAYER LITTLE_GHOTS and cancelled false.
[May 04, 2026 02:28:24.117AM UTC]  EntityDamageByEntityEvent was triggered by damaged PLAYER emi4553, damager BREEZE_WIND_CHARGE Wind Charge and cancelled false.
[May 04, 2026 02:28:25.978AM UTC]  EntityDamageByEntityEvent was triggered by damaged BREEZE Breeze, damager PLAYER LITTLE_GHOTS and cancelled false.
[May 04, 2026 02:28:27.096AM UTC]  EntityDamageByEntityEvent was triggered by damaged BREEZE Breeze, damager PLAYER Akukis and cancelled false.
[May 04, 2026 02:28:29.500AM UTC]  PlayerPunishEvent was triggered on Akukis with reason EXPIRE and cancelled true.
[May 04, 2026 02:28:29.500AM UTC]  PlayerUntagEvent was triggered on Akukis with reason EXPIRE and expire set to true.
[May 04, 2026 02:28:29.500AM UTC]  PlayerPunishEvent was triggered on LITTLE_GHOTS with reason EXPIRE and cancelled true.
[May 04, 2026 02:28:29.500AM UTC]  PlayerUntagEvent was triggered on LITTLE_GHOTS with reason EXPIRE and expire set to true.
[May 04, 2026 02:28:30.048AM UTC]  PlayerPreTagEvent was triggered on Akukis by LITTLE_GHOTS with type PLAYER, reason ATTACKER, and cancelled false.
[May 04, 2026 02:28:30.049AM UTC]  PlayerTagEvent was triggered on Akukis by LITTLE_GHOTS with type PLAYER and reason ATTACKER.
[May 04, 2026 02:28:30.049AM UTC]  PlayerPreTagEvent was triggered on LITTLE_GHOTS by Akukis with type PLAYER, reason ATTACKED, and cancelled false.
[May 04, 2026 02:28:30.049AM UTC]  PlayerTagEvent was triggered on LITTLE_GHOTS by Akukis with type PLAYER and reason ATTACKED.
[May 04, 2026 02:28:30.050AM UTC]  EntityDamageByEntityEvent was triggered by damaged PLAYER LITTLE_GHOTS, damager PLAYER Akukis and cancelled false.
[May 04, 2026 02:28:50.500AM UTC]  PlayerPunishEvent was triggered on Akukis with reason EXPIRE and cancelled true.
[May 04, 2026 02:28:50.500AM UTC]  PlayerUntagEvent was triggered on Akukis with reason EXPIRE and expire set to true.
[May 04, 2026 02:28:50.501AM UTC]  PlayerPunishEvent was triggered on LITTLE_GHOTS with reason EXPIRE and cancelled true.
[May 04, 2026 02:28:50.501AM UTC]  PlayerUntagEvent was triggered on LITTLE_GHOTS with reason EXPIRE and expire set to true.
[May 04, 2026 02:31:45.871AM UTC]  EntityDamageByEntityEvent was triggered by damaged SKELETON Skeleton, damager ARROW Arrow and cancelled false.
[May 04, 2026 02:31:46.067AM UTC]  EntityDamageByEntityEvent was triggered by damaged PLAYER .Elaxelinsan0, damager ARROW Arrow and cancelled false.
[May 04, 2026 02:31:46.469AM UTC]  EntityDamageByEntityEvent was triggered by damaged SKELETON Skeleton, damager ARROW Arrow and cancelled false.
[May 04, 2026 02:31:46.616AM UTC]  EntityDamageByEntityEvent was triggered by damaged SKELETON Skeleton, damager ARROW Arrow and cancelled false.
[May 04, 2026 02:31:49.516AM UTC]  EntityDamageByEntityEvent was triggered by damaged SKELETON Skeleton, damager ARROW Arrow and cancelled false.
[May 04, 2026 02:31:52.515AM UTC]  EntityDamageByEntityEvent was triggered by damaged SKELETON Skeleton, damager ARROW Arrow and cancelled false.
[May 04, 2026 02:31:54.916AM UTC]  EntityDamageByEntityEvent was triggered by damaged SKELETON Skeleton, damager ARROW Arrow and cancelled false.
[May 04, 2026 02:31:58.964AM UTC]  EntityDamageByEntityEvent was triggered by damaged SKELETON Skeleton, damager ARROW Arrow and cancelled false.
[May 04, 2026 02:32:00.965AM UTC]  EntityDamageByEntityEvent was triggered by damaged SKELETON Skeleton, damager ARROW Arrow and cancelled false.
[May 04, 2026 02:32:03.913AM UTC]  EntityDamageByEntityEvent was triggered by damaged SKELETON Skeleton, damager ARROW Arrow and cancelled false.
[May 04, 2026 02:32:09.364AM UTC]  EntityDamageByEntityEvent was triggered by damaged PLAYER .Elaxelinsan0, damager ARROW Arrow and cancelled false.
[May 04, 2026 02:34:30.663AM UTC]  EntityDamageByEntityEvent was triggered by damaged PLAYER LITTLE_GHOTS, damager PLAYER emi4553 and cancelled true.
[May 04, 2026 02:34:35.742AM UTC]  EntityDamageByEntityEvent was triggered by damaged PLAYER emi4553, damager PLAYER LITTLE_GHOTS and cancelled true.
[May 04, 2026 02:34:40.092AM UTC]  PlayerPreTagEvent was triggered on emi4553 by LITTLE_GHOTS with type PLAYER, reason ATTACKER, and cancelled false.
[May 04, 2026 02:34:40.093AM UTC]  PlayerTagEvent was triggered on emi4553 by LITTLE_GHOTS with type PLAYER and reason ATTACKER.
[May 04, 2026 02:34:40.093AM UTC]  PlayerPreTagEvent was triggered on LITTLE_GHOTS by emi4553 with type PLAYER, reason ATTACKED, and cancelled false.
[May 04, 2026 02:34:40.093AM UTC]  PlayerTagEvent was triggered on LITTLE_GHOTS by emi4553 with type PLAYER and reason ATTACKED.
[May 04, 2026 02:34:40.093AM UTC]  EntityDamageByEntityEvent was triggered by damaged PLAYER LITTLE_GHOTS, damager PLAYER emi4553 and cancelled false.
[May 04, 2026 02:35:00.500AM UTC]  PlayerPunishEvent was triggered on emi4553 with reason EXPIRE and cancelled true.
[May 04, 2026 02:35:00.500AM UTC]  PlayerUntagEvent was triggered on emi4553 with reason EXPIRE and expire set to true.
[May 04, 2026 02:35:00.500AM UTC]  PlayerPunishEvent was triggered on LITTLE_GHOTS with reason EXPIRE and cancelled true.
[May 04, 2026 02:35:00.500AM UTC]  PlayerUntagEvent was triggered on LITTLE_GHOTS with reason EXPIRE and expire set to true.
[May 04, 2026 02:37:18.313AM UTC]  EntityDamageByEntityEvent was triggered by damaged PLAYER cinco5en5, damager ZOMBIE_VILLAGER Zombie Villager and cancelled false.
[May 04, 2026 02:37:19.165AM UTC]  EntityDamageByEntityEvent was triggered by damaged PLAYER cinco5en5, damager ZOMBIE_VILLAGER Zombie Villager and cancelled false.
[May 04, 2026 02:37:20.160AM UTC]  EntityDamageByEntityEvent was triggered by damaged PLAYER cinco5en5, damager ZOMBIE_VILLAGER Zombie Villager and cancelled false.
[May 04, 2026 02:37:21.719AM UTC]  EntityDamageByEntityEvent was triggered by damaged CREEPER Creeper, damager PLAYER emi4553 and cancelled false.
[May 04, 2026 02:37:28.110AM UTC]  EntityDamageByEntityEvent was triggered by damaged PLAYER cinco5en5, damager SPIDER Spider and cancelled false.
[May 04, 2026 02:37:29.516AM UTC]  EntityDamageByEntityEvent was triggered by damaged PLAYER cinco5en5, damager SPIDER Spider and cancelled false.
[May 04, 2026 02:38:36.044AM UTC]  PlayerPreTagEvent was triggered on LITTLE_GHOTS by Akukis with type PLAYER, reason ATTACKER, and cancelled false.
[May 04, 2026 02:38:36.045AM UTC]  PlayerTagEvent was triggered on LITTLE_GHOTS by Akukis with type PLAYER and reason ATTACKER.
[May 04, 2026 02:38:36.045AM UTC]  PlayerPreTagEvent was triggered on Akukis by LITTLE_GHOTS with type PLAYER, reason ATTACKED, and cancelled false.
[May 04, 2026 02:38:36.045AM UTC]  PlayerTagEvent was triggered on Akukis by LITTLE_GHOTS with type PLAYER and reason ATTACKED.
[May 04, 2026 02:38:36.045AM UTC]  EntityDamageByEntityEvent was triggered by damaged PLAYER Akukis, damager PLAYER LITTLE_GHOTS and cancelled false.
[May 04, 2026 02:38:43.263AM UTC]  EntityDamageByEntityEvent was triggered by damaged PLAYER LITTLE_GHOTS, damager ENDER_PEARL Thrown Ender Pearl and cancelled false.
[May 04, 2026 02:38:56.500AM UTC]  PlayerPunishEvent was triggered on Akukis with reason EXPIRE and cancelled true.
[May 04, 2026 02:38:56.500AM UTC]  PlayerUntagEvent was triggered on Akukis with reason EXPIRE and expire set to true.
[May 04, 2026 02:38:56.500AM UTC]  PlayerPunishEvent was triggered on LITTLE_GHOTS with reason EXPIRE and cancelled true.
[May 04, 2026 02:38:56.501AM UTC]  PlayerUntagEvent was triggered on LITTLE_GHOTS with reason EXPIRE and expire set to true.
[May 04, 2026 02:38:58.211AM UTC]  EntityDamageByEntityEvent was triggered by damaged PLAYER Akukis, damager SNOWBALL Snowball and cancelled false.
[May 04, 2026 02:38:58.761AM UTC]  EntityDamageByEntityEvent was triggered by damaged PLAYER Akukis, damager SNOWBALL Snowball and cancelled false.
[May 04, 2026 02:38:58.913AM UTC]  EntityDamageByEntityEvent was triggered by damaged PLAYER Akukis, damager SNOWBALL Snowball and cancelled false.
[May 04, 2026 02:39:09.609AM UTC]  EntityDamageByEntityEvent was triggered by damaged PLAYER cinco5en5, damager ARROW Arrow and cancelled false.
[May 04, 2026 02:39:18.610AM UTC]  EntityDamageByEntityEvent was triggered by damaged PLAYER LITTLE_GHOTS, damager ENDER_PEARL Thrown Ender Pearl and cancelled false.
[May 04, 2026 02:39:24.271AM UTC]  EntityDamageByEntityEvent was triggered by damaged CREEPER Creeper, damager PLAYER cinco5en5 and cancelled false.
[May 04, 2026 02:39:24.870AM UTC]  EntityDamageByEntityEvent was triggered by damaged CREEPER Creeper, damager PLAYER cinco5en5 and cancelled false.
[May 04, 2026 02:39:25.211AM UTC]  EntityDamageByEntityEvent was triggered by damaged PLAYER cinco5en5, damager CREEPER Creeper and cancelled false.
[May 04, 2026 02:39:35.820AM UTC]  EntityDamageByEntityEvent was triggered by damaged CREEPER Creeper, damager PLAYER cinco5en5 and cancelled false.
[May 04, 2026 02:39:37.064AM UTC]  EntityDamageByEntityEvent was triggered by damaged PLAYER cinco5en5, damager CREEPER Creeper and cancelled false.
[May 04, 2026 02:39:37.064AM UTC]  EntityDamageByEntityEvent was triggered by damaged ZOMBIE Zombie, damager CREEPER Creeper and cancelled false.
[May 04, 2026 02:39:56.025AM UTC]  EntityDamageByEntityEvent was triggered by damaged PLAYER cinco5en5, damager SPIDER Spider and cancelled false.
[May 04, 2026 02:39:56.726AM UTC]  EntityDamageByEntityEvent was triggered by damaged CREEPER Creeper, damager PLAYER cinco5en5 and cancelled false.
[May 04, 2026 02:39:57.248AM UTC]  EntityDamageByEntityEvent was triggered by damaged CREEPER Creeper, damager PLAYER cinco5en5 and cancelled false.
[May 04, 2026 02:39:57.333AM UTC]  EntityDamageByEntityEvent was triggered by damaged PLAYER cinco5en5, damager SPIDER Spider and cancelled false.
[May 04, 2026 02:39:57.484AM UTC]  EntityDamageByEntityEvent was triggered by damaged PLAYER cinco5en5, damager CREEPER Creeper and cancelled false.
[May 04, 2026 02:39:57.484AM UTC]  EntityDamageByEntityEvent was triggered by damaged SPIDER Spider, damager CREEPER Creeper and cancelled false.
[May 04, 2026 02:39:58.328AM UTC]  EntityDamageByEntityEvent was triggered by damaged PLAYER cinco5en5, damager SPIDER Spider and cancelled false.
[May 04, 2026 02:40:41.164AM UTC]  EntityDamageByEntityEvent was triggered by damaged PLAYER cinco5en5, damager ZOMBIE Zombie and cancelled false.
[May 04, 2026 02:40:42.074AM UTC]  EntityDamageByEntityEvent was triggered by damaged PLAYER cinco5en5, damager ZOMBIE Zombie and cancelled false.
[May 04, 2026 02:40:43.979AM UTC]  EntityDamageByEntityEvent was triggered by damaged PLAYER cinco5en5, damager ZOMBIE Zombie and cancelled false.
[May 04, 2026 02:40:45.424AM UTC]  EntityDamageByEntityEvent was triggered by damaged PLAYER cinco5en5, damager ZOMBIE Zombie and cancelled false.
[May 04, 2026 02:40:50.436AM UTC]  EntityDamageByEntityEvent was triggered by damaged PLAYER cinco5en5, damager ZOMBIE Zombie and cancelled false.
[May 04, 2026 02:40:51.528AM UTC]  EntityDamageByEntityEvent was triggered by damaged PLAYER cinco5en5, damager ZOMBIE Zombie and cancelled false.
[May 04, 2026 02:40:52.788AM UTC]  EntityDamageByEntityEvent was triggered by damaged PLAYER .Elaxelinsan0, damager ARROW Arrow and cancelled false.
[May 04, 2026 02:41:12.211AM UTC]  EntityDamageByEntityEvent was triggered by damaged PLAYER .Elaxelinsan0, damager ARROW Arrow and cancelled false.
[May 04, 2026 02:41:44.260AM UTC]  EntityDamageByEntityEvent was triggered by damaged PLAYER cinco5en5, damager CREEPER Creeper and cancelled false.
[May 04, 2026 02:41:58.726AM UTC]  EntityDamageByEntityEvent was triggered by damaged ZOMBIE Zombie, damager PLAYER cinco5en5 and cancelled false.
[May 04, 2026 02:42:00.474AM UTC]  EntityDamageByEntityEvent was triggered by damaged ZOMBIE Zombie, damager PLAYER cinco5en5 and cancelled false.
[May 04, 2026 02:42:02.175AM UTC]  EntityDamageByEntityEvent was triggered by damaged ZOMBIE Zombie, damager PLAYER cinco5en5 and cancelled false.
[May 04, 2026 02:42:15.260AM UTC]  EntityDamageByEntityEvent was triggered by damaged PLAYER .Elaxelinsan0, damager ARROW Arrow and cancelled false.
[May 04, 2026 02:42:18.310AM UTC]  EntityDamageByEntityEvent was triggered by damaged PLAYER .Elaxelinsan0, damager ARROW Arrow and cancelled false.
[May 04, 2026 02:42:21.360AM UTC]  EntityDamageByEntityEvent was triggered by damaged PLAYER .Elaxelinsan0, damager ARROW Arrow and cancelled false.
[May 04, 2026 02:42:22.530AM UTC]  EntityDamageByEntityEvent was triggered by damaged SKELETON Skeleton, damager PLAYER .Elaxelinsan0 and cancelled false.
[May 04, 2026 02:42:23.032AM UTC]  EntityDamageByEntityEvent was triggered by damaged SKELETON Skeleton, damager PLAYER .Elaxelinsan0 and cancelled false.
[May 04, 2026 02:42:25.160AM UTC]  EntityDamageByEntityEvent was triggered by damaged PLAYER cinco5en5, damager ZOMBIE Zombie and cancelled false.
[May 04, 2026 02:42:26.059AM UTC]  EntityDamageByEntityEvent was triggered by damaged PLAYER cinco5en5, damager ZOMBIE Zombie and cancelled false.
[May 04, 2026 02:42:36.977AM UTC]  EntityDamageByEntityEvent was triggered by damaged CREEPER Creeper, damager PLAYER cinco5en5 and cancelled false.
[May 04, 2026 02:42:37.527AM UTC]  EntityDamageByEntityEvent was triggered by damaged CREEPER Creeper, damager PLAYER cinco5en5 and cancelled false.
[May 04, 2026 02:42:38.127AM UTC]  EntityDamageByEntityEvent was triggered by damaged CREEPER Creeper, damager PLAYER cinco5en5 and cancelled false.
[May 04, 2026 02:42:50.879AM UTC]  EntityDamageByEntityEvent was triggered by damaged CREEPER Creeper, damager PLAYER cinco5en5 and cancelled false.
[May 04, 2026 02:42:51.478AM UTC]  EntityDamageByEntityEvent was triggered by damaged CREEPER Creeper, damager PLAYER cinco5en5 and cancelled false.
[May 04, 2026 02:42:55.477AM UTC]  EntityDamageByEntityEvent was triggered by damaged CREEPER Creeper, damager PLAYER cinco5en5 and cancelled false.
[May 04, 2026 02:42:56.078AM UTC]  EntityDamageByEntityEvent was triggered by damaged CREEPER Creeper, damager PLAYER cinco5en5 and cancelled false.
[May 04, 2026 02:43:01.178AM UTC]  EntityDamageByEntityEvent was triggered by damaged CREEPER Creeper, damager PLAYER cinco5en5 and cancelled false.
[May 04, 2026 02:43:01.727AM UTC]  EntityDamageByEntityEvent was triggered by damaged CREEPER Creeper, damager PLAYER cinco5en5 and cancelled false.
[May 04, 2026 02:43:02.327AM UTC]  EntityDamageByEntityEvent was triggered by damaged CREEPER Creeper, damager PLAYER cinco5en5 and cancelled false.
[May 04, 2026 02:43:06.178AM UTC]  EntityDamageByEntityEvent was triggered by damaged CREEPER Creeper, damager PLAYER cinco5en5 and cancelled false.
[May 04, 2026 02:43:06.779AM UTC]  EntityDamageByEntityEvent was triggered by damaged CREEPER Creeper, damager PLAYER cinco5en5 and cancelled false.
[May 04, 2026 02:43:09.578AM UTC]  EntityDamageByEntityEvent was triggered by damaged CREEPER Creeper, damager PLAYER cinco5en5 and cancelled false.
[May 04, 2026 02:43:10.177AM UTC]  EntityDamageByEntityEvent was triggered by damaged CREEPER Creeper, damager PLAYER cinco5en5 and cancelled false.
[May 04, 2026 02:43:27.860AM UTC]  EntityDamageByEntityEvent was triggered by damaged PLAYER cinco5en5, damager ARROW Arrow and cancelled false.
[May 04, 2026 02:43:28.761AM UTC]  EntityDamageByEntityEvent was triggered by damaged PLAYER .Elaxelinsan0, damager ARROW Arrow and cancelled false.
[May 04, 2026 02:43:31.810AM UTC]  EntityDamageByEntityEvent was triggered by damaged PLAYER .Elaxelinsan0, damager ARROW Arrow and cancelled false.
[May 04, 2026 02:43:36.764AM UTC]  EntityDamageByEntityEvent was triggered by damaged PLAYER cinco5en5, damager ARROW Arrow and cancelled false.
[May 04, 2026 02:43:39.560AM UTC]  EntityDamageByEntityEvent was triggered by damaged PLAYER cinco5en5, damager ARROW Arrow and cancelled false.
[May 04, 2026 02:43:39.732AM UTC]  EntityDamageByEntityEvent was triggered by damaged SKELETON Skeleton, damager PLAYER cinco5en5 and cancelled false.
[May 04, 2026 02:43:40.017AM UTC]  EntityDamageByEntityEvent was triggered by damaged SKELETON Skeleton, damager PLAYER .Elaxelinsan0 and cancelled false.
[May 04, 2026 02:43:40.643AM UTC]  EntityDamageByEntityEvent was triggered by damaged SKELETON Skeleton, damager PLAYER .Elaxelinsan0 and cancelled false.
[May 04, 2026 02:44:00.910AM UTC]  EntityDamageByEntityEvent was triggered by damaged PLAYER .Elaxelinsan0, damager ARROW Arrow and cancelled false.
[May 04, 2026 02:44:03.860AM UTC]  EntityDamageByEntityEvent was triggered by damaged PLAYER .Elaxelinsan0, damager ARROW Arrow and cancelled false.
[May 04, 2026 02:44:04.482AM UTC]  EntityDamageByEntityEvent was triggered by damaged SKELETON Skeleton, damager PLAYER .Elaxelinsan0 and cancelled false.
[May 04, 2026 02:44:04.964AM UTC]  EntityDamageByEntityEvent was triggered by damaged SKELETON Skeleton, damager PLAYER .Elaxelinsan0 and cancelled false.
[May 04, 2026 02:44:08.422AM UTC]  EntityDamageByEntityEvent was triggered by damaged SKELETON Skeleton, damager PLAYER .Elaxelinsan0 and cancelled false.
[May 04, 2026 02:44:09.910AM UTC]  EntityDamageByEntityEvent was triggered by damaged PLAYER .Elaxelinsan0, damager ARROW Arrow and cancelled false.
[May 04, 2026 02:44:12.399AM UTC]  EntityDamageByEntityEvent was triggered by damaged SKELETON Skeleton, damager PLAYER .Elaxelinsan0 and cancelled false.
[May 04, 2026 02:44:12.896AM UTC]  EntityDamageByEntityEvent was triggered by damaged SKELETON Skeleton, damager PLAYER .Elaxelinsan0 and cancelled false.
[May 04, 2026 02:44:12.911AM UTC]  EntityDamageByEntityEvent was triggered by damaged PLAYER .Elaxelinsan0, damager ARROW Arrow and cancelled false.
[May 04, 2026 02:44:54.062AM UTC]  EntityDamageByEntityEvent was triggered by damaged PLAYER .Elaxelinsan0, damager ARROW Arrow and cancelled false.
[May 04, 2026 02:44:57.112AM UTC]  EntityDamageByEntityEvent was triggered by damaged PLAYER .Elaxelinsan0, damager ARROW Arrow and cancelled false.
[May 04, 2026 02:45:00.012AM UTC]  EntityDamageByEntityEvent was triggered by damaged PLAYER .Elaxelinsan0, damager ARROW Arrow and cancelled false.
[May 04, 2026 02:45:02.112AM UTC]  EntityDamageByEntityEvent was triggered by damaged PLAYER .Elaxelinsan0, damager ARROW Arrow and cancelled false.
[May 04, 2026 02:45:02.764AM UTC]  EntityDamageByEntityEvent was triggered by damaged SKELETON Skeleton, damager PLAYER .Elaxelinsan0 and cancelled false.
[May 04, 2026 02:45:02.764AM UTC]  EntityDamageByEntityEvent was triggered by damaged SKELETON Skeleton, damager PLAYER .Elaxelinsan0 and cancelled false.
[May 04, 2026 02:45:05.015AM UTC]  EntityDamageByEntityEvent was triggered by damaged SKELETON Skeleton, damager ARROW Arrow and cancelled false.
[May 04, 2026 02:45:06.011AM UTC]  EntityDamageByEntityEvent was triggered by damaged PLAYER .Elaxelinsan0, damager ARROW Arrow and cancelled false.
[May 04, 2026 02:45:08.011AM UTC]  EntityDamageByEntityEvent was triggered by damaged PLAYER .Elaxelinsan0, damager ARROW Arrow and cancelled false.
[May 04, 2026 02:45:14.466AM UTC]  EntityDamageByEntityEvent was triggered by damaged SHEEP Sheep, damager PLAYER .Elaxelinsan0 and cancelled false.
[May 04, 2026 02:45:15.415AM UTC]  EntityDamageByEntityEvent was triggered by damaged SKELETON Skeleton, damager ARROW Arrow and cancelled false.
[May 04, 2026 02:45:15.470AM UTC]  EntityDamageByEntityEvent was triggered by damaged SHEEP Sheep, damager PLAYER .Elaxelinsan0 and cancelled false.
[May 04, 2026 02:45:15.970AM UTC]  EntityDamageByEntityEvent was triggered by damaged SHEEP Sheep, damager PLAYER .Elaxelinsan0 and cancelled false.
[May 04, 2026 02:45:16.471AM UTC]  EntityDamageByEntityEvent was triggered by damaged SHEEP Sheep, damager PLAYER .Elaxelinsan0 and cancelled false.
[May 04, 2026 02:45:16.914AM UTC]  EntityDamageByEntityEvent was triggered by damaged SKELETON Skeleton, damager ARROW Arrow and cancelled false.
[May 04, 2026 02:45:18.319AM UTC]  EntityDamageByEntityEvent was triggered by damaged SKELETON Skeleton, damager ARROW Arrow and cancelled false.
[May 04, 2026 02:45:21.013AM UTC]  EntityDamageByEntityEvent was triggered by damaged SKELETON Skeleton, damager ARROW Arrow and cancelled false.
[May 04, 2026 02:45:22.413AM UTC]  EntityDamageByEntityEvent was triggered by damaged SKELETON Skeleton, damager ARROW Arrow and cancelled false.
[May 04, 2026 02:45:25.469AM UTC]  EntityDamageByEntityEvent was triggered by damaged SKELETON Skeleton, damager ARROW Arrow and cancelled false.
[May 04, 2026 02:45:27.221AM UTC]  EntityDamageByEntityEvent was triggered by damaged SKELETON Skeleton, damager ARROW Arrow and cancelled false.
[May 04, 2026 02:45:28.524AM UTC]  EntityDamageByEntityEvent was triggered by damaged SKELETON Skeleton, damager ARROW Arrow and cancelled false.
[May 04, 2026 02:45:28.624AM UTC]  EntityDamageByEntityEvent was triggered by damaged SKELETON Skeleton, damager ARROW Arrow and cancelled false.
[May 04, 2026 02:45:32.641AM UTC]  EntityDamageByEntityEvent was triggered by damaged SHEEP Sheep, damager PLAYER .Elaxelinsan0 and cancelled false.
[May 04, 2026 02:45:34.618AM UTC]  EntityDamageByEntityEvent was triggered by damaged SKELETON Skeleton, damager ARROW Arrow and cancelled false.
[May 04, 2026 02:45:35.838AM UTC]  EntityDamageByEntityEvent was triggered by damaged SHEEP Sheep, damager PLAYER .Elaxelinsan0 and cancelled false.
[May 04, 2026 02:45:39.371AM UTC]  EntityDamageByEntityEvent was triggered by damaged SKELETON Skeleton, damager ARROW Arrow and cancelled false.
[May 04, 2026 02:45:39.394AM UTC]  EntityDamageByEntityEvent was triggered by damaged SHEEP Sheep, damager PLAYER .Elaxelinsan0 and cancelled false.
[May 04, 2026 02:45:42.372AM UTC]  EntityDamageByEntityEvent was triggered by damaged SKELETON Skeleton, damager ARROW Arrow and cancelled false.
[May 04, 2026 02:45:43.427AM UTC]  EntityDamageByEntityEvent was triggered by damaged SHEEP Sheep, damager PLAYER .Elaxelinsan0 and cancelled false.
[May 04, 2026 02:45:43.927AM UTC]  EntityDamageByEntityEvent was triggered by damaged SHEEP Sheep, damager PLAYER .Elaxelinsan0 and cancelled false.
[May 04, 2026 02:45:44.136AM UTC]  EntityDamageByEntityEvent was triggered by damaged SHEEP Sheep, damager PLAYER .Elaxelinsan0 and cancelled false.
[May 04, 2026 02:45:44.791AM UTC]  EntityDamageByEntityEvent was triggered by damaged SHEEP Sheep, damager PLAYER .Elaxelinsan0 and cancelled false.
[May 04, 2026 02:45:47.271AM UTC]  EntityDamageByEntityEvent was triggered by damaged SHEEP Sheep, damager PLAYER emi4553 and cancelled false.
[May 04, 2026 02:45:47.321AM UTC]  EntityDamageByEntityEvent was triggered by damaged SHEEP Sheep, damager WOLF Wolf and cancelled false.
[May 04, 2026 02:45:48.067AM UTC]  EntityDamageByEntityEvent was triggered by damaged SHEEP Sheep, damager WOLF Wolf and cancelled false.
[May 04, 2026 02:45:49.167AM UTC]  EntityDamageByEntityEvent was triggered by damaged SHEEP Sheep, damager WOLF Wolf and cancelled false.
[May 04, 2026 02:45:50.570AM UTC]  EntityDamageByEntityEvent was triggered by damaged SHEEP Sheep, damager WOLF Wolf and cancelled false.
[May 04, 2026 02:45:52.166AM UTC]  EntityDamageByEntityEvent was triggered by damaged SHEEP Sheep, damager WOLF Wolf and cancelled false.
[May 04, 2026 02:45:53.524AM UTC]  EntityDamageByEntityEvent was triggered by damaged SHEEP Sheep, damager WOLF Wolf and cancelled false.
[May 04, 2026 02:45:54.568AM UTC]  EntityDamageByEntityEvent was triggered by damaged SHEEP Sheep, damager WOLF Wolf and cancelled false.
[May 04, 2026 02:45:55.572AM UTC]  EntityDamageByEntityEvent was triggered by damaged SHEEP Sheep, damager WOLF Wolf and cancelled false.
[May 04, 2026 02:45:56.331AM UTC]  EntityDamageByEntityEvent was triggered by damaged SHEEP Sheep, damager PLAYER .Elaxelinsan0 and cancelled false.
[May 04, 2026 02:46:05.643AM UTC]  EntityDamageByEntityEvent was triggered by damaged SHEEP Sheep, damager PLAYER .Elaxelinsan0 and cancelled false.
[May 04, 2026 02:46:14.021AM UTC]  EntityDamageByEntityEvent was triggered by damaged SHEEP Sheep, damager PLAYER .Elaxelinsan0 and cancelled false.
[May 04, 2026 02:46:20.925AM UTC]  EntityDamageByEntityEvent was triggered by damaged SHEEP Sheep, damager PLAYER .Elaxelinsan0 and cancelled false.
[May 04, 2026 02:46:21.679AM UTC]  EntityDamageByEntityEvent was triggered by damaged SHEEP Sheep, damager PLAYER .Elaxelinsan0 and cancelled false.
[May 04, 2026 02:46:23.661AM UTC]  EntityDamageByEntityEvent was triggered by damaged PLAYER emi4553, damager ZOMBIE Zombie and cancelled false.
[May 04, 2026 02:46:23.825AM UTC]  EntityDamageByEntityEvent was triggered by damaged ZOMBIE Zombie, damager PLAYER emi4553 and cancelled false.
[May 04, 2026 02:46:24.164AM UTC]  EntityDamageByEntityEvent was triggered by damaged SHEEP Sheep, damager PLAYER .Elaxelinsan0 and cancelled false.
[May 04, 2026 02:46:25.481AM UTC]  EntityDamageByEntityEvent was triggered by damaged SHEEP Sheep, damager PLAYER .Elaxelinsan0 and cancelled false.
[May 04, 2026 02:46:30.500AM UTC]  PlayerPreTagEvent was triggered on emi4553 by LITTLE_GHOTS with type PLAYER, reason ATTACKER, and cancelled false.
[May 04, 2026 02:46:30.500AM UTC]  PlayerTagEvent was triggered on emi4553 by LITTLE_GHOTS with type PLAYER and reason ATTACKER.
[May 04, 2026 02:46:30.501AM UTC]  PlayerPreTagEvent was triggered on LITTLE_GHOTS by emi4553 with type PLAYER, reason ATTACKED, and cancelled false.
[May 04, 2026 02:46:30.501AM UTC]  PlayerTagEvent was triggered on LITTLE_GHOTS by emi4553 with type PLAYER and reason ATTACKED.
[May 04, 2026 02:46:30.501AM UTC]  EntityDamageByEntityEvent was triggered by damaged PLAYER LITTLE_GHOTS, damager PLAYER emi4553 and cancelled false.
[May 04, 2026 02:46:40.039AM UTC]  PlayerPreTagEvent was triggered on emi4553 by LITTLE_GHOTS with type PLAYER, reason ATTACKER, and cancelled false.
[May 04, 2026 02:46:40.039AM UTC]  PlayerReTagEvent was triggered on emi4553 by LITTLE_GHOTS with type PLAYER and reason ATTACKER.
[May 04, 2026 02:46:40.040AM UTC]  PlayerPreTagEvent was triggered on LITTLE_GHOTS by emi4553 with type PLAYER, reason ATTACKED, and cancelled false.
[May 04, 2026 02:46:40.040AM UTC]  PlayerReTagEvent was triggered on LITTLE_GHOTS by emi4553 with type PLAYER and reason ATTACKED.
[May 04, 2026 02:46:40.040AM UTC]  EntityDamageByEntityEvent was triggered by damaged PLAYER LITTLE_GHOTS, damager PLAYER emi4553 and cancelled false.
[May 04, 2026 02:46:43.115AM UTC]  PlayerPreTagEvent was triggered on emi4553 by LITTLE_GHOTS with type PLAYER, reason ATTACKER, and cancelled false.
[May 04, 2026 02:46:43.115AM UTC]  PlayerReTagEvent was triggered on emi4553 by LITTLE_GHOTS with type PLAYER and reason ATTACKER.
[May 04, 2026 02:46:43.115AM UTC]  PlayerPreTagEvent was triggered on LITTLE_GHOTS by emi4553 with type PLAYER, reason ATTACKED, and cancelled false.
[May 04, 2026 02:46:43.115AM UTC]  PlayerReTagEvent was triggered on LITTLE_GHOTS by emi4553 with type PLAYER and reason ATTACKED.
[May 04, 2026 02:46:43.116AM UTC]  EntityDamageByEntityEvent was triggered by damaged PLAYER LITTLE_GHOTS, damager PLAYER emi4553 and cancelled false.
[May 04, 2026 02:47:03.500AM UTC]  PlayerPunishEvent was triggered on emi4553 with reason EXPIRE and cancelled true.
[May 04, 2026 02:47:03.500AM UTC]  PlayerUntagEvent was triggered on emi4553 with reason EXPIRE and expire set to true.
[May 04, 2026 02:47:03.501AM UTC]  PlayerPunishEvent was triggered on LITTLE_GHOTS with reason EXPIRE and cancelled true.
[May 04, 2026 02:47:03.501AM UTC]  PlayerUntagEvent was triggered on LITTLE_GHOTS with reason EXPIRE and expire set to true.
[May 04, 2026 02:47:09.764AM UTC]  EntityDamageByEntityEvent was triggered by damaged CHICKEN Chicken, damager PLAYER LITTLE_GHOTS and cancelled false.
[May 04, 2026 02:47:13.863AM UTC]  EntityDamageByEntityEvent was triggered by damaged PIG Pig, damager PLAYER LITTLE_GHOTS and cancelled false.
[May 04, 2026 02:47:35.913AM UTC]  PlayerPreTagEvent was triggered on emi4553 by LITTLE_GHOTS with type PLAYER, reason ATTACKER, and cancelled false.
[May 04, 2026 02:47:35.914AM UTC]  PlayerTagEvent was triggered on emi4553 by LITTLE_GHOTS with type PLAYER and reason ATTACKER.
[May 04, 2026 02:47:35.914AM UTC]  PlayerPreTagEvent was triggered on LITTLE_GHOTS by emi4553 with type PLAYER, reason ATTACKED, and cancelled false.
[May 04, 2026 02:47:35.914AM UTC]  PlayerTagEvent was triggered on LITTLE_GHOTS by emi4553 with type PLAYER and reason ATTACKED.
[May 04, 2026 02:47:35.914AM UTC]  EntityDamageByEntityEvent was triggered by damaged PLAYER LITTLE_GHOTS, damager PLAYER emi4553 and cancelled false.
[May 04, 2026 02:47:35.915AM UTC]  PlayerPreTagEvent was triggered on LITTLE_GHOTS by emi4553 with type PLAYER, reason ATTACKER, and cancelled false.
[May 04, 2026 02:47:35.915AM UTC]  PlayerReTagEvent was triggered on LITTLE_GHOTS by emi4553 with type PLAYER and reason ATTACKER.
[May 04, 2026 02:47:35.915AM UTC]  PlayerPreTagEvent was triggered on emi4553 by LITTLE_GHOTS with type PLAYER, reason ATTACKED, and cancelled false.
[May 04, 2026 02:47:35.915AM UTC]  PlayerReTagEvent was triggered on emi4553 by LITTLE_GHOTS with type PLAYER and reason ATTACKED.
[May 04, 2026 02:47:35.915AM UTC]  EntityDamageByEntityEvent was triggered by damaged PLAYER emi4553, damager PLAYER LITTLE_GHOTS and cancelled false.
[May 04, 2026 02:47:56.000AM UTC]  PlayerPunishEvent was triggered on emi4553 with reason EXPIRE and cancelled true.
[May 04, 2026 02:47:56.000AM UTC]  PlayerUntagEvent was triggered on emi4553 with reason EXPIRE and expire set to true.
[May 04, 2026 02:47:56.000AM UTC]  PlayerPunishEvent was triggered on LITTLE_GHOTS with reason EXPIRE and cancelled true.
[May 04, 2026 02:47:56.001AM UTC]  PlayerUntagEvent was triggered on LITTLE_GHOTS with reason EXPIRE and expire set to true.
[May 04, 2026 02:47:59.165AM UTC]  PlayerPreTagEvent was triggered on emi4553 by LITTLE_GHOTS with type PLAYER, reason ATTACKER, and cancelled false.
[May 04, 2026 02:47:59.165AM UTC]  PlayerTagEvent was triggered on emi4553 by LITTLE_GHOTS with type PLAYER and reason ATTACKER.
[May 04, 2026 02:47:59.165AM UTC]  PlayerPreTagEvent was triggered on LITTLE_GHOTS by emi4553 with type PLAYER, reason ATTACKED, and cancelled false.
[May 04, 2026 02:47:59.166AM UTC]  PlayerTagEvent was triggered on LITTLE_GHOTS by emi4553 with type PLAYER and reason ATTACKED.
[May 04, 2026 02:47:59.166AM UTC]  EntityDamageByEntityEvent was triggered by damaged PLAYER LITTLE_GHOTS, damager PLAYER emi4553 and cancelled false.
[May 04, 2026 02:48:02.912AM UTC]  EntityDamageByEntityEvent was triggered by damaged SHEEP Sheep, damager PLAYER LITTLE_GHOTS and cancelled false.
[May 04, 2026 02:48:05.164AM UTC]  EntityDamageByEntityEvent was triggered by damaged SHEEP Sheep, damager PLAYER LITTLE_GHOTS and cancelled false.
[May 04, 2026 02:48:07.338AM UTC]  EntityDamageByEntityEvent was triggered by damaged SHEEP Sheep, damager PLAYER emi4553 and cancelled false.
[May 04, 2026 02:48:07.519AM UTC]  EntityDamageByEntityEvent was triggered by damaged SHEEP Sheep, damager PLAYER LITTLE_GHOTS and cancelled false.
[May 04, 2026 02:48:12.314AM UTC]  EntityDamageByEntityEvent was triggered by damaged PIG Pig, damager PLAYER LITTLE_GHOTS and cancelled false.
[May 04, 2026 02:48:19.500AM UTC]  PlayerPunishEvent was triggered on emi4553 with reason EXPIRE and cancelled true.
[May 04, 2026 02:48:19.500AM UTC]  PlayerUntagEvent was triggered on emi4553 with reason EXPIRE and expire set to true.
[May 04, 2026 02:48:19.500AM UTC]  PlayerPunishEvent was triggered on LITTLE_GHOTS with reason EXPIRE and cancelled true.
[May 04, 2026 02:48:19.500AM UTC]  PlayerUntagEvent was triggered on LITTLE_GHOTS with reason EXPIRE and expire set to true.
[May 04, 2026 02:48:28.267AM UTC]  EntityDamageByEntityEvent was triggered by damaged SHEEP Sheep, damager PLAYER LITTLE_GHOTS and cancelled false.
[May 04, 2026 02:48:29.575AM UTC]  EntityDamageByEntityEvent was triggered by damaged SHEEP Sheep, damager PLAYER emi4553 and cancelled false.
[May 04, 2026 02:48:32.211AM UTC]  EntityDamageByEntityEvent was triggered by damaged SHEEP Sheep, damager PLAYER LITTLE_GHOTS and cancelled false.
[May 04, 2026 02:48:40.888AM UTC]  EntityDamageByEntityEvent was triggered by damaged SHEEP Sheep, damager PLAYER emi4553 and cancelled false.
[May 04, 2026 02:48:46.863AM UTC]  EntityDamageByEntityEvent was triggered by damaged SHEEP Sheep, damager PLAYER LITTLE_GHOTS and cancelled false.
[May 04, 2026 02:48:52.263AM UTC]  EntityDamageByEntityEvent was triggered by damaged SHEEP Sheep, damager PLAYER LITTLE_GHOTS and cancelled false.
[May 04, 2026 02:54:28.019AM UTC]  EntityDamageByEntityEvent was triggered by damaged COW Cow, damager PLAYER LITTLE_GHOTS and cancelled false.
[May 04, 2026 02:54:31.916AM UTC]  EntityDamageByEntityEvent was triggered by damaged SHEEP Sheep, damager PLAYER LITTLE_GHOTS and cancelled false.
[May 04, 2026 02:54:33.429AM UTC]  EntityDamageByEntityEvent was triggered by damaged SHEEP Sheep, damager PLAYER LITTLE_GHOTS and cancelled false.
[May 04, 2026 02:54:39.224AM UTC]  EntityDamageByEntityEvent was triggered by damaged COW Cow, damager PLAYER LITTLE_GHOTS and cancelled false.
[May 04, 2026 02:54:39.819AM UTC]  EntityDamageByEntityEvent was triggered by damaged COW Cow, damager PLAYER LITTLE_GHOTS and cancelled false.
[May 04, 2026 02:54:41.573AM UTC]  EntityDamageByEntityEvent was triggered by damaged COW Cow, damager PLAYER LITTLE_GHOTS and cancelled false.
[May 04, 2026 02:54:42.173AM UTC]  EntityDamageByEntityEvent was triggered by damaged COW Cow, damager PLAYER LITTLE_GHOTS and cancelled false.
[May 04, 2026 02:54:46.727AM UTC]  EntityDamageByEntityEvent was triggered by damaged COW Cow, damager PLAYER LITTLE_GHOTS and cancelled false.
[May 04, 2026 02:54:47.324AM UTC]  EntityDamageByEntityEvent was triggered by damaged COW Cow, damager PLAYER LITTLE_GHOTS and cancelled false.
[May 04, 2026 02:55:53.209AM UTC]  EntityDamageByEntityEvent was triggered by damaged PLAYER LITTLE_GHOTS, damager ARROW Arrow and cancelled false.
[May 04, 2026 02:55:53.312AM UTC]  EntityDamageByEntityEvent was triggered by damaged SKELETON Skeleton, damager PLAYER LITTLE_GHOTS and cancelled false.
[May 04, 2026 02:55:55.364AM UTC]  EntityDamageByEntityEvent was triggered by damaged SKELETON Skeleton, damager PLAYER LITTLE_GHOTS and cancelled false.
[May 04, 2026 02:57:32.512AM UTC]  EntityDamageByEntityEvent was triggered by damaged SKELETON Skeleton, damager PLAYER LITTLE_GHOTS and cancelled false.
[May 04, 2026 02:57:32.614AM UTC]  EntityDamageByEntityEvent was triggered by damaged PLAYER LITTLE_GHOTS, damager ARROW Arrow and cancelled false.
[May 04, 2026 02:57:33.068AM UTC]  EntityDamageByEntityEvent was triggered by damaged SKELETON Skeleton, damager PLAYER LITTLE_GHOTS and cancelled false.
[May 04, 2026 02:57:33.612AM UTC]  EntityDamageByEntityEvent was triggered by damaged SKELETON Skeleton, damager PLAYER LITTLE_GHOTS and cancelled false.
[May 04, 2026 02:59:05.511AM UTC]  EntityDamageByEntityEvent was triggered by damaged PLAYER cinco5en5, damager ARROW Arrow and cancelled false.
[May 04, 2026 02:59:09.507AM UTC]  EntityDamageByEntityEvent was triggered by damaged PLAYER LITTLE_GHOTS, damager SPIDER Spider and cancelled false.
[May 04, 2026 02:59:09.513AM UTC]  EntityDamageByEntityEvent was triggered by damaged SPIDER Spider, damager PLAYER LITTLE_GHOTS and cancelled false.
[May 04, 2026 02:59:10.708AM UTC]  EntityDamageByEntityEvent was triggered by damaged PLAYER LITTLE_GHOTS, damager SPIDER Spider and cancelled false.
[May 04, 2026 02:59:10.917AM UTC]  EntityDamageByEntityEvent was triggered by damaged SPIDER Spider, damager PLAYER LITTLE_GHOTS and cancelled false.
[May 04, 2026 02:59:11.516AM UTC]  EntityDamageByEntityEvent was triggered by damaged SPIDER Spider, damager PLAYER LITTLE_GHOTS and cancelled false.
[May 04, 2026 02:59:20.521AM UTC]  EntityDamageByEntityEvent was triggered by damaged SPIDER Spider, damager PLAYER LITTLE_GHOTS and cancelled false.
[May 04, 2026 02:59:21.007AM UTC]  EntityDamageByEntityEvent was triggered by damaged PLAYER LITTLE_GHOTS, damager SPIDER Spider and cancelled false.
[May 04, 2026 02:59:21.819AM UTC]  EntityDamageByEntityEvent was triggered by damaged SPIDER Spider, damager PLAYER LITTLE_GHOTS and cancelled false.
[May 04, 2026 02:59:32.159AM UTC]  EntityDamageByEntityEvent was triggered by damaged PLAYER cinco5en5, damager ZOMBIE Zombie and cancelled false.
[May 04, 2026 02:59:32.811AM UTC]  EntityDamageByEntityEvent was triggered by damaged PLAYER cinco5en5, damager ZOMBIE Zombie and cancelled false.
[May 04, 2026 02:59:32.816AM UTC]  EntityDamageByEntityEvent was triggered by damaged ZOMBIE Zombie, damager PLAYER cinco5en5 and cancelled false.
[May 04, 2026 02:59:33.365AM UTC]  EntityDamageByEntityEvent was triggered by damaged SPIDER Spider, damager PLAYER cinco5en5 and cancelled false.
[May 04, 2026 02:59:33.366AM UTC]  EntityDamageByEntityEvent was triggered by damaged SHEEP Sheep, damager PLAYER cinco5en5 and cancelled false.
[May 04, 2026 02:59:34.559AM UTC]  EntityDamageByEntityEvent was triggered by damaged PLAYER cinco5en5, damager SPIDER Spider and cancelled false.
[May 04, 2026 02:59:34.614AM UTC]  EntityDamageByEntityEvent was triggered by damaged ZOMBIE Zombie, damager PLAYER cinco5en5 and cancelled false.
[May 04, 2026 02:59:34.614AM UTC]  EntityDamageByEntityEvent was triggered by damaged SPIDER Spider, damager PLAYER cinco5en5 and cancelled false.
[May 04, 2026 02:59:35.213AM UTC]  EntityDamageByEntityEvent was triggered by damaged SPIDER Spider, damager PLAYER cinco5en5 and cancelled false.
[May 04, 2026 02:59:38.059AM UTC]  EntityDamageByEntityEvent was triggered by damaged PLAYER cinco5en5, damager ZOMBIE Zombie and cancelled false.
[May 04, 2026 02:59:39.162AM UTC]  EntityDamageByEntityEvent was triggered by damaged PLAYER cinco5en5, damager ZOMBIE Zombie and cancelled false.
[May 04, 2026 02:59:40.310AM UTC]  EntityDamageByEntityEvent was triggered by damaged PLAYER cinco5en5, damager ZOMBIE Zombie and cancelled false.
[May 04, 2026 02:59:40.465AM UTC]  EntityDamageByEntityEvent was triggered by damaged ZOMBIE Zombie, damager PLAYER cinco5en5 and cancelled false.
[May 04, 2026 02:59:40.964AM UTC]  EntityDamageByEntityEvent was triggered by damaged ZOMBIE Zombie, damager PLAYER cinco5en5 and cancelled false.
[May 04, 2026 03:00:08.808AM UTC]  EntityDamageByEntityEvent was triggered by damaged PLAYER cinco5en5, damager SPIDER Spider and cancelled false.
[May 04, 2026 03:00:09.808AM UTC]  EntityDamageByEntityEvent was triggered by damaged PLAYER cinco5en5, damager SPIDER Spider and cancelled false.
[May 04, 2026 03:00:10.808AM UTC]  EntityDamageByEntityEvent was triggered by damaged PLAYER cinco5en5, damager SPIDER Spider and cancelled false.
[May 04, 2026 03:00:11.908AM UTC]  EntityDamageByEntityEvent was triggered by damaged PLAYER cinco5en5, damager SPIDER Spider and cancelled false.
[May 04, 2026 03:00:12.907AM UTC]  EntityDamageByEntityEvent was triggered by damaged PLAYER cinco5en5, damager SPIDER Spider and cancelled false.
[May 04, 2026 03:00:13.666AM UTC]  EntityDamageByEntityEvent was triggered by damaged SPIDER Spider, damager PLAYER cinco5en5 and cancelled false.
[May 04, 2026 03:00:13.907AM UTC]  EntityDamageByEntityEvent was triggered by damaged PLAYER cinco5en5, damager SPIDER Spider and cancelled false.
[May 04, 2026 03:00:14.219AM UTC]  EntityDamageByEntityEvent was triggered by damaged SPIDER Spider, damager PLAYER cinco5en5 and cancelled false.
[May 04, 2026 03:00:14.811AM UTC]  EntityDamageByEntityEvent was triggered by damaged SPIDER Spider, damager PLAYER cinco5en5 and cancelled false.
[May 04, 2026 03:00:15.418AM UTC]  EntityDamageByEntityEvent was triggered by damaged SPIDER Spider, damager PLAYER cinco5en5 and cancelled false.
[May 04, 2026 03:00:18.120AM UTC]  EntityDamageByEntityEvent was triggered by damaged COW Cow, damager PLAYER LITTLE_GHOTS and cancelled false.
[May 04, 2026 03:00:20.419AM UTC]  EntityDamageByEntityEvent was triggered by damaged COW Cow, damager PLAYER LITTLE_GHOTS and cancelled false.
[May 04, 2026 03:00:23.269AM UTC]  EntityDamageByEntityEvent was triggered by damaged COW Cow, damager PLAYER LITTLE_GHOTS and cancelled false.
[May 04, 2026 03:00:27.121AM UTC]  EntityDamageByEntityEvent was triggered by damaged COW Cow, damager PLAYER LITTLE_GHOTS and cancelled false.
[May 04, 2026 03:00:33.716AM UTC]  EntityDamageByEntityEvent was triggered by damaged PLAYER cinco5en5, damager SPIDER Spider and cancelled false.
[May 04, 2026 03:00:34.710AM UTC]  EntityDamageByEntityEvent was triggered by damaged PLAYER cinco5en5, damager SPIDER Spider and cancelled false.
[May 04, 2026 03:00:35.859AM UTC]  EntityDamageByEntityEvent was triggered by damaged PLAYER cinco5en5, damager SPIDER Spider and cancelled false.
[May 04, 2026 03:00:36.710AM UTC]  EntityDamageByEntityEvent was triggered by damaged PLAYER cinco5en5, damager SPIDER Spider and cancelled false.
[May 04, 2026 03:00:38.659AM UTC]  EntityDamageByEntityEvent was triggered by damaged PLAYER cinco5en5, damager SPIDER Spider and cancelled false.
[May 04, 2026 03:00:39.069AM UTC]  EntityDamageByEntityEvent was triggered by damaged PIG Pig, damager PLAYER LITTLE_GHOTS and cancelled false.
[May 04, 2026 03:00:39.659AM UTC]  EntityDamageByEntityEvent was triggered by damaged PLAYER cinco5en5, damager SPIDER Spider and cancelled false.
[May 04, 2026 03:00:40.659AM UTC]  EntityDamageByEntityEvent was triggered by damaged PLAYER cinco5en5, damager SPIDER Spider and cancelled false.
[May 04, 2026 03:00:41.659AM UTC]  EntityDamageByEntityEvent was triggered by damaged PLAYER cinco5en5, damager SPIDER Spider and cancelled false.
[May 04, 2026 03:00:42.569AM UTC]  EntityDamageByEntityEvent was triggered by damaged CREEPER Creeper, damager PLAYER LITTLE_GHOTS and cancelled false.
[May 04, 2026 03:00:42.659AM UTC]  EntityDamageByEntityEvent was triggered by damaged PLAYER cinco5en5, damager SPIDER Spider and cancelled false.
[May 04, 2026 03:00:43.262AM UTC]  EntityDamageByEntityEvent was triggered by damaged PLAYER cinco5en5, damager ARROW Arrow and cancelled false.
[May 04, 2026 03:00:43.917AM UTC]  EntityDamageByEntityEvent was triggered by damaged SPIDER Spider, damager PLAYER cinco5en5 and cancelled false.
[May 04, 2026 03:00:45.069AM UTC]  EntityDamageByEntityEvent was triggered by damaged SPIDER Spider, damager PLAYER cinco5en5 and cancelled false.
[May 04, 2026 03:00:46.316AM UTC]  EntityDamageByEntityEvent was triggered by damaged SPIDER Spider, damager PLAYER cinco5en5 and cancelled false.
[May 04, 2026 03:00:49.011AM UTC]  EntityDamageByEntityEvent was triggered by damaged PLAYER cinco5en5, damager ARROW Arrow and cancelled false.
[May 04, 2026 03:00:49.066AM UTC]  EntityDamageByEntityEvent was triggered by damaged SKELETON Skeleton, damager PLAYER cinco5en5 and cancelled false.
[May 04, 2026 03:00:56.315AM UTC]  EntityDamageByEntityEvent was triggered by damaged CREEPER Creeper, damager ARROW Arrow and cancelled false.
[May 04, 2026 03:00:56.320AM UTC]  EntityDamageByEntityEvent was triggered by damaged CREEPER Creeper, damager PLAYER LITTLE_GHOTS and cancelled false.
[May 04, 2026 03:00:56.871AM UTC]  EntityDamageByEntityEvent was triggered by damaged CREEPER Creeper, damager PLAYER LITTLE_GHOTS and cancelled false.
[May 04, 2026 03:00:58.768AM UTC]  EntityDamageByEntityEvent was triggered by damaged CREEPER Creeper, damager PLAYER LITTLE_GHOTS and cancelled false.
[May 04, 2026 03:00:59.111AM UTC]  EntityDamageByEntityEvent was triggered by damaged PLAYER cinco5en5, damager ZOMBIE Zombie and cancelled false.
[May 04, 2026 03:01:03.610AM UTC]  EntityDamageByEntityEvent was triggered by damaged PLAYER cinco5en5, damager ZOMBIE Zombie and cancelled false.
[May 04, 2026 03:01:04.366AM UTC]  EntityDamageByEntityEvent was triggered by damaged PLAYER cinco5en5, damager ARROW Arrow and cancelled false.
[May 04, 2026 03:01:04.518AM UTC]  EntityDamageByEntityEvent was triggered by damaged ZOMBIE Zombie, damager PLAYER cinco5en5 and cancelled false.
[May 04, 2026 03:01:05.066AM UTC]  EntityDamageByEntityEvent was triggered by damaged ZOMBIE Zombie, damager PLAYER cinco5en5 and cancelled false.
[May 04, 2026 03:01:07.212AM UTC]  EntityDamageByEntityEvent was triggered by damaged PLAYER cinco5en5, damager ARROW Arrow and cancelled false.
[May 04, 2026 03:01:38.761AM UTC]  EntityDamageByEntityEvent was triggered by damaged PLAYER LITTLE_GHOTS, damager ENDER_PEARL Thrown Ender Pearl and cancelled false.
[May 04, 2026 03:02:12.012AM UTC]  EntityDamageByEntityEvent was triggered by damaged CREEPER Creeper, damager ARROW Arrow and cancelled false.
[May 04, 2026 03:02:15.014AM UTC]  EntityDamageByEntityEvent was triggered by damaged PLAYER LITTLE_GHOTS, damager ARROW Arrow and cancelled false.
[May 04, 2026 03:02:15.015AM UTC]  EntityDamageByEntityEvent was triggered by damaged SKELETON Skeleton, damager PLAYER LITTLE_GHOTS and cancelled false.
[May 04, 2026 03:03:55.009AM UTC]  EntityDamageByEntityEvent was triggered by damaged PLAYER LITTLE_GHOTS, damager ARROW Arrow and cancelled false.
[May 04, 2026 03:04:04.420AM UTC]  EntityDamageByEntityEvent was triggered by damaged CREEPER Creeper, damager PLAYER LITTLE_GHOTS and cancelled false.
[May 04, 2026 03:04:04.509AM UTC]  EntityDamageByEntityEvent was triggered by damaged PLAYER LITTLE_GHOTS, damager ENDER_PEARL Thrown Ender Pearl and cancelled false.
[May 04, 2026 03:04:28.113AM UTC]  EntityDamageByEntityEvent was triggered by damaged PLAYER .Elaxelinsan0, damager ARROW Arrow and cancelled false.
[May 04, 2026 03:04:36.961AM UTC]  EntityDamageByEntityEvent was triggered by damaged PLAYER .Elaxelinsan0, damager ARROW Arrow and cancelled false.
[May 04, 2026 03:04:39.347AM UTC]  EntityDamageByEntityEvent was triggered by damaged SKELETON Skeleton, damager PLAYER .Elaxelinsan0 and cancelled false.
[May 04, 2026 03:04:40.015AM UTC]  EntityDamageByEntityEvent was triggered by damaged PLAYER .Elaxelinsan0, damager ARROW Arrow and cancelled false.
[May 04, 2026 03:04:42.313AM UTC]  EntityDamageByEntityEvent was triggered by damaged IRON_GOLEM Iron Golem, damager ZOMBIE Zombie and cancelled false.
[May 04, 2026 03:04:42.360AM UTC]  EntityDamageByEntityEvent was triggered by damaged ZOMBIE Zombie, damager IRON_GOLEM Iron Golem and cancelled false.
[May 04, 2026 03:04:43.018AM UTC]  EntityDamageByEntityEvent was triggered by damaged PLAYER .Elaxelinsan0, damager ARROW Arrow and cancelled false.
[May 04, 2026 03:04:43.310AM UTC]  EntityDamageByEntityEvent was triggered by damaged IRON_GOLEM Iron Golem, damager ZOMBIE Zombie and cancelled false.
[May 04, 2026 03:04:43.359AM UTC]  EntityDamageByEntityEvent was triggered by damaged ZOMBIE Zombie, damager IRON_GOLEM Iron Golem and cancelled false.
[May 04, 2026 03:04:46.012AM UTC]  EntityDamageByEntityEvent was triggered by damaged PLAYER .Elaxelinsan0, damager ARROW Arrow and cancelled false.
[May 04, 2026 03:04:49.022AM UTC]  EntityDamageByEntityEvent was triggered by damaged PLAYER .Elaxelinsan0, damager ARROW Arrow and cancelled false.
[May 04, 2026 03:04:55.116AM UTC]  EntityDamageByEntityEvent was triggered by damaged PLAYER .Elaxelinsan0, damager ARROW Arrow and cancelled false.
[May 04, 2026 22:54:24.052PM UTC]  PlayerPreTagEvent was triggered on Akukis by emi4553 with type PLAYER, reason ATTACKER, and cancelled true.
[May 04, 2026 22:54:24.054PM UTC]  PlayerPreTagEvent was triggered on emi4553 by Akukis with type PLAYER, reason ATTACKED, and cancelled true.
[May 04, 2026 22:54:24.165PM UTC]  EntityDamageByEntityEvent was triggered by damaged PLAYER emi4553, damager PLAYER Akukis and cancelled false.
[May 04, 2026 22:54:25.384PM UTC]  PlayerPreTagEvent was triggered on Akukis by emi4553 with type PLAYER, reason ATTACKER, and cancelled true.
[May 04, 2026 22:54:25.384PM UTC]  PlayerPreTagEvent was triggered on emi4553 by Akukis with type PLAYER, reason ATTACKED, and cancelled true.
[May 04, 2026 22:54:25.385PM UTC]  EntityDamageByEntityEvent was triggered by damaged PLAYER emi4553, damager PLAYER Akukis and cancelled false.
[May 04, 2026 22:56:57.878PM UTC]  EntityDamageByEntityEvent was triggered by damaged PLAYER LITTLE_GHOTS, damager ZOMBIE Zombie and cancelled false.
[May 04, 2026 22:56:57.890PM UTC]  EntityDamageByEntityEvent was triggered by damaged ZOMBIE Zombie, damager PLAYER LITTLE_GHOTS and cancelled false.
[May 04, 2026 22:56:58.471PM UTC]  EntityDamageByEntityEvent was triggered by damaged ZOMBIE Zombie, damager PLAYER LITTLE_GHOTS and cancelled false.
[May 04, 2026 22:56:59.719PM UTC]  EntityDamageByEntityEvent was triggered by damaged SPIDER Spider, damager PLAYER LITTLE_GHOTS and cancelled false.
[May 04, 2026 22:57:00.222PM UTC]  EntityDamageByEntityEvent was triggered by damaged SPIDER Spider, damager PLAYER LITTLE_GHOTS and cancelled false.
[May 04, 2026 22:57:01.571PM UTC]  EntityDamageByEntityEvent was triggered by damaged ZOMBIE Zombie, damager PLAYER LITTLE_GHOTS and cancelled false.
[May 04, 2026 22:58:31.328PM UTC]  EntityDamageByEntityEvent was triggered by damaged PLAYER LITTLE_GHOTS, damager ARROW Arrow and cancelled false.
[May 04, 2026 22:58:34.276PM UTC]  EntityDamageByEntityEvent was triggered by damaged PLAYER LITTLE_GHOTS, damager ARROW Arrow and cancelled false.
[May 04, 2026 22:58:55.269PM UTC]  EntityDamageByEntityEvent was triggered by damaged SPIDER Spider, damager PLAYER LITTLE_GHOTS and cancelled false.
[May 04, 2026 22:58:55.822PM UTC]  EntityDamageByEntityEvent was triggered by damaged SPIDER Spider, damager PLAYER LITTLE_GHOTS and cancelled false.
[May 04, 2026 22:58:56.328PM UTC]  EntityDamageByEntityEvent was triggered by damaged PLAYER LITTLE_GHOTS, damager ARROW Arrow and cancelled false.
[May 04, 2026 22:58:56.331PM UTC]  EntityDamageByEntityEvent was triggered by damaged SKELETON Skeleton, damager PLAYER LITTLE_GHOTS and cancelled false.
[May 04, 2026 22:58:57.469PM UTC]  EntityDamageByEntityEvent was triggered by damaged SKELETON Skeleton, damager PLAYER LITTLE_GHOTS and cancelled false.
[May 04, 2026 22:58:57.977PM UTC]  EntityDamageByEntityEvent was triggered by damaged SKELETON Skeleton, damager PLAYER LITTLE_GHOTS and cancelled false.
[May 04, 2026 22:59:01.168PM UTC]  EntityDamageByEntityEvent was triggered by damaged CREEPER Creeper, damager PLAYER LITTLE_GHOTS and cancelled false.
[May 04, 2026 22:59:20.227PM UTC]  EntityDamageByEntityEvent was triggered by damaged SPIDER Spider, damager PLAYER LITTLE_GHOTS and cancelled false.
[May 04, 2026 22:59:20.821PM UTC]  EntityDamageByEntityEvent was triggered by damaged SPIDER Spider, damager PLAYER LITTLE_GHOTS and cancelled false.
[May 04, 2026 23:00:23.427PM UTC]  EntityDamageByEntityEvent was triggered by damaged PLAYER LITTLE_GHOTS, damager SPIDER Spider and cancelled false.
[May 04, 2026 23:00:23.428PM UTC]  EntityDamageByEntityEvent was triggered by damaged SPIDER Spider, damager PLAYER LITTLE_GHOTS and cancelled false.
[May 04, 2026 23:00:23.573PM UTC]  EntityDamageByEntityEvent was triggered by damaged SPIDER Spider, damager PLAYER LITTLE_GHOTS and cancelled false.
[May 04, 2026 23:00:24.576PM UTC]  EntityDamageByEntityEvent was triggered by damaged PLAYER LITTLE_GHOTS, damager SPIDER Spider and cancelled false.
[May 04, 2026 23:00:24.777PM UTC]  EntityDamageByEntityEvent was triggered by damaged SPIDER Spider, damager PLAYER LITTLE_GHOTS and cancelled false.
[May 04, 2026 23:00:25.377PM UTC]  EntityDamageByEntityEvent was triggered by damaged SPIDER Spider, damager PLAYER LITTLE_GHOTS and cancelled false.
[May 04, 2026 23:00:59.629PM UTC]  PlayerPreTagEvent was triggered on Akukis by LITTLE_GHOTS with type PLAYER, reason ATTACKER, and cancelled false.
[May 04, 2026 23:00:59.633PM UTC]  PlayerTagEvent was triggered on Akukis by LITTLE_GHOTS with type PLAYER and reason ATTACKER.
[May 04, 2026 23:00:59.654PM UTC]  PlayerPreTagEvent was triggered on LITTLE_GHOTS by Akukis with type PLAYER, reason ATTACKED, and cancelled false.
[May 04, 2026 23:00:59.655PM UTC]  PlayerTagEvent was triggered on LITTLE_GHOTS by Akukis with type PLAYER and reason ATTACKED.
[May 04, 2026 23:00:59.658PM UTC]  EntityDamageByEntityEvent was triggered by damaged PLAYER LITTLE_GHOTS, damager PLAYER Akukis and cancelled false.
[May 04, 2026 23:01:12.976PM UTC]  EntityDamageByEntityEvent was triggered by damaged PLAYER LITTLE_GHOTS, damager ZOMBIE Zombie and cancelled false.
[May 04, 2026 23:01:13.769PM UTC]  EntityDamageByEntityEvent was triggered by damaged ZOMBIE Zombie, damager PLAYER LITTLE_GHOTS and cancelled false.
[May 04, 2026 23:01:14.676PM UTC]  EntityDamageByEntityEvent was triggered by damaged PLAYER LITTLE_GHOTS, damager ZOMBIE Zombie and cancelled false.
[May 04, 2026 23:01:14.777PM UTC]  EntityDamageByEntityEvent was triggered by damaged ZOMBIE Zombie, damager PLAYER LITTLE_GHOTS and cancelled false.
[May 04, 2026 23:01:15.722PM UTC]  EntityDamageByEntityEvent was triggered by damaged ZOMBIE Zombie, damager PLAYER LITTLE_GHOTS and cancelled false.
[May 04, 2026 23:01:19.829PM UTC]  PlayerPunishEvent was triggered on Akukis with reason EXPIRE and cancelled true.
[May 04, 2026 23:01:19.830PM UTC]  PlayerUntagEvent was triggered on Akukis with reason EXPIRE and expire set to true.
[May 04, 2026 23:01:19.830PM UTC]  PlayerPunishEvent was triggered on LITTLE_GHOTS with reason EXPIRE and cancelled true.
[May 04, 2026 23:01:19.830PM UTC]  PlayerUntagEvent was triggered on LITTLE_GHOTS with reason EXPIRE and expire set to true.
[May 04, 2026 23:01:34.428PM UTC]  EntityDamageByEntityEvent was triggered by damaged DROWNED Drowned, damager PLAYER Akukis and cancelled false.
[May 04, 2026 23:01:34.826PM UTC]  EntityDamageByEntityEvent was triggered by damaged PLAYER LITTLE_GHOTS, damager DROWNED Drowned and cancelled false.
[May 04, 2026 23:01:34.978PM UTC]  EntityDamageByEntityEvent was triggered by damaged DROWNED Drowned, damager PLAYER Akukis and cancelled false.
[May 04, 2026 23:01:35.578PM UTC]  EntityDamageByEntityEvent was triggered by damaged DROWNED Drowned, damager PLAYER Akukis and cancelled false.
[May 04, 2026 23:01:36.178PM UTC]  EntityDamageByEntityEvent was triggered by damaged DROWNED Drowned, damager PLAYER Akukis and cancelled false.
[May 04, 2026 23:01:36.778PM UTC]  EntityDamageByEntityEvent was triggered by damaged DROWNED Drowned, damager PLAYER Akukis and cancelled false.
[May 04, 2026 23:01:37.379PM UTC]  EntityDamageByEntityEvent was triggered by damaged DROWNED Drowned, damager PLAYER Akukis and cancelled false.
[May 04, 2026 23:01:38.027PM UTC]  EntityDamageByEntityEvent was triggered by damaged DROWNED Drowned, damager PLAYER Akukis and cancelled false.
[May 04, 2026 23:01:38.628PM UTC]  EntityDamageByEntityEvent was triggered by damaged DROWNED Drowned, damager PLAYER Akukis and cancelled false.
[May 04, 2026 23:01:39.178PM UTC]  EntityDamageByEntityEvent was triggered by damaged DROWNED Drowned, damager PLAYER Akukis and cancelled false.
[May 04, 2026 23:01:39.778PM UTC]  EntityDamageByEntityEvent was triggered by damaged DROWNED Drowned, damager PLAYER Akukis and cancelled false.
[May 04, 2026 23:01:40.379PM UTC]  EntityDamageByEntityEvent was triggered by damaged DROWNED Drowned, damager PLAYER Akukis and cancelled false.
[May 04, 2026 23:01:41.578PM UTC]  EntityDamageByEntityEvent was triggered by damaged DROWNED Drowned, damager PLAYER Akukis and cancelled false.
[May 04, 2026 23:01:42.227PM UTC]  EntityDamageByEntityEvent was triggered by damaged DROWNED Drowned, damager PLAYER Akukis and cancelled false.
[May 04, 2026 23:01:43.428PM UTC]  EntityDamageByEntityEvent was triggered by damaged DROWNED Drowned, damager PLAYER Akukis and cancelled false.
[May 04, 2026 23:01:44.727PM UTC]  EntityDamageByEntityEvent was triggered by damaged DROWNED Drowned, damager PLAYER Akukis and cancelled false.
[May 04, 2026 23:01:45.279PM UTC]  EntityDamageByEntityEvent was triggered by damaged DROWNED Drowned, damager PLAYER Akukis and cancelled false.
[May 04, 2026 23:01:46.930PM UTC]  EntityDamageByEntityEvent was triggered by damaged DROWNED Drowned, damager PLAYER Akukis and cancelled false.
[May 04, 2026 23:03:19.427PM UTC]  PlayerPreTagEvent was triggered on Akukis by emi4553 with type PLAYER, reason ATTACKER, and cancelled false.
[May 04, 2026 23:03:19.430PM UTC]  PlayerTagEvent was triggered on Akukis by emi4553 with type PLAYER and reason ATTACKER.
[May 04, 2026 23:03:19.431PM UTC]  PlayerPreTagEvent was triggered on emi4553 by Akukis with type PLAYER, reason ATTACKED, and cancelled false.
[May 04, 2026 23:03:19.434PM UTC]  PlayerTagEvent was triggered on emi4553 by Akukis with type PLAYER and reason ATTACKED.
[May 04, 2026 23:03:19.435PM UTC]  EntityDamageByEntityEvent was triggered by damaged PLAYER emi4553, damager PLAYER Akukis and cancelled false.
[May 04, 2026 23:03:39.823PM UTC]  PlayerPunishEvent was triggered on Akukis with reason EXPIRE and cancelled true.
[May 04, 2026 23:03:39.823PM UTC]  PlayerUntagEvent was triggered on Akukis with reason EXPIRE and expire set to true.
[May 04, 2026 23:03:39.827PM UTC]  PlayerPunishEvent was triggered on emi4553 with reason EXPIRE and cancelled true.
[May 04, 2026 23:03:39.827PM UTC]  PlayerUntagEvent was triggered on emi4553 with reason EXPIRE and expire set to true.
[May 04, 2026 23:04:32.067PM UTC]  EntityDamageByEntityEvent was triggered by damaged CREEPER Creeper, damager PLAYER LITTLE_GHOTS and cancelled false.
[May 04, 2026 23:04:32.619PM UTC]  EntityDamageByEntityEvent was triggered by damaged CREEPER Creeper, damager PLAYER LITTLE_GHOTS and cancelled false.
[May 04, 2026 23:04:33.430PM UTC]  EntityDamageByEntityEvent was triggered by damaged PLAYER LITTLE_GHOTS, damager CREEPER Creeper and cancelled false.
[May 04, 2026 23:07:05.273PM UTC]  PlayerPreTagEvent was triggered on Akukis by LITTLE_GHOTS with type PLAYER, reason ATTACKER, and cancelled true.
[May 04, 2026 23:07:05.273PM UTC]  PlayerPreTagEvent was triggered on LITTLE_GHOTS by Akukis with type PLAYER, reason ATTACKED, and cancelled true.
[May 04, 2026 23:07:05.274PM UTC]  EntityDamageByEntityEvent was triggered by damaged PLAYER LITTLE_GHOTS, damager PLAYER Akukis and cancelled false.
[May 04, 2026 23:08:57.929PM UTC]  EntityDamageByEntityEvent was triggered by damaged PLAYER LITTLE_GHOTS, damager ENDER_PEARL Thrown Ender Pearl and cancelled false.
[May 04, 2026 23:09:07.431PM UTC]  EntityDamageByEntityEvent was triggered by damaged PLAYER LITTLE_GHOTS, damager ENDER_PEARL Thrown Ender Pearl and cancelled false.
[May 04, 2026 23:09:15.721PM UTC]  EntityDamageByEntityEvent was triggered by damaged PLAYER emi4553, damager PLAYER Akukis and cancelled true.
[May 04, 2026 23:09:17.170PM UTC]  PlayerPreTagEvent was triggered on Akukis by emi4553 with type PLAYER, reason ATTACKER, and cancelled true.
[May 04, 2026 23:09:17.170PM UTC]  PlayerPreTagEvent was triggered on emi4553 by Akukis with type PLAYER, reason ATTACKED, and cancelled true.
[May 04, 2026 23:09:17.171PM UTC]  EntityDamageByEntityEvent was triggered by damaged PLAYER emi4553, damager PLAYER Akukis and cancelled false.
[May 04, 2026 23:09:18.421PM UTC]  PlayerPreTagEvent was triggered on Akukis by emi4553 with type PLAYER, reason ATTACKER, and cancelled true.
[May 04, 2026 23:09:18.422PM UTC]  PlayerPreTagEvent was triggered on emi4553 by Akukis with type PLAYER, reason ATTACKED, and cancelled true.
[May 04, 2026 23:09:18.422PM UTC]  EntityDamageByEntityEvent was triggered by damaged PLAYER emi4553, damager PLAYER Akukis and cancelled false.
[May 04, 2026 23:09:45.021PM UTC]  PlayerPreTagEvent was triggered on Akukis by LITTLE_GHOTS with type PLAYER, reason ATTACKER, and cancelled true.
[May 04, 2026 23:09:45.022PM UTC]  PlayerPreTagEvent was triggered on LITTLE_GHOTS by Akukis with type PLAYER, reason ATTACKED, and cancelled true.
[May 04, 2026 23:09:45.022PM UTC]  EntityDamageByEntityEvent was triggered by damaged PLAYER LITTLE_GHOTS, damager PLAYER Akukis and cancelled false.
[May 04, 2026 23:09:47.069PM UTC]  PlayerPreTagEvent was triggered on Akukis by LITTLE_GHOTS with type PLAYER, reason ATTACKER, and cancelled true.
[May 04, 2026 23:09:47.069PM UTC]  PlayerPreTagEvent was triggered on LITTLE_GHOTS by Akukis with type PLAYER, reason ATTACKED, and cancelled true.
[May 04, 2026 23:09:47.070PM UTC]  EntityDamageByEntityEvent was triggered by damaged PLAYER LITTLE_GHOTS, damager PLAYER Akukis and cancelled false.
[May 04, 2026 23:09:48.170PM UTC]  PlayerPreTagEvent was triggered on Akukis by LITTLE_GHOTS with type PLAYER, reason ATTACKER, and cancelled true.
[May 04, 2026 23:09:48.170PM UTC]  PlayerPreTagEvent was triggered on LITTLE_GHOTS by Akukis with type PLAYER, reason ATTACKED, and cancelled true.
[May 04, 2026 23:09:48.170PM UTC]  EntityDamageByEntityEvent was triggered by damaged PLAYER LITTLE_GHOTS, damager PLAYER Akukis and cancelled false.
[May 04, 2026 23:09:48.769PM UTC]  PlayerPreTagEvent was triggered on Akukis by LITTLE_GHOTS with type PLAYER, reason ATTACKER, and cancelled true.
[May 04, 2026 23:09:48.770PM UTC]  PlayerPreTagEvent was triggered on LITTLE_GHOTS by Akukis with type PLAYER, reason ATTACKED, and cancelled true.
[May 04, 2026 23:09:48.770PM UTC]  EntityDamageByEntityEvent was triggered by damaged PLAYER LITTLE_GHOTS, damager PLAYER Akukis and cancelled false.
[May 04, 2026 23:10:14.227PM UTC]  EntityDamageByEntityEvent was triggered by damaged PLAYER emi4553, damager WIND_CHARGE Wind Charge and cancelled false.
[May 04, 2026 23:11:52.561PM UTC]  PlayerPreTagEvent was triggered on LITTLE_GHOTS by emi4553 with type PLAYER, reason ATTACKER, and cancelled false.
[May 04, 2026 23:11:52.564PM UTC]  PlayerTagEvent was triggered on LITTLE_GHOTS by emi4553 with type PLAYER and reason ATTACKER.
[May 04, 2026 23:11:52.564PM UTC]  PlayerPreTagEvent was triggered on emi4553 by LITTLE_GHOTS with type PLAYER, reason ATTACKED, and cancelled false.
[May 04, 2026 23:11:52.565PM UTC]  PlayerTagEvent was triggered on emi4553 by LITTLE_GHOTS with type PLAYER and reason ATTACKED.
[May 04, 2026 23:11:52.565PM UTC]  EntityDamageByEntityEvent was triggered by damaged PLAYER emi4553, damager PLAYER LITTLE_GHOTS and cancelled false.
[May 04, 2026 23:11:53.712PM UTC]  PlayerPreTagEvent was triggered on LITTLE_GHOTS by emi4553 with type PLAYER, reason ATTACKER, and cancelled false.
[May 04, 2026 23:11:53.714PM UTC]  PlayerReTagEvent was triggered on LITTLE_GHOTS by emi4553 with type PLAYER and reason ATTACKER.
[May 04, 2026 23:11:53.714PM UTC]  PlayerPreTagEvent was triggered on emi4553 by LITTLE_GHOTS with type PLAYER, reason ATTACKED, and cancelled false.
[May 04, 2026 23:11:53.714PM UTC]  PlayerReTagEvent was triggered on emi4553 by LITTLE_GHOTS with type PLAYER and reason ATTACKED.
[May 04, 2026 23:11:53.714PM UTC]  EntityDamageByEntityEvent was triggered by damaged PLAYER emi4553, damager PLAYER LITTLE_GHOTS and cancelled false.
[May 04, 2026 23:12:00.254PM UTC]  PlayerPreTagEvent was triggered on emi4553 by LITTLE_GHOTS with type PLAYER, reason ATTACKER, and cancelled false.
[May 04, 2026 23:12:00.255PM UTC]  PlayerReTagEvent was triggered on emi4553 by LITTLE_GHOTS with type PLAYER and reason ATTACKER.
[May 04, 2026 23:12:00.255PM UTC]  PlayerPreTagEvent was triggered on LITTLE_GHOTS by emi4553 with type PLAYER, reason ATTACKED, and cancelled false.
[May 04, 2026 23:12:00.256PM UTC]  PlayerReTagEvent was triggered on LITTLE_GHOTS by emi4553 with type PLAYER and reason ATTACKED.
[May 04, 2026 23:12:00.256PM UTC]  EntityDamageByEntityEvent was triggered by damaged PLAYER LITTLE_GHOTS, damager PLAYER emi4553 and cancelled false.
[May 04, 2026 23:12:00.263PM UTC]  PlayerPunishEvent was triggered on LITTLE_GHOTS with reason SELF_DEATH and cancelled true.
[May 04, 2026 23:12:00.263PM UTC]  PlayerUntagEvent was triggered on LITTLE_GHOTS with reason SELF_DEATH and expire set to true.
[May 04, 2026 23:12:00.268PM UTC]  PlayerPunishEvent was triggered on emi4553 with reason ENEMY_DEATH and cancelled true.
[May 04, 2026 23:12:00.268PM UTC]  PlayerUntagEvent was triggered on emi4553 with reason ENEMY_DEATH and expire set to true.
[May 04, 2026 23:12:50.469PM UTC]  PlayerPreTagEvent was triggered on emi4553 by LITTLE_GHOTS with type PLAYER, reason ATTACKER, and cancelled false.
[May 04, 2026 23:12:50.470PM UTC]  PlayerTagEvent was triggered on emi4553 by LITTLE_GHOTS with type PLAYER and reason ATTACKER.
[May 04, 2026 23:12:50.470PM UTC]  PlayerPreTagEvent was triggered on LITTLE_GHOTS by emi4553 with type PLAYER, reason ATTACKED, and cancelled false.
[May 04, 2026 23:12:50.470PM UTC]  PlayerTagEvent was triggered on LITTLE_GHOTS by emi4553 with type PLAYER and reason ATTACKED.
[May 04, 2026 23:12:50.471PM UTC]  EntityDamageByEntityEvent was triggered by damaged PLAYER LITTLE_GHOTS, damager PLAYER emi4553 and cancelled false.
[May 04, 2026 23:13:10.573PM UTC]  PlayerPunishEvent was triggered on emi4553 with reason EXPIRE and cancelled true.
[May 04, 2026 23:13:10.573PM UTC]  PlayerUntagEvent was triggered on emi4553 with reason EXPIRE and expire set to true.
[May 04, 2026 23:13:10.574PM UTC]  PlayerPunishEvent was triggered on LITTLE_GHOTS with reason EXPIRE and cancelled true.
[May 04, 2026 23:13:10.574PM UTC]  PlayerUntagEvent was triggered on LITTLE_GHOTS with reason EXPIRE and expire set to true.
[May 04, 2026 23:13:40.361PM UTC]  PlayerPreTagEvent was triggered on LITTLE_GHOTS by emi4553 with type PLAYER, reason ATTACKER, and cancelled false.
[May 04, 2026 23:13:40.361PM UTC]  PlayerTagEvent was triggered on LITTLE_GHOTS by emi4553 with type PLAYER and reason ATTACKER.
[May 04, 2026 23:13:40.362PM UTC]  PlayerPreTagEvent was triggered on emi4553 by LITTLE_GHOTS with type PLAYER, reason ATTACKED, and cancelled false.
[May 04, 2026 23:13:40.362PM UTC]  PlayerTagEvent was triggered on emi4553 by LITTLE_GHOTS with type PLAYER and reason ATTACKED.
[May 04, 2026 23:13:40.363PM UTC]  EntityDamageByEntityEvent was triggered by damaged PLAYER emi4553, damager PLAYER LITTLE_GHOTS and cancelled false.
[May 04, 2026 23:14:00.573PM UTC]  PlayerPunishEvent was triggered on emi4553 with reason EXPIRE and cancelled true.
[May 04, 2026 23:14:00.573PM UTC]  PlayerUntagEvent was triggered on emi4553 with reason EXPIRE and expire set to true.
[May 04, 2026 23:14:00.574PM UTC]  PlayerPunishEvent was triggered on LITTLE_GHOTS with reason EXPIRE and cancelled true.
[May 04, 2026 23:14:00.574PM UTC]  PlayerUntagEvent was triggered on LITTLE_GHOTS with reason EXPIRE and expire set to true.
[May 04, 2026 23:15:14.368PM UTC]  PlayerPreTagEvent was triggered on emi4553 by LITTLE_GHOTS with type PLAYER, reason ATTACKER, and cancelled false.
[May 04, 2026 23:15:14.369PM UTC]  PlayerTagEvent was triggered on emi4553 by LITTLE_GHOTS with type PLAYER and reason ATTACKER.
[May 04, 2026 23:15:14.369PM UTC]  PlayerPreTagEvent was triggered on LITTLE_GHOTS by emi4553 with type PLAYER, reason ATTACKED, and cancelled false.
[May 04, 2026 23:15:14.369PM UTC]  PlayerTagEvent was triggered on LITTLE_GHOTS by emi4553 with type PLAYER and reason ATTACKED.
[May 04, 2026 23:15:14.370PM UTC]  EntityDamageByEntityEvent was triggered by damaged PLAYER LITTLE_GHOTS, damager PLAYER emi4553 and cancelled false.
[May 04, 2026 23:15:25.888PM UTC]  PlayerPreTagEvent was triggered on emi4553 by LITTLE_GHOTS with type PLAYER, reason ATTACKER, and cancelled false.
[May 04, 2026 23:15:25.889PM UTC]  PlayerReTagEvent was triggered on emi4553 by LITTLE_GHOTS with type PLAYER and reason ATTACKER.
[May 04, 2026 23:15:25.889PM UTC]  PlayerPreTagEvent was triggered on LITTLE_GHOTS by emi4553 with type PLAYER, reason ATTACKED, and cancelled false.
[May 04, 2026 23:15:25.889PM UTC]  PlayerReTagEvent was triggered on LITTLE_GHOTS by emi4553 with type PLAYER and reason ATTACKED.
[May 04, 2026 23:15:25.890PM UTC]  EntityDamageByEntityEvent was triggered by damaged PLAYER LITTLE_GHOTS, damager PLAYER emi4553 and cancelled false.
[May 04, 2026 23:15:33.504PM UTC]  PlayerPreTagEvent was triggered on emi4553 by LITTLE_GHOTS with type PLAYER, reason ATTACKER, and cancelled false.
[May 04, 2026 23:15:33.504PM UTC]  PlayerReTagEvent was triggered on emi4553 by LITTLE_GHOTS with type PLAYER and reason ATTACKER.
[May 04, 2026 23:15:33.504PM UTC]  PlayerPreTagEvent was triggered on LITTLE_GHOTS by emi4553 with type PLAYER, reason ATTACKED, and cancelled false.
[May 04, 2026 23:15:33.505PM UTC]  PlayerReTagEvent was triggered on LITTLE_GHOTS by emi4553 with type PLAYER and reason ATTACKED.
[May 04, 2026 23:15:33.505PM UTC]  EntityDamageByEntityEvent was triggered by damaged PLAYER LITTLE_GHOTS, damager PLAYER emi4553 and cancelled false.
[May 04, 2026 23:15:53.573PM UTC]  PlayerPunishEvent was triggered on emi4553 with reason EXPIRE and cancelled true.
[May 04, 2026 23:15:53.573PM UTC]  PlayerUntagEvent was triggered on emi4553 with reason EXPIRE and expire set to true.
[May 04, 2026 23:15:53.573PM UTC]  PlayerPunishEvent was triggered on LITTLE_GHOTS with reason EXPIRE and cancelled true.
[May 04, 2026 23:15:53.574PM UTC]  PlayerUntagEvent was triggered on LITTLE_GHOTS with reason EXPIRE and expire set to true.
[May 04, 2026 23:18:29.680PM UTC]  EntityDamageByEntityEvent was triggered by damaged PLAYER emi4553, damager ARROW Arrow and cancelled false.
[May 04, 2026 23:18:33.606PM UTC]  EntityDamageByEntityEvent was triggered by damaged SKELETON Skeleton, damager PLAYER emi4553 and cancelled false.
[May 04, 2026 23:18:39.830PM UTC]  EntityDamageByEntityEvent was triggered by damaged SKELETON Skeleton, damager PLAYER emi4553 and cancelled false.
[May 04, 2026 23:27:08.580PM UTC]  EntityDamageByEntityEvent was triggered by damaged PLAYER emi4553, damager ZOMBIE Zombie and cancelled false.
[May 04, 2026 23:27:09.379PM UTC]  EntityDamageByEntityEvent was triggered by damaged PLAYER emi4553, damager ZOMBIE Zombie and cancelled false.
[May 04, 2026 23:27:10.379PM UTC]  EntityDamageByEntityEvent was triggered by damaged PLAYER emi4553, damager ZOMBIE Zombie and cancelled false.
[May 04, 2026 23:27:11.380PM UTC]  EntityDamageByEntityEvent was triggered by damaged PLAYER emi4553, damager ZOMBIE Zombie and cancelled false.
[May 04, 2026 23:27:11.762PM UTC]  EntityDamageByEntityEvent was triggered by damaged ZOMBIE Zombie, damager PLAYER emi4553 and cancelled false.
[May 04, 2026 23:30:30.552PM UTC]  EntityDamageByEntityEvent was triggered by damaged CREEPER Creeper, damager PLAYER LITTLE_GHOTS and cancelled false.
[May 04, 2026 23:30:31.154PM UTC]  EntityDamageByEntityEvent was triggered by damaged CREEPER Creeper, damager PLAYER LITTLE_GHOTS and cancelled false.
[May 04, 2026 23:30:31.701PM UTC]  EntityDamageByEntityEvent was triggered by damaged CREEPER Creeper, damager PLAYER LITTLE_GHOTS and cancelled false.
[May 04, 2026 23:31:32.529PM UTC]  EntityDamageByEntityEvent was triggered by damaged PLAYER LITTLE_GHOTS, damager SPIDER Spider and cancelled false.
[May 04, 2026 23:31:32.550PM UTC]  EntityDamageByEntityEvent was triggered by damaged SPIDER Spider, damager PLAYER LITTLE_GHOTS and cancelled false.
[May 04, 2026 23:31:33.068PM UTC]  EntityDamageByEntityEvent was triggered by damaged SPIDER Spider, damager PLAYER LITTLE_GHOTS and cancelled false.
[May 04, 2026 23:31:33.534PM UTC]  EntityDamageByEntityEvent was triggered by damaged PLAYER LITTLE_GHOTS, damager SPIDER Spider and cancelled false.
[May 04, 2026 23:31:33.551PM UTC]  EntityDamageByEntityEvent was triggered by damaged SPIDER Spider, damager PLAYER LITTLE_GHOTS and cancelled false.
[May 04, 2026 23:31:43.280PM UTC]  EntityDamageByEntityEvent was triggered by damaged PLAYER LITTLE_GHOTS, damager SPIDER Spider and cancelled false.
[May 04, 2026 23:31:43.352PM UTC]  EntityDamageByEntityEvent was triggered by damaged SPIDER Spider, damager PLAYER LITTLE_GHOTS and cancelled false.
[May 04, 2026 23:31:43.904PM UTC]  EntityDamageByEntityEvent was triggered by damaged SPIDER Spider, damager PLAYER LITTLE_GHOTS and cancelled false.
[May 04, 2026 23:31:49.730PM UTC]  EntityDamageByEntityEvent was triggered by damaged PLAYER LITTLE_GHOTS, damager ZOMBIE Zombie and cancelled false.
[May 04, 2026 23:31:49.730PM UTC]  EntityDamageByEntityEvent was triggered by damaged ZOMBIE Zombie, damager PLAYER LITTLE_GHOTS and cancelled false.
[May 04, 2026 23:31:51.083PM UTC]  EntityDamageByEntityEvent was triggered by damaged PLAYER LITTLE_GHOTS, damager ZOMBIE Zombie and cancelled false.
[May 04, 2026 23:31:51.150PM UTC]  EntityDamageByEntityEvent was triggered by damaged ZOMBIE Zombie, damager PLAYER LITTLE_GHOTS and cancelled false.
[May 04, 2026 23:31:51.652PM UTC]  EntityDamageByEntityEvent was triggered by damaged ZOMBIE Zombie, damager PLAYER LITTLE_GHOTS and cancelled false.
[May 04, 2026 23:35:10.134PM UTC]  EntityDamageByEntityEvent was triggered by damaged PLAYER LITTLE_GHOTS, damager ARROW Arrow and cancelled false.
[May 04, 2026 23:35:13.090PM UTC]  EntityDamageByEntityEvent was triggered by damaged PLAYER LITTLE_GHOTS, damager ARROW Arrow and cancelled false.
[May 04, 2026 23:35:13.452PM UTC]  EntityDamageByEntityEvent was triggered by damaged SKELETON Skeleton, damager PLAYER LITTLE_GHOTS and cancelled false.
[May 04, 2026 23:35:13.996PM UTC]  EntityDamageByEntityEvent was triggered by damaged SKELETON Skeleton, damager PLAYER LITTLE_GHOTS and cancelled false.
[May 04, 2026 23:35:15.051PM UTC]  EntityDamageByEntityEvent was triggered by damaged SKELETON Skeleton, damager PLAYER LITTLE_GHOTS and cancelled false.
[May 04, 2026 23:35:16.599PM UTC]  EntityDamageByEntityEvent was triggered by damaged CREEPER Creeper, damager PLAYER LITTLE_GHOTS and cancelled false.
[May 04, 2026 23:35:17.697PM UTC]  EntityDamageByEntityEvent was triggered by damaged CREEPER Creeper, damager PLAYER LITTLE_GHOTS and cancelled false.
[May 04, 2026 23:40:45.031PM UTC]  EntityDamageByEntityEvent was triggered by damaged PLAYER LITTLE_GHOTS, damager ARROW Arrow and cancelled false.
[May 04, 2026 23:40:45.032PM UTC]  EntityDamageByEntityEvent was triggered by damaged SKELETON Skeleton, damager PLAYER LITTLE_GHOTS and cancelled false.
[May 04, 2026 23:40:47.679PM UTC]  EntityDamageByEntityEvent was triggered by damaged PLAYER LITTLE_GHOTS, damager ARROW Arrow and cancelled false.
[May 04, 2026 23:40:48.449PM UTC]  EntityDamageByEntityEvent was triggered by damaged SKELETON Skeleton, damager PLAYER LITTLE_GHOTS and cancelled false.
[May 04, 2026 23:40:48.946PM UTC]  EntityDamageByEntityEvent was triggered by damaged SKELETON Skeleton, damager PLAYER LITTLE_GHOTS and cancelled false.
[May 04, 2026 23:40:49.898PM UTC]  EntityDamageByEntityEvent was triggered by damaged SKELETON Skeleton, damager PLAYER LITTLE_GHOTS and cancelled false.
[May 04, 2026 23:46:50.737PM UTC]  EntityDamageByEntityEvent was triggered by damaged SPIDER Spider, damager PLAYER LITTLE_GHOTS and cancelled false.
[May 04, 2026 23:46:51.290PM UTC]  EntityDamageByEntityEvent was triggered by damaged SPIDER Spider, damager PLAYER LITTLE_GHOTS and cancelled false.
[May 04, 2026 23:48:37.878PM UTC]  EntityDamageByEntityEvent was triggered by damaged GLOW_SQUID Glow Squid, damager AXOLOTL Axolotl and cancelled false.
[May 04, 2026 23:48:38.928PM UTC]  EntityDamageByEntityEvent was triggered by damaged GLOW_SQUID Glow Squid, damager AXOLOTL Axolotl and cancelled false.
[May 04, 2026 23:48:39.978PM UTC]  EntityDamageByEntityEvent was triggered by damaged GLOW_SQUID Glow Squid, damager AXOLOTL Axolotl and cancelled false.
[May 04, 2026 23:48:41.028PM UTC]  EntityDamageByEntityEvent was triggered by damaged GLOW_SQUID Glow Squid, damager AXOLOTL Axolotl and cancelled false.
[May 04, 2026 23:48:42.077PM UTC]  EntityDamageByEntityEvent was triggered by damaged GLOW_SQUID Glow Squid, damager AXOLOTL Axolotl and cancelled false.
[May 04, 2026 23:49:42.527PM UTC]  EntityDamageByEntityEvent was triggered by damaged PLAYER LITTLE_GHOTS, damager ZOMBIE Zombie and cancelled false.
[May 04, 2026 23:49:42.528PM UTC]  EntityDamageByEntityEvent was triggered by damaged ZOMBIE Zombie, damager PLAYER LITTLE_GHOTS and cancelled false.
[May 04, 2026 23:49:54.828PM UTC]  EntityDamageByEntityEvent was triggered by damaged PLAYER LITTLE_GHOTS, damager ZOMBIE Zombie and cancelled false.
[May 04, 2026 23:49:55.827PM UTC]  EntityDamageByEntityEvent was triggered by damaged PLAYER LITTLE_GHOTS, damager ZOMBIE Zombie and cancelled false.
[May 04, 2026 23:49:56.277PM UTC]  EntityDamageByEntityEvent was triggered by damaged TROPICAL_FISH Tropical Fish, damager AXOLOTL Axolotl and cancelled false.
[May 04, 2026 23:49:57.078PM UTC]  EntityDamageByEntityEvent was triggered by damaged PLAYER LITTLE_GHOTS, damager ZOMBIE Zombie and cancelled false.
[May 04, 2026 23:49:58.027PM UTC]  EntityDamageByEntityEvent was triggered by damaged TROPICAL_FISH Tropical Fish, damager AXOLOTL Axolotl and cancelled false.
[May 04, 2026 23:49:59.880PM UTC]  EntityDamageByEntityEvent was triggered by damaged TROPICAL_FISH Tropical Fish, damager AXOLOTL Axolotl and cancelled false.
[May 04, 2026 23:50:00.927PM UTC]  EntityDamageByEntityEvent was triggered by damaged TROPICAL_FISH Tropical Fish, damager AXOLOTL Axolotl and cancelled false.
[May 04, 2026 23:50:04.931PM UTC]  EntityDamageByEntityEvent was triggered by damaged PLAYER LITTLE_GHOTS, damager CREEPER Creeper and cancelled false.
[May 04, 2026 23:50:28.176PM UTC]  EntityDamageByEntityEvent was triggered by damaged PLAYER LITTLE_GHOTS, damager ZOMBIE Zombie and cancelled false.
[May 04, 2026 23:50:29.226PM UTC]  EntityDamageByEntityEvent was triggered by damaged PLAYER LITTLE_GHOTS, damager ZOMBIE Zombie and cancelled false.
[May 04, 2026 23:50:29.927PM UTC]  EntityDamageByEntityEvent was triggered by damaged PLAYER LITTLE_GHOTS, damager ZOMBIE Zombie and cancelled false.
[May 04, 2026 23:50:29.943PM UTC]  EntityDamageByEntityEvent was triggered by damaged ZOMBIE Zombie, damager PLAYER LITTLE_GHOTS and cancelled false.
[May 04, 2026 23:50:30.977PM UTC]  PlayerPreTagEvent was triggered on Akukis by LITTLE_GHOTS with type PLAYER, reason ATTACKER, and cancelled true.
[May 04, 2026 23:50:30.978PM UTC]  PlayerPreTagEvent was triggered on LITTLE_GHOTS by Akukis with type PLAYER, reason ATTACKED, and cancelled true.
[May 04, 2026 23:50:30.978PM UTC]  EntityDamageByEntityEvent was triggered by damaged PLAYER LITTLE_GHOTS, damager PLAYER Akukis and cancelled false.
[May 04, 2026 23:50:31.086PM UTC]  EntityDamageByEntityEvent was triggered by damaged ZOMBIE Zombie, damager PLAYER LITTLE_GHOTS and cancelled false.
[May 04, 2026 23:50:31.226PM UTC]  EntityDamageByEntityEvent was triggered by damaged PLAYER LITTLE_GHOTS, damager ZOMBIE Zombie and cancelled false.
[May 04, 2026 23:50:32.089PM UTC]  EntityDamageByEntityEvent was triggered by damaged ZOMBIE Zombie, damager PLAYER LITTLE_GHOTS and cancelled false.
[May 04, 2026 23:50:32.226PM UTC]  EntityDamageByEntityEvent was triggered by damaged PLAYER LITTLE_GHOTS, damager ZOMBIE Zombie and cancelled false.
[May 04, 2026 23:50:32.686PM UTC]  EntityDamageByEntityEvent was triggered by damaged ZOMBIE Zombie, damager PLAYER LITTLE_GHOTS and cancelled false.
[May 04, 2026 23:51:31.026PM UTC]  EntityDamageByEntityEvent was triggered by damaged TROPICAL_FISH Tropical Fish, damager AXOLOTL Axolotl and cancelled false.
[May 04, 2026 23:51:33.026PM UTC]  EntityDamageByEntityEvent was triggered by damaged TROPICAL_FISH Tropical Fish, damager AXOLOTL Axolotl and cancelled false.
[May 04, 2026 23:51:34.127PM UTC]  EntityDamageByEntityEvent was triggered by damaged TROPICAL_FISH Tropical Fish, damager AXOLOTL Axolotl and cancelled false.
[May 04, 2026 23:51:35.526PM UTC]  EntityDamageByEntityEvent was triggered by damaged TROPICAL_FISH Tropical Fish, damager AXOLOTL Axolotl and cancelled false.
[May 04, 2026 23:52:09.826PM UTC]  EntityDamageByEntityEvent was triggered by damaged TROPICAL_FISH Tropical Fish, damager AXOLOTL Axolotl and cancelled false.
[May 04, 2026 23:52:10.877PM UTC]  EntityDamageByEntityEvent was triggered by damaged TROPICAL_FISH Tropical Fish, damager AXOLOTL Axolotl and cancelled false.
[May 04, 2026 23:52:23.126PM UTC]  EntityDamageByEntityEvent was triggered by damaged GLOW_SQUID Glow Squid, damager AXOLOTL Axolotl and cancelled false.
[May 04, 2026 23:52:26.230PM UTC]  EntityDamageByEntityEvent was triggered by damaged GLOW_SQUID Glow Squid, damager AXOLOTL Axolotl and cancelled false.
[May 04, 2026 23:52:27.375PM UTC]  EntityDamageByEntityEvent was triggered by damaged GLOW_SQUID Glow Squid, damager AXOLOTL Axolotl and cancelled false.
[May 04, 2026 23:52:28.427PM UTC]  EntityDamageByEntityEvent was triggered by damaged GLOW_SQUID Glow Squid, damager AXOLOTL Axolotl and cancelled false.
[May 04, 2026 23:52:29.476PM UTC]  EntityDamageByEntityEvent was triggered by damaged GLOW_SQUID Glow Squid, damager AXOLOTL Axolotl and cancelled false.
[May 04, 2026 23:52:43.576PM UTC]  EntityDamageByEntityEvent was triggered by damaged PLAYER LITTLE_GHOTS, damager SPIDER Spider and cancelled false.
[May 04, 2026 23:53:02.526PM UTC]  EntityDamageByEntityEvent was triggered by damaged PLAYER LITTLE_GHOTS, damager SPIDER Spider and cancelled false.
[May 04, 2026 23:53:03.526PM UTC]  EntityDamageByEntityEvent was triggered by damaged PLAYER LITTLE_GHOTS, damager SPIDER Spider and cancelled false.
[May 04, 2026 23:53:04.036PM UTC]  EntityDamageByEntityEvent was triggered by damaged SPIDER Spider, damager PLAYER LITTLE_GHOTS and cancelled false.
[May 04, 2026 23:53:04.589PM UTC]  EntityDamageByEntityEvent was triggered by damaged SPIDER Spider, damager PLAYER LITTLE_GHOTS and cancelled false.
[May 04, 2026 23:54:09.426PM UTC]  EntityDamageByEntityEvent was triggered by damaged TROPICAL_FISH Tropical Fish, damager AXOLOTL Axolotl and cancelled false.
[May 04, 2026 23:54:10.826PM UTC]  EntityDamageByEntityEvent was triggered by damaged TROPICAL_FISH Tropical Fish, damager AXOLOTL Axolotl and cancelled false.
[May 04, 2026 23:54:11.126PM UTC]  EntityDamageByEntityEvent was triggered by damaged TROPICAL_FISH Tropical Fish, damager AXOLOTL Axolotl and cancelled false.
[May 04, 2026 23:54:11.826PM UTC]  EntityDamageByEntityEvent was triggered by damaged TROPICAL_FISH Tropical Fish, damager AXOLOTL Axolotl and cancelled false.
[May 04, 2026 23:54:13.275PM UTC]  EntityDamageByEntityEvent was triggered by damaged TROPICAL_FISH Tropical Fish, damager AXOLOTL Axolotl and cancelled false.
[May 04, 2026 23:54:13.576PM UTC]  EntityDamageByEntityEvent was triggered by damaged TROPICAL_FISH Tropical Fish, damager AXOLOTL Axolotl and cancelled false.
[May 04, 2026 23:54:15.027PM UTC]  EntityDamageByEntityEvent was triggered by damaged TROPICAL_FISH Tropical Fish, damager AXOLOTL Axolotl and cancelled false.
[May 04, 2026 23:54:28.226PM UTC]  EntityDamageByEntityEvent was triggered by damaged TROPICAL_FISH Tropical Fish, damager AXOLOTL Axolotl and cancelled false.
[May 04, 2026 23:54:32.576PM UTC]  EntityDamageByEntityEvent was triggered by damaged TROPICAL_FISH Tropical Fish, damager AXOLOTL Axolotl and cancelled false.
[May 04, 2026 23:54:53.680PM UTC]  EntityDamageByEntityEvent was triggered by damaged TROPICAL_FISH Tropical Fish, damager AXOLOTL Axolotl and cancelled false.
[May 04, 2026 23:54:55.035PM UTC]  EntityDamageByEntityEvent was triggered by damaged TROPICAL_FISH Tropical Fish, damager AXOLOTL Axolotl and cancelled false.
[May 04, 2026 23:54:56.737PM UTC]  EntityDamageByEntityEvent was triggered by damaged TROPICAL_FISH Tropical Fish, damager AXOLOTL Axolotl and cancelled false.
[May 04, 2026 23:55:04.133PM UTC]  EntityDamageByEntityEvent was triggered by damaged TROPICAL_FISH Tropical Fish, damager AXOLOTL Axolotl and cancelled false.
[May 04, 2026 23:55:12.376PM UTC]  EntityDamageByEntityEvent was triggered by damaged GLOW_SQUID Glow Squid, damager AXOLOTL Axolotl and cancelled false.
[May 04, 2026 23:55:13.627PM UTC]  EntityDamageByEntityEvent was triggered by damaged GLOW_SQUID Glow Squid, damager AXOLOTL Axolotl and cancelled false.
[May 04, 2026 23:55:15.826PM UTC]  EntityDamageByEntityEvent was triggered by damaged GLOW_SQUID Glow Squid, damager AXOLOTL Axolotl and cancelled false.
[May 04, 2026 23:55:16.876PM UTC]  EntityDamageByEntityEvent was triggered by damaged GLOW_SQUID Glow Squid, damager AXOLOTL Axolotl and cancelled false.
[May 04, 2026 23:55:22.578PM UTC]  EntityDamageByEntityEvent was triggered by damaged GLOW_SQUID Glow Squid, damager AXOLOTL Axolotl and cancelled false.
[May 04, 2026 23:56:10.331PM UTC]  EntityDamageByEntityEvent was triggered by damaged TROPICAL_FISH Tropical Fish, damager AXOLOTL Axolotl and cancelled false.
[May 04, 2026 23:56:11.731PM UTC]  EntityDamageByEntityEvent was triggered by damaged TROPICAL_FISH Tropical Fish, damager AXOLOTL Axolotl and cancelled false.
[May 04, 2026 23:56:16.631PM UTC]  EntityDamageByEntityEvent was triggered by damaged TROPICAL_FISH Tropical Fish, damager AXOLOTL Axolotl and cancelled false.
[May 04, 2026 23:56:18.083PM UTC]  EntityDamageByEntityEvent was triggered by damaged TROPICAL_FISH Tropical Fish, damager AXOLOTL Axolotl and cancelled false.
[May 04, 2026 23:56:37.632PM UTC]  EntityDamageByEntityEvent was triggered by damaged TROPICAL_FISH Tropical Fish, damager AXOLOTL Axolotl and cancelled false.
[May 04, 2026 23:56:57.130PM UTC]  EntityDamageByEntityEvent was triggered by damaged TROPICAL_FISH Tropical Fish, damager AXOLOTL Axolotl and cancelled false.
[May 04, 2026 23:56:58.881PM UTC]  EntityDamageByEntityEvent was triggered by damaged TROPICAL_FISH Tropical Fish, damager AXOLOTL Axolotl and cancelled false.
[May 04, 2026 23:57:00.580PM UTC]  EntityDamageByEntityEvent was triggered by damaged TROPICAL_FISH Tropical Fish, damager AXOLOTL Axolotl and cancelled false.
[May 04, 2026 23:57:01.631PM UTC]  EntityDamageByEntityEvent was triggered by damaged TROPICAL_FISH Tropical Fish, damager AXOLOTL Axolotl and cancelled false.
