[April 26, 2026 17:07:22.813PM UTC]  EntityDamageByEntityEvent was triggered by damaged ENDERMAN Enderman, damager PLAYER Akukis and cancelled false.
[April 26, 2026 17:07:25.623PM UTC]  EntityDamageByEntityEvent was triggered by damaged ENDERMAN Enderman, damager PLAYER Akukis and cancelled false.
[April 26, 2026 17:07:26.124PM UTC]  EntityDamageByEntityEvent was triggered by damaged ENDERMAN Enderman, damager PLAYER Akukis and cancelled false.
[April 26, 2026 17:07:27.125PM UTC]  EntityDamageByEntityEvent was triggered by damaged ENDERMAN Enderman, damager PLAYER Akukis and cancelled false.
[April 26, 2026 17:07:27.674PM UTC]  EntityDamageByEntityEvent was triggered by damaged ENDERMAN Enderman, damager PLAYER Akukis and cancelled false.
[April 26, 2026 17:08:00.080PM UTC]  EntityDamageByEntityEvent was triggered by damaged RABBIT Rabbit, damager CAT Cat and cancelled false.
[April 26, 2026 17:09:30.830PM UTC]  EntityDamageByEntityEvent was triggered by damaged IRON_GOLEM Iron Golem, damager ZOMBIE Zombie and cancelled false.
[April 26, 2026 17:09:30.878PM UTC]  EntityDamageByEntityEvent was triggered by damaged ZOMBIE Zombie, damager IRON_GOLEM Iron Golem and cancelled false.
[April 26, 2026 17:09:31.830PM UTC]  EntityDamageByEntityEvent was triggered by damaged IRON_GOLEM Iron Golem, damager ZOMBIE Zombie and cancelled false.
[April 26, 2026 17:09:31.879PM UTC]  EntityDamageByEntityEvent was triggered by damaged ZOMBIE Zombie, damager IRON_GOLEM Iron Golem and cancelled false.
[April 26, 2026 17:09:34.878PM UTC]  EntityDamageByEntityEvent was triggered by damaged ZOMBIE Zombie, damager IRON_GOLEM Iron Golem and cancelled false.
[April 26, 2026 17:09:34.880PM UTC]  EntityDamageByEntityEvent was triggered by damaged IRON_GOLEM Iron Golem, damager ZOMBIE Zombie and cancelled false.
[April 26, 2026 17:09:35.883PM UTC]  EntityDamageByEntityEvent was triggered by damaged ZOMBIE Zombie, damager IRON_GOLEM Iron Golem and cancelled false.
[April 26, 2026 17:09:45.979PM UTC]  EntityDamageByEntityEvent was triggered by damaged ZOMBIE Zombie, damager IRON_GOLEM Iron Golem and cancelled false.
[April 26, 2026 17:09:45.981PM UTC]  EntityDamageByEntityEvent was triggered by damaged IRON_GOLEM Iron Golem, damager ZOMBIE Zombie and cancelled false.
[April 26, 2026 17:09:47.229PM UTC]  EntityDamageByEntityEvent was triggered by damaged ZOMBIE Zombie, damager IRON_GOLEM Iron Golem and cancelled false.
[April 26, 2026 17:13:53.771PM UTC]  EntityDamageByEntityEvent was triggered by damaged IRON_GOLEM Iron Golem, damager ZOMBIE Zombie and cancelled false.
[April 26, 2026 17:13:53.814PM UTC]  EntityDamageByEntityEvent was triggered by damaged ZOMBIE Zombie, damager IRON_GOLEM Iron Golem and cancelled false.
[April 26, 2026 17:13:54.766PM UTC]  EntityDamageByEntityEvent was triggered by damaged IRON_GOLEM Iron Golem, damager ZOMBIE Zombie and cancelled false.
[April 26, 2026 17:13:54.815PM UTC]  EntityDamageByEntityEvent was triggered by damaged ZOMBIE Zombie, damager IRON_GOLEM Iron Golem and cancelled false.
[April 26, 2026 17:14:26.717PM UTC]  EntityDamageByEntityEvent was triggered by damaged IRON_GOLEM Iron Golem, damager ARROW Arrow and cancelled false.
[April 26, 2026 17:14:29.616PM UTC]  EntityDamageByEntityEvent was triggered by damaged IRON_GOLEM Iron Golem, damager ARROW Arrow and cancelled false.
[April 26, 2026 17:14:30.563PM UTC]  EntityDamageByEntityEvent was triggered by damaged SKELETON Skeleton, damager IRON_GOLEM Iron Golem and cancelled false.
[April 26, 2026 17:14:31.564PM UTC]  EntityDamageByEntityEvent was triggered by damaged SKELETON Skeleton, damager IRON_GOLEM Iron Golem and cancelled false.
[April 26, 2026 17:14:45.614PM UTC]  EntityDamageByEntityEvent was triggered by damaged ZOMBIE Zombie, damager IRON_GOLEM Iron Golem and cancelled false.
[April 26, 2026 17:14:45.617PM UTC]  EntityDamageByEntityEvent was triggered by damaged IRON_GOLEM Iron Golem, damager ZOMBIE Zombie and cancelled false.
[April 26, 2026 17:14:46.614PM UTC]  EntityDamageByEntityEvent was triggered by damaged ZOMBIE Zombie, damager IRON_GOLEM Iron Golem and cancelled false.
[April 26, 2026 17:15:09.664PM UTC]  EntityDamageByEntityEvent was triggered by damaged IRON_GOLEM Iron Golem, damager ZOMBIE Zombie and cancelled false.
[April 26, 2026 17:15:09.714PM UTC]  EntityDamageByEntityEvent was triggered by damaged ZOMBIE Zombie, damager IRON_GOLEM Iron Golem and cancelled false.
[April 26, 2026 17:15:39.213PM UTC]  EntityDamageByEntityEvent was triggered by damaged ZOMBIE Zombie, damager IRON_GOLEM Iron Golem and cancelled false.
[April 26, 2026 17:15:39.216PM UTC]  EntityDamageByEntityEvent was triggered by damaged IRON_GOLEM Iron Golem, damager ZOMBIE Zombie and cancelled false.
[April 26, 2026 17:15:40.214PM UTC]  EntityDamageByEntityEvent was triggered by damaged ZOMBIE Zombie, damager IRON_GOLEM Iron Golem and cancelled false.
[April 26, 2026 17:16:08.016PM UTC]  EntityDamageByEntityEvent was triggered by damaged IRON_GOLEM Iron Golem, damager ZOMBIE Zombie and cancelled false.
[April 26, 2026 17:16:08.064PM UTC]  EntityDamageByEntityEvent was triggered by damaged ZOMBIE Zombie, damager IRON_GOLEM Iron Golem and cancelled false.
[April 26, 2026 17:16:09.016PM UTC]  EntityDamageByEntityEvent was triggered by damaged IRON_GOLEM Iron Golem, damager ZOMBIE Zombie and cancelled false.
[April 26, 2026 17:16:09.064PM UTC]  EntityDamageByEntityEvent was triggered by damaged ZOMBIE Zombie, damager IRON_GOLEM Iron Golem and cancelled false.
[April 26, 2026 17:16:20.514PM UTC]  EntityDamageByEntityEvent was triggered by damaged ZOMBIE Zombie, damager IRON_GOLEM Iron Golem and cancelled false.
[April 26, 2026 17:16:35.165PM UTC]  EntityDamageByEntityEvent was triggered by damaged IRON_GOLEM Iron Golem, damager ARROW Arrow and cancelled false.
[April 26, 2026 17:16:37.214PM UTC]  EntityDamageByEntityEvent was triggered by damaged SKELETON Skeleton, damager IRON_GOLEM Iron Golem and cancelled false.
[April 26, 2026 17:16:38.066PM UTC]  EntityDamageByEntityEvent was triggered by damaged IRON_GOLEM Iron Golem, damager ARROW Arrow and cancelled false.
[April 26, 2026 17:16:38.214PM UTC]  EntityDamageByEntityEvent was triggered by damaged SKELETON Skeleton, damager IRON_GOLEM Iron Golem and cancelled false.
[April 26, 2026 17:17:41.064PM UTC]  EntityDamageByEntityEvent was triggered by damaged IRON_GOLEM Iron Golem, damager ARROW Arrow and cancelled false.
[April 26, 2026 17:17:43.864PM UTC]  EntityDamageByEntityEvent was triggered by damaged IRON_GOLEM Iron Golem, damager ARROW Arrow and cancelled false.
[April 26, 2026 17:17:45.814PM UTC]  EntityDamageByEntityEvent was triggered by damaged IRON_GOLEM Iron Golem, damager SPIDER Spider and cancelled false.
[April 26, 2026 17:17:46.163PM UTC]  EntityDamageByEntityEvent was triggered by damaged SKELETON Skeleton, damager IRON_GOLEM Iron Golem and cancelled false.
[April 26, 2026 17:17:46.867PM UTC]  EntityDamageByEntityEvent was triggered by damaged IRON_GOLEM Iron Golem, damager ARROW Arrow and cancelled false.
[April 26, 2026 17:17:47.163PM UTC]  EntityDamageByEntityEvent was triggered by damaged SKELETON Skeleton, damager IRON_GOLEM Iron Golem and cancelled false.
[April 26, 2026 17:17:47.814PM UTC]  EntityDamageByEntityEvent was triggered by damaged IRON_GOLEM Iron Golem, damager SPIDER Spider and cancelled false.
[April 26, 2026 17:17:48.214PM UTC]  EntityDamageByEntityEvent was triggered by damaged SPIDER Spider, damager IRON_GOLEM Iron Golem and cancelled false.
[April 26, 2026 17:17:48.915PM UTC]  EntityDamageByEntityEvent was triggered by damaged IRON_GOLEM Iron Golem, damager ARROW Arrow and cancelled false.
[April 26, 2026 17:17:49.413PM UTC]  EntityDamageByEntityEvent was triggered by damaged SPIDER Spider, damager IRON_GOLEM Iron Golem and cancelled false.
[April 26, 2026 17:17:51.814PM UTC]  EntityDamageByEntityEvent was triggered by damaged IRON_GOLEM Iron Golem, damager ARROW Arrow and cancelled false.
[April 26, 2026 17:17:54.563PM UTC]  EntityDamageByEntityEvent was triggered by damaged SKELETON Skeleton, damager IRON_GOLEM Iron Golem and cancelled false.
[April 26, 2026 17:17:55.563PM UTC]  EntityDamageByEntityEvent was triggered by damaged SKELETON Skeleton, damager IRON_GOLEM Iron Golem and cancelled false.
[April 26, 2026 17:17:56.514PM UTC]  EntityDamageByEntityEvent was triggered by damaged IRON_GOLEM Iron Golem, damager ARROW Arrow and cancelled false.
[April 26, 2026 17:17:59.264PM UTC]  EntityDamageByEntityEvent was triggered by damaged IRON_GOLEM Iron Golem, damager ARROW Arrow and cancelled false.
[April 26, 2026 17:18:01.113PM UTC]  EntityDamageByEntityEvent was triggered by damaged SKELETON Skeleton, damager IRON_GOLEM Iron Golem and cancelled false.
[April 26, 2026 17:37:26.092PM UTC]  EntityDamageByEntityEvent was triggered by damaged ENDERMAN Enderman, damager PLAYER xXbayron92Xx and cancelled false.
[April 26, 2026 17:37:27.981PM UTC]  EntityDamageByEntityEvent was triggered by damaged ENDERMAN Enderman, damager PLAYER xXbayron92Xx and cancelled false.
[April 26, 2026 17:37:31.634PM UTC]  EntityDamageByEntityEvent was triggered by damaged ENDERMAN Enderman, damager PLAYER xXbayron92Xx and cancelled false.
[April 26, 2026 17:37:37.586PM UTC]  EntityDamageByEntityEvent was triggered by damaged ENDERMAN Enderman, damager PLAYER xXbayron92Xx and cancelled false.
[April 26, 2026 17:37:37.741PM UTC]  EntityDamageByEntityEvent was triggered by damaged ENDERMAN Enderman, damager PLAYER xXbayron92Xx and cancelled false.
[April 26, 2026 17:37:47.387PM UTC]  EntityDamageByEntityEvent was triggered by damaged ENDERMAN Enderman, damager PLAYER xXbayron92Xx and cancelled false.
[April 26, 2026 17:37:47.535PM UTC]  EntityDamageByEntityEvent was triggered by damaged ENDERMAN Enderman, damager PLAYER xXbayron92Xx and cancelled false.
[April 26, 2026 17:37:47.588PM UTC]  EntityDamageByEntityEvent was triggered by damaged ENDERMAN Enderman, damager PLAYER xXbayron92Xx and cancelled false.
[April 26, 2026 17:38:26.982PM UTC]  EntityDamageByEntityEvent was triggered by damaged PLAYER xXbayron92Xx, damager SHULKER_BULLET Shulker Bullet and cancelled false.
[April 26, 2026 17:38:29.632PM UTC]  EntityDamageByEntityEvent was triggered by damaged PLAYER xXbayron92Xx, damager SHULKER_BULLET Shulker Bullet and cancelled false.
[April 26, 2026 17:38:58.424PM UTC]  EntityDamageByEntityEvent was triggered by damaged SHULKER Shulker, damager PLAYER xXbayron92Xx and cancelled false.
[April 26, 2026 17:38:59.078PM UTC]  EntityDamageByEntityEvent was triggered by damaged SHULKER Shulker, damager PLAYER xXbayron92Xx and cancelled false.
[April 26, 2026 17:38:59.728PM UTC]  EntityDamageByEntityEvent was triggered by damaged SHULKER Shulker, damager PLAYER xXbayron92Xx and cancelled false.
[April 26, 2026 17:39:00.325PM UTC]  EntityDamageByEntityEvent was triggered by damaged SHULKER Shulker, damager PLAYER xXbayron92Xx and cancelled false.
[April 26, 2026 17:39:02.242PM UTC]  EntityDamageByEntityEvent was triggered by damaged SHULKER Shulker, damager PLAYER xXbayron92Xx and cancelled false.
[April 26, 2026 17:39:02.568PM UTC]  EntityDamageByEntityEvent was triggered by damaged SHULKER Shulker, damager PLAYER xXbayron92Xx and cancelled false.
[April 26, 2026 17:39:03.017PM UTC]  EntityDamageByEntityEvent was triggered by damaged SHULKER Shulker, damager PLAYER xXbayron92Xx and cancelled false.
[April 26, 2026 17:39:06.380PM UTC]  EntityDamageByEntityEvent was triggered by damaged SHULKER Shulker, damager SHULKER_BULLET Shulker Bullet and cancelled false.
[April 26, 2026 17:39:07.181PM UTC]  EntityDamageByEntityEvent was triggered by damaged SHULKER Shulker, damager PLAYER xXbayron92Xx and cancelled false.
[April 26, 2026 17:39:09.131PM UTC]  EntityDamageByEntityEvent was triggered by damaged SHULKER Shulker, damager PLAYER xXbayron92Xx and cancelled false.
[April 26, 2026 17:39:10.331PM UTC]  EntityDamageByEntityEvent was triggered by damaged SHULKER Shulker, damager PLAYER xXbayron92Xx and cancelled false.
[April 26, 2026 17:39:11.781PM UTC]  EntityDamageByEntityEvent was triggered by damaged PLAYER xXbayron92Xx, damager SHULKER_BULLET Shulker Bullet and cancelled false.
[April 26, 2026 17:39:14.431PM UTC]  EntityDamageByEntityEvent was triggered by damaged SHULKER Shulker, damager PLAYER xXbayron92Xx and cancelled false.
[April 26, 2026 17:39:14.531PM UTC]  EntityDamageByEntityEvent was triggered by damaged PLAYER xXbayron92Xx, damager SHULKER_BULLET Shulker Bullet and cancelled false.
[April 26, 2026 17:39:17.081PM UTC]  EntityDamageByEntityEvent was triggered by damaged PLAYER xXbayron92Xx, damager SHULKER_BULLET Shulker Bullet and cancelled false.
[April 26, 2026 17:39:18.881PM UTC]  EntityDamageByEntityEvent was triggered by damaged SHULKER Shulker, damager PLAYER xXbayron92Xx and cancelled false.
[April 26, 2026 17:39:26.480PM UTC]  EntityDamageByEntityEvent was triggered by damaged SHULKER Shulker, damager PLAYER xXbayron92Xx and cancelled false.
[April 26, 2026 17:39:42.831PM UTC]  EntityDamageByEntityEvent was triggered by damaged SHULKER Shulker, damager PLAYER xXbayron92Xx and cancelled false.
[April 26, 2026 17:39:43.281PM UTC]  EntityDamageByEntityEvent was triggered by damaged SHULKER Shulker, damager PLAYER xXbayron92Xx and cancelled false.
[April 26, 2026 17:39:43.282PM UTC]  EntityDamageByEntityEvent was triggered by damaged ENDERMAN Enderman, damager PLAYER xXbayron92Xx and cancelled false.
[April 26, 2026 17:39:47.280PM UTC]  EntityDamageByEntityEvent was triggered by damaged SHULKER Shulker, damager PLAYER xXbayron92Xx and cancelled false.
[April 26, 2026 17:39:49.231PM UTC]  EntityDamageByEntityEvent was triggered by damaged SHULKER Shulker, damager PLAYER xXbayron92Xx and cancelled false.
[April 26, 2026 17:39:51.780PM UTC]  EntityDamageByEntityEvent was triggered by damaged PLAYER xXbayron92Xx, damager ENDERMAN Enderman and cancelled false.
[April 26, 2026 17:39:52.668PM UTC]  EntityDamageByEntityEvent was triggered by damaged SHULKER_BULLET Shulker Bullet, damager PLAYER xXbayron92Xx and cancelled false.
[April 26, 2026 17:39:52.668PM UTC]  EntityDamageByEntityEvent was triggered by damaged ENDERMAN Enderman, damager PLAYER xXbayron92Xx and cancelled false.
[April 26, 2026 17:39:53.237PM UTC]  EntityDamageByEntityEvent was triggered by damaged ENDERMAN Enderman, damager PLAYER xXbayron92Xx and cancelled false.
[April 26, 2026 17:39:53.281PM UTC]  EntityDamageByEntityEvent was triggered by damaged PLAYER xXbayron92Xx, damager ENDERMAN Enderman and cancelled false.
[April 26, 2026 17:39:53.836PM UTC]  EntityDamageByEntityEvent was triggered by damaged ENDERMAN Enderman, damager PLAYER xXbayron92Xx and cancelled false.
[April 26, 2026 17:39:54.380PM UTC]  EntityDamageByEntityEvent was triggered by damaged PLAYER xXbayron92Xx, damager ENDERMAN Enderman and cancelled false.
[April 26, 2026 17:39:54.431PM UTC]  EntityDamageByEntityEvent was triggered by damaged ENDERMAN Enderman, damager PLAYER xXbayron92Xx and cancelled false.
[April 26, 2026 17:39:54.530PM UTC]  EntityDamageByEntityEvent was triggered by damaged PLAYER xXbayron92Xx, damager ENDERMAN Enderman and cancelled false.
[April 26, 2026 17:39:55.045PM UTC]  EntityDamageByEntityEvent was triggered by damaged ENDERMAN Enderman, damager PLAYER xXbayron92Xx and cancelled false.
[April 26, 2026 17:41:55.743PM UTC]  EntityDamageByEntityEvent was triggered by damaged SKELETON Skeleton, damager IRON_GOLEM Iron Golem and cancelled false.
[April 26, 2026 17:42:11.539PM UTC]  PlayerPreTagEvent was triggered on Akukis by xXbayron92Xx with type PLAYER, reason ATTACKER, and cancelled true.
[April 26, 2026 17:42:11.540PM UTC]  PlayerPreTagEvent was triggered on xXbayron92Xx by Akukis with type PLAYER, reason ATTACKED, and cancelled true.
[April 26, 2026 17:42:11.576PM UTC]  EntityDamageByEntityEvent was triggered by damaged PLAYER xXbayron92Xx, damager PLAYER Akukis and cancelled false.
[April 26, 2026 17:45:51.134PM UTC]  EntityDamageByEntityEvent was triggered by damaged RABBIT Rabbit, damager CAT Cat and cancelled false.
[April 26, 2026 17:45:53.933PM UTC]  EntityDamageByEntityEvent was triggered by damaged RABBIT Rabbit, damager CAT Cat and cancelled false.
[April 26, 2026 17:46:04.033PM UTC]  EntityDamageByEntityEvent was triggered by damaged RABBIT Rabbit, damager CAT Cat and cancelled false.
[April 26, 2026 17:52:48.430PM UTC]  EntityDamageByEntityEvent was triggered by damaged SKELETON Skeleton, damager IRON_GOLEM Iron Golem and cancelled false.
[April 26, 2026 17:52:49.430PM UTC]  EntityDamageByEntityEvent was triggered by damaged SKELETON Skeleton, damager IRON_GOLEM Iron Golem and cancelled false.
[April 26, 2026 17:52:50.483PM UTC]  EntityDamageByEntityEvent was triggered by damaged IRON_GOLEM Iron Golem, damager ZOMBIE Zombie and cancelled false.
[April 26, 2026 17:52:50.531PM UTC]  EntityDamageByEntityEvent was triggered by damaged ZOMBIE Zombie, damager IRON_GOLEM Iron Golem and cancelled false.
[April 26, 2026 17:52:51.482PM UTC]  EntityDamageByEntityEvent was triggered by damaged IRON_GOLEM Iron Golem, damager ZOMBIE Zombie and cancelled false.
[April 26, 2026 17:52:51.531PM UTC]  EntityDamageByEntityEvent was triggered by damaged ZOMBIE Zombie, damager IRON_GOLEM Iron Golem and cancelled false.
[April 26, 2026 17:53:10.633PM UTC]  EntityDamageByEntityEvent was triggered by damaged IRON_GOLEM Iron Golem, damager ZOMBIE Zombie and cancelled false.
[April 26, 2026 17:53:10.681PM UTC]  EntityDamageByEntityEvent was triggered by damaged ZOMBIE Zombie, damager IRON_GOLEM Iron Golem and cancelled false.
[April 26, 2026 17:54:53.781PM UTC]  EntityDamageByEntityEvent was triggered by damaged ZOMBIE Zombie, damager IRON_GOLEM Iron Golem and cancelled false.
[April 26, 2026 17:54:55.033PM UTC]  EntityDamageByEntityEvent was triggered by damaged IRON_GOLEM Iron Golem, damager ZOMBIE Zombie and cancelled false.
[April 26, 2026 17:54:55.081PM UTC]  EntityDamageByEntityEvent was triggered by damaged ZOMBIE Zombie, damager IRON_GOLEM Iron Golem and cancelled false.
[April 26, 2026 17:55:00.981PM UTC]  EntityDamageByEntityEvent was triggered by damaged ZOMBIE Zombie, damager IRON_GOLEM Iron Golem and cancelled false.
[April 26, 2026 17:55:00.983PM UTC]  EntityDamageByEntityEvent was triggered by damaged IRON_GOLEM Iron Golem, damager ZOMBIE Zombie and cancelled false.
[April 26, 2026 17:55:01.982PM UTC]  EntityDamageByEntityEvent was triggered by damaged IRON_GOLEM Iron Golem, damager ZOMBIE Zombie and cancelled false.
[April 26, 2026 18:02:36.444PM UTC]  EntityDamageByEntityEvent was triggered by damaged IRON_GOLEM Iron Golem, damager ZOMBIE Zombie and cancelled false.
[April 26, 2026 18:02:36.449PM UTC]  EntityDamageByEntityEvent was triggered by damaged ZOMBIE Zombie, damager IRON_GOLEM Iron Golem and cancelled false.
[April 26, 2026 18:02:36.589PM UTC]  EntityDamageByEntityEvent was triggered by damaged ZOMBIE Zombie, damager IRON_GOLEM Iron Golem and cancelled false.
[April 26, 2026 18:02:37.137PM UTC]  EntityDamageByEntityEvent was triggered by damaged IRON_GOLEM Iron Golem, damager ZOMBIE Zombie and cancelled false.
[April 26, 2026 18:02:37.440PM UTC]  EntityDamageByEntityEvent was triggered by damaged ZOMBIE Zombie, damager IRON_GOLEM Iron Golem and cancelled false.
[April 26, 2026 18:02:37.937PM UTC]  EntityDamageByEntityEvent was triggered by damaged IRON_GOLEM Iron Golem, damager ZOMBIE Zombie and cancelled false.
[April 26, 2026 18:02:37.988PM UTC]  EntityDamageByEntityEvent was triggered by damaged ZOMBIE Zombie, damager IRON_GOLEM Iron Golem and cancelled false.
[April 26, 2026 18:02:38.488PM UTC]  EntityDamageByEntityEvent was triggered by damaged ZOMBIE Zombie, damager IRON_GOLEM Iron Golem and cancelled false.
[April 26, 2026 18:02:38.637PM UTC]  EntityDamageByEntityEvent was triggered by damaged IRON_GOLEM Iron Golem, damager ZOMBIE Zombie and cancelled false.
[April 26, 2026 18:02:39.186PM UTC]  EntityDamageByEntityEvent was triggered by damaged IRON_GOLEM Iron Golem, damager ZOMBIE Zombie and cancelled false.
[April 26, 2026 18:02:39.488PM UTC]  EntityDamageByEntityEvent was triggered by damaged ZOMBIE Zombie, damager IRON_GOLEM Iron Golem and cancelled false.
[April 26, 2026 18:02:39.538PM UTC]  EntityDamageByEntityEvent was triggered by damaged ZOMBIE Zombie, damager IRON_GOLEM Iron Golem and cancelled false.
[April 26, 2026 18:02:39.587PM UTC]  EntityDamageByEntityEvent was triggered by damaged IRON_GOLEM Iron Golem, damager ZOMBIE Zombie and cancelled false.
[April 26, 2026 18:02:40.187PM UTC]  EntityDamageByEntityEvent was triggered by damaged IRON_GOLEM Iron Golem, damager ZOMBIE Zombie and cancelled false.
[April 26, 2026 18:02:40.538PM UTC]  EntityDamageByEntityEvent was triggered by damaged ZOMBIE Zombie, damager IRON_GOLEM Iron Golem and cancelled false.
[April 26, 2026 18:02:40.539PM UTC]  EntityDamageByEntityEvent was triggered by damaged ZOMBIE Zombie, damager IRON_GOLEM Iron Golem and cancelled false.
[April 26, 2026 18:02:40.737PM UTC]  EntityDamageByEntityEvent was triggered by damaged IRON_GOLEM Iron Golem, damager ZOMBIE Zombie and cancelled false.
[April 26, 2026 18:02:40.837PM UTC]  EntityDamageByEntityEvent was triggered by damaged IRON_GOLEM Iron Golem, damager ZOMBIE Zombie and cancelled false.
[April 26, 2026 18:02:41.388PM UTC]  EntityDamageByEntityEvent was triggered by damaged IRON_GOLEM Iron Golem, damager ZOMBIE Zombie and cancelled false.
[April 26, 2026 18:02:41.538PM UTC]  EntityDamageByEntityEvent was triggered by damaged ZOMBIE Zombie, damager IRON_GOLEM Iron Golem and cancelled false.
[April 26, 2026 18:02:41.539PM UTC]  EntityDamageByEntityEvent was triggered by damaged ZOMBIE Zombie, damager IRON_GOLEM Iron Golem and cancelled false.
[April 26, 2026 18:02:42.186PM UTC]  EntityDamageByEntityEvent was triggered by damaged IRON_GOLEM Iron Golem, damager ZOMBIE Zombie and cancelled false.
[April 26, 2026 18:02:42.588PM UTC]  EntityDamageByEntityEvent was triggered by damaged ZOMBIE Zombie, damager IRON_GOLEM Iron Golem and cancelled false.
[April 26, 2026 18:02:42.687PM UTC]  EntityDamageByEntityEvent was triggered by damaged IRON_GOLEM Iron Golem, damager ZOMBIE Zombie and cancelled false.
[April 26, 2026 18:02:43.287PM UTC]  EntityDamageByEntityEvent was triggered by damaged ZOMBIE Zombie, damager IRON_GOLEM Iron Golem and cancelled false.
[April 26, 2026 18:02:43.388PM UTC]  EntityDamageByEntityEvent was triggered by damaged IRON_GOLEM Iron Golem, damager ZOMBIE Zombie and cancelled false.
[April 26, 2026 18:02:43.588PM UTC]  EntityDamageByEntityEvent was triggered by damaged ZOMBIE Zombie, damager IRON_GOLEM Iron Golem and cancelled false.
[April 26, 2026 18:02:43.986PM UTC]  EntityDamageByEntityEvent was triggered by damaged IRON_GOLEM Iron Golem, damager ZOMBIE Zombie and cancelled false.
[April 26, 2026 18:02:44.238PM UTC]  EntityDamageByEntityEvent was triggered by damaged IRON_GOLEM Iron Golem, damager ZOMBIE Zombie and cancelled false.
[April 26, 2026 18:02:44.387PM UTC]  EntityDamageByEntityEvent was triggered by damaged ZOMBIE Zombie, damager IRON_GOLEM Iron Golem and cancelled false.
[April 26, 2026 18:02:44.588PM UTC]  EntityDamageByEntityEvent was triggered by damaged ZOMBIE Zombie, damager IRON_GOLEM Iron Golem and cancelled false.
[April 26, 2026 18:02:44.986PM UTC]  EntityDamageByEntityEvent was triggered by damaged IRON_GOLEM Iron Golem, damager ZOMBIE Zombie and cancelled false.
[April 26, 2026 18:02:45.586PM UTC]  EntityDamageByEntityEvent was triggered by damaged IRON_GOLEM Iron Golem, damager ZOMBIE Zombie and cancelled false.
[April 26, 2026 18:02:45.588PM UTC]  EntityDamageByEntityEvent was triggered by damaged ZOMBIE Zombie, damager IRON_GOLEM Iron Golem and cancelled false.
[April 26, 2026 18:02:46.387PM UTC]  EntityDamageByEntityEvent was triggered by damaged IRON_GOLEM Iron Golem, damager ZOMBIE Zombie and cancelled false.
[April 26, 2026 18:02:46.640PM UTC]  EntityDamageByEntityEvent was triggered by damaged ZOMBIE Zombie, damager IRON_GOLEM Iron Golem and cancelled false.
[April 26, 2026 18:02:47.487PM UTC]  EntityDamageByEntityEvent was triggered by damaged IRON_GOLEM Iron Golem, damager ZOMBIE Zombie and cancelled false.
[April 26, 2026 18:02:47.639PM UTC]  EntityDamageByEntityEvent was triggered by damaged ZOMBIE Zombie, damager IRON_GOLEM Iron Golem and cancelled false.
[April 26, 2026 18:14:57.342PM UTC]  EntityDamageByEntityEvent was triggered by damaged PLAYER Emilio100, damager SPIDER Spider and cancelled false.
[April 26, 2026 18:14:58.587PM UTC]  EntityDamageByEntityEvent was triggered by damaged PLAYER Emilio100, damager SPIDER Spider and cancelled false.
[April 26, 2026 18:14:59.442PM UTC]  EntityDamageByEntityEvent was triggered by damaged SPIDER Spider, damager PLAYER Emilio100 and cancelled false.
[April 26, 2026 18:15:00.540PM UTC]  EntityDamageByEntityEvent was triggered by damaged SPIDER Spider, damager PLAYER Emilio100 and cancelled false.
[April 26, 2026 18:15:38.283PM UTC]  EntityDamageByEntityEvent was triggered by damaged CREEPER Creeper, damager PLAYER Emilio100 and cancelled false.
[April 26, 2026 18:15:38.448PM UTC]  EntityDamageByEntityEvent was triggered by damaged CREEPER Creeper, damager PLAYER Emilio100 and cancelled false.
[April 26, 2026 18:15:42.396PM UTC]  EntityDamageByEntityEvent was triggered by damaged CREEPER Creeper, damager PLAYER Emilio100 and cancelled false.
[April 26, 2026 18:15:43.246PM UTC]  EntityDamageByEntityEvent was triggered by damaged PLAYER Emilio100, damager CREEPER Creeper and cancelled false.
[April 26, 2026 18:15:49.988PM UTC]  EntityDamageByEntityEvent was triggered by damaged ENDERMAN Enderman, damager IRON_GOLEM Iron Golem and cancelled false.
[April 26, 2026 18:15:50.188PM UTC]  EntityDamageByEntityEvent was triggered by damaged IRON_GOLEM Iron Golem, damager ENDERMAN Enderman and cancelled false.
[April 26, 2026 18:15:50.986PM UTC]  EntityDamageByEntityEvent was triggered by damaged ENDERMAN Enderman, damager IRON_GOLEM Iron Golem and cancelled false.
[April 26, 2026 18:15:52.286PM UTC]  EntityDamageByEntityEvent was triggered by damaged IRON_GOLEM Iron Golem, damager ENDERMAN Enderman and cancelled false.
[April 26, 2026 18:15:52.337PM UTC]  EntityDamageByEntityEvent was triggered by damaged ENDERMAN Enderman, damager IRON_GOLEM Iron Golem and cancelled false.
[April 26, 2026 18:15:53.287PM UTC]  EntityDamageByEntityEvent was triggered by damaged IRON_GOLEM Iron Golem, damager ENDERMAN Enderman and cancelled false.
[April 26, 2026 18:15:53.337PM UTC]  EntityDamageByEntityEvent was triggered by damaged ENDERMAN Enderman, damager IRON_GOLEM Iron Golem and cancelled false.
[April 26, 2026 18:16:05.037PM UTC]  EntityDamageByEntityEvent was triggered by damaged ZOMBIE Zombie, damager IRON_GOLEM Iron Golem and cancelled false.
[April 26, 2026 18:16:05.038PM UTC]  EntityDamageByEntityEvent was triggered by damaged IRON_GOLEM Iron Golem, damager ZOMBIE Zombie and cancelled false.
[April 26, 2026 18:16:06.338PM UTC]  EntityDamageByEntityEvent was triggered by damaged IRON_GOLEM Iron Golem, damager ZOMBIE Zombie and cancelled false.
[April 26, 2026 18:16:06.387PM UTC]  EntityDamageByEntityEvent was triggered by damaged ZOMBIE Zombie, damager IRON_GOLEM Iron Golem and cancelled false.
[April 26, 2026 18:16:07.337PM UTC]  EntityDamageByEntityEvent was triggered by damaged IRON_GOLEM Iron Golem, damager ZOMBIE Zombie and cancelled false.
[April 26, 2026 18:16:07.386PM UTC]  EntityDamageByEntityEvent was triggered by damaged ZOMBIE Zombie, damager IRON_GOLEM Iron Golem and cancelled false.
[April 26, 2026 18:16:12.540PM UTC]  EntityDamageByEntityEvent was triggered by damaged IRON_GOLEM Iron Golem, damager SPIDER Spider and cancelled false.
[April 26, 2026 18:16:12.588PM UTC]  EntityDamageByEntityEvent was triggered by damaged SPIDER Spider, damager IRON_GOLEM Iron Golem and cancelled false.
[April 26, 2026 18:16:22.639PM UTC]  EntityDamageByEntityEvent was triggered by damaged IRON_GOLEM Iron Golem, damager PLAYER Emilio100 and cancelled false.
[April 26, 2026 18:16:23.240PM UTC]  EntityDamageByEntityEvent was triggered by damaged IRON_GOLEM Iron Golem, damager PLAYER Emilio100 and cancelled false.
[April 26, 2026 18:16:23.386PM UTC]  EntityDamageByEntityEvent was triggered by damaged PLAYER Emilio100, damager IRON_GOLEM Iron Golem and cancelled false.
[April 26, 2026 18:16:23.888PM UTC]  EntityDamageByEntityEvent was triggered by damaged IRON_GOLEM Iron Golem, damager PLAYER Emilio100 and cancelled false.
[April 26, 2026 18:16:24.586PM UTC]  EntityDamageByEntityEvent was triggered by damaged PLAYER Emilio100, damager IRON_GOLEM Iron Golem and cancelled false.
[April 26, 2026 18:16:24.691PM UTC]  EntityDamageByEntityEvent was triggered by damaged IRON_GOLEM Iron Golem, damager PLAYER Emilio100 and cancelled false.
[April 26, 2026 18:16:25.440PM UTC]  EntityDamageByEntityEvent was triggered by damaged IRON_GOLEM Iron Golem, damager PLAYER Emilio100 and cancelled false.
[April 26, 2026 18:16:25.587PM UTC]  EntityDamageByEntityEvent was triggered by damaged PLAYER Emilio100, damager IRON_GOLEM Iron Golem and cancelled false.
[April 26, 2026 18:16:26.182PM UTC]  EntityDamageByEntityEvent was triggered by damaged IRON_GOLEM Iron Golem, damager PLAYER Emilio100 and cancelled false.
[April 26, 2026 18:16:26.588PM UTC]  EntityDamageByEntityEvent was triggered by damaged PLAYER Emilio100, damager IRON_GOLEM Iron Golem and cancelled false.
[April 26, 2026 18:16:26.760PM UTC]  EntityDamageByEntityEvent was triggered by damaged IRON_GOLEM Iron Golem, damager PLAYER Emilio100 and cancelled false.
[April 26, 2026 18:16:27.643PM UTC]  EntityDamageByEntityEvent was triggered by damaged IRON_GOLEM Iron Golem, damager PLAYER Emilio100 and cancelled false.
[April 26, 2026 18:16:47.087PM UTC]  EntityDamageByEntityEvent was triggered by damaged SPIDER Spider, damager IRON_GOLEM Iron Golem and cancelled false.
[April 26, 2026 18:16:48.086PM UTC]  EntityDamageByEntityEvent was triggered by damaged SPIDER Spider, damager IRON_GOLEM Iron Golem and cancelled false.
[April 26, 2026 18:17:30.095PM UTC]  EntityDamageByEntityEvent was triggered by damaged ITEM Dirt, damager TNT Primed TNT and cancelled false.
[April 26, 2026 18:17:30.095PM UTC]  EntityDamageByEntityEvent was triggered by damaged ITEM Dirt, damager TNT Primed TNT and cancelled false.
[April 26, 2026 18:17:30.096PM UTC]  EntityDamageByEntityEvent was triggered by damaged ITEM Dirt, damager TNT Primed TNT and cancelled false.
[April 26, 2026 18:17:30.096PM UTC]  EntityDamageByEntityEvent was triggered by damaged ITEM Dirt, damager TNT Primed TNT and cancelled false.
[April 26, 2026 18:17:30.096PM UTC]  EntityDamageByEntityEvent was triggered by damaged ITEM Dirt, damager TNT Primed TNT and cancelled false.
[April 26, 2026 18:17:30.097PM UTC]  EntityDamageByEntityEvent was triggered by damaged ITEM Dirt, damager TNT Primed TNT and cancelled false.
[April 26, 2026 18:17:30.097PM UTC]  EntityDamageByEntityEvent was triggered by damaged ITEM Dirt, damager TNT Primed TNT and cancelled false.
[April 26, 2026 18:17:30.097PM UTC]  EntityDamageByEntityEvent was triggered by damaged ITEM Dirt, damager TNT Primed TNT and cancelled false.
[April 26, 2026 18:17:30.097PM UTC]  EntityDamageByEntityEvent was triggered by damaged ITEM Dirt, damager TNT Primed TNT and cancelled false.
[April 26, 2026 18:17:30.098PM UTC]  EntityDamageByEntityEvent was triggered by damaged ITEM Wheat Seeds, damager TNT Primed TNT and cancelled false.
[April 26, 2026 18:17:30.118PM UTC]  EntityDamageByEntityEvent was triggered by damaged ITEM Wheat Seeds, damager TNT Primed TNT and cancelled false.
[April 26, 2026 18:17:30.118PM UTC]  EntityDamageByEntityEvent was triggered by damaged ITEM Dirt, damager TNT Primed TNT and cancelled false.
[April 26, 2026 18:17:30.119PM UTC]  EntityDamageByEntityEvent was triggered by damaged ITEM Cobblestone, damager TNT Primed TNT and cancelled false.
[April 26, 2026 18:17:30.119PM UTC]  EntityDamageByEntityEvent was triggered by damaged ITEM Dirt, damager TNT Primed TNT and cancelled false.
[April 26, 2026 18:17:30.119PM UTC]  EntityDamageByEntityEvent was triggered by damaged ITEM Dirt, damager TNT Primed TNT and cancelled false.
[April 26, 2026 18:17:30.119PM UTC]  EntityDamageByEntityEvent was triggered by damaged ITEM Cobblestone, damager TNT Primed TNT and cancelled false.
[April 26, 2026 18:17:30.120PM UTC]  EntityDamageByEntityEvent was triggered by damaged ITEM Cobblestone, damager TNT Primed TNT and cancelled false.
[April 26, 2026 18:17:30.120PM UTC]  EntityDamageByEntityEvent was triggered by damaged ITEM Dirt, damager TNT Primed TNT and cancelled false.
[April 26, 2026 18:17:30.120PM UTC]  EntityDamageByEntityEvent was triggered by damaged ITEM Dirt, damager TNT Primed TNT and cancelled false.
[April 26, 2026 18:17:30.120PM UTC]  EntityDamageByEntityEvent was triggered by damaged ITEM Dirt, damager TNT Primed TNT and cancelled false.
[April 26, 2026 18:17:30.121PM UTC]  EntityDamageByEntityEvent was triggered by damaged ITEM Cobblestone, damager TNT Primed TNT and cancelled false.
[April 26, 2026 18:17:30.121PM UTC]  EntityDamageByEntityEvent was triggered by damaged ITEM Dirt, damager TNT Primed TNT and cancelled false.
[April 26, 2026 18:17:30.121PM UTC]  EntityDamageByEntityEvent was triggered by damaged ITEM Dirt, damager TNT Primed TNT and cancelled false.
[April 26, 2026 18:17:30.121PM UTC]  EntityDamageByEntityEvent was triggered by damaged ITEM Dirt, damager TNT Primed TNT and cancelled false.
[April 26, 2026 18:17:30.340PM UTC]  EntityDamageByEntityEvent was triggered by damaged ITEM Dirt, damager TNT Primed TNT and cancelled false.
[April 26, 2026 18:17:30.341PM UTC]  EntityDamageByEntityEvent was triggered by damaged ITEM Cobblestone, damager TNT Primed TNT and cancelled false.
[April 26, 2026 18:17:30.341PM UTC]  EntityDamageByEntityEvent was triggered by damaged ITEM Dirt, damager TNT Primed TNT and cancelled false.
[April 26, 2026 18:17:30.341PM UTC]  EntityDamageByEntityEvent was triggered by damaged ITEM Wheat Seeds, damager TNT Primed TNT and cancelled false.
[April 26, 2026 18:17:30.390PM UTC]  EntityDamageByEntityEvent was triggered by damaged ITEM Cobblestone, damager TNT Primed TNT and cancelled false.
[April 26, 2026 18:17:30.390PM UTC]  EntityDamageByEntityEvent was triggered by damaged ITEM Cobblestone, damager TNT Primed TNT and cancelled false.
[April 26, 2026 18:17:30.390PM UTC]  EntityDamageByEntityEvent was triggered by damaged ITEM Cobblestone, damager TNT Primed TNT and cancelled false.
[April 26, 2026 18:17:30.390PM UTC]  EntityDamageByEntityEvent was triggered by damaged ITEM Raw Iron, damager TNT Primed TNT and cancelled false.
[April 26, 2026 18:17:30.391PM UTC]  EntityDamageByEntityEvent was triggered by damaged ITEM Cobblestone, damager TNT Primed TNT and cancelled false.
[April 26, 2026 18:17:30.391PM UTC]  EntityDamageByEntityEvent was triggered by damaged ITEM Cobblestone, damager TNT Primed TNT and cancelled false.
[April 26, 2026 18:17:30.489PM UTC]  EntityDamageByEntityEvent was triggered by damaged ITEM Wheat Seeds, damager TNT Primed TNT and cancelled false.
[April 26, 2026 18:17:30.489PM UTC]  EntityDamageByEntityEvent was triggered by damaged ITEM Dirt, damager TNT Primed TNT and cancelled false.
[April 26, 2026 18:17:30.490PM UTC]  EntityDamageByEntityEvent was triggered by damaged ITEM Dirt, damager TNT Primed TNT and cancelled false.
[April 26, 2026 18:17:30.490PM UTC]  EntityDamageByEntityEvent was triggered by damaged ITEM Cobblestone, damager TNT Primed TNT and cancelled false.
[April 26, 2026 18:17:30.490PM UTC]  EntityDamageByEntityEvent was triggered by damaged ITEM Dirt, damager TNT Primed TNT and cancelled false.
[April 26, 2026 18:17:30.490PM UTC]  EntityDamageByEntityEvent was triggered by damaged ITEM Cobblestone, damager TNT Primed TNT and cancelled false.
[April 26, 2026 18:17:30.491PM UTC]  EntityDamageByEntityEvent was triggered by damaged ITEM Cobblestone, damager TNT Primed TNT and cancelled false.
[April 26, 2026 18:17:30.491PM UTC]  EntityDamageByEntityEvent was triggered by damaged ITEM Wheat Seeds, damager TNT Primed TNT and cancelled false.
[April 26, 2026 18:17:30.491PM UTC]  EntityDamageByEntityEvent was triggered by damaged ITEM Dirt, damager TNT Primed TNT and cancelled false.
[April 26, 2026 18:17:30.590PM UTC]  EntityDamageByEntityEvent was triggered by damaged ITEM Wheat Seeds, damager TNT Primed TNT and cancelled false.
[April 26, 2026 18:17:30.591PM UTC]  EntityDamageByEntityEvent was triggered by damaged ITEM Dirt, damager TNT Primed TNT and cancelled false.
[April 26, 2026 18:17:30.591PM UTC]  EntityDamageByEntityEvent was triggered by damaged ITEM Dirt, damager TNT Primed TNT and cancelled false.
[April 26, 2026 18:17:30.591PM UTC]  EntityDamageByEntityEvent was triggered by damaged ITEM Dirt, damager TNT Primed TNT and cancelled false.
[April 26, 2026 18:17:30.591PM UTC]  EntityDamageByEntityEvent was triggered by damaged ITEM Cobblestone, damager TNT Primed TNT and cancelled false.
[April 26, 2026 18:17:30.592PM UTC]  EntityDamageByEntityEvent was triggered by damaged ITEM Cobblestone, damager TNT Primed TNT and cancelled false.
[April 26, 2026 18:17:30.592PM UTC]  EntityDamageByEntityEvent was triggered by damaged ITEM Dirt, damager TNT Primed TNT and cancelled false.
[April 26, 2026 18:17:30.592PM UTC]  EntityDamageByEntityEvent was triggered by damaged ITEM Cobblestone, damager TNT Primed TNT and cancelled false.
[April 26, 2026 18:17:30.592PM UTC]  EntityDamageByEntityEvent was triggered by damaged ITEM Wheat Seeds, damager TNT Primed TNT and cancelled false.
[April 26, 2026 18:17:30.594PM UTC]  EntityDamageByEntityEvent was triggered by damaged ITEM Wheat Seeds, damager TNT Primed TNT and cancelled false.
[April 26, 2026 18:17:30.594PM UTC]  EntityDamageByEntityEvent was triggered by damaged ITEM Dirt, damager TNT Primed TNT and cancelled false.
[April 26, 2026 18:17:30.740PM UTC]  EntityDamageByEntityEvent was triggered by damaged ITEM Cobblestone, damager TNT Primed TNT and cancelled false.
[April 26, 2026 18:17:30.740PM UTC]  EntityDamageByEntityEvent was triggered by damaged ITEM Cobblestone, damager TNT Primed TNT and cancelled false.
[April 26, 2026 18:17:30.741PM UTC]  EntityDamageByEntityEvent was triggered by damaged ITEM Cobblestone, damager TNT Primed TNT and cancelled false.
[April 26, 2026 18:17:30.741PM UTC]  EntityDamageByEntityEvent was triggered by damaged ITEM Dirt, damager TNT Primed TNT and cancelled false.
[April 26, 2026 18:17:30.741PM UTC]  EntityDamageByEntityEvent was triggered by damaged ITEM Cobblestone, damager TNT Primed TNT and cancelled false.
[April 26, 2026 18:17:30.789PM UTC]  EntityDamageByEntityEvent was triggered by damaged ITEM Cobblestone, damager TNT Primed TNT and cancelled false.
[April 26, 2026 18:17:30.789PM UTC]  EntityDamageByEntityEvent was triggered by damaged ITEM Cobblestone, damager TNT Primed TNT and cancelled false.
[April 26, 2026 18:17:30.789PM UTC]  EntityDamageByEntityEvent was triggered by damaged ITEM Gravel, damager TNT Primed TNT and cancelled false.
[April 26, 2026 18:17:30.789PM UTC]  EntityDamageByEntityEvent was triggered by damaged ITEM Cobblestone, damager TNT Primed TNT and cancelled false.
[April 26, 2026 18:17:30.794PM UTC]  EntityDamageByEntityEvent was triggered by damaged ITEM Wheat Seeds, damager TNT Primed TNT and cancelled false.
[April 26, 2026 18:17:30.839PM UTC]  EntityDamageByEntityEvent was triggered by damaged ITEM Wheat Seeds, damager TNT Primed TNT and cancelled false.
[April 26, 2026 18:17:30.840PM UTC]  EntityDamageByEntityEvent was triggered by damaged ITEM Potato, damager TNT Primed TNT and cancelled false.
[April 26, 2026 18:17:30.840PM UTC]  EntityDamageByEntityEvent was triggered by damaged ITEM Potato, damager TNT Primed TNT and cancelled false.
[April 26, 2026 18:17:30.840PM UTC]  EntityDamageByEntityEvent was triggered by damaged ITEM Potato, damager TNT Primed TNT and cancelled false.
[April 26, 2026 18:17:30.840PM UTC]  EntityDamageByEntityEvent was triggered by damaged ITEM Potato, damager TNT Primed TNT and cancelled false.
[April 26, 2026 18:17:30.841PM UTC]  EntityDamageByEntityEvent was triggered by damaged ITEM Potato, damager TNT Primed TNT and cancelled false.
[April 26, 2026 18:17:30.841PM UTC]  EntityDamageByEntityEvent was triggered by damaged ITEM Potato, damager TNT Primed TNT and cancelled false.
[April 26, 2026 18:17:30.841PM UTC]  EntityDamageByEntityEvent was triggered by damaged ITEM Potato, damager TNT Primed TNT and cancelled false.
[April 26, 2026 18:17:30.841PM UTC]  EntityDamageByEntityEvent was triggered by damaged ITEM Potato, damager TNT Primed TNT and cancelled false.
[April 26, 2026 18:17:30.841PM UTC]  EntityDamageByEntityEvent was triggered by damaged ITEM Dirt, damager TNT Primed TNT and cancelled false.
[April 26, 2026 18:17:30.842PM UTC]  EntityDamageByEntityEvent was triggered by damaged ITEM Sand, damager TNT Primed TNT and cancelled false.
[April 26, 2026 18:17:30.842PM UTC]  EntityDamageByEntityEvent was triggered by damaged ITEM Potato, damager TNT Primed TNT and cancelled false.
[April 26, 2026 18:17:30.842PM UTC]  EntityDamageByEntityEvent was triggered by damaged ITEM Poisonous Potato, damager TNT Primed TNT and cancelled false.
[April 26, 2026 18:17:30.842PM UTC]  EntityDamageByEntityEvent was triggered by damaged ITEM Potato, damager TNT Primed TNT and cancelled false.
[April 26, 2026 18:17:30.843PM UTC]  EntityDamageByEntityEvent was triggered by damaged ITEM Potato, damager TNT Primed TNT and cancelled false.
[April 26, 2026 18:17:30.939PM UTC]  EntityDamageByEntityEvent was triggered by damaged ITEM Dirt, damager TNT Primed TNT and cancelled false.
[April 26, 2026 18:17:30.940PM UTC]  EntityDamageByEntityEvent was triggered by damaged ITEM Dirt, damager TNT Primed TNT and cancelled false.
[April 26, 2026 18:17:30.940PM UTC]  EntityDamageByEntityEvent was triggered by damaged ITEM Dirt, damager TNT Primed TNT and cancelled false.
[April 26, 2026 18:17:30.940PM UTC]  EntityDamageByEntityEvent was triggered by damaged ITEM Cobblestone, damager TNT Primed TNT and cancelled false.
[April 26, 2026 18:17:30.940PM UTC]  EntityDamageByEntityEvent was triggered by damaged ITEM Dirt, damager TNT Primed TNT and cancelled false.
[April 26, 2026 18:17:30.941PM UTC]  EntityDamageByEntityEvent was triggered by damaged ITEM Dirt, damager TNT Primed TNT and cancelled false.
[April 26, 2026 18:17:30.941PM UTC]  EntityDamageByEntityEvent was triggered by damaged ITEM Dirt, damager TNT Primed TNT and cancelled false.
[April 26, 2026 18:17:30.941PM UTC]  EntityDamageByEntityEvent was triggered by damaged ITEM Dirt, damager TNT Primed TNT and cancelled false.
[April 26, 2026 18:17:30.941PM UTC]  EntityDamageByEntityEvent was triggered by damaged ITEM Gravel, damager TNT Primed TNT and cancelled false.
[April 26, 2026 18:17:30.941PM UTC]  EntityDamageByEntityEvent was triggered by damaged ITEM Cobblestone, damager TNT Primed TNT and cancelled false.
[April 26, 2026 18:17:30.941PM UTC]  EntityDamageByEntityEvent was triggered by damaged ITEM Cobblestone, damager TNT Primed TNT and cancelled false.
[April 26, 2026 18:17:30.943PM UTC]  EntityDamageByEntityEvent was triggered by damaged ITEM Dirt, damager TNT Primed TNT and cancelled false.
[April 26, 2026 18:17:30.943PM UTC]  EntityDamageByEntityEvent was triggered by damaged ITEM Gravel, damager TNT Primed TNT and cancelled false.
[April 26, 2026 18:17:30.944PM UTC]  EntityDamageByEntityEvent was triggered by damaged ITEM Flint, damager TNT Primed TNT and cancelled false.
[April 26, 2026 18:17:30.944PM UTC]  EntityDamageByEntityEvent was triggered by damaged ITEM Cobblestone, damager TNT Primed TNT and cancelled false.
[April 26, 2026 18:17:30.944PM UTC]  EntityDamageByEntityEvent was triggered by damaged ITEM Gravel, damager TNT Primed TNT and cancelled false.
[April 26, 2026 18:17:30.944PM UTC]  EntityDamageByEntityEvent was triggered by damaged ITEM Gravel, damager TNT Primed TNT and cancelled false.
[April 26, 2026 18:17:30.945PM UTC]  EntityDamageByEntityEvent was triggered by damaged ITEM Cobblestone, damager TNT Primed TNT and cancelled false.
[April 26, 2026 18:17:30.945PM UTC]  EntityDamageByEntityEvent was triggered by damaged ITEM Cobblestone, damager TNT Primed TNT and cancelled false.
[April 26, 2026 18:17:30.945PM UTC]  EntityDamageByEntityEvent was triggered by damaged ITEM Cobblestone, damager TNT Primed TNT and cancelled false.
[April 26, 2026 18:17:30.945PM UTC]  EntityDamageByEntityEvent was triggered by damaged ITEM Wheat Seeds, damager TNT Primed TNT and cancelled false.
[April 26, 2026 18:17:30.989PM UTC]  EntityDamageByEntityEvent was triggered by damaged ITEM Dirt, damager TNT Primed TNT and cancelled false.
[April 26, 2026 18:17:30.989PM UTC]  EntityDamageByEntityEvent was triggered by damaged ITEM Dirt, damager TNT Primed TNT and cancelled false.
[April 26, 2026 18:17:30.989PM UTC]  EntityDamageByEntityEvent was triggered by damaged ITEM Cobblestone, damager TNT Primed TNT and cancelled false.
[April 26, 2026 18:17:30.989PM UTC]  EntityDamageByEntityEvent was triggered by damaged ITEM Gravel, damager TNT Primed TNT and cancelled false.
[April 26, 2026 18:17:30.990PM UTC]  EntityDamageByEntityEvent was triggered by damaged ITEM Cobblestone, damager TNT Primed TNT and cancelled false.
[April 26, 2026 18:17:30.990PM UTC]  EntityDamageByEntityEvent was triggered by damaged ITEM Cobblestone, damager TNT Primed TNT and cancelled false.
[April 26, 2026 18:17:30.990PM UTC]  EntityDamageByEntityEvent was triggered by damaged ITEM Dirt, damager TNT Primed TNT and cancelled false.
[April 26, 2026 18:17:30.990PM UTC]  EntityDamageByEntityEvent was triggered by damaged ITEM Dirt, damager TNT Primed TNT and cancelled false.
[April 26, 2026 18:17:30.991PM UTC]  EntityDamageByEntityEvent was triggered by damaged ITEM Dirt, damager TNT Primed TNT and cancelled false.
[April 26, 2026 18:17:30.991PM UTC]  EntityDamageByEntityEvent was triggered by damaged ITEM Dirt, damager TNT Primed TNT and cancelled false.
[April 26, 2026 18:17:30.991PM UTC]  EntityDamageByEntityEvent was triggered by damaged ITEM Wheat Seeds, damager TNT Primed TNT and cancelled false.
[April 26, 2026 18:17:30.995PM UTC]  EntityDamageByEntityEvent was triggered by damaged ITEM Cobblestone, damager TNT Primed TNT and cancelled false.
[April 26, 2026 18:17:30.995PM UTC]  EntityDamageByEntityEvent was triggered by damaged ITEM Dirt, damager TNT Primed TNT and cancelled false.
[April 26, 2026 18:17:30.995PM UTC]  EntityDamageByEntityEvent was triggered by damaged ITEM Gravel, damager TNT Primed TNT and cancelled false.
[April 26, 2026 18:17:30.995PM UTC]  EntityDamageByEntityEvent was triggered by damaged ITEM Cobblestone, damager TNT Primed TNT and cancelled false.
[April 26, 2026 18:17:30.996PM UTC]  EntityDamageByEntityEvent was triggered by damaged ITEM Dirt, damager TNT Primed TNT and cancelled false.
[April 26, 2026 18:17:30.996PM UTC]  EntityDamageByEntityEvent was triggered by damaged ITEM Cobblestone, damager TNT Primed TNT and cancelled false.
[April 26, 2026 18:17:30.996PM UTC]  EntityDamageByEntityEvent was triggered by damaged ITEM Dirt, damager TNT Primed TNT and cancelled false.
[April 26, 2026 18:17:31.041PM UTC]  EntityDamageByEntityEvent was triggered by damaged ITEM Dirt, damager TNT Primed TNT and cancelled false.
[April 26, 2026 18:17:31.041PM UTC]  EntityDamageByEntityEvent was triggered by damaged ITEM Dirt, damager TNT Primed TNT and cancelled false.
[April 26, 2026 18:17:31.041PM UTC]  EntityDamageByEntityEvent was triggered by damaged ITEM Andesite, damager TNT Primed TNT and cancelled false.
[April 26, 2026 18:17:31.043PM UTC]  EntityDamageByEntityEvent was triggered by damaged ITEM Gravel, damager TNT Primed TNT and cancelled false.
[April 26, 2026 18:17:31.043PM UTC]  EntityDamageByEntityEvent was triggered by damaged ITEM Flint, damager TNT Primed TNT and cancelled false.
[April 26, 2026 18:17:31.043PM UTC]  EntityDamageByEntityEvent was triggered by damaged ITEM Andesite, damager TNT Primed TNT and cancelled false.
[April 26, 2026 18:17:31.043PM UTC]  EntityDamageByEntityEvent was triggered by damaged ITEM Cobblestone, damager TNT Primed TNT and cancelled false.
[April 26, 2026 18:17:31.389PM UTC]  EntityDamageByEntityEvent was triggered by damaged ITEM Cobblestone, damager TNT Primed TNT and cancelled false.
[April 26, 2026 18:17:31.390PM UTC]  EntityDamageByEntityEvent was triggered by damaged ITEM Dirt, damager TNT Primed TNT and cancelled false.
[April 26, 2026 18:17:31.390PM UTC]  EntityDamageByEntityEvent was triggered by damaged ITEM Dirt, damager TNT Primed TNT and cancelled false.
[April 26, 2026 18:17:31.390PM UTC]  EntityDamageByEntityEvent was triggered by damaged ITEM Andesite, damager TNT Primed TNT and cancelled false.
[April 26, 2026 18:17:31.390PM UTC]  EntityDamageByEntityEvent was triggered by damaged ITEM Dirt, damager TNT Primed TNT and cancelled false.
[April 26, 2026 18:17:31.391PM UTC]  EntityDamageByEntityEvent was triggered by damaged ITEM Cobblestone, damager TNT Primed TNT and cancelled false.
[April 26, 2026 18:17:31.391PM UTC]  EntityDamageByEntityEvent was triggered by damaged ITEM Andesite, damager TNT Primed TNT and cancelled false.
[April 26, 2026 18:17:31.391PM UTC]  EntityDamageByEntityEvent was triggered by damaged ITEM Cobblestone, damager TNT Primed TNT and cancelled false.
[April 26, 2026 18:17:31.391PM UTC]  EntityDamageByEntityEvent was triggered by damaged ITEM Cobblestone, damager TNT Primed TNT and cancelled false.
[April 26, 2026 18:17:31.391PM UTC]  EntityDamageByEntityEvent was triggered by damaged ITEM Gravel, damager TNT Primed TNT and cancelled false.
[April 26, 2026 18:17:31.391PM UTC]  EntityDamageByEntityEvent was triggered by damaged ITEM Gravel, damager TNT Primed TNT and cancelled false.
[April 26, 2026 18:18:27.338PM UTC]  EntityDamageByEntityEvent was triggered by damaged PLAYER Emilio100, damager ZOMBIE Zombie and cancelled false.
[April 26, 2026 18:18:27.987PM UTC]  EntityDamageByEntityEvent was triggered by damaged ZOMBIE Zombie, damager IRON_GOLEM Iron Golem and cancelled false.
[April 26, 2026 18:18:28.986PM UTC]  EntityDamageByEntityEvent was triggered by damaged ZOMBIE Zombie, damager IRON_GOLEM Iron Golem and cancelled false.
[April 26, 2026 18:18:32.101PM UTC]  EntityDamageByEntityEvent was triggered by damaged IRON_GOLEM Iron Golem, damager PLAYER Emilio100 and cancelled false.
[April 26, 2026 18:18:32.137PM UTC]  EntityDamageByEntityEvent was triggered by damaged PLAYER Emilio100, damager IRON_GOLEM Iron Golem and cancelled false.
[April 26, 2026 18:18:33.340PM UTC]  EntityDamageByEntityEvent was triggered by damaged ITEM Dirt, damager CREEPER Creeper and cancelled false.
[April 26, 2026 18:18:33.340PM UTC]  EntityDamageByEntityEvent was triggered by damaged ITEM Dirt, damager CREEPER Creeper and cancelled false.
[April 26, 2026 18:18:33.340PM UTC]  EntityDamageByEntityEvent was triggered by damaged ITEM String, damager CREEPER Creeper and cancelled false.
[April 26, 2026 18:18:33.341PM UTC]  EntityDamageByEntityEvent was triggered by damaged IRON_GOLEM Iron Golem, damager CREEPER Creeper and cancelled false.
[April 26, 2026 18:18:33.342PM UTC]  EntityDamageByEntityEvent was triggered by damaged PLAYER Emilio100, damager CREEPER Creeper and cancelled false.
[April 26, 2026 18:18:33.342PM UTC]  EntityDamageByEntityEvent was triggered by damaged ITEM Rotten Flesh, damager CREEPER Creeper and cancelled false.
[April 26, 2026 18:18:37.843PM UTC]  EntityDamageByEntityEvent was triggered by damaged SKELETON Skeleton, damager PLAYER Emilio100 and cancelled false.
[April 26, 2026 18:18:38.799PM UTC]  EntityDamageByEntityEvent was triggered by damaged SKELETON Skeleton, damager PLAYER Emilio100 and cancelled false.
[April 26, 2026 18:18:54.641PM UTC]  EntityDamageByEntityEvent was triggered by damaged PLAYER Emilio100, damager ARROW Arrow and cancelled false.
[April 26, 2026 18:19:00.338PM UTC]  EntityDamageByEntityEvent was triggered by damaged PLAYER Emilio100, damager ARROW Arrow and cancelled false.
[April 26, 2026 18:19:01.858PM UTC]  EntityDamageByEntityEvent was triggered by damaged SKELETON Skeleton, damager PLAYER Emilio100 and cancelled false.
[April 26, 2026 18:19:03.197PM UTC]  EntityDamageByEntityEvent was triggered by damaged SKELETON Skeleton, damager PLAYER Emilio100 and cancelled false.
[April 26, 2026 18:22:46.094PM UTC]  EntityDamageByEntityEvent was triggered by damaged CREEPER Creeper, damager PLAYER Emilio100 and cancelled false.
[April 26, 2026 18:22:48.382PM UTC]  EntityDamageByEntityEvent was triggered by damaged CREEPER Creeper, damager PLAYER Akukis and cancelled false.
[April 26, 2026 18:22:48.709PM UTC]  EntityDamageByEntityEvent was triggered by damaged CREEPER Creeper, damager PLAYER Emilio100 and cancelled false.
[April 26, 2026 18:22:53.439PM UTC]  EntityDamageByEntityEvent was triggered by damaged PLAYER Akukis, damager CREEPER Creeper and cancelled false.
[April 26, 2026 18:22:53.439PM UTC]  EntityDamageByEntityEvent was triggered by damaged PLAYER Emilio100, damager CREEPER Creeper and cancelled false.
[April 26, 2026 18:26:30.188PM UTC]  EntityDamageByEntityEvent was triggered by damaged PLAYER Emilio100, damager TNT Primed TNT and cancelled false.
[April 26, 2026 18:26:30.189PM UTC]  EntityDamageByEntityEvent was triggered by damaged ITEM Diorite, damager TNT Primed TNT and cancelled false.
[April 26, 2026 18:26:30.189PM UTC]  EntityDamageByEntityEvent was triggered by damaged ITEM Cobblestone, damager TNT Primed TNT and cancelled false.
[April 26, 2026 18:26:30.189PM UTC]  EntityDamageByEntityEvent was triggered by damaged ITEM Diorite, damager TNT Primed TNT and cancelled false.
[April 26, 2026 18:26:30.639PM UTC]  EntityDamageByEntityEvent was triggered by damaged ITEM Diorite, damager TNT Primed TNT and cancelled false.
[April 26, 2026 18:26:30.639PM UTC]  EntityDamageByEntityEvent was triggered by damaged ITEM Cobblestone, damager TNT Primed TNT and cancelled false.
[April 26, 2026 18:26:30.690PM UTC]  EntityDamageByEntityEvent was triggered by damaged ITEM Cobblestone, damager TNT Primed TNT and cancelled false.
[April 26, 2026 18:26:30.690PM UTC]  EntityDamageByEntityEvent was triggered by damaged ITEM Cobblestone, damager TNT Primed TNT and cancelled false.
[April 26, 2026 18:26:30.937PM UTC]  EntityDamageByEntityEvent was triggered by damaged ITEM Cobblestone, damager TNT Primed TNT and cancelled false.
[April 26, 2026 18:26:30.938PM UTC]  EntityDamageByEntityEvent was triggered by damaged ITEM Cobblestone, damager TNT Primed TNT and cancelled false.
[April 26, 2026 18:26:30.938PM UTC]  EntityDamageByEntityEvent was triggered by damaged ITEM Cobblestone, damager TNT Primed TNT and cancelled false.
[April 26, 2026 18:26:31.038PM UTC]  EntityDamageByEntityEvent was triggered by damaged ITEM Cobblestone, damager TNT Primed TNT and cancelled false.
[April 26, 2026 18:26:31.337PM UTC]  EntityDamageByEntityEvent was triggered by damaged ITEM Cobblestone, damager TNT Primed TNT and cancelled false.
[April 26, 2026 18:26:31.337PM UTC]  EntityDamageByEntityEvent was triggered by damaged ITEM Cobblestone, damager TNT Primed TNT and cancelled false.
[April 26, 2026 18:26:31.338PM UTC]  EntityDamageByEntityEvent was triggered by damaged ITEM Diorite, damager TNT Primed TNT and cancelled false.
[April 26, 2026 18:26:31.338PM UTC]  EntityDamageByEntityEvent was triggered by damaged ITEM Cobblestone, damager TNT Primed TNT and cancelled false.
[April 26, 2026 18:26:31.338PM UTC]  EntityDamageByEntityEvent was triggered by damaged ITEM Cobblestone, damager TNT Primed TNT and cancelled false.
[April 26, 2026 18:26:31.338PM UTC]  EntityDamageByEntityEvent was triggered by damaged ITEM Cobblestone, damager TNT Primed TNT and cancelled false.
[April 26, 2026 18:26:31.340PM UTC]  EntityDamageByEntityEvent was triggered by damaged ITEM Cobblestone, damager TNT Primed TNT and cancelled false.
[April 26, 2026 18:26:31.340PM UTC]  EntityDamageByEntityEvent was triggered by damaged ITEM Cobblestone, damager TNT Primed TNT and cancelled false.
[April 26, 2026 18:26:32.088PM UTC]  EntityDamageByEntityEvent was triggered by damaged ITEM Coal, damager TNT Primed TNT and cancelled false.
[April 26, 2026 18:26:32.089PM UTC]  EntityDamageByEntityEvent was triggered by damaged ITEM Cobblestone, damager TNT Primed TNT and cancelled false.
[April 26, 2026 18:26:32.089PM UTC]  EntityDamageByEntityEvent was triggered by damaged ITEM Cobblestone, damager TNT Primed TNT and cancelled false.
[April 26, 2026 18:26:32.089PM UTC]  EntityDamageByEntityEvent was triggered by damaged ITEM Cobblestone, damager TNT Primed TNT and cancelled false.
[April 26, 2026 18:26:32.090PM UTC]  EntityDamageByEntityEvent was triggered by damaged ITEM Cobblestone, damager TNT Primed TNT and cancelled false.
[April 26, 2026 18:26:32.090PM UTC]  EntityDamageByEntityEvent was triggered by damaged ITEM Cobblestone, damager TNT Primed TNT and cancelled false.
[April 26, 2026 18:26:39.177PM UTC]  EntityDamageByEntityEvent was triggered by damaged IRON_GOLEM Iron Golem, damager PLAYER Akukis and cancelled false.
[April 26, 2026 18:26:39.587PM UTC]  EntityDamageByEntityEvent was triggered by damaged PLAYER Akukis, damager IRON_GOLEM Iron Golem and cancelled false.
[April 26, 2026 18:26:39.588PM UTC]  EntityDamageByEntityEvent was triggered by damaged ITEM Cobblestone, damager TNT Primed TNT and cancelled false.
[April 26, 2026 18:26:39.588PM UTC]  EntityDamageByEntityEvent was triggered by damaged ITEM Cobblestone, damager TNT Primed TNT and cancelled false.
[April 26, 2026 18:26:39.589PM UTC]  EntityDamageByEntityEvent was triggered by damaged ITEM Cobblestone, damager TNT Primed TNT and cancelled false.
[April 26, 2026 18:26:39.589PM UTC]  EntityDamageByEntityEvent was triggered by damaged ITEM Cobblestone, damager TNT Primed TNT and cancelled false.
[April 26, 2026 18:26:39.589PM UTC]  EntityDamageByEntityEvent was triggered by damaged ITEM Cobblestone, damager TNT Primed TNT and cancelled false.
[April 26, 2026 18:26:41.238PM UTC]  EntityDamageByEntityEvent was triggered by damaged PLAYER Akukis, damager IRON_GOLEM Iron Golem and cancelled false.
[April 26, 2026 18:26:42.627PM UTC]  EntityDamageByEntityEvent was triggered by damaged IRON_GOLEM Iron Golem, damager PLAYER Akukis and cancelled false.
[April 26, 2026 18:26:43.326PM UTC]  EntityDamageByEntityEvent was triggered by damaged IRON_GOLEM Iron Golem, damager PLAYER Akukis and cancelled false.
[April 26, 2026 18:26:44.276PM UTC]  EntityDamageByEntityEvent was triggered by damaged IRON_GOLEM Iron Golem, damager PLAYER Akukis and cancelled false.
[April 26, 2026 18:26:44.638PM UTC]  EntityDamageByEntityEvent was triggered by damaged PLAYER Akukis, damager IRON_GOLEM Iron Golem and cancelled false.
[April 26, 2026 18:28:33.159PM UTC]  EntityDamageByEntityEvent was triggered by damaged IRON_GOLEM Iron Golem, damager PLAYER Emilio100 and cancelled false.
[April 26, 2026 18:28:33.538PM UTC]  EntityDamageByEntityEvent was triggered by damaged PLAYER Emilio100, damager IRON_GOLEM Iron Golem and cancelled false.
[April 26, 2026 18:28:34.206PM UTC]  EntityDamageByEntityEvent was triggered by damaged IRON_GOLEM Iron Golem, damager PLAYER Emilio100 and cancelled false.
[April 26, 2026 18:28:34.806PM UTC]  EntityDamageByEntityEvent was triggered by damaged IRON_GOLEM Iron Golem, damager PLAYER Emilio100 and cancelled false.
[April 26, 2026 18:28:35.457PM UTC]  EntityDamageByEntityEvent was triggered by damaged IRON_GOLEM Iron Golem, damager PLAYER Emilio100 and cancelled false.
[April 26, 2026 18:28:35.688PM UTC]  EntityDamageByEntityEvent was triggered by damaged PLAYER Emilio100, damager IRON_GOLEM Iron Golem and cancelled false.
[April 26, 2026 18:28:36.255PM UTC]  EntityDamageByEntityEvent was triggered by damaged IRON_GOLEM Iron Golem, damager PLAYER Emilio100 and cancelled false.
[April 26, 2026 18:28:36.688PM UTC]  EntityDamageByEntityEvent was triggered by damaged PLAYER Emilio100, damager IRON_GOLEM Iron Golem and cancelled false.
[April 26, 2026 18:28:37.005PM UTC]  EntityDamageByEntityEvent was triggered by damaged IRON_GOLEM Iron Golem, damager PLAYER Emilio100 and cancelled false.
[April 26, 2026 18:28:37.662PM UTC]  EntityDamageByEntityEvent was triggered by damaged IRON_GOLEM Iron Golem, damager PLAYER Emilio100 and cancelled false.
[April 26, 2026 18:28:37.938PM UTC]  EntityDamageByEntityEvent was triggered by damaged PLAYER Emilio100, damager IRON_GOLEM Iron Golem and cancelled false.
[April 26, 2026 18:28:38.526PM UTC]  EntityDamageByEntityEvent was triggered by damaged IRON_GOLEM Iron Golem, damager PLAYER Emilio100 and cancelled false.
[April 26, 2026 18:33:36.171PM UTC]  EntityDamageByEntityEvent was triggered by damaged HORSE Horse, damager PLAYER Emilio100 and cancelled false.
[April 26, 2026 18:33:39.619PM UTC]  EntityDamageByEntityEvent was triggered by damaged HORSE Horse, damager PLAYER Emilio100 and cancelled false.
[April 26, 2026 18:33:41.365PM UTC]  EntityDamageByEntityEvent was triggered by damaged HORSE Horse, damager PLAYER Emilio100 and cancelled false.
[April 26, 2026 18:34:28.589PM UTC]  EntityDamageByEntityEvent was triggered by damaged PLAYER Emilio100, damager SPIDER Spider and cancelled false.
[April 26, 2026 18:34:29.566PM UTC]  EntityDamageByEntityEvent was triggered by damaged SPIDER Spider, damager PLAYER Emilio100 and cancelled false.
[April 26, 2026 18:34:29.600PM UTC]  EntityDamageByEntityEvent was triggered by damaged PLAYER Emilio100, damager SPIDER Spider and cancelled false.
[April 26, 2026 18:34:31.447PM UTC]  EntityDamageByEntityEvent was triggered by damaged SPIDER Spider, damager PLAYER Emilio100 and cancelled false.
[April 26, 2026 18:34:46.889PM UTC]  EntityDamageByEntityEvent was triggered by damaged PLAYER Emilio100, damager ARROW Arrow and cancelled false.
[April 26, 2026 18:34:47.101PM UTC]  EntityDamageByEntityEvent was triggered by damaged SKELETON Skeleton, damager PLAYER Emilio100 and cancelled false.
[April 26, 2026 18:34:49.506PM UTC]  EntityDamageByEntityEvent was triggered by damaged SKELETON Skeleton, damager PLAYER Emilio100 and cancelled false.
[April 26, 2026 18:34:51.388PM UTC]  EntityDamageByEntityEvent was triggered by damaged PLAYER Emilio100, damager ZOMBIE Zombie and cancelled false.
[April 26, 2026 18:34:51.758PM UTC]  EntityDamageByEntityEvent was triggered by damaged ZOMBIE Zombie, damager PLAYER Emilio100 and cancelled false.
[April 26, 2026 18:34:53.738PM UTC]  EntityDamageByEntityEvent was triggered by damaged PLAYER Emilio100, damager ZOMBIE Zombie and cancelled false.
[April 26, 2026 18:34:54.737PM UTC]  EntityDamageByEntityEvent was triggered by damaged SPIDER Spider, damager IRON_GOLEM Iron Golem and cancelled false.
[April 26, 2026 18:34:55.489PM UTC]  EntityDamageByEntityEvent was triggered by damaged PLAYER Emilio100, damager ZOMBIE Zombie and cancelled false.
[April 26, 2026 18:34:55.689PM UTC]  EntityDamageByEntityEvent was triggered by damaged IRON_GOLEM Iron Golem, damager SPIDER Spider and cancelled false.
[April 26, 2026 18:34:55.737PM UTC]  EntityDamageByEntityEvent was triggered by damaged SPIDER Spider, damager IRON_GOLEM Iron Golem and cancelled false.
[April 26, 2026 18:34:55.918PM UTC]  EntityDamageByEntityEvent was triggered by damaged ZOMBIE Zombie, damager PLAYER Emilio100 and cancelled false.
[April 26, 2026 18:34:57.388PM UTC]  EntityDamageByEntityEvent was triggered by damaged PLAYER Emilio100, damager ZOMBIE Zombie and cancelled false.
[April 26, 2026 18:34:57.572PM UTC]  EntityDamageByEntityEvent was triggered by damaged ZOMBIE Zombie, damager PLAYER Emilio100 and cancelled false.
[April 26, 2026 18:35:01.116PM UTC]  EntityDamageByEntityEvent was triggered by damaged ZOMBIE Zombie, damager PLAYER Emilio100 and cancelled false.
[April 26, 2026 18:35:11.254PM UTC]  EntityDamageByEntityEvent was triggered by damaged CREEPER Creeper, damager PLAYER Emilio100 and cancelled false.
[April 26, 2026 18:35:11.806PM UTC]  EntityDamageByEntityEvent was triggered by damaged CREEPER Creeper, damager PLAYER Emilio100 and cancelled false.
[April 26, 2026 18:35:20.789PM UTC]  EntityDamageByEntityEvent was triggered by damaged ZOMBIE Zombie, damager IRON_GOLEM Iron Golem and cancelled false.
[April 26, 2026 18:35:21.589PM UTC]  EntityDamageByEntityEvent was triggered by damaged IRON_GOLEM Iron Golem, damager ZOMBIE Zombie and cancelled false.
[April 26, 2026 18:35:21.789PM UTC]  EntityDamageByEntityEvent was triggered by damaged ZOMBIE Zombie, damager IRON_GOLEM Iron Golem and cancelled false.
[April 26, 2026 18:35:57.155PM UTC]  EntityDamageByEntityEvent was triggered by damaged CREEPER Creeper, damager PLAYER Emilio100 and cancelled false.
[April 26, 2026 18:36:00.265PM UTC]  EntityDamageByEntityEvent was triggered by damaged CREEPER Creeper, damager PLAYER Emilio100 and cancelled false.
[April 26, 2026 18:36:09.109PM UTC]  EntityDamageByEntityEvent was triggered by damaged DONKEY Donkey, damager PLAYER Emilio100 and cancelled false.
[April 26, 2026 18:36:31.738PM UTC]  EntityDamageByEntityEvent was triggered by damaged IRON_GOLEM Iron Golem, damager ZOMBIE Zombie and cancelled false.
[April 26, 2026 18:36:31.787PM UTC]  EntityDamageByEntityEvent was triggered by damaged ZOMBIE Zombie, damager IRON_GOLEM Iron Golem and cancelled false.
[April 26, 2026 18:36:32.987PM UTC]  EntityDamageByEntityEvent was triggered by damaged ZOMBIE Zombie, damager IRON_GOLEM Iron Golem and cancelled false.
[April 26, 2026 18:37:10.586PM UTC]  EntityDamageByEntityEvent was triggered by damaged SPIDER Spider, damager IRON_GOLEM Iron Golem and cancelled false.
[April 26, 2026 18:37:11.586PM UTC]  EntityDamageByEntityEvent was triggered by damaged SPIDER Spider, damager IRON_GOLEM Iron Golem and cancelled false.
[April 26, 2026 18:37:17.487PM UTC]  EntityDamageByEntityEvent was triggered by damaged SPIDER Spider, damager IRON_GOLEM Iron Golem and cancelled false.
[April 26, 2026 18:37:33.311PM UTC]  EntityDamageByEntityEvent was triggered by damaged SKELETON Skeleton, damager PLAYER Emilio100 and cancelled false.
[April 26, 2026 18:37:33.802PM UTC]  EntityDamageByEntityEvent was triggered by damaged SKELETON Skeleton, damager PLAYER Emilio100 and cancelled false.
[April 26, 2026 18:37:34.565PM UTC]  EntityDamageByEntityEvent was triggered by damaged SKELETON Skeleton, damager PLAYER Emilio100 and cancelled false.
[April 26, 2026 18:37:48.965PM UTC]  EntityDamageByEntityEvent was triggered by damaged CREEPER Creeper, damager PLAYER Emilio100 and cancelled false.
[April 26, 2026 18:37:54.012PM UTC]  EntityDamageByEntityEvent was triggered by damaged CREEPER Creeper, damager PLAYER Emilio100 and cancelled false.
[April 26, 2026 18:37:54.092PM UTC]  EntityDamageByEntityEvent was triggered by damaged PLAYER Emilio100, damager CREEPER Creeper and cancelled false.
[April 26, 2026 18:38:07.436PM UTC]  EntityDamageByEntityEvent was triggered by damaged PLAYER Emilio100, damager ZOMBIE Zombie and cancelled false.
[April 26, 2026 18:38:07.708PM UTC]  EntityDamageByEntityEvent was triggered by damaged ZOMBIE Zombie, damager PLAYER Emilio100 and cancelled false.
[April 26, 2026 18:38:08.868PM UTC]  EntityDamageByEntityEvent was triggered by damaged ZOMBIE Zombie, damager PLAYER Emilio100 and cancelled false.
[April 26, 2026 18:38:10.010PM UTC]  EntityDamageByEntityEvent was triggered by damaged ZOMBIE Zombie, damager PLAYER Emilio100 and cancelled false.
[April 26, 2026 18:38:27.587PM UTC]  EntityDamageByEntityEvent was triggered by damaged IRON_GOLEM Iron Golem, damager ARROW Arrow and cancelled false.
[April 26, 2026 18:38:32.036PM UTC]  EntityDamageByEntityEvent was triggered by damaged SKELETON Skeleton, damager IRON_GOLEM Iron Golem and cancelled false.
[April 26, 2026 18:38:33.137PM UTC]  EntityDamageByEntityEvent was triggered by damaged IRON_GOLEM Iron Golem, damager ARROW Arrow and cancelled false.
[April 26, 2026 18:38:33.186PM UTC]  EntityDamageByEntityEvent was triggered by damaged SKELETON Skeleton, damager IRON_GOLEM Iron Golem and cancelled false.
[April 26, 2026 18:38:35.636PM UTC]  EntityDamageByEntityEvent was triggered by damaged IRON_GOLEM Iron Golem, damager ZOMBIE Zombie and cancelled false.
[April 26, 2026 18:38:35.686PM UTC]  EntityDamageByEntityEvent was triggered by damaged ZOMBIE Zombie, damager IRON_GOLEM Iron Golem and cancelled false.
[April 26, 2026 18:38:36.637PM UTC]  EntityDamageByEntityEvent was triggered by damaged IRON_GOLEM Iron Golem, damager ZOMBIE Zombie and cancelled false.
[April 26, 2026 18:38:36.688PM UTC]  EntityDamageByEntityEvent was triggered by damaged ZOMBIE Zombie, damager IRON_GOLEM Iron Golem and cancelled false.
[April 26, 2026 18:39:49.487PM UTC]  EntityDamageByEntityEvent was triggered by damaged ZOMBIE_VILLAGER Zombie Villager, damager IRON_GOLEM Iron Golem and cancelled false.
[April 26, 2026 18:39:49.489PM UTC]  EntityDamageByEntityEvent was triggered by damaged IRON_GOLEM Iron Golem, damager ZOMBIE_VILLAGER Zombie Villager and cancelled false.
[April 26, 2026 18:39:50.486PM UTC]  EntityDamageByEntityEvent was triggered by damaged ZOMBIE_VILLAGER Zombie Villager, damager IRON_GOLEM Iron Golem and cancelled false.
[April 26, 2026 18:39:56.286PM UTC]  EntityDamageByEntityEvent was triggered by damaged ZOMBIE Zombie, damager IRON_GOLEM Iron Golem and cancelled false.
[April 26, 2026 18:39:56.286PM UTC]  EntityDamageByEntityEvent was triggered by damaged IRON_GOLEM Iron Golem, damager ZOMBIE Zombie and cancelled false.
[April 26, 2026 18:39:57.286PM UTC]  EntityDamageByEntityEvent was triggered by damaged ZOMBIE Zombie, damager IRON_GOLEM Iron Golem and cancelled false.
[April 26, 2026 18:40:09.387PM UTC]  EntityDamageByEntityEvent was triggered by damaged IRON_GOLEM Iron Golem, damager ARROW Arrow and cancelled false.
[April 26, 2026 18:40:09.736PM UTC]  EntityDamageByEntityEvent was triggered by damaged SKELETON Skeleton, damager IRON_GOLEM Iron Golem and cancelled false.
[April 26, 2026 18:40:39.587PM UTC]  EntityDamageByEntityEvent was triggered by damaged ZOMBIE Zombie, damager IRON_GOLEM Iron Golem and cancelled false.
[April 26, 2026 18:40:39.590PM UTC]  EntityDamageByEntityEvent was triggered by damaged IRON_GOLEM Iron Golem, damager ZOMBIE Zombie and cancelled false.
[April 26, 2026 18:40:40.587PM UTC]  EntityDamageByEntityEvent was triggered by damaged ZOMBIE Zombie, damager IRON_GOLEM Iron Golem and cancelled false.
[April 26, 2026 18:40:56.238PM UTC]  EntityDamageByEntityEvent was triggered by damaged PLAYER Emilio100, damager CREEPER Creeper and cancelled false.
[April 26, 2026 18:40:56.239PM UTC]  EntityDamageByEntityEvent was triggered by damaged CREEPER Creeper, damager CREEPER Creeper and cancelled false.
[April 26, 2026 18:41:09.937PM UTC]  EntityDamageByEntityEvent was triggered by damaged ENDERMAN Enderman, damager IRON_GOLEM Iron Golem and cancelled false.
[April 26, 2026 18:41:10.189PM UTC]  EntityDamageByEntityEvent was triggered by damaged IRON_GOLEM Iron Golem, damager ENDERMAN Enderman and cancelled false.
[April 26, 2026 18:41:10.937PM UTC]  EntityDamageByEntityEvent was triggered by damaged ENDERMAN Enderman, damager IRON_GOLEM Iron Golem and cancelled false.
[April 26, 2026 18:41:11.190PM UTC]  EntityDamageByEntityEvent was triggered by damaged IRON_GOLEM Iron Golem, damager ENDERMAN Enderman and cancelled false.
[April 26, 2026 18:41:11.325PM UTC]  EntityDamageByEntityEvent was triggered by damaged CREEPER Creeper, damager PLAYER Emilio100 and cancelled false.
[April 26, 2026 18:41:12.287PM UTC]  EntityDamageByEntityEvent was triggered by damaged ENDERMAN Enderman, damager IRON_GOLEM Iron Golem and cancelled false.
[April 26, 2026 18:41:14.466PM UTC]  EntityDamageByEntityEvent was triggered by damaged CREEPER Creeper, damager PLAYER Emilio100 and cancelled false.
[April 26, 2026 18:41:24.173PM UTC]  EntityDamageByEntityEvent was triggered by damaged CREEPER Creeper, damager PLAYER Emilio100 and cancelled false.
[April 26, 2026 18:41:26.174PM UTC]  EntityDamageByEntityEvent was triggered by damaged CREEPER Creeper, damager PLAYER Emilio100 and cancelled false.
[April 26, 2026 18:41:30.538PM UTC]  EntityDamageByEntityEvent was triggered by damaged IRON_GOLEM Iron Golem, damager ARROW Arrow and cancelled false.
[April 26, 2026 18:41:33.387PM UTC]  EntityDamageByEntityEvent was triggered by damaged IRON_GOLEM Iron Golem, damager ARROW Arrow and cancelled false.
[April 26, 2026 18:41:36.288PM UTC]  EntityDamageByEntityEvent was triggered by damaged IRON_GOLEM Iron Golem, damager ARROW Arrow and cancelled false.
[April 26, 2026 18:41:36.787PM UTC]  EntityDamageByEntityEvent was triggered by damaged SKELETON Skeleton, damager IRON_GOLEM Iron Golem and cancelled false.
[April 26, 2026 18:41:37.787PM UTC]  EntityDamageByEntityEvent was triggered by damaged SKELETON Skeleton, damager IRON_GOLEM Iron Golem and cancelled false.
[April 26, 2026 18:42:36.693PM UTC]  EntityDamageByEntityEvent was triggered by damaged SHEEP Sheep, damager WOLF Wolf and cancelled false.
[April 26, 2026 18:42:42.941PM UTC]  EntityDamageByEntityEvent was triggered by damaged VILLAGER Villager, damager ZOMBIE_VILLAGER Zombie Villager and cancelled false.
[April 26, 2026 18:42:43.489PM UTC]  EntityDamageByEntityEvent was triggered by damaged VILLAGER Villager, damager ZOMBIE Zombie and cancelled false.
[April 26, 2026 18:42:45.139PM UTC]  EntityDamageByEntityEvent was triggered by damaged VILLAGER Villager, damager ZOMBIE Zombie and cancelled false.
[April 26, 2026 18:42:50.894PM UTC]  EntityDamageByEntityEvent was triggered by damaged VILLAGER Villager, damager ZOMBIE Zombie and cancelled false.
[April 26, 2026 18:42:51.408PM UTC]  EntityDamageByEntityEvent was triggered by damaged VILLAGER Villager, damager ZOMBIE Zombie and cancelled false.
[April 26, 2026 18:42:51.962PM UTC]  EntityDamageByEntityEvent was triggered by damaged VILLAGER Villager, damager ZOMBIE Zombie and cancelled false.
[April 26, 2026 18:42:52.503PM UTC]  EntityDamageByEntityEvent was triggered by damaged VILLAGER Villager, damager ZOMBIE Zombie and cancelled false.
[April 26, 2026 18:46:55.342PM UTC]  EntityDamageByEntityEvent was triggered by damaged PLAYER Emilio100, damager FIREBALL Fireball and cancelled false.
[April 26, 2026 18:47:00.091PM UTC]  EntityDamageByEntityEvent was triggered by damaged PLAYER Emilio100, damager FIREBALL Fireball and cancelled false.
[April 26, 2026 18:47:00.093PM UTC]  EntityDamageByEntityEvent was triggered by damaged PLAYER Emilio100, damager FIREBALL Fireball and cancelled false.
[April 26, 2026 18:50:19.491PM UTC]  EntityDamageByEntityEvent was triggered by damaged GHAST Ghast, damager ARROW Arrow and cancelled false.
[April 26, 2026 18:58:02.289PM UTC]  EntityDamageByEntityEvent was triggered by damaged PLAYER whitnowk, damager ZOMBIE Zombie and cancelled false.
[April 26, 2026 18:58:14.086PM UTC]  EntityDamageByEntityEvent was triggered by damaged PLAYER whitnowk, damager ARROW Arrow and cancelled false.
[April 26, 2026 18:58:26.636PM UTC]  EntityDamageByEntityEvent was triggered by damaged PLAYER whitnowk, damager ZOMBIE Zombie and cancelled false.
[April 26, 2026 18:58:27.286PM UTC]  EntityDamageByEntityEvent was triggered by damaged PLAYER whitnowk, damager ZOMBIE Zombie and cancelled false.
[April 26, 2026 18:58:28.288PM UTC]  EntityDamageByEntityEvent was triggered by damaged PLAYER whitnowk, damager ZOMBIE Zombie and cancelled false.
[April 26, 2026 18:58:29.286PM UTC]  EntityDamageByEntityEvent was triggered by damaged PLAYER whitnowk, damager ZOMBIE Zombie and cancelled false.
[April 26, 2026 19:21:36.936PM UTC]  EntityDamageByEntityEvent was triggered by damaged RABBIT Rabbit, damager CAT Cat and cancelled false.
[April 26, 2026 19:21:42.536PM UTC]  EntityDamageByEntityEvent was triggered by damaged RABBIT Rabbit, damager CAT Cat and cancelled false.
[April 26, 2026 19:24:26.792PM UTC]  EntityDamageByEntityEvent was triggered by damaged ITEM Cracked Stone Bricks, damager CREEPER Creeper and cancelled false.
[April 26, 2026 19:24:26.796PM UTC]  EntityDamageByEntityEvent was triggered by damaged PLAYER NikIdk, damager CREEPER Creeper and cancelled false.
[April 26, 2026 19:24:26.797PM UTC]  EntityDamageByEntityEvent was triggered by damaged ITEM Mossy Stone Bricks, damager CREEPER Creeper and cancelled false.
[April 26, 2026 19:24:26.797PM UTC]  EntityDamageByEntityEvent was triggered by damaged SPIDER Spider, damager CREEPER Creeper and cancelled false.
[April 26, 2026 19:24:26.797PM UTC]  EntityDamageByEntityEvent was triggered by damaged ITEM Oak Planks, damager CREEPER Creeper and cancelled false.
[April 26, 2026 19:24:26.798PM UTC]  EntityDamageByEntityEvent was triggered by damaged ITEM Chest, damager CREEPER Creeper and cancelled false.
[April 26, 2026 19:24:27.891PM UTC]  EntityDamageByEntityEvent was triggered by damaged PLAYER NikIdk, damager SILVERFISH Silverfish and cancelled false.
[April 26, 2026 19:24:27.891PM UTC]  EntityDamageByEntityEvent was triggered by damaged PLAYER NikIdk, damager SILVERFISH Silverfish and cancelled false.
[April 26, 2026 19:24:29.841PM UTC]  EntityDamageByEntityEvent was triggered by damaged PLAYER NikIdk, damager CREEPER Creeper and cancelled false.
[April 26, 2026 19:24:29.842PM UTC]  EntityDamageByEntityEvent was triggered by damaged SILVERFISH Silverfish, damager CREEPER Creeper and cancelled false.
[April 26, 2026 19:24:29.842PM UTC]  EntityDamageByEntityEvent was triggered by damaged SILVERFISH Silverfish, damager CREEPER Creeper and cancelled false.
[April 26, 2026 19:24:29.843PM UTC]  EntityDamageByEntityEvent was triggered by damaged ITEM Mossy Stone Bricks, damager CREEPER Creeper and cancelled false.
[April 26, 2026 19:24:31.191PM UTC]  EntityDamageByEntityEvent was triggered by damaged PLAYER NikIdk, damager SILVERFISH Silverfish and cancelled false.
[April 26, 2026 19:24:31.942PM UTC]  EntityDamageByEntityEvent was triggered by damaged PLAYER NikIdk, damager SILVERFISH Silverfish and cancelled false.
[April 26, 2026 19:24:32.472PM UTC]  EntityDamageByEntityEvent was triggered by damaged SILVERFISH Silverfish, damager PLAYER NikIdk and cancelled false.
[April 26, 2026 19:24:33.472PM UTC]  EntityDamageByEntityEvent was triggered by damaged SILVERFISH Silverfish, damager PLAYER NikIdk and cancelled false.
[April 26, 2026 19:24:36.090PM UTC]  EntityDamageByEntityEvent was triggered by damaged PLAYER NikIdk, damager SILVERFISH Silverfish and cancelled false.
[April 26, 2026 19:27:51.760PM UTC]  EntityDamageByEntityEvent was triggered by damaged ZOMBIE Zombie, damager PLAYER NikIdk and cancelled false.
[April 26, 2026 19:27:52.429PM UTC]  EntityDamageByEntityEvent was triggered by damaged ZOMBIE Zombie, damager PLAYER NikIdk and cancelled false.
[April 26, 2026 19:27:53.681PM UTC]  EntityDamageByEntityEvent was triggered by damaged ZOMBIE Zombie, damager PLAYER NikIdk and cancelled false.
[April 26, 2026 19:29:25.680PM UTC]  PlayerPreTagEvent was triggered on Akukis by emi4553 with type PLAYER, reason ATTACKER, and cancelled true.
[April 26, 2026 19:29:25.681PM UTC]  PlayerPreTagEvent was triggered on emi4553 by Akukis with type PLAYER, reason ATTACKED, and cancelled true.
[April 26, 2026 19:29:25.769PM UTC]  EntityDamageByEntityEvent was triggered by damaged PLAYER emi4553, damager PLAYER Akukis and cancelled false.
[April 26, 2026 19:31:20.175PM UTC]  PlayerPreTagEvent was triggered on Akukis by emi4553 with type PLAYER, reason ATTACKER, and cancelled false.
[April 26, 2026 19:31:20.179PM UTC]  PlayerTagEvent was triggered on Akukis by emi4553 with type PLAYER and reason ATTACKER.
[April 26, 2026 19:31:20.199PM UTC]  PlayerPreTagEvent was triggered on emi4553 by Akukis with type PLAYER, reason ATTACKED, and cancelled false.
[April 26, 2026 19:31:20.199PM UTC]  PlayerTagEvent was triggered on emi4553 by Akukis with type PLAYER and reason ATTACKED.
[April 26, 2026 19:31:20.206PM UTC]  EntityDamageByEntityEvent was triggered by damaged PLAYER emi4553, damager PLAYER Akukis and cancelled false.
[April 26, 2026 19:31:40.240PM UTC]  PlayerPunishEvent was triggered on Akukis with reason EXPIRE and cancelled true.
[April 26, 2026 19:31:40.241PM UTC]  PlayerUntagEvent was triggered on Akukis with reason EXPIRE and expire set to true.
[April 26, 2026 19:31:40.245PM UTC]  PlayerPunishEvent was triggered on emi4553 with reason EXPIRE and cancelled true.
[April 26, 2026 19:31:40.245PM UTC]  PlayerUntagEvent was triggered on emi4553 with reason EXPIRE and expire set to true.
[April 26, 2026 19:34:00.425PM UTC]  EntityDamageByEntityEvent was triggered by damaged PLAYER emi4553, damager PLAYER Akukis and cancelled true.
[April 26, 2026 19:34:02.428PM UTC]  EntityDamageByEntityEvent was triggered by damaged PLAYER emi4553, damager PLAYER Akukis and cancelled true.
[April 26, 2026 19:34:02.477PM UTC]  EntityDamageByEntityEvent was triggered by damaged PLAYER emi4553, damager PLAYER Akukis and cancelled true.
[April 26, 2026 19:34:02.477PM UTC]  EntityDamageByEntityEvent was triggered by damaged PLAYER emi4553, damager PLAYER Akukis and cancelled true.
[April 26, 2026 19:34:03.577PM UTC]  PlayerPreTagEvent was triggered on Akukis by emi4553 with type PLAYER, reason ATTACKER, and cancelled false.
[April 26, 2026 19:34:03.580PM UTC]  PlayerTagEvent was triggered on Akukis by emi4553 with type PLAYER and reason ATTACKER.
[April 26, 2026 19:34:03.581PM UTC]  PlayerPreTagEvent was triggered on emi4553 by Akukis with type PLAYER, reason ATTACKED, and cancelled false.
[April 26, 2026 19:34:03.582PM UTC]  PlayerTagEvent was triggered on emi4553 by Akukis with type PLAYER and reason ATTACKED.
[April 26, 2026 19:34:03.584PM UTC]  EntityDamageByEntityEvent was triggered by damaged PLAYER emi4553, damager PLAYER Akukis and cancelled false.
[April 26, 2026 19:34:05.375PM UTC]  PlayerPreTagEvent was triggered on Akukis by emi4553 with type PLAYER, reason ATTACKER, and cancelled false.
[April 26, 2026 19:34:05.377PM UTC]  PlayerReTagEvent was triggered on Akukis by emi4553 with type PLAYER and reason ATTACKER.
[April 26, 2026 19:34:05.377PM UTC]  PlayerPreTagEvent was triggered on emi4553 by Akukis with type PLAYER, reason ATTACKED, and cancelled false.
[April 26, 2026 19:34:05.377PM UTC]  PlayerReTagEvent was triggered on emi4553 by Akukis with type PLAYER and reason ATTACKED.
[April 26, 2026 19:34:05.378PM UTC]  EntityDamageByEntityEvent was triggered by damaged PLAYER emi4553, damager PLAYER Akukis and cancelled false.
[April 26, 2026 19:34:10.840PM UTC]  PlayerPunishEvent was triggered on emi4553 with reason QUIT and cancelled false.
[April 26, 2026 19:34:10.890PM UTC]  PlayerPunishEvent was triggered on Akukis with reason ENEMY_DEATH and cancelled true.
[April 26, 2026 19:34:10.890PM UTC]  PlayerUntagEvent was triggered on Akukis with reason ENEMY_DEATH and expire set to true.
[April 26, 2026 19:34:10.900PM UTC]  PlayerUntagEvent was triggered on emi4553 with reason QUIT and expire set to false.
[April 26, 2026 19:36:06.226PM UTC]  EntityDamageByEntityEvent was triggered by damaged ZOMBIE Zombie, damager PLAYER Akukis and cancelled false.
[April 26, 2026 19:36:06.774PM UTC]  EntityDamageByEntityEvent was triggered by damaged ZOMBIE Zombie, damager PLAYER Akukis and cancelled false.
[April 26, 2026 19:36:07.375PM UTC]  EntityDamageByEntityEvent was triggered by damaged ZOMBIE Zombie, damager PLAYER Akukis and cancelled false.
[April 26, 2026 19:36:07.925PM UTC]  EntityDamageByEntityEvent was triggered by damaged ZOMBIE Zombie, damager PLAYER Akukis and cancelled false.
[April 26, 2026 19:36:08.479PM UTC]  EntityDamageByEntityEvent was triggered by damaged ZOMBIE Zombie, damager PLAYER Akukis and cancelled false.
[April 26, 2026 19:36:09.076PM UTC]  EntityDamageByEntityEvent was triggered by damaged ZOMBIE Zombie, damager PLAYER Akukis and cancelled false.
[April 26, 2026 19:36:09.626PM UTC]  EntityDamageByEntityEvent was triggered by damaged ZOMBIE Zombie, damager PLAYER Akukis and cancelled false.
[April 26, 2026 19:36:10.175PM UTC]  EntityDamageByEntityEvent was triggered by damaged ZOMBIE Zombie, damager PLAYER Akukis and cancelled false.
[April 26, 2026 19:36:10.674PM UTC]  EntityDamageByEntityEvent was triggered by damaged ZOMBIE Zombie, damager PLAYER Akukis and cancelled false.
[April 26, 2026 19:36:13.874PM UTC]  EntityDamageByEntityEvent was triggered by damaged ZOMBIE Zombie, damager PLAYER Akukis and cancelled false.
[April 26, 2026 19:36:14.424PM UTC]  EntityDamageByEntityEvent was triggered by damaged ZOMBIE Zombie, damager PLAYER Akukis and cancelled false.
[April 26, 2026 19:36:15.025PM UTC]  EntityDamageByEntityEvent was triggered by damaged ZOMBIE Zombie, damager PLAYER Akukis and cancelled false.
[April 26, 2026 19:36:15.625PM UTC]  EntityDamageByEntityEvent was triggered by damaged ZOMBIE Zombie, damager PLAYER Akukis and cancelled false.
[April 26, 2026 19:36:16.176PM UTC]  EntityDamageByEntityEvent was triggered by damaged ZOMBIE Zombie, damager PLAYER Akukis and cancelled false.
[April 26, 2026 19:36:16.674PM UTC]  EntityDamageByEntityEvent was triggered by damaged ZOMBIE Zombie, damager PLAYER Akukis and cancelled false.
[April 26, 2026 19:36:19.778PM UTC]  EntityDamageByEntityEvent was triggered by damaged ZOMBIE Zombie, damager PLAYER Akukis and cancelled false.
[April 26, 2026 19:36:21.775PM UTC]  EntityDamageByEntityEvent was triggered by damaged ZOMBIE Zombie, damager PLAYER Akukis and cancelled false.
[April 26, 2026 19:36:24.574PM UTC]  EntityDamageByEntityEvent was triggered by damaged ZOMBIE Zombie, damager PLAYER Akukis and cancelled false.
[April 26, 2026 19:37:07.440PM UTC]  EntityDamageByEntityEvent was triggered by damaged PLAYER Akukis, damager ARROW Arrow and cancelled false.
[April 26, 2026 19:37:10.441PM UTC]  EntityDamageByEntityEvent was triggered by damaged PLAYER Akukis, damager ARROW Arrow and cancelled false.
[April 26, 2026 19:37:13.345PM UTC]  EntityDamageByEntityEvent was triggered by damaged PLAYER Akukis, damager ARROW Arrow and cancelled false.
[April 26, 2026 19:37:20.539PM UTC]  EntityDamageByEntityEvent was triggered by damaged PLAYER emi4553, damager ARROW Arrow and cancelled false.
[April 26, 2026 19:37:23.974PM UTC]  EntityDamageByEntityEvent was triggered by damaged SKELETON Skeleton, damager PLAYER Akukis and cancelled false.
[April 26, 2026 19:37:27.209PM UTC]  EntityDamageByEntityEvent was triggered by damaged SKELETON Skeleton, damager PLAYER emi4553 and cancelled false.
[April 26, 2026 19:37:27.714PM UTC]  EntityDamageByEntityEvent was triggered by damaged SKELETON Skeleton, damager PLAYER emi4553 and cancelled false.
[April 26, 2026 19:37:27.918PM UTC]  EntityDamageByEntityEvent was triggered by damaged SKELETON Skeleton, damager PLAYER emi4553 and cancelled false.
[April 26, 2026 19:37:28.624PM UTC]  EntityDamageByEntityEvent was triggered by damaged SKELETON Skeleton, damager PLAYER emi4553 and cancelled false.
[April 26, 2026 19:37:29.290PM UTC]  EntityDamageByEntityEvent was triggered by damaged PLAYER emi4553, damager ARROW Arrow and cancelled false.
[April 26, 2026 19:37:29.616PM UTC]  EntityDamageByEntityEvent was triggered by damaged SKELETON Skeleton, damager PLAYER emi4553 and cancelled false.
[April 26, 2026 19:37:30.617PM UTC]  EntityDamageByEntityEvent was triggered by damaged SKELETON Skeleton, damager PLAYER emi4553 and cancelled false.
[April 26, 2026 19:37:30.891PM UTC]  EntityDamageByEntityEvent was triggered by damaged SKELETON Skeleton, damager PLAYER emi4553 and cancelled false.
[April 26, 2026 19:37:31.634PM UTC]  EntityDamageByEntityEvent was triggered by damaged SKELETON Skeleton, damager PLAYER emi4553 and cancelled false.
[April 26, 2026 19:37:43.038PM UTC]  EntityDamageByEntityEvent was triggered by damaged PLAYER Akukis, damager ZOMBIE Zombie and cancelled false.
[April 26, 2026 19:37:44.140PM UTC]  EntityDamageByEntityEvent was triggered by damaged PLAYER Akukis, damager ZOMBIE Zombie and cancelled false.
[April 26, 2026 19:37:45.288PM UTC]  EntityDamageByEntityEvent was triggered by damaged PLAYER Akukis, damager ZOMBIE Zombie and cancelled false.
[April 26, 2026 19:37:45.574PM UTC]  EntityDamageByEntityEvent was triggered by damaged ZOMBIE Zombie, damager PLAYER Akukis and cancelled false.
[April 26, 2026 19:37:48.973PM UTC]  EntityDamageByEntityEvent was triggered by damaged ZOMBIE Zombie, damager PLAYER Akukis and cancelled false.
[April 26, 2026 19:37:53.227PM UTC]  EntityDamageByEntityEvent was triggered by damaged ZOMBIE Zombie, damager PLAYER Akukis and cancelled false.
[April 26, 2026 19:37:53.239PM UTC]  EntityDamageByEntityEvent was triggered by damaged PLAYER Akukis, damager ZOMBIE Zombie and cancelled false.
[April 26, 2026 19:37:53.775PM UTC]  EntityDamageByEntityEvent was triggered by damaged ZOMBIE Zombie, damager PLAYER Akukis and cancelled false.
[April 26, 2026 19:37:54.241PM UTC]  EntityDamageByEntityEvent was triggered by damaged ZOMBIE Zombie, damager PLAYER Akukis and cancelled false.
[April 26, 2026 19:37:54.773PM UTC]  EntityDamageByEntityEvent was triggered by damaged ZOMBIE Zombie, damager PLAYER Akukis and cancelled false.
[April 26, 2026 19:37:55.774PM UTC]  EntityDamageByEntityEvent was triggered by damaged ZOMBIE Zombie, damager PLAYER Akukis and cancelled false.
[April 26, 2026 19:37:55.789PM UTC]  EntityDamageByEntityEvent was triggered by damaged PLAYER Akukis, damager ZOMBIE Zombie and cancelled false.
[April 26, 2026 19:37:56.275PM UTC]  EntityDamageByEntityEvent was triggered by damaged ZOMBIE Zombie, damager PLAYER Akukis and cancelled false.
[April 26, 2026 19:37:57.273PM UTC]  EntityDamageByEntityEvent was triggered by damaged ZOMBIE Zombie, damager PLAYER Akukis and cancelled false.
[April 26, 2026 19:37:57.775PM UTC]  EntityDamageByEntityEvent was triggered by damaged ZOMBIE Zombie, damager PLAYER Akukis and cancelled false.
[April 26, 2026 19:37:58.574PM UTC]  EntityDamageByEntityEvent was triggered by damaged ZOMBIE Zombie, damager PLAYER Akukis and cancelled false.
[April 26, 2026 19:37:59.374PM UTC]  EntityDamageByEntityEvent was triggered by damaged ZOMBIE Zombie, damager PLAYER Akukis and cancelled false.
[April 26, 2026 19:37:59.925PM UTC]  EntityDamageByEntityEvent was triggered by damaged ZOMBIE Zombie, damager PLAYER Akukis and cancelled false.
[April 26, 2026 19:38:00.424PM UTC]  EntityDamageByEntityEvent was triggered by damaged ZOMBIE Zombie, damager PLAYER Akukis and cancelled false.
[April 26, 2026 19:38:01.373PM UTC]  EntityDamageByEntityEvent was triggered by damaged ZOMBIE Zombie, damager PLAYER Akukis and cancelled false.
[April 26, 2026 19:38:01.876PM UTC]  EntityDamageByEntityEvent was triggered by damaged ZOMBIE Zombie, damager PLAYER Akukis and cancelled false.
[April 26, 2026 19:38:02.423PM UTC]  EntityDamageByEntityEvent was triggered by damaged ZOMBIE Zombie, damager PLAYER Akukis and cancelled false.
[April 26, 2026 19:38:03.376PM UTC]  EntityDamageByEntityEvent was triggered by damaged ZOMBIE Zombie, damager PLAYER Akukis and cancelled false.
[April 26, 2026 19:38:03.389PM UTC]  EntityDamageByEntityEvent was triggered by damaged PLAYER Akukis, damager ZOMBIE Zombie and cancelled false.
[April 26, 2026 19:38:03.874PM UTC]  EntityDamageByEntityEvent was triggered by damaged ZOMBIE Zombie, damager PLAYER Akukis and cancelled false.
[April 26, 2026 19:38:04.041PM UTC]  EntityDamageByEntityEvent was triggered by damaged PLAYER Akukis, damager ZOMBIE Zombie and cancelled false.
[April 26, 2026 19:38:04.628PM UTC]  EntityDamageByEntityEvent was triggered by damaged ZOMBIE Zombie, damager PLAYER emi4553 and cancelled false.
[April 26, 2026 19:38:06.287PM UTC]  EntityDamageByEntityEvent was triggered by damaged PLAYER emi4553, damager ZOMBIE Zombie and cancelled false.
[April 26, 2026 19:38:06.588PM UTC]  EntityDamageByEntityEvent was triggered by damaged PLAYER Akukis, damager ZOMBIE Zombie and cancelled false.
[April 26, 2026 19:38:06.888PM UTC]  EntityDamageByEntityEvent was triggered by damaged PLAYER emi4553, damager ZOMBIE Zombie and cancelled false.
[April 26, 2026 19:38:07.125PM UTC]  EntityDamageByEntityEvent was triggered by damaged ZOMBIE Zombie, damager PLAYER Akukis and cancelled false.
[April 26, 2026 19:38:08.587PM UTC]  EntityDamageByEntityEvent was triggered by damaged PLAYER emi4553, damager ZOMBIE Zombie and cancelled false.
[April 26, 2026 19:38:08.594PM UTC]  EntityDamageByEntityEvent was triggered by damaged ZOMBIE Zombie, damager PLAYER emi4553 and cancelled false.
[April 26, 2026 19:38:09.889PM UTC]  EntityDamageByEntityEvent was triggered by damaged PLAYER emi4553, damager ZOMBIE Zombie and cancelled false.
[April 26, 2026 19:38:10.196PM UTC]  EntityDamageByEntityEvent was triggered by damaged ZOMBIE Zombie, damager PLAYER emi4553 and cancelled false.
[April 26, 2026 19:38:11.471PM UTC]  EntityDamageByEntityEvent was triggered by damaged ZOMBIE Zombie, damager PLAYER emi4553 and cancelled false.
[April 26, 2026 19:38:23.921PM UTC]  EntityDamageByEntityEvent was triggered by damaged ZOMBIE Zombie, damager PLAYER emi4553 and cancelled false.
[April 26, 2026 19:38:24.442PM UTC]  EntityDamageByEntityEvent was triggered by damaged ZOMBIE Zombie, damager PLAYER emi4553 and cancelled false.
[April 26, 2026 19:38:25.790PM UTC]  EntityDamageByEntityEvent was triggered by damaged PLAYER emi4553, damager ZOMBIE Zombie and cancelled false.
[April 26, 2026 19:38:25.797PM UTC]  EntityDamageByEntityEvent was triggered by damaged ZOMBIE Zombie, damager PLAYER emi4553 and cancelled false.
[April 26, 2026 19:38:26.321PM UTC]  EntityDamageByEntityEvent was triggered by damaged ZOMBIE Zombie, damager PLAYER emi4553 and cancelled false.
[April 26, 2026 19:38:26.879PM UTC]  EntityDamageByEntityEvent was triggered by damaged ZOMBIE Zombie, damager PLAYER emi4553 and cancelled false.
[April 26, 2026 19:39:03.491PM UTC]  EntityDamageByEntityEvent was triggered by damaged CREEPER Creeper, damager PLAYER SlayerTanj and cancelled false.
[April 26, 2026 19:39:04.440PM UTC]  EntityDamageByEntityEvent was triggered by damaged CREEPER Creeper, damager PLAYER SlayerTanj and cancelled false.
[April 26, 2026 19:39:04.893PM UTC]  EntityDamageByEntityEvent was triggered by damaged PLAYER SlayerTanj, damager CREEPER Creeper and cancelled false.
[April 26, 2026 19:39:04.893PM UTC]  EntityDamageByEntityEvent was triggered by damaged WOLF Wolf, damager CREEPER Creeper and cancelled false.
[April 26, 2026 19:39:21.139PM UTC]  EntityDamageByEntityEvent was triggered by damaged PLAYER SlayerTanj, damager ZOMBIE Zombie and cancelled false.
[April 26, 2026 19:39:21.940PM UTC]  EntityDamageByEntityEvent was triggered by damaged PLAYER SlayerTanj, damager ZOMBIE Zombie and cancelled false.
[April 26, 2026 19:39:22.048PM UTC]  EntityDamageByEntityEvent was triggered by damaged ZOMBIE Zombie, damager PLAYER SlayerTanj and cancelled false.
[April 26, 2026 19:39:22.639PM UTC]  EntityDamageByEntityEvent was triggered by damaged ZOMBIE Zombie, damager WOLF Wolf and cancelled false.
[April 26, 2026 19:39:22.743PM UTC]  EntityDamageByEntityEvent was triggered by damaged ZOMBIE Zombie, damager PLAYER SlayerTanj and cancelled false.
[April 26, 2026 19:39:23.344PM UTC]  EntityDamageByEntityEvent was triggered by damaged ZOMBIE Zombie, damager PLAYER SlayerTanj and cancelled false.
[April 26, 2026 19:39:27.042PM UTC]  EntityDamageByEntityEvent was triggered by damaged PLAYER SlayerTanj, damager ZOMBIE Zombie and cancelled false.
[April 26, 2026 19:39:27.097PM UTC]  EntityDamageByEntityEvent was triggered by damaged ZOMBIE Zombie, damager PLAYER SlayerTanj and cancelled false.
[April 26, 2026 19:39:28.141PM UTC]  EntityDamageByEntityEvent was triggered by damaged PLAYER SlayerTanj, damager ZOMBIE Zombie and cancelled false.
[April 26, 2026 19:39:28.192PM UTC]  EntityDamageByEntityEvent was triggered by damaged ZOMBIE Zombie, damager PLAYER SlayerTanj and cancelled false.
[April 26, 2026 19:39:51.637PM UTC]  EntityDamageByEntityEvent was triggered by damaged BOGGED Bogged, damager WOLF Wolf and cancelled false.
[April 26, 2026 19:39:52.991PM UTC]  EntityDamageByEntityEvent was triggered by damaged BOGGED Bogged, damager PLAYER SlayerTanj and cancelled false.
[April 26, 2026 19:40:01.044PM UTC]  EntityDamageByEntityEvent was triggered by damaged CREEPER Creeper, damager PLAYER SlayerTanj and cancelled false.
[April 26, 2026 19:40:01.994PM UTC]  EntityDamageByEntityEvent was triggered by damaged FROG Frog, damager CREEPER Creeper and cancelled false.
[April 26, 2026 19:40:01.994PM UTC]  EntityDamageByEntityEvent was triggered by damaged WOLF Wolf, damager CREEPER Creeper and cancelled false.
[April 26, 2026 19:40:01.995PM UTC]  EntityDamageByEntityEvent was triggered by damaged PLAYER SlayerTanj, damager CREEPER Creeper and cancelled false.
[April 26, 2026 19:40:01.995PM UTC]  EntityDamageByEntityEvent was triggered by damaged WOLF Wolf, damager CREEPER Creeper and cancelled false.
[April 26, 2026 19:40:01.995PM UTC]  EntityDamageByEntityEvent was triggered by damaged WOLF Wolf, damager CREEPER Creeper and cancelled false.
[April 26, 2026 19:40:08.240PM UTC]  EntityDamageByEntityEvent was triggered by damaged SKELETON Skeleton, damager WOLF Wolf and cancelled false.
[April 26, 2026 19:40:08.592PM UTC]  EntityDamageByEntityEvent was triggered by damaged WOLF Wolf, damager ARROW Arrow and cancelled false.
[April 26, 2026 19:40:09.595PM UTC]  EntityDamageByEntityEvent was triggered by damaged SKELETON Skeleton, damager PLAYER SlayerTanj and cancelled false.
[April 26, 2026 19:40:10.051PM UTC]  EntityDamageByEntityEvent was triggered by damaged SKELETON Skeleton, damager PLAYER SlayerTanj and cancelled false.
[April 26, 2026 19:40:10.253PM UTC]  EntityDamageByEntityEvent was triggered by damaged SKELETON Skeleton, damager PLAYER SlayerTanj and cancelled false.
[April 26, 2026 19:40:10.651PM UTC]  EntityDamageByEntityEvent was triggered by damaged SKELETON Skeleton, damager PLAYER SlayerTanj and cancelled false.
[April 26, 2026 19:40:10.793PM UTC]  EntityDamageByEntityEvent was triggered by damaged SKELETON Skeleton, damager PLAYER SlayerTanj and cancelled false.
[April 26, 2026 19:40:11.294PM UTC]  EntityDamageByEntityEvent was triggered by damaged SKELETON Skeleton, damager PLAYER SlayerTanj and cancelled false.
[April 26, 2026 19:40:11.693PM UTC]  EntityDamageByEntityEvent was triggered by damaged WOLF Wolf, damager ARROW Arrow and cancelled false.
[April 26, 2026 19:40:12.396PM UTC]  EntityDamageByEntityEvent was triggered by damaged SKELETON Skeleton, damager PLAYER SlayerTanj and cancelled false.
[April 26, 2026 19:40:48.645PM UTC]  EntityDamageByEntityEvent was triggered by damaged SKELETON Skeleton, damager WOLF Wolf and cancelled false.
[April 26, 2026 19:40:51.346PM UTC]  EntityDamageByEntityEvent was triggered by damaged SKELETON Skeleton, damager WOLF Wolf and cancelled false.
[April 26, 2026 19:40:52.153PM UTC]  EntityDamageByEntityEvent was triggered by damaged WOLF Wolf, damager ARROW Arrow and cancelled false.
[April 26, 2026 19:40:55.944PM UTC]  EntityDamageByEntityEvent was triggered by damaged SKELETON Skeleton, damager WOLF Wolf and cancelled false.
[April 26, 2026 19:41:22.791PM UTC]  EntityDamageByEntityEvent was triggered by damaged SKELETON Skeleton, damager ARROW Arrow and cancelled false.
[April 26, 2026 19:41:26.045PM UTC]  EntityDamageByEntityEvent was triggered by damaged SKELETON Skeleton, damager ARROW Arrow and cancelled false.
[April 26, 2026 19:41:31.993PM UTC]  EntityDamageByEntityEvent was triggered by damaged SKELETON Skeleton, damager ARROW Arrow and cancelled false.
[April 26, 2026 19:41:35.193PM UTC]  EntityDamageByEntityEvent was triggered by damaged SKELETON Skeleton, damager ARROW Arrow and cancelled false.
[April 26, 2026 19:41:40.745PM UTC]  EntityDamageByEntityEvent was triggered by damaged SKELETON Skeleton, damager ARROW Arrow and cancelled false.
[April 26, 2026 19:41:43.994PM UTC]  EntityDamageByEntityEvent was triggered by damaged SKELETON Skeleton, damager ARROW Arrow and cancelled false.
[April 26, 2026 19:41:49.692PM UTC]  EntityDamageByEntityEvent was triggered by damaged SKELETON Skeleton, damager ARROW Arrow and cancelled false.
[April 26, 2026 19:41:53.292PM UTC]  EntityDamageByEntityEvent was triggered by damaged SKELETON Skeleton, damager ARROW Arrow and cancelled false.
[April 26, 2026 19:41:53.649PM UTC]  EntityDamageByEntityEvent was triggered by damaged CREEPER Creeper, damager PLAYER SlayerTanj and cancelled false.
[April 26, 2026 19:41:54.139PM UTC]  EntityDamageByEntityEvent was triggered by damaged PLAYER emi4553, damager ZOMBIE Zombie and cancelled false.
[April 26, 2026 19:41:54.316PM UTC]  EntityDamageByEntityEvent was triggered by damaged ZOMBIE Zombie, damager PLAYER emi4553 and cancelled false.
[April 26, 2026 19:41:54.440PM UTC]  EntityDamageByEntityEvent was triggered by damaged PLAYER SlayerTanj, damager CREEPER Creeper and cancelled false.
[April 26, 2026 19:41:54.440PM UTC]  EntityDamageByEntityEvent was triggered by damaged WOLF Wolf, damager CREEPER Creeper and cancelled false.
[April 26, 2026 19:41:54.440PM UTC]  EntityDamageByEntityEvent was triggered by damaged WOLF Wolf, damager CREEPER Creeper and cancelled false.
[April 26, 2026 19:41:54.441PM UTC]  EntityDamageByEntityEvent was triggered by damaged WOLF Wolf, damager CREEPER Creeper and cancelled false.
[April 26, 2026 19:41:55.439PM UTC]  EntityDamageByEntityEvent was triggered by damaged PLAYER emi4553, damager ZOMBIE Zombie and cancelled false.
[April 26, 2026 19:41:55.589PM UTC]  EntityDamageByEntityEvent was triggered by damaged PLAYER emi4553, damager ZOMBIE Zombie and cancelled false.
[April 26, 2026 19:41:56.470PM UTC]  EntityDamageByEntityEvent was triggered by damaged ZOMBIE Zombie, damager PLAYER emi4553 and cancelled false.
[April 26, 2026 19:41:56.588PM UTC]  EntityDamageByEntityEvent was triggered by damaged PLAYER emi4553, damager ZOMBIE Zombie and cancelled false.
[April 26, 2026 19:41:58.139PM UTC]  EntityDamageByEntityEvent was triggered by damaged PLAYER emi4553, damager ZOMBIE Zombie and cancelled false.
[April 26, 2026 19:41:58.377PM UTC]  EntityDamageByEntityEvent was triggered by damaged ZOMBIE Zombie, damager PLAYER emi4553 and cancelled false.
[April 26, 2026 19:41:59.138PM UTC]  EntityDamageByEntityEvent was triggered by damaged PLAYER emi4553, damager ZOMBIE Zombie and cancelled false.
[April 26, 2026 19:41:59.991PM UTC]  EntityDamageByEntityEvent was triggered by damaged PLAYER emi4553, damager ZOMBIE Zombie and cancelled false.
[April 26, 2026 19:42:00.225PM UTC]  EntityDamageByEntityEvent was triggered by damaged ZOMBIE Zombie, damager PLAYER emi4553 and cancelled false.
[April 26, 2026 19:47:30.393PM UTC]  EntityDamageByEntityEvent was triggered by damaged PLAYER emi4553, damager ARROW Arrow and cancelled false.
[April 26, 2026 19:47:36.591PM UTC]  EntityDamageByEntityEvent was triggered by damaged PLAYER emi4553, damager ARROW Arrow and cancelled false.
[April 26, 2026 19:47:36.624PM UTC]  EntityDamageByEntityEvent was triggered by damaged SKELETON Skeleton, damager PLAYER emi4553 and cancelled false.
[April 26, 2026 19:47:38.215PM UTC]  EntityDamageByEntityEvent was triggered by damaged SKELETON Skeleton, damager PLAYER emi4553 and cancelled false.
[April 26, 2026 19:47:38.873PM UTC]  EntityDamageByEntityEvent was triggered by damaged SKELETON Skeleton, damager PLAYER emi4553 and cancelled false.
[April 26, 2026 19:47:39.696PM UTC]  EntityDamageByEntityEvent was triggered by damaged PLAYER emi4553, damager ARROW Arrow and cancelled false.
[April 26, 2026 19:47:42.643PM UTC]  EntityDamageByEntityEvent was triggered by damaged PLAYER emi4553, damager ARROW Arrow and cancelled false.
[April 26, 2026 19:47:43.419PM UTC]  EntityDamageByEntityEvent was triggered by damaged SKELETON Skeleton, damager PLAYER emi4553 and cancelled false.
[April 26, 2026 19:54:22.590PM UTC]  EntityDamageByEntityEvent was triggered by damaged PLAYER SlayerTanj, damager ZOMBIE Zombie and cancelled false.
[April 26, 2026 19:54:24.389PM UTC]  EntityDamageByEntityEvent was triggered by damaged ZOMBIE Zombie, damager WOLF Wolf and cancelled false.
[April 26, 2026 19:54:24.439PM UTC]  EntityDamageByEntityEvent was triggered by damaged WOLF Wolf, damager ZOMBIE Zombie and cancelled false.
[April 26, 2026 19:54:25.441PM UTC]  EntityDamageByEntityEvent was triggered by damaged WOLF Wolf, damager ZOMBIE Zombie and cancelled false.
[April 26, 2026 19:54:25.737PM UTC]  EntityDamageByEntityEvent was triggered by damaged ZOMBIE Zombie, damager WOLF Wolf and cancelled false.
[April 26, 2026 19:54:26.440PM UTC]  EntityDamageByEntityEvent was triggered by damaged PLAYER SlayerTanj, damager ARROW Arrow and cancelled false.
[April 26, 2026 19:54:27.194PM UTC]  EntityDamageByEntityEvent was triggered by damaged SKELETON Skeleton, damager PLAYER SlayerTanj and cancelled false.
[April 26, 2026 19:54:27.786PM UTC]  EntityDamageByEntityEvent was triggered by damaged ZOMBIE Zombie, damager WOLF Wolf and cancelled false.
[April 26, 2026 19:54:27.928PM UTC]  EntityDamageByEntityEvent was triggered by damaged SKELETON Skeleton, damager PLAYER SlayerTanj and cancelled false.
[April 26, 2026 19:54:28.337PM UTC]  EntityDamageByEntityEvent was triggered by damaged ZOMBIE Zombie, damager WOLF Wolf and cancelled false.
[April 26, 2026 19:54:28.338PM UTC]  EntityDamageByEntityEvent was triggered by damaged WOLF Wolf, damager ZOMBIE Zombie and cancelled false.
[April 26, 2026 19:54:28.540PM UTC]  EntityDamageByEntityEvent was triggered by damaged SKELETON Skeleton, damager PLAYER SlayerTanj and cancelled false.
[April 26, 2026 19:54:29.341PM UTC]  EntityDamageByEntityEvent was triggered by damaged WOLF Wolf, damager ZOMBIE Zombie and cancelled false.
[April 26, 2026 19:54:30.436PM UTC]  EntityDamageByEntityEvent was triggered by damaged ZOMBIE Zombie, damager WOLF Wolf and cancelled false.
[April 26, 2026 19:54:30.987PM UTC]  EntityDamageByEntityEvent was triggered by damaged ZOMBIE Zombie, damager WOLF Wolf and cancelled false.
[April 26, 2026 19:54:31.139PM UTC]  EntityDamageByEntityEvent was triggered by damaged PLAYER SlayerTanj, damager SPIDER Spider and cancelled false.
[April 26, 2026 19:54:31.386PM UTC]  EntityDamageByEntityEvent was triggered by damaged SPIDER Spider, damager WOLF Wolf and cancelled false.
[April 26, 2026 19:54:32.140PM UTC]  EntityDamageByEntityEvent was triggered by damaged WOLF Wolf, damager SPIDER Spider and cancelled false.
[April 26, 2026 19:54:32.737PM UTC]  EntityDamageByEntityEvent was triggered by damaged SPIDER Spider, damager WOLF Wolf and cancelled false.
[April 26, 2026 19:54:33.592PM UTC]  EntityDamageByEntityEvent was triggered by damaged SPIDER Spider, damager WOLF Wolf and cancelled false.
[April 26, 2026 19:54:33.596PM UTC]  EntityDamageByEntityEvent was triggered by damaged WOLF Wolf, damager SPIDER Spider and cancelled false.
[April 26, 2026 19:54:34.586PM UTC]  EntityDamageByEntityEvent was triggered by damaged SPIDER Spider, damager WOLF Wolf and cancelled false.
[April 26, 2026 19:55:26.742PM UTC]  EntityDamageByEntityEvent was triggered by damaged WOLF Wolf, damager ARROW Arrow and cancelled false.
[April 26, 2026 19:55:38.250PM UTC]  EntityDamageByEntityEvent was triggered by damaged SKELETON Skeleton, damager WOLF Wolf and cancelled false.
[April 26, 2026 19:55:39.839PM UTC]  EntityDamageByEntityEvent was triggered by damaged SKELETON Skeleton, damager WOLF Wolf and cancelled false.
[April 26, 2026 19:55:40.839PM UTC]  EntityDamageByEntityEvent was triggered by damaged SKELETON Skeleton, damager WOLF Wolf and cancelled false.
[April 26, 2026 19:55:41.840PM UTC]  EntityDamageByEntityEvent was triggered by damaged SKELETON Skeleton, damager WOLF Wolf and cancelled false.
[April 26, 2026 19:55:42.839PM UTC]  EntityDamageByEntityEvent was triggered by damaged SKELETON Skeleton, damager WOLF Wolf and cancelled false.
[April 26, 2026 19:55:50.840PM UTC]  EntityDamageByEntityEvent was triggered by damaged PLAYER SlayerTanj, damager ZOMBIE_VILLAGER Zombie Villager and cancelled false.
[April 26, 2026 19:55:51.689PM UTC]  EntityDamageByEntityEvent was triggered by damaged ZOMBIE_VILLAGER Zombie Villager, damager WOLF Wolf and cancelled false.
[April 26, 2026 19:55:52.040PM UTC]  EntityDamageByEntityEvent was triggered by damaged WOLF Wolf, damager ZOMBIE_VILLAGER Zombie Villager and cancelled false.
[April 26, 2026 19:55:52.338PM UTC]  EntityDamageByEntityEvent was triggered by damaged ZOMBIE_VILLAGER Zombie Villager, damager WOLF Wolf and cancelled false.
[April 26, 2026 19:55:53.739PM UTC]  EntityDamageByEntityEvent was triggered by damaged ZOMBIE_VILLAGER Zombie Villager, damager WOLF Wolf and cancelled false.
[April 26, 2026 19:55:54.838PM UTC]  EntityDamageByEntityEvent was triggered by damaged ZOMBIE_VILLAGER Zombie Villager, damager WOLF Wolf and cancelled false.
[April 26, 2026 19:55:56.188PM UTC]  EntityDamageByEntityEvent was triggered by damaged WOLF Wolf, damager ZOMBIE_VILLAGER Zombie Villager and cancelled false.
[April 26, 2026 19:55:56.238PM UTC]  EntityDamageByEntityEvent was triggered by damaged ZOMBIE_VILLAGER Zombie Villager, damager WOLF Wolf and cancelled false.
[April 26, 2026 19:55:57.040PM UTC]  EntityDamageByEntityEvent was triggered by damaged ZOMBIE_VILLAGER Zombie Villager, damager WOLF Wolf and cancelled false.
[April 26, 2026 19:56:00.527PM UTC]  EntityDamageByEntityEvent was triggered by damaged ZOMBIE Zombie, damager PLAYER SlayerTanj and cancelled false.
[April 26, 2026 19:56:01.739PM UTC]  EntityDamageByEntityEvent was triggered by damaged PLAYER SlayerTanj, damager ZOMBIE Zombie and cancelled false.
[April 26, 2026 19:56:01.940PM UTC]  EntityDamageByEntityEvent was triggered by damaged ZOMBIE Zombie, damager PLAYER SlayerTanj and cancelled false.
[April 26, 2026 19:56:06.790PM UTC]  EntityDamageByEntityEvent was triggered by damaged PLAYER SlayerTanj, damager ARROW Arrow and cancelled false.
[April 26, 2026 19:56:12.038PM UTC]  EntityDamageByEntityEvent was triggered by damaged SKELETON Skeleton, damager WOLF Wolf and cancelled false.
[April 26, 2026 19:56:12.144PM UTC]  EntityDamageByEntityEvent was triggered by damaged WOLF Wolf, damager ARROW Arrow and cancelled false.
[April 26, 2026 19:56:12.838PM UTC]  EntityDamageByEntityEvent was triggered by damaged SKELETON Skeleton, damager WOLF Wolf and cancelled false.
[April 26, 2026 19:56:13.438PM UTC]  EntityDamageByEntityEvent was triggered by damaged SKELETON Skeleton, damager WOLF Wolf and cancelled false.
[April 26, 2026 19:56:17.038PM UTC]  EntityDamageByEntityEvent was triggered by damaged SKELETON Skeleton, damager WOLF Wolf and cancelled false.
[April 26, 2026 19:56:17.541PM UTC]  EntityDamageByEntityEvent was triggered by damaged PLAYER SlayerTanj, damager ARROW Arrow and cancelled false.
[April 26, 2026 19:56:19.390PM UTC]  EntityDamageByEntityEvent was triggered by damaged GLOW_SQUID Glow Squid, damager AXOLOTL Axolotl and cancelled false.
[April 26, 2026 19:56:20.439PM UTC]  EntityDamageByEntityEvent was triggered by damaged GLOW_SQUID Glow Squid, damager AXOLOTL Axolotl and cancelled false.
[April 26, 2026 19:56:20.940PM UTC]  EntityDamageByEntityEvent was triggered by damaged GLOW_SQUID Glow Squid, damager AXOLOTL Axolotl and cancelled false.
[April 26, 2026 19:56:21.387PM UTC]  EntityDamageByEntityEvent was triggered by damaged SKELETON Skeleton, damager WOLF Wolf and cancelled false.
[April 26, 2026 19:56:21.939PM UTC]  EntityDamageByEntityEvent was triggered by damaged GLOW_SQUID Glow Squid, damager AXOLOTL Axolotl and cancelled false.
[April 26, 2026 19:56:22.539PM UTC]  EntityDamageByEntityEvent was triggered by damaged GLOW_SQUID Glow Squid, damager AXOLOTL Axolotl and cancelled false.
[April 26, 2026 19:56:43.389PM UTC]  EntityDamageByEntityEvent was triggered by damaged SKELETON Skeleton, damager WOLF Wolf and cancelled false.
[April 26, 2026 19:56:44.039PM UTC]  EntityDamageByEntityEvent was triggered by damaged SKELETON Skeleton, damager WOLF Wolf and cancelled false.
[April 26, 2026 19:56:45.742PM UTC]  EntityDamageByEntityEvent was triggered by damaged SKELETON Skeleton, damager WOLF Wolf and cancelled false.
[April 26, 2026 19:56:46.390PM UTC]  EntityDamageByEntityEvent was triggered by damaged SKELETON Skeleton, damager WOLF Wolf and cancelled false.
[April 26, 2026 19:56:47.193PM UTC]  EntityDamageByEntityEvent was triggered by damaged PLAYER SlayerTanj, damager ARROW Arrow and cancelled false.
[April 26, 2026 19:56:47.389PM UTC]  EntityDamageByEntityEvent was triggered by damaged SKELETON Skeleton, damager WOLF Wolf and cancelled false.
[April 26, 2026 19:56:50.092PM UTC]  EntityDamageByEntityEvent was triggered by damaged GLOW_SQUID Glow Squid, damager AXOLOTL Axolotl and cancelled false.
[April 26, 2026 19:56:50.691PM UTC]  EntityDamageByEntityEvent was triggered by damaged SKELETON Skeleton, damager WOLF Wolf and cancelled false.
[April 26, 2026 19:56:56.141PM UTC]  EntityDamageByEntityEvent was triggered by damaged PLAYER SlayerTanj, damager ZOMBIE Zombie and cancelled false.
[April 26, 2026 19:56:56.291PM UTC]  EntityDamageByEntityEvent was triggered by damaged GLOW_SQUID Glow Squid, damager AXOLOTL Axolotl and cancelled false.
[April 26, 2026 19:56:56.892PM UTC]  EntityDamageByEntityEvent was triggered by damaged PLAYER SlayerTanj, damager ZOMBIE Zombie and cancelled false.
[April 26, 2026 19:56:57.089PM UTC]  EntityDamageByEntityEvent was triggered by damaged ZOMBIE Zombie, damager WOLF Wolf and cancelled false.
[April 26, 2026 19:56:57.340PM UTC]  EntityDamageByEntityEvent was triggered by damaged GLOW_SQUID Glow Squid, damager AXOLOTL Axolotl and cancelled false.
[April 26, 2026 19:56:57.890PM UTC]  EntityDamageByEntityEvent was triggered by damaged WOLF Wolf, damager ZOMBIE Zombie and cancelled false.
[April 26, 2026 19:56:58.089PM UTC]  EntityDamageByEntityEvent was triggered by damaged ZOMBIE Zombie, damager WOLF Wolf and cancelled false.
[April 26, 2026 19:56:58.392PM UTC]  EntityDamageByEntityEvent was triggered by damaged GLOW_SQUID Glow Squid, damager AXOLOTL Axolotl and cancelled false.
[April 26, 2026 19:56:58.938PM UTC]  EntityDamageByEntityEvent was triggered by damaged ZOMBIE Zombie, damager WOLF Wolf and cancelled false.
[April 26, 2026 19:56:59.441PM UTC]  EntityDamageByEntityEvent was triggered by damaged GLOW_SQUID Glow Squid, damager AXOLOTL Axolotl and cancelled false.
[April 26, 2026 19:56:59.539PM UTC]  EntityDamageByEntityEvent was triggered by damaged ZOMBIE Zombie, damager WOLF Wolf and cancelled false.
[April 26, 2026 19:56:59.940PM UTC]  EntityDamageByEntityEvent was triggered by damaged WOLF Wolf, damager ZOMBIE Zombie and cancelled false.
[April 26, 2026 19:57:00.539PM UTC]  EntityDamageByEntityEvent was triggered by damaged ZOMBIE Zombie, damager WOLF Wolf and cancelled false.
[April 26, 2026 19:57:01.540PM UTC]  EntityDamageByEntityEvent was triggered by damaged ZOMBIE Zombie, damager WOLF Wolf and cancelled false.
[April 26, 2026 19:57:32.939PM UTC]  EntityDamageByEntityEvent was triggered by damaged SKELETON Skeleton, damager WOLF Wolf and cancelled false.
[April 26, 2026 19:57:33.939PM UTC]  EntityDamageByEntityEvent was triggered by damaged SKELETON Skeleton, damager WOLF Wolf and cancelled false.
[April 26, 2026 19:57:34.938PM UTC]  EntityDamageByEntityEvent was triggered by damaged SKELETON Skeleton, damager WOLF Wolf and cancelled false.
[April 26, 2026 19:57:35.438PM UTC]  EntityDamageByEntityEvent was triggered by damaged SKELETON Skeleton, damager WOLF Wolf and cancelled false.
[April 26, 2026 19:57:35.940PM UTC]  EntityDamageByEntityEvent was triggered by damaged SKELETON Skeleton, damager WOLF Wolf and cancelled false.
[April 26, 2026 19:58:00.039PM UTC]  EntityDamageByEntityEvent was triggered by damaged SKELETON Skeleton, damager WOLF Wolf and cancelled false.
[April 26, 2026 19:58:02.643PM UTC]  EntityDamageByEntityEvent was triggered by damaged SKELETON Skeleton, damager WOLF Wolf and cancelled false.
[April 26, 2026 19:58:02.647PM UTC]  EntityDamageByEntityEvent was triggered by damaged PLAYER SlayerTanj, damager ARROW Arrow and cancelled false.
[April 26, 2026 19:58:03.289PM UTC]  EntityDamageByEntityEvent was triggered by damaged SKELETON Skeleton, damager WOLF Wolf and cancelled false.
[April 26, 2026 19:58:04.289PM UTC]  EntityDamageByEntityEvent was triggered by damaged SKELETON Skeleton, damager WOLF Wolf and cancelled false.
[April 26, 2026 19:58:04.331PM UTC]  EntityDamageByEntityEvent was triggered by damaged SKELETON Skeleton, damager PLAYER SlayerTanj and cancelled false.
[April 26, 2026 19:58:06.038PM UTC]  EntityDamageByEntityEvent was triggered by damaged SKELETON Skeleton, damager WOLF Wolf and cancelled false.
[April 26, 2026 19:58:06.196PM UTC]  EntityDamageByEntityEvent was triggered by damaged SKELETON Skeleton, damager PLAYER SlayerTanj and cancelled false.
[April 26, 2026 19:58:07.526PM UTC]  EntityDamageByEntityEvent was triggered by damaged SKELETON Skeleton, damager PLAYER SlayerTanj and cancelled false.
[April 26, 2026 19:58:08.439PM UTC]  EntityDamageByEntityEvent was triggered by damaged SKELETON Skeleton, damager WOLF Wolf and cancelled false.
[April 26, 2026 19:58:13.680PM UTC]  EntityDamageByEntityEvent was triggered by damaged ZOMBIE Zombie, damager PLAYER SlayerTanj and cancelled false.
[April 26, 2026 19:58:14.246PM UTC]  EntityDamageByEntityEvent was triggered by damaged ZOMBIE Zombie, damager PLAYER SlayerTanj and cancelled false.
[April 26, 2026 19:58:14.812PM UTC]  EntityDamageByEntityEvent was triggered by damaged ZOMBIE Zombie, damager PLAYER SlayerTanj and cancelled false.
[April 26, 2026 19:58:24.193PM UTC]  EntityDamageByEntityEvent was triggered by damaged SPIDER Spider, damager PLAYER SlayerTanj and cancelled false.
[April 26, 2026 19:58:24.591PM UTC]  EntityDamageByEntityEvent was triggered by damaged PLAYER SlayerTanj, damager SPIDER Spider and cancelled false.
[April 26, 2026 19:58:25.139PM UTC]  EntityDamageByEntityEvent was triggered by damaged SPIDER Spider, damager WOLF Wolf and cancelled false.
[April 26, 2026 19:58:25.592PM UTC]  EntityDamageByEntityEvent was triggered by damaged PLAYER SlayerTanj, damager SPIDER Spider and cancelled false.
[April 26, 2026 19:58:26.538PM UTC]  EntityDamageByEntityEvent was triggered by damaged SPIDER Spider, damager WOLF Wolf and cancelled false.
[April 26, 2026 19:58:27.938PM UTC]  EntityDamageByEntityEvent was triggered by damaged SPIDER Spider, damager WOLF Wolf and cancelled false.
[April 26, 2026 19:58:28.440PM UTC]  EntityDamageByEntityEvent was triggered by damaged PLAYER SlayerTanj, damager SPIDER Spider and cancelled false.
[April 26, 2026 19:58:29.440PM UTC]  EntityDamageByEntityEvent was triggered by damaged PLAYER SlayerTanj, damager SPIDER Spider and cancelled false.
[April 26, 2026 19:58:29.990PM UTC]  EntityDamageByEntityEvent was triggered by damaged SPIDER Spider, damager WOLF Wolf and cancelled false.
[April 26, 2026 19:58:30.841PM UTC]  EntityDamageByEntityEvent was triggered by damaged WOLF Wolf, damager SPIDER Spider and cancelled false.
[April 26, 2026 19:58:30.989PM UTC]  EntityDamageByEntityEvent was triggered by damaged SPIDER Spider, damager WOLF Wolf and cancelled false.
[April 26, 2026 19:58:31.841PM UTC]  EntityDamageByEntityEvent was triggered by damaged WOLF Wolf, damager SPIDER Spider and cancelled false.
[April 26, 2026 19:58:31.990PM UTC]  EntityDamageByEntityEvent was triggered by damaged SPIDER Spider, damager WOLF Wolf and cancelled false.
[April 26, 2026 19:58:32.589PM UTC]  EntityDamageByEntityEvent was triggered by damaged SPIDER Spider, damager WOLF Wolf and cancelled false.
[April 26, 2026 19:58:33.532PM UTC]  EntityDamageByEntityEvent was triggered by damaged CREEPER Creeper, damager PLAYER SlayerTanj and cancelled false.
[April 26, 2026 19:58:37.842PM UTC]  EntityDamageByEntityEvent was triggered by damaged GLOW_SQUID Glow Squid, damager AXOLOTL Axolotl and cancelled false.
[April 26, 2026 19:58:38.893PM UTC]  EntityDamageByEntityEvent was triggered by damaged GLOW_SQUID Glow Squid, damager AXOLOTL Axolotl and cancelled false.
[April 26, 2026 19:58:39.141PM UTC]  EntityDamageByEntityEvent was triggered by damaged PLAYER SlayerTanj, damager SPIDER Spider and cancelled false.
[April 26, 2026 19:58:39.942PM UTC]  EntityDamageByEntityEvent was triggered by damaged GLOW_SQUID Glow Squid, damager AXOLOTL Axolotl and cancelled false.
[April 26, 2026 19:58:42.738PM UTC]  EntityDamageByEntityEvent was triggered by damaged SPIDER Spider, damager WOLF Wolf and cancelled false.
[April 26, 2026 19:58:43.739PM UTC]  EntityDamageByEntityEvent was triggered by damaged SPIDER Spider, damager WOLF Wolf and cancelled false.
[April 26, 2026 19:58:43.741PM UTC]  EntityDamageByEntityEvent was triggered by damaged WOLF Wolf, damager SPIDER Spider and cancelled false.
[April 26, 2026 19:58:44.491PM UTC]  EntityDamageByEntityEvent was triggered by damaged GLOW_SQUID Glow Squid, damager AXOLOTL Axolotl and cancelled false.
[April 26, 2026 19:58:44.742PM UTC]  EntityDamageByEntityEvent was triggered by damaged PLAYER SlayerTanj, damager DROWNED Drowned and cancelled false.
[April 26, 2026 19:58:45.339PM UTC]  EntityDamageByEntityEvent was triggered by damaged SPIDER Spider, damager WOLF Wolf and cancelled false.
[April 26, 2026 19:58:46.391PM UTC]  EntityDamageByEntityEvent was triggered by damaged GLOW_SQUID Glow Squid, damager AXOLOTL Axolotl and cancelled false.
[April 26, 2026 19:58:46.441PM UTC]  EntityDamageByEntityEvent was triggered by damaged GLOW_SQUID Glow Squid, damager AXOLOTL Axolotl and cancelled false.
[April 26, 2026 19:58:46.941PM UTC]  EntityDamageByEntityEvent was triggered by damaged PLAYER SlayerTanj, damager DROWNED Drowned and cancelled false.
[April 26, 2026 19:58:47.441PM UTC]  EntityDamageByEntityEvent was triggered by damaged GLOW_SQUID Glow Squid, damager AXOLOTL Axolotl and cancelled false.
[April 26, 2026 19:58:47.988PM UTC]  EntityDamageByEntityEvent was triggered by damaged SPIDER Spider, damager WOLF Wolf and cancelled false.
[April 26, 2026 19:58:48.242PM UTC]  EntityDamageByEntityEvent was triggered by damaged GLOW_SQUID Glow Squid, damager AXOLOTL Axolotl and cancelled false.
[April 26, 2026 19:58:48.794PM UTC]  EntityDamageByEntityEvent was triggered by damaged GLOW_SQUID Glow Squid, damager AXOLOTL Axolotl and cancelled false.
[April 26, 2026 19:58:49.300PM UTC]  EntityDamageByEntityEvent was triggered by damaged GLOW_SQUID Glow Squid, damager AXOLOTL Axolotl and cancelled false.
[April 26, 2026 19:58:51.690PM UTC]  EntityDamageByEntityEvent was triggered by damaged DROWNED Drowned, damager WOLF Wolf and cancelled false.
[April 26, 2026 19:58:51.693PM UTC]  EntityDamageByEntityEvent was triggered by damaged WOLF Wolf, damager DROWNED Drowned and cancelled false.
[April 26, 2026 19:58:55.837PM UTC]  EntityDamageByEntityEvent was triggered by damaged DROWNED Drowned, damager WOLF Wolf and cancelled false.
[April 26, 2026 19:58:57.089PM UTC]  EntityDamageByEntityEvent was triggered by damaged DROWNED Drowned, damager WOLF Wolf and cancelled false.
[April 26, 2026 19:58:58.688PM UTC]  EntityDamageByEntityEvent was triggered by damaged DROWNED Drowned, damager WOLF Wolf and cancelled false.
[April 26, 2026 19:59:00.639PM UTC]  EntityDamageByEntityEvent was triggered by damaged DROWNED Drowned, damager WOLF Wolf and cancelled false.
[April 26, 2026 19:59:02.088PM UTC]  EntityDamageByEntityEvent was triggered by damaged DROWNED Drowned, damager WOLF Wolf and cancelled false.
[April 26, 2026 19:59:16.791PM UTC]  EntityDamageByEntityEvent was triggered by damaged SHEEP Sheep, damager PLAYER SlayerTanj and cancelled false.
[April 26, 2026 19:59:18.540PM UTC]  EntityDamageByEntityEvent was triggered by damaged SHEEP Sheep, damager PLAYER SlayerTanj and cancelled false.
[April 26, 2026 19:59:24.462PM UTC]  EntityDamageByEntityEvent was triggered by damaged SHEEP Sheep, damager PLAYER SlayerTanj and cancelled false.
[April 26, 2026 19:59:28.297PM UTC]  EntityDamageByEntityEvent was triggered by damaged SHEEP Sheep, damager PLAYER SlayerTanj and cancelled false.
[April 26, 2026 20:01:24.591PM UTC]  EntityDamageByEntityEvent was triggered by damaged PLAYER SlayerTanj, damager ARROW Arrow and cancelled false.
[April 26, 2026 20:01:25.438PM UTC]  EntityDamageByEntityEvent was triggered by damaged PILLAGER Pillager, damager WOLF Wolf and cancelled false.
[April 26, 2026 20:01:26.248PM UTC]  EntityDamageByEntityEvent was triggered by damaged PILLAGER Pillager, damager PLAYER SlayerTanj and cancelled false.
[April 26, 2026 20:01:27.288PM UTC]  EntityDamageByEntityEvent was triggered by damaged PILLAGER Pillager, damager WOLF Wolf and cancelled false.
[April 26, 2026 20:01:27.341PM UTC]  EntityDamageByEntityEvent was triggered by damaged WOLF Wolf, damager ARROW Arrow and cancelled false.
[April 26, 2026 20:01:28.338PM UTC]  EntityDamageByEntityEvent was triggered by damaged PILLAGER Pillager, damager WOLF Wolf and cancelled false.
[April 26, 2026 20:01:29.137PM UTC]  EntityDamageByEntityEvent was triggered by damaged PILLAGER Pillager, damager WOLF Wolf and cancelled false.
[April 26, 2026 20:01:36.141PM UTC]  EntityDamageByEntityEvent was triggered by damaged WOLF Wolf, damager ARROW Arrow and cancelled false.
[April 26, 2026 20:01:38.589PM UTC]  EntityDamageByEntityEvent was triggered by damaged WOLF Wolf, damager ARROW Arrow and cancelled false.
[April 26, 2026 20:01:38.788PM UTC]  EntityDamageByEntityEvent was triggered by damaged PILLAGER Pillager, damager WOLF Wolf and cancelled false.
[April 26, 2026 20:01:39.341PM UTC]  EntityDamageByEntityEvent was triggered by damaged WOLF Wolf, damager ARROW Arrow and cancelled false.
[April 26, 2026 20:01:40.487PM UTC]  EntityDamageByEntityEvent was triggered by damaged PILLAGER Pillager, damager WOLF Wolf and cancelled false.
[April 26, 2026 20:01:41.337PM UTC]  EntityDamageByEntityEvent was triggered by damaged PILLAGER Pillager, damager WOLF Wolf and cancelled false.
[April 26, 2026 20:01:42.338PM UTC]  EntityDamageByEntityEvent was triggered by damaged PILLAGER Pillager, damager WOLF Wolf and cancelled false.
[April 26, 2026 20:01:42.540PM UTC]  EntityDamageByEntityEvent was triggered by damaged WOLF Wolf, damager ARROW Arrow and cancelled false.
[April 26, 2026 20:01:43.338PM UTC]  EntityDamageByEntityEvent was triggered by damaged PILLAGER Pillager, damager WOLF Wolf and cancelled false.
[April 26, 2026 20:01:44.338PM UTC]  EntityDamageByEntityEvent was triggered by damaged PILLAGER Pillager, damager WOLF Wolf and cancelled false.
[April 26, 2026 20:01:47.492PM UTC]  EntityDamageByEntityEvent was triggered by damaged WOLF Wolf, damager ARROW Arrow and cancelled false.
[April 26, 2026 20:01:59.442PM UTC]  EntityDamageByEntityEvent was triggered by damaged PILLAGER Pillager, damager PLAYER SlayerTanj and cancelled false.
[April 26, 2026 20:02:00.528PM UTC]  EntityDamageByEntityEvent was triggered by damaged PILLAGER Pillager, damager PLAYER SlayerTanj and cancelled false.
[April 26, 2026 20:02:01.080PM UTC]  EntityDamageByEntityEvent was triggered by damaged PILLAGER Pillager, damager PLAYER SlayerTanj and cancelled false.
[April 26, 2026 20:02:01.342PM UTC]  EntityDamageByEntityEvent was triggered by damaged PLAYER SlayerTanj, damager ARROW Arrow and cancelled false.
[April 26, 2026 20:02:01.438PM UTC]  EntityDamageByEntityEvent was triggered by damaged PILLAGER Pillager, damager WOLF Wolf and cancelled false.
[April 26, 2026 20:02:02.439PM UTC]  EntityDamageByEntityEvent was triggered by damaged PILLAGER Pillager, damager WOLF Wolf and cancelled false.
[April 26, 2026 20:02:02.757PM UTC]  EntityDamageByEntityEvent was triggered by damaged PILLAGER Pillager, damager PLAYER SlayerTanj and cancelled false.
[April 26, 2026 20:02:03.440PM UTC]  EntityDamageByEntityEvent was triggered by damaged PILLAGER Pillager, damager WOLF Wolf and cancelled false.
[April 26, 2026 20:02:04.430PM UTC]  EntityDamageByEntityEvent was triggered by damaged PILLAGER Pillager, damager PLAYER SlayerTanj and cancelled false.
[April 26, 2026 20:02:04.742PM UTC]  EntityDamageByEntityEvent was triggered by damaged PLAYER SlayerTanj, damager ARROW Arrow and cancelled false.
[April 26, 2026 20:02:06.938PM UTC]  EntityDamageByEntityEvent was triggered by damaged PILLAGER Pillager, damager WOLF Wolf and cancelled false.
[April 26, 2026 20:02:07.693PM UTC]  EntityDamageByEntityEvent was triggered by damaged WOLF Wolf, damager ARROW Arrow and cancelled false.
[April 26, 2026 20:02:07.981PM UTC]  EntityDamageByEntityEvent was triggered by damaged PILLAGER Pillager, damager PLAYER SlayerTanj and cancelled false.
[April 26, 2026 20:02:08.839PM UTC]  EntityDamageByEntityEvent was triggered by damaged PILLAGER Pillager, damager WOLF Wolf and cancelled false.
[April 26, 2026 20:02:09.133PM UTC]  EntityDamageByEntityEvent was triggered by damaged PILLAGER Pillager, damager PLAYER SlayerTanj and cancelled false.
[April 26, 2026 20:02:10.242PM UTC]  EntityDamageByEntityEvent was triggered by damaged PLAYER SlayerTanj, damager ARROW Arrow and cancelled false.
[April 26, 2026 20:02:10.547PM UTC]  EntityDamageByEntityEvent was triggered by damaged PILLAGER Pillager, damager PLAYER SlayerTanj and cancelled false.
[April 26, 2026 20:02:11.238PM UTC]  EntityDamageByEntityEvent was triggered by damaged PILLAGER Pillager, damager WOLF Wolf and cancelled false.
[April 26, 2026 20:02:11.473PM UTC]  EntityDamageByEntityEvent was triggered by damaged PILLAGER Pillager, damager PLAYER SlayerTanj and cancelled false.
[April 26, 2026 20:02:12.124PM UTC]  EntityDamageByEntityEvent was triggered by damaged PILLAGER Pillager, damager PLAYER SlayerTanj and cancelled false.
[April 26, 2026 20:02:12.992PM UTC]  EntityDamageByEntityEvent was triggered by damaged PLAYER SlayerTanj, damager ARROW Arrow and cancelled false.
[April 26, 2026 20:02:13.242PM UTC]  EntityDamageByEntityEvent was triggered by damaged PILLAGER Pillager, damager PLAYER SlayerTanj and cancelled false.
[April 26, 2026 20:02:13.742PM UTC]  EntityDamageByEntityEvent was triggered by damaged PILLAGER Pillager, damager ARROW Arrow and cancelled false.
[April 26, 2026 20:02:13.775PM UTC]  EntityDamageByEntityEvent was triggered by damaged PILLAGER Pillager, damager PLAYER SlayerTanj and cancelled false.
[April 26, 2026 20:02:14.092PM UTC]  EntityDamageByEntityEvent was triggered by damaged PLAYER SlayerTanj, damager ARROW Arrow and cancelled false.
[April 26, 2026 20:02:14.376PM UTC]  EntityDamageByEntityEvent was triggered by damaged PILLAGER Pillager, damager PLAYER SlayerTanj and cancelled false.
[April 26, 2026 20:02:14.592PM UTC]  EntityDamageByEntityEvent was triggered by damaged PLAYER SlayerTanj, damager ARROW Arrow and cancelled false.
[April 26, 2026 20:02:14.789PM UTC]  EntityDamageByEntityEvent was triggered by damaged PILLAGER Pillager, damager WOLF Wolf and cancelled false.
[April 26, 2026 20:02:15.628PM UTC]  EntityDamageByEntityEvent was triggered by damaged PILLAGER Pillager, damager PLAYER SlayerTanj and cancelled false.
[April 26, 2026 20:02:15.942PM UTC]  EntityDamageByEntityEvent was triggered by damaged PLAYER SlayerTanj, damager ARROW Arrow and cancelled false.
[April 26, 2026 20:02:16.438PM UTC]  EntityDamageByEntityEvent was triggered by damaged PILLAGER Pillager, damager WOLF Wolf and cancelled false.
[April 26, 2026 20:02:16.442PM UTC]  EntityDamageByEntityEvent was triggered by damaged PLAYER SlayerTanj, damager ARROW Arrow and cancelled false.
[April 26, 2026 20:02:16.443PM UTC]  EntityDamageByEntityEvent was triggered by damaged PILLAGER Pillager, damager PLAYER SlayerTanj and cancelled false.
[April 26, 2026 20:02:17.092PM UTC]  EntityDamageByEntityEvent was triggered by damaged PLAYER SlayerTanj, damager ARROW Arrow and cancelled false.
[April 26, 2026 20:02:17.093PM UTC]  EntityDamageByEntityEvent was triggered by damaged PILLAGER Pillager, damager ARROW Arrow and cancelled false.
[April 26, 2026 20:02:17.480PM UTC]  EntityDamageByEntityEvent was triggered by damaged PILLAGER Pillager, damager PLAYER SlayerTanj and cancelled false.
[April 26, 2026 20:02:17.695PM UTC]  EntityDamageByEntityEvent was triggered by damaged PILLAGER Pillager, damager ARROW Arrow and cancelled false.
[April 26, 2026 20:02:18.042PM UTC]  EntityDamageByEntityEvent was triggered by damaged PILLAGER Pillager, damager PLAYER SlayerTanj and cancelled false.
[April 26, 2026 20:02:18.581PM UTC]  EntityDamageByEntityEvent was triggered by damaged PILLAGER Pillager, damager PLAYER SlayerTanj and cancelled false.
[April 26, 2026 20:02:19.092PM UTC]  EntityDamageByEntityEvent was triggered by damaged PLAYER SlayerTanj, damager ARROW Arrow and cancelled false.
[April 26, 2026 20:02:19.219PM UTC]  EntityDamageByEntityEvent was triggered by damaged PILLAGER Pillager, damager PLAYER SlayerTanj and cancelled false.
[April 26, 2026 20:02:20.142PM UTC]  EntityDamageByEntityEvent was triggered by damaged PLAYER SlayerTanj, damager ARROW Arrow and cancelled false.
[April 26, 2026 20:02:20.364PM UTC]  EntityDamageByEntityEvent was triggered by damaged PILLAGER Pillager, damager PLAYER SlayerTanj and cancelled false.
[April 26, 2026 20:02:21.584PM UTC]  EntityDamageByEntityEvent was triggered by damaged PILLAGER Pillager, damager PLAYER SlayerTanj and cancelled false.
[April 26, 2026 20:02:22.596PM UTC]  EntityDamageByEntityEvent was triggered by damaged PILLAGER Pillager, damager PLAYER SlayerTanj and cancelled false.
[April 26, 2026 20:02:23.309PM UTC]  EntityDamageByEntityEvent was triggered by damaged PILLAGER Pillager, damager PLAYER SlayerTanj and cancelled false.
[April 26, 2026 20:02:26.091PM UTC]  EntityDamageByEntityEvent was triggered by damaged PLAYER SlayerTanj, damager ARROW Arrow and cancelled false.
[April 26, 2026 20:02:26.992PM UTC]  EntityDamageByEntityEvent was triggered by damaged PLAYER SlayerTanj, damager ARROW Arrow and cancelled false.
[April 26, 2026 20:02:29.723PM UTC]  EntityDamageByEntityEvent was triggered by damaged PILLAGER Pillager, damager PLAYER SlayerTanj and cancelled false.
[April 26, 2026 20:02:29.743PM UTC]  EntityDamageByEntityEvent was triggered by damaged PLAYER SlayerTanj, damager ARROW Arrow and cancelled false.
[April 26, 2026 20:02:30.475PM UTC]  EntityDamageByEntityEvent was triggered by damaged PILLAGER Pillager, damager PLAYER SlayerTanj and cancelled false.
[April 26, 2026 20:02:31.092PM UTC]  EntityDamageByEntityEvent was triggered by damaged PILLAGER Pillager, damager PLAYER SlayerTanj and cancelled false.
[April 26, 2026 20:02:31.392PM UTC]  EntityDamageByEntityEvent was triggered by damaged PLAYER SlayerTanj, damager ARROW Arrow and cancelled false.
[April 26, 2026 20:02:32.492PM UTC]  EntityDamageByEntityEvent was triggered by damaged PLAYER SlayerTanj, damager ARROW Arrow and cancelled false.
[April 26, 2026 20:02:32.581PM UTC]  EntityDamageByEntityEvent was triggered by damaged PILLAGER Pillager, damager PLAYER SlayerTanj and cancelled false.
[April 26, 2026 20:02:32.842PM UTC]  EntityDamageByEntityEvent was triggered by damaged PLAYER SlayerTanj, damager ARROW Arrow and cancelled false.
[April 26, 2026 20:02:33.792PM UTC]  EntityDamageByEntityEvent was triggered by damaged PLAYER SlayerTanj, damager ARROW Arrow and cancelled false.
[April 26, 2026 20:02:33.807PM UTC]  EntityDamageByEntityEvent was triggered by damaged PILLAGER Pillager, damager PLAYER SlayerTanj and cancelled false.
[April 26, 2026 20:02:35.542PM UTC]  EntityDamageByEntityEvent was triggered by damaged PLAYER SlayerTanj, damager ARROW Arrow and cancelled false.
[April 26, 2026 20:02:36.242PM UTC]  EntityDamageByEntityEvent was triggered by damaged PILLAGER Pillager, damager PLAYER SlayerTanj and cancelled false.
[April 26, 2026 20:02:36.243PM UTC]  EntityDamageByEntityEvent was triggered by damaged PILLAGER Pillager, damager PLAYER SlayerTanj and cancelled false.
[April 26, 2026 20:02:36.641PM UTC]  EntityDamageByEntityEvent was triggered by damaged PILLAGER Pillager, damager PLAYER SlayerTanj and cancelled false.
[April 26, 2026 20:02:37.142PM UTC]  EntityDamageByEntityEvent was triggered by damaged PLAYER SlayerTanj, damager ARROW Arrow and cancelled false.
[April 26, 2026 20:02:37.442PM UTC]  EntityDamageByEntityEvent was triggered by damaged PILLAGER Pillager, damager PLAYER SlayerTanj and cancelled false.
[April 26, 2026 20:02:38.042PM UTC]  EntityDamageByEntityEvent was triggered by damaged PILLAGER Pillager, damager PLAYER SlayerTanj and cancelled false.
[April 26, 2026 20:02:38.890PM UTC]  EntityDamageByEntityEvent was triggered by damaged PILLAGER Pillager, damager PLAYER SlayerTanj and cancelled false.
[April 26, 2026 20:02:39.092PM UTC]  EntityDamageByEntityEvent was triggered by damaged PLAYER SlayerTanj, damager ARROW Arrow and cancelled false.
[April 26, 2026 20:02:40.195PM UTC]  EntityDamageByEntityEvent was triggered by damaged PILLAGER Pillager, damager PLAYER SlayerTanj and cancelled false.
[April 26, 2026 20:02:41.140PM UTC]  EntityDamageByEntityEvent was triggered by damaged PILLAGER Pillager, damager PLAYER SlayerTanj and cancelled false.
[April 26, 2026 20:02:44.169PM UTC]  EntityDamageByEntityEvent was triggered by damaged PILLAGER Pillager, damager PLAYER SlayerTanj and cancelled false.
[April 26, 2026 20:02:44.816PM UTC]  EntityDamageByEntityEvent was triggered by damaged PILLAGER Pillager, damager PLAYER SlayerTanj and cancelled false.
[April 26, 2026 20:03:20.919PM UTC]  EntityDamageByEntityEvent was triggered by damaged SHEEP Sheep, damager PLAYER emi4553 and cancelled false.
[April 26, 2026 20:03:22.816PM UTC]  EntityDamageByEntityEvent was triggered by damaged SHEEP Sheep, damager PLAYER emi4553 and cancelled false.
[April 26, 2026 20:03:24.847PM UTC]  EntityDamageByEntityEvent was triggered by damaged SHEEP Sheep, damager PLAYER emi4553 and cancelled false.
[April 26, 2026 20:03:28.064PM UTC]  EntityDamageByEntityEvent was triggered by damaged PILLAGER Pillager, damager PLAYER emi4553 and cancelled false.
[April 26, 2026 20:03:28.742PM UTC]  EntityDamageByEntityEvent was triggered by damaged PLAYER emi4553, damager ARROW Arrow and cancelled false.
[April 26, 2026 20:03:28.913PM UTC]  EntityDamageByEntityEvent was triggered by damaged PILLAGER Pillager, damager PLAYER emi4553 and cancelled false.
[April 26, 2026 20:03:30.512PM UTC]  EntityDamageByEntityEvent was triggered by damaged PILLAGER Pillager, damager PLAYER emi4553 and cancelled false.
[April 26, 2026 20:03:31.062PM UTC]  EntityDamageByEntityEvent was triggered by damaged PILLAGER Pillager, damager PLAYER emi4553 and cancelled false.
[April 26, 2026 20:03:31.623PM UTC]  EntityDamageByEntityEvent was triggered by damaged PILLAGER Pillager, damager PLAYER emi4553 and cancelled false.
[April 26, 2026 20:03:31.747PM UTC]  EntityDamageByEntityEvent was triggered by damaged PLAYER emi4553, damager ARROW Arrow and cancelled false.
[April 26, 2026 20:03:32.263PM UTC]  EntityDamageByEntityEvent was triggered by damaged PILLAGER Pillager, damager PLAYER emi4553 and cancelled false.
[April 26, 2026 20:03:32.816PM UTC]  EntityDamageByEntityEvent was triggered by damaged PILLAGER Pillager, damager PLAYER emi4553 and cancelled false.
[April 26, 2026 20:03:33.313PM UTC]  EntityDamageByEntityEvent was triggered by damaged PILLAGER Pillager, damager PLAYER emi4553 and cancelled false.
[April 26, 2026 20:03:36.866PM UTC]  EntityDamageByEntityEvent was triggered by damaged SHEEP Sheep, damager PLAYER emi4553 and cancelled false.
[April 26, 2026 20:03:37.563PM UTC]  EntityDamageByEntityEvent was triggered by damaged SHEEP Sheep, damager PLAYER emi4553 and cancelled false.
[April 26, 2026 20:03:40.415PM UTC]  EntityDamageByEntityEvent was triggered by damaged PILLAGER Pillager, damager PLAYER emi4553 and cancelled false.
[April 26, 2026 20:03:40.967PM UTC]  EntityDamageByEntityEvent was triggered by damaged PILLAGER Pillager, damager PLAYER emi4553 and cancelled false.
[April 26, 2026 20:03:42.017PM UTC]  EntityDamageByEntityEvent was triggered by damaged PILLAGER Pillager, damager PLAYER emi4553 and cancelled false.
[April 26, 2026 20:03:42.251PM UTC]  EntityDamageByEntityEvent was triggered by damaged PILLAGER Pillager, damager PLAYER SlayerTanj and cancelled false.
[April 26, 2026 20:03:42.844PM UTC]  EntityDamageByEntityEvent was triggered by damaged WOLF Wolf, damager ARROW Arrow and cancelled false.
[April 26, 2026 20:03:46.242PM UTC]  EntityDamageByEntityEvent was triggered by damaged PLAYER emi4553, damager ARROW Arrow and cancelled false.
[April 26, 2026 20:03:48.492PM UTC]  EntityDamageByEntityEvent was triggered by damaged PLAYER emi4553, damager ARROW Arrow and cancelled false.
[April 26, 2026 20:03:48.560PM UTC]  EntityDamageByEntityEvent was triggered by damaged SHEEP Sheep, damager PLAYER emi4553 and cancelled false.
[April 26, 2026 20:03:50.410PM UTC]  EntityDamageByEntityEvent was triggered by damaged SHEEP Sheep, damager PLAYER emi4553 and cancelled false.
[April 26, 2026 20:03:51.363PM UTC]  EntityDamageByEntityEvent was triggered by damaged SHEEP Sheep, damager PLAYER emi4553 and cancelled false.
[April 26, 2026 20:03:51.812PM UTC]  EntityDamageByEntityEvent was triggered by damaged SHEEP Sheep, damager PLAYER emi4553 and cancelled false.
[April 26, 2026 20:03:54.965PM UTC]  EntityDamageByEntityEvent was triggered by damaged PILLAGER Pillager, damager PLAYER emi4553 and cancelled false.
[April 26, 2026 20:03:56.143PM UTC]  EntityDamageByEntityEvent was triggered by damaged PLAYER emi4553, damager ARROW Arrow and cancelled false.
[April 26, 2026 20:03:56.821PM UTC]  EntityDamageByEntityEvent was triggered by damaged PILLAGER Pillager, damager PLAYER emi4553 and cancelled false.
[April 26, 2026 20:03:57.892PM UTC]  EntityDamageByEntityEvent was triggered by damaged PLAYER emi4553, damager ARROW Arrow and cancelled false.
[April 26, 2026 20:03:57.942PM UTC]  EntityDamageByEntityEvent was triggered by damaged PLAYER emi4553, damager ARROW Arrow and cancelled false.
[April 26, 2026 20:03:59.613PM UTC]  EntityDamageByEntityEvent was triggered by damaged PILLAGER Pillager, damager PLAYER emi4553 and cancelled false.
[April 26, 2026 20:04:00.240PM UTC]  EntityDamageByEntityEvent was triggered by damaged PLAYER emi4553, damager ARROW Arrow and cancelled false.
[April 26, 2026 20:04:01.217PM UTC]  EntityDamageByEntityEvent was triggered by damaged PILLAGER Pillager, damager PLAYER emi4553 and cancelled false.
[April 26, 2026 20:04:14.525PM UTC]  EntityDamageByEntityEvent was triggered by damaged COW Cow, damager PLAYER SlayerTanj and cancelled false.
[April 26, 2026 20:04:18.047PM UTC]  EntityDamageByEntityEvent was triggered by damaged COW Cow, damager PLAYER SlayerTanj and cancelled false.
[April 26, 2026 20:04:22.757PM UTC]  EntityDamageByEntityEvent was triggered by damaged PILLAGER Pillager, damager PLAYER emi4553 and cancelled false.
[April 26, 2026 20:04:23.306PM UTC]  EntityDamageByEntityEvent was triggered by damaged PILLAGER Pillager, damager PLAYER emi4553 and cancelled false.
[April 26, 2026 20:04:23.909PM UTC]  EntityDamageByEntityEvent was triggered by damaged PILLAGER Pillager, damager PLAYER emi4553 and cancelled false.
[April 26, 2026 20:04:24.506PM UTC]  EntityDamageByEntityEvent was triggered by damaged PILLAGER Pillager, damager PLAYER emi4553 and cancelled false.
[April 26, 2026 20:04:24.641PM UTC]  EntityDamageByEntityEvent was triggered by damaged PLAYER emi4553, damager ARROW Arrow and cancelled false.
[April 26, 2026 20:04:26.159PM UTC]  EntityDamageByEntityEvent was triggered by damaged PILLAGER Pillager, damager PLAYER emi4553 and cancelled false.
[April 26, 2026 20:04:26.719PM UTC]  EntityDamageByEntityEvent was triggered by damaged PILLAGER Pillager, damager PLAYER emi4553 and cancelled false.
[April 26, 2026 20:04:27.056PM UTC]  EntityDamageByEntityEvent was triggered by damaged PILLAGER Pillager, damager PLAYER emi4553 and cancelled false.
[April 26, 2026 20:04:27.265PM UTC]  EntityDamageByEntityEvent was triggered by damaged PILLAGER Pillager, damager PLAYER emi4553 and cancelled false.
[April 26, 2026 20:04:27.544PM UTC]  EntityDamageByEntityEvent was triggered by damaged PLAYER emi4553, damager ARROW Arrow and cancelled false.
[April 26, 2026 20:04:27.775PM UTC]  EntityDamageByEntityEvent was triggered by damaged PILLAGER Pillager, damager PLAYER emi4553 and cancelled false.
[April 26, 2026 20:05:24.177PM UTC]  EntityDamageByEntityEvent was triggered by damaged COW Cow, damager PLAYER SlayerTanj and cancelled false.
[April 26, 2026 20:05:25.903PM UTC]  EntityDamageByEntityEvent was triggered by damaged COW Cow, damager PLAYER SlayerTanj and cancelled false.
[April 26, 2026 20:05:28.223PM UTC]  EntityDamageByEntityEvent was triggered by damaged COW Cow, damager PLAYER SlayerTanj and cancelled false.
[April 26, 2026 20:05:31.076PM UTC]  EntityDamageByEntityEvent was triggered by damaged COW Cow, damager PLAYER SlayerTanj and cancelled false.
[April 26, 2026 20:05:56.396PM UTC]  EntityDamageByEntityEvent was triggered by damaged SHEEP Sheep, damager WOLF Wolf and cancelled false.
[April 26, 2026 20:05:57.694PM UTC]  EntityDamageByEntityEvent was triggered by damaged SHEEP Sheep, damager WOLF Wolf and cancelled false.
[April 26, 2026 20:06:03.646PM UTC]  EntityDamageByEntityEvent was triggered by damaged SHEEP Sheep, damager WOLF Wolf and cancelled false.
[April 26, 2026 20:06:04.362PM UTC]  EntityDamageByEntityEvent was triggered by damaged PILLAGER Pillager, damager PLAYER emi4553 and cancelled false.
[April 26, 2026 20:06:04.596PM UTC]  EntityDamageByEntityEvent was triggered by damaged PLAYER emi4553, damager ARROW Arrow and cancelled false.
[April 26, 2026 20:06:04.645PM UTC]  EntityDamageByEntityEvent was triggered by damaged SHEEP Sheep, damager WOLF Wolf and cancelled false.
[April 26, 2026 20:06:06.878PM UTC]  EntityDamageByEntityEvent was triggered by damaged PILLAGER Pillager, damager PLAYER emi4553 and cancelled false.
[April 26, 2026 20:06:07.027PM UTC]  EntityDamageByEntityEvent was triggered by damaged PIG Pig, damager PLAYER SlayerTanj and cancelled false.
[April 26, 2026 20:06:07.744PM UTC]  EntityDamageByEntityEvent was triggered by damaged PLAYER emi4553, damager ARROW Arrow and cancelled false.
[April 26, 2026 20:06:08.612PM UTC]  EntityDamageByEntityEvent was triggered by damaged PILLAGER Pillager, damager PLAYER emi4553 and cancelled false.
[April 26, 2026 20:06:13.612PM UTC]  EntityDamageByEntityEvent was triggered by damaged ALLAY Allay, damager PLAYER emi4553 and cancelled false.
[April 26, 2026 20:06:42.506PM UTC]  EntityDamageByEntityEvent was triggered by damaged PILLAGER Pillager, damager PLAYER emi4553 and cancelled false.
[April 26, 2026 20:06:42.642PM UTC]  EntityDamageByEntityEvent was triggered by damaged PLAYER emi4553, damager ARROW Arrow and cancelled false.
[April 26, 2026 20:06:45.592PM UTC]  EntityDamageByEntityEvent was triggered by damaged PLAYER emi4553, damager ARROW Arrow and cancelled false.
[April 26, 2026 20:06:47.810PM UTC]  EntityDamageByEntityEvent was triggered by damaged PILLAGER Pillager, damager PLAYER emi4553 and cancelled false.
[April 26, 2026 20:06:47.900PM UTC]  EntityDamageByEntityEvent was triggered by damaged PLAYER emi4553, damager ARROW Arrow and cancelled false.
[April 26, 2026 20:06:49.046PM UTC]  EntityDamageByEntityEvent was triggered by damaged PLAYER emi4553, damager ARROW Arrow and cancelled false.
[April 26, 2026 20:06:50.345PM UTC]  EntityDamageByEntityEvent was triggered by damaged PLAYER emi4553, damager ARROW Arrow and cancelled false.
[April 26, 2026 20:06:52.516PM UTC]  EntityDamageByEntityEvent was triggered by damaged PILLAGER Pillager, damager PLAYER emi4553 and cancelled false.
[April 26, 2026 20:06:59.802PM UTC]  EntityDamageByEntityEvent was triggered by damaged PILLAGER Pillager, damager PLAYER emi4553 and cancelled false.
[April 26, 2026 20:07:00.452PM UTC]  EntityDamageByEntityEvent was triggered by damaged PILLAGER Pillager, damager PLAYER emi4553 and cancelled false.
[April 26, 2026 20:07:01.042PM UTC]  EntityDamageByEntityEvent was triggered by damaged PLAYER emi4553, damager ARROW Arrow and cancelled false.
[April 26, 2026 20:07:02.242PM UTC]  EntityDamageByEntityEvent was triggered by damaged PLAYER emi4553, damager ARROW Arrow and cancelled false.
[April 26, 2026 20:07:02.404PM UTC]  EntityDamageByEntityEvent was triggered by damaged PILLAGER Pillager, damager PLAYER emi4553 and cancelled false.
[April 26, 2026 20:07:03.055PM UTC]  EntityDamageByEntityEvent was triggered by damaged PILLAGER Pillager, damager PLAYER emi4553 and cancelled false.
[April 26, 2026 20:07:03.542PM UTC]  EntityDamageByEntityEvent was triggered by damaged PLAYER emi4553, damager ARROW Arrow and cancelled false.
[April 26, 2026 20:07:10.242PM UTC]  EntityDamageByEntityEvent was triggered by damaged PLAYER emi4553, damager ARROW Arrow and cancelled false.
[April 26, 2026 20:07:12.991PM UTC]  EntityDamageByEntityEvent was triggered by damaged PLAYER emi4553, damager ARROW Arrow and cancelled false.
[April 26, 2026 20:07:14.018PM UTC]  EntityDamageByEntityEvent was triggered by damaged PILLAGER Pillager, damager PLAYER emi4553 and cancelled false.
[April 26, 2026 20:07:14.669PM UTC]  EntityDamageByEntityEvent was triggered by damaged PILLAGER Pillager, damager PLAYER emi4553 and cancelled false.
[April 26, 2026 20:07:15.219PM UTC]  EntityDamageByEntityEvent was triggered by damaged PILLAGER Pillager, damager PLAYER emi4553 and cancelled false.
[April 26, 2026 20:07:15.767PM UTC]  EntityDamageByEntityEvent was triggered by damaged PILLAGER Pillager, damager PLAYER emi4553 and cancelled false.
[April 26, 2026 20:07:16.121PM UTC]  EntityDamageByEntityEvent was triggered by damaged PILLAGER Pillager, damager PLAYER emi4553 and cancelled false.
[April 26, 2026 20:07:16.244PM UTC]  EntityDamageByEntityEvent was triggered by damaged PLAYER emi4553, damager ARROW Arrow and cancelled false.
[April 26, 2026 20:07:16.317PM UTC]  EntityDamageByEntityEvent was triggered by damaged PILLAGER Pillager, damager PLAYER emi4553 and cancelled false.
[April 26, 2026 20:07:23.214PM UTC]  EntityDamageByEntityEvent was triggered by damaged PILLAGER Pillager, damager PLAYER emi4553 and cancelled false.
[April 26, 2026 20:07:23.346PM UTC]  EntityDamageByEntityEvent was triggered by damaged PLAYER emi4553, damager ARROW Arrow and cancelled false.
[April 26, 2026 20:07:24.390PM UTC]  EntityDamageByEntityEvent was triggered by damaged PLAYER emi4553, damager ARROW Arrow and cancelled false.
[April 26, 2026 20:07:24.891PM UTC]  EntityDamageByEntityEvent was triggered by damaged PILLAGER Pillager, damager ARROW Arrow and cancelled false.
[April 26, 2026 20:07:26.110PM UTC]  EntityDamageByEntityEvent was triggered by damaged PILLAGER Pillager, damager PLAYER emi4553 and cancelled false.
[April 26, 2026 20:07:26.392PM UTC]  EntityDamageByEntityEvent was triggered by damaged PLAYER emi4553, damager ARROW Arrow and cancelled false.
[April 26, 2026 20:07:27.167PM UTC]  EntityDamageByEntityEvent was triggered by damaged PILLAGER Pillager, damager PLAYER emi4553 and cancelled false.
[April 26, 2026 20:07:27.367PM UTC]  EntityDamageByEntityEvent was triggered by damaged PILLAGER Pillager, damager PLAYER emi4553 and cancelled false.
[April 26, 2026 20:07:27.714PM UTC]  EntityDamageByEntityEvent was triggered by damaged PILLAGER Pillager, damager PLAYER emi4553 and cancelled false.
[April 26, 2026 20:07:27.911PM UTC]  EntityDamageByEntityEvent was triggered by damaged PILLAGER Pillager, damager PLAYER emi4553 and cancelled false.
[April 26, 2026 20:07:28.313PM UTC]  EntityDamageByEntityEvent was triggered by damaged PILLAGER Pillager, damager PLAYER emi4553 and cancelled false.
[April 26, 2026 20:07:28.342PM UTC]  EntityDamageByEntityEvent was triggered by damaged PLAYER emi4553, damager ARROW Arrow and cancelled false.
[April 26, 2026 20:07:28.913PM UTC]  EntityDamageByEntityEvent was triggered by damaged PILLAGER Pillager, damager PLAYER emi4553 and cancelled false.
[April 26, 2026 20:07:29.468PM UTC]  EntityDamageByEntityEvent was triggered by damaged PILLAGER Pillager, damager PLAYER emi4553 and cancelled false.
[April 26, 2026 20:07:29.792PM UTC]  EntityDamageByEntityEvent was triggered by damaged PLAYER emi4553, damager ARROW Arrow and cancelled false.
[April 26, 2026 20:07:31.442PM UTC]  EntityDamageByEntityEvent was triggered by damaged PILLAGER Pillager, damager ARROW Arrow and cancelled false.
[April 26, 2026 20:07:32.992PM UTC]  EntityDamageByEntityEvent was triggered by damaged PLAYER emi4553, damager ARROW Arrow and cancelled false.
[April 26, 2026 20:07:33.192PM UTC]  EntityDamageByEntityEvent was triggered by damaged PLAYER emi4553, damager ARROW Arrow and cancelled false.
[April 26, 2026 20:07:34.642PM UTC]  EntityDamageByEntityEvent was triggered by damaged PLAYER emi4553, damager ARROW Arrow and cancelled false.
[April 26, 2026 20:07:35.345PM UTC]  EntityDamageByEntityEvent was triggered by damaged PLAYER emi4553, damager ARROW Arrow and cancelled false.
[April 26, 2026 20:07:35.943PM UTC]  EntityDamageByEntityEvent was triggered by damaged PLAYER emi4553, damager ARROW Arrow and cancelled false.
[April 26, 2026 20:07:37.364PM UTC]  EntityDamageByEntityEvent was triggered by damaged PILLAGER Pillager, damager PLAYER emi4553 and cancelled false.
[April 26, 2026 20:07:37.492PM UTC]  EntityDamageByEntityEvent was triggered by damaged PLAYER emi4553, damager ARROW Arrow and cancelled false.
[April 26, 2026 20:07:38.292PM UTC]  EntityDamageByEntityEvent was triggered by damaged PILLAGER Pillager, damager ARROW Arrow and cancelled false.
[April 26, 2026 20:07:38.440PM UTC]  EntityDamageByEntityEvent was triggered by damaged PLAYER emi4553, damager ARROW Arrow and cancelled false.
[April 26, 2026 20:07:39.942PM UTC]  EntityDamageByEntityEvent was triggered by damaged PLAYER emi4553, damager ARROW Arrow and cancelled false.
[April 26, 2026 20:07:41.291PM UTC]  EntityDamageByEntityEvent was triggered by damaged PLAYER emi4553, damager ARROW Arrow and cancelled false.
[April 26, 2026 20:07:44.042PM UTC]  EntityDamageByEntityEvent was triggered by damaged PILLAGER Pillager, damager ARROW Arrow and cancelled false.
[April 26, 2026 20:07:44.545PM UTC]  EntityDamageByEntityEvent was triggered by damaged PLAYER emi4553, damager ARROW Arrow and cancelled false.
[April 26, 2026 20:07:45.462PM UTC]  EntityDamageByEntityEvent was triggered by damaged PILLAGER Pillager, damager PLAYER emi4553 and cancelled false.
[April 26, 2026 20:07:46.490PM UTC]  EntityDamageByEntityEvent was triggered by damaged PLAYER emi4553, damager ARROW Arrow and cancelled false.
[April 26, 2026 20:07:46.895PM UTC]  EntityDamageByEntityEvent was triggered by damaged PLAYER emi4553, damager ARROW Arrow and cancelled false.
[April 26, 2026 20:07:52.742PM UTC]  EntityDamageByEntityEvent was triggered by damaged PLAYER emi4553, damager ARROW Arrow and cancelled false.
[April 26, 2026 20:07:53.643PM UTC]  EntityDamageByEntityEvent was triggered by damaged PILLAGER Pillager, damager ARROW Arrow and cancelled false.
[April 26, 2026 20:07:54.058PM UTC]  EntityDamageByEntityEvent was triggered by damaged PILLAGER Pillager, damager PLAYER emi4553 and cancelled false.
[April 26, 2026 20:07:54.208PM UTC]  EntityDamageByEntityEvent was triggered by damaged PILLAGER Pillager, damager PLAYER emi4553 and cancelled false.
[April 26, 2026 20:07:54.856PM UTC]  EntityDamageByEntityEvent was triggered by damaged PILLAGER Pillager, damager PLAYER emi4553 and cancelled false.
[April 26, 2026 20:07:56.048PM UTC]  EntityDamageByEntityEvent was triggered by damaged PLAYER emi4553, damager ARROW Arrow and cancelled false.
[April 26, 2026 20:07:57.353PM UTC]  EntityDamageByEntityEvent was triggered by damaged PILLAGER Pillager, damager PLAYER emi4553 and cancelled false.
[April 26, 2026 20:07:59.656PM UTC]  EntityDamageByEntityEvent was triggered by damaged PILLAGER Pillager, damager PLAYER emi4553 and cancelled false.
[April 26, 2026 20:08:00.555PM UTC]  EntityDamageByEntityEvent was triggered by damaged PILLAGER Pillager, damager PLAYER emi4553 and cancelled false.
[April 26, 2026 20:08:01.806PM UTC]  EntityDamageByEntityEvent was triggered by damaged PILLAGER Pillager, damager PLAYER emi4553 and cancelled false.
[April 26, 2026 20:08:02.092PM UTC]  EntityDamageByEntityEvent was triggered by damaged PLAYER emi4553, damager ARROW Arrow and cancelled false.
[April 26, 2026 20:08:02.307PM UTC]  EntityDamageByEntityEvent was triggered by damaged PILLAGER Pillager, damager PLAYER emi4553 and cancelled false.
[April 26, 2026 20:08:02.555PM UTC]  EntityDamageByEntityEvent was triggered by damaged PILLAGER Pillager, damager PLAYER emi4553 and cancelled false.
[April 26, 2026 20:08:03.656PM UTC]  EntityDamageByEntityEvent was triggered by damaged PILLAGER Pillager, damager PLAYER emi4553 and cancelled false.
[April 26, 2026 20:08:34.591PM UTC]  EntityDamageByEntityEvent was triggered by damaged PLAYER emi4553, damager ARROW Arrow and cancelled false.
[April 26, 2026 20:08:34.740PM UTC]  EntityDamageByEntityEvent was triggered by damaged PLAYER emi4553, damager ARROW Arrow and cancelled false.
[April 26, 2026 20:08:34.889PM UTC]  EntityDamageByEntityEvent was triggered by damaged PLAYER emi4553, damager ARROW Arrow and cancelled false.
[April 26, 2026 20:08:35.765PM UTC]  EntityDamageByEntityEvent was triggered by damaged PILLAGER Pillager, damager PLAYER emi4553 and cancelled false.
[April 26, 2026 20:08:37.516PM UTC]  EntityDamageByEntityEvent was triggered by damaged PILLAGER Pillager, damager PLAYER emi4553 and cancelled false.
[April 26, 2026 20:08:37.840PM UTC]  EntityDamageByEntityEvent was triggered by damaged PLAYER emi4553, damager ARROW Arrow and cancelled false.
[April 26, 2026 20:08:38.065PM UTC]  EntityDamageByEntityEvent was triggered by damaged PILLAGER Pillager, damager PLAYER emi4553 and cancelled false.
[April 26, 2026 20:08:39.423PM UTC]  EntityDamageByEntityEvent was triggered by damaged PILLAGER Pillager, damager PLAYER emi4553 and cancelled false.
[April 26, 2026 20:08:40.218PM UTC]  EntityDamageByEntityEvent was triggered by damaged PILLAGER Pillager, damager PLAYER emi4553 and cancelled false.
[April 26, 2026 20:08:40.890PM UTC]  EntityDamageByEntityEvent was triggered by damaged PLAYER emi4553, damager ARROW Arrow and cancelled false.
[April 26, 2026 20:08:42.324PM UTC]  EntityDamageByEntityEvent was triggered by damaged PILLAGER Pillager, damager PLAYER Akukis and cancelled false.
[April 26, 2026 20:09:58.269PM UTC]  EntityDamageByEntityEvent was triggered by damaged PILLAGER Pillager, damager PLAYER emi4553 and cancelled false.
[April 26, 2026 20:09:58.862PM UTC]  EntityDamageByEntityEvent was triggered by damaged PILLAGER Pillager, damager PLAYER emi4553 and cancelled false.
[April 26, 2026 20:09:59.060PM UTC]  EntityDamageByEntityEvent was triggered by damaged PILLAGER Pillager, damager PLAYER emi4553 and cancelled false.
[April 26, 2026 20:09:59.422PM UTC]  EntityDamageByEntityEvent was triggered by damaged PILLAGER Pillager, damager PLAYER emi4553 and cancelled false.
[April 26, 2026 20:10:00.086PM UTC]  EntityDamageByEntityEvent was triggered by damaged PLAYER emi4553, damager ARROW Arrow and cancelled false.
[April 26, 2026 20:10:00.713PM UTC]  EntityDamageByEntityEvent was triggered by damaged PILLAGER Pillager, damager PLAYER emi4553 and cancelled false.
[April 26, 2026 20:10:01.830PM UTC]  EntityDamageByEntityEvent was triggered by damaged PILLAGER Pillager, damager PLAYER emi4553 and cancelled false.
[April 26, 2026 20:10:02.361PM UTC]  EntityDamageByEntityEvent was triggered by damaged PILLAGER Pillager, damager PLAYER emi4553 and cancelled false.
[April 26, 2026 20:10:03.136PM UTC]  EntityDamageByEntityEvent was triggered by damaged PLAYER emi4553, damager ARROW Arrow and cancelled false.
[April 26, 2026 20:10:03.226PM UTC]  EntityDamageByEntityEvent was triggered by damaged PILLAGER Pillager, damager PLAYER Akukis and cancelled false.
[April 26, 2026 20:10:09.074PM UTC]  EntityDamageByEntityEvent was triggered by damaged PILLAGER Pillager, damager PLAYER Akukis and cancelled false.
[April 26, 2026 20:10:09.823PM UTC]  EntityDamageByEntityEvent was triggered by damaged PILLAGER Pillager, damager PLAYER Akukis and cancelled false.
[April 26, 2026 20:10:10.424PM UTC]  EntityDamageByEntityEvent was triggered by damaged PILLAGER Pillager, damager PLAYER Akukis and cancelled false.
[April 26, 2026 20:10:11.274PM UTC]  EntityDamageByEntityEvent was triggered by damaged PILLAGER Pillager, damager PLAYER Akukis and cancelled false.
[April 26, 2026 20:10:11.874PM UTC]  EntityDamageByEntityEvent was triggered by damaged PILLAGER Pillager, damager PLAYER Akukis and cancelled false.
[April 26, 2026 20:10:13.476PM UTC]  EntityDamageByEntityEvent was triggered by damaged PILLAGER Pillager, damager PLAYER Akukis and cancelled false.
[April 26, 2026 20:10:22.475PM UTC]  EntityDamageByEntityEvent was triggered by damaged PILLAGER Pillager, damager PLAYER Akukis and cancelled false.
[April 26, 2026 20:10:23.075PM UTC]  EntityDamageByEntityEvent was triggered by damaged PILLAGER Pillager, damager PLAYER Akukis and cancelled false.
[April 26, 2026 20:10:23.676PM UTC]  EntityDamageByEntityEvent was triggered by damaged PILLAGER Pillager, damager PLAYER Akukis and cancelled false.
[April 26, 2026 20:10:38.254PM UTC]  EntityDamageByEntityEvent was triggered by damaged PILLAGER Pillager, damager PLAYER emi4553 and cancelled false.
[April 26, 2026 20:10:38.740PM UTC]  EntityDamageByEntityEvent was triggered by damaged PILLAGER Pillager, damager PLAYER emi4553 and cancelled false.
[April 26, 2026 20:10:39.238PM UTC]  EntityDamageByEntityEvent was triggered by damaged PLAYER emi4553, damager ARROW Arrow and cancelled false.
[April 26, 2026 20:10:39.254PM UTC]  EntityDamageByEntityEvent was triggered by damaged PILLAGER Pillager, damager PLAYER emi4553 and cancelled false.
[April 26, 2026 20:10:41.201PM UTC]  EntityDamageByEntityEvent was triggered by damaged PILLAGER Pillager, damager PLAYER emi4553 and cancelled false.
[April 26, 2026 20:10:41.862PM UTC]  EntityDamageByEntityEvent was triggered by damaged PILLAGER Pillager, damager PLAYER emi4553 and cancelled false.
[April 26, 2026 20:10:42.237PM UTC]  EntityDamageByEntityEvent was triggered by damaged PLAYER emi4553, damager ARROW Arrow and cancelled false.
[April 26, 2026 20:10:42.401PM UTC]  EntityDamageByEntityEvent was triggered by damaged PILLAGER Pillager, damager PLAYER emi4553 and cancelled false.
[April 26, 2026 20:10:43.251PM UTC]  EntityDamageByEntityEvent was triggered by damaged PILLAGER Pillager, damager PLAYER emi4553 and cancelled false.
[April 26, 2026 20:10:43.755PM UTC]  EntityDamageByEntityEvent was triggered by damaged PILLAGER Pillager, damager PLAYER emi4553 and cancelled false.
[April 26, 2026 20:10:44.253PM UTC]  EntityDamageByEntityEvent was triggered by damaged PILLAGER Pillager, damager PLAYER emi4553 and cancelled false.
[April 26, 2026 20:10:45.013PM UTC]  EntityDamageByEntityEvent was triggered by damaged PILLAGER Pillager, damager PLAYER emi4553 and cancelled false.
[April 26, 2026 20:10:45.238PM UTC]  EntityDamageByEntityEvent was triggered by damaged PLAYER emi4553, damager ARROW Arrow and cancelled false.
[April 26, 2026 20:10:45.618PM UTC]  EntityDamageByEntityEvent was triggered by damaged PILLAGER Pillager, damager PLAYER emi4553 and cancelled false.
[April 26, 2026 20:10:47.552PM UTC]  EntityDamageByEntityEvent was triggered by damaged PILLAGER Pillager, damager PLAYER emi4553 and cancelled false.
[April 26, 2026 20:11:10.461PM UTC]  EntityDamageByEntityEvent was triggered by damaged PILLAGER Pillager, damager PLAYER emi4553 and cancelled false.
[April 26, 2026 20:11:12.088PM UTC]  EntityDamageByEntityEvent was triggered by damaged PLAYER emi4553, damager ARROW Arrow and cancelled false.
[April 26, 2026 20:11:13.411PM UTC]  EntityDamageByEntityEvent was triggered by damaged PILLAGER Pillager, damager PLAYER emi4553 and cancelled false.
[April 26, 2026 20:11:14.687PM UTC]  EntityDamageByEntityEvent was triggered by damaged PLAYER emi4553, damager ARROW Arrow and cancelled false.
[April 26, 2026 20:11:15.815PM UTC]  EntityDamageByEntityEvent was triggered by damaged PILLAGER Pillager, damager PLAYER emi4553 and cancelled false.
[April 26, 2026 20:11:17.817PM UTC]  EntityDamageByEntityEvent was triggered by damaged PILLAGER Pillager, damager PLAYER emi4553 and cancelled false.
[April 26, 2026 20:11:18.377PM UTC]  EntityDamageByEntityEvent was triggered by damaged PILLAGER Pillager, damager PLAYER emi4553 and cancelled false.
[April 26, 2026 20:11:18.916PM UTC]  EntityDamageByEntityEvent was triggered by damaged PILLAGER Pillager, damager PLAYER emi4553 and cancelled false.
[April 26, 2026 20:11:19.515PM UTC]  EntityDamageByEntityEvent was triggered by damaged PILLAGER Pillager, damager PLAYER emi4553 and cancelled false.
[April 26, 2026 20:11:19.765PM UTC]  EntityDamageByEntityEvent was triggered by damaged PILLAGER Pillager, damager PLAYER emi4553 and cancelled false.
[April 26, 2026 20:11:20.132PM UTC]  EntityDamageByEntityEvent was triggered by damaged PILLAGER Pillager, damager PLAYER emi4553 and cancelled false.
[April 26, 2026 20:11:20.491PM UTC]  EntityDamageByEntityEvent was triggered by damaged PILLAGER Pillager, damager PLAYER emi4553 and cancelled false.
[April 26, 2026 20:11:20.638PM UTC]  EntityDamageByEntityEvent was triggered by damaged PLAYER emi4553, damager ARROW Arrow and cancelled false.
[April 26, 2026 20:11:20.675PM UTC]  EntityDamageByEntityEvent was triggered by damaged PILLAGER Pillager, damager PLAYER emi4553 and cancelled false.
[April 26, 2026 20:11:20.863PM UTC]  EntityDamageByEntityEvent was triggered by damaged PILLAGER Pillager, damager PLAYER emi4553 and cancelled false.
[April 26, 2026 20:11:22.420PM UTC]  EntityDamageByEntityEvent was triggered by damaged PILLAGER Pillager, damager PLAYER emi4553 and cancelled false.
[April 26, 2026 20:11:31.959PM UTC]  EntityDamageByEntityEvent was triggered by damaged COW Cow, damager PLAYER emi4553 and cancelled false.
[April 26, 2026 20:11:33.090PM UTC]  EntityDamageByEntityEvent was triggered by damaged COW Cow, damager PLAYER emi4553 and cancelled false.
[April 26, 2026 20:11:39.602PM UTC]  EntityDamageByEntityEvent was triggered by damaged COW Cow, damager PLAYER emi4553 and cancelled false.
[April 26, 2026 20:11:42.713PM UTC]  EntityDamageByEntityEvent was triggered by damaged COW Cow, damager PLAYER emi4553 and cancelled false.
[April 26, 2026 20:11:48.223PM UTC]  EntityDamageByEntityEvent was triggered by damaged COW Cow, damager PLAYER emi4553 and cancelled false.
[April 26, 2026 20:12:01.811PM UTC]  EntityDamageByEntityEvent was triggered by damaged COW Cow, damager PLAYER emi4553 and cancelled false.
