[May 05, 2026 00:08:08.631AM UTC]  EntityDamageByEntityEvent was triggered by damaged GLOW_SQUID Glow Squid, damager AXOLOTL Axolotl and cancelled false.
[May 05, 2026 00:08:09.679AM UTC]  EntityDamageByEntityEvent was triggered by damaged GLOW_SQUID Glow Squid, damager AXOLOTL Axolotl and cancelled false.
[May 05, 2026 00:08:12.730AM UTC]  EntityDamageByEntityEvent was triggered by damaged GLOW_SQUID Glow Squid, damager AXOLOTL Axolotl and cancelled false.
[May 05, 2026 00:08:13.780AM UTC]  EntityDamageByEntityEvent was triggered by damaged GLOW_SQUID Glow Squid, damager AXOLOTL Axolotl and cancelled false.
[May 05, 2026 00:08:14.830AM UTC]  EntityDamageByEntityEvent was triggered by damaged GLOW_SQUID Glow Squid, damager AXOLOTL Axolotl and cancelled false.
[May 05, 2026 00:14:22.951AM UTC]  PlayerPreTagEvent was triggered on Akukis by emi4553 with type PLAYER, reason ATTACKER, and cancelled true.
[May 05, 2026 00:14:22.951AM UTC]  PlayerPreTagEvent was triggered on emi4553 by Akukis with type PLAYER, reason ATTACKED, and cancelled true.
[May 05, 2026 00:14:22.952AM UTC]  EntityDamageByEntityEvent was triggered by damaged PLAYER emi4553, damager PLAYER Akukis and cancelled false.
[May 05, 2026 00:14:23.702AM UTC]  PlayerPreTagEvent was triggered on Akukis by emi4553 with type PLAYER, reason ATTACKER, and cancelled true.
[May 05, 2026 00:14:23.702AM UTC]  PlayerPreTagEvent was triggered on emi4553 by Akukis with type PLAYER, reason ATTACKED, and cancelled true.
[May 05, 2026 00:14:23.703AM UTC]  EntityDamageByEntityEvent was triggered by damaged PLAYER emi4553, damager PLAYER Akukis and cancelled false.
[May 05, 2026 00:14:24.252AM UTC]  PlayerPreTagEvent was triggered on Akukis by emi4553 with type PLAYER, reason ATTACKER, and cancelled true.
[May 05, 2026 00:14:24.253AM UTC]  PlayerPreTagEvent was triggered on emi4553 by Akukis with type PLAYER, reason ATTACKED, and cancelled true.
[May 05, 2026 00:14:24.253AM UTC]  EntityDamageByEntityEvent was triggered by damaged PLAYER emi4553, damager PLAYER Akukis and cancelled false.
[May 05, 2026 00:14:24.852AM UTC]  PlayerPreTagEvent was triggered on Akukis by emi4553 with type PLAYER, reason ATTACKER, and cancelled true.
[May 05, 2026 00:14:24.852AM UTC]  PlayerPreTagEvent was triggered on emi4553 by Akukis with type PLAYER, reason ATTACKED, and cancelled true.
[May 05, 2026 00:14:24.852AM UTC]  EntityDamageByEntityEvent was triggered by damaged PLAYER emi4553, damager PLAYER Akukis and cancelled false.
[May 05, 2026 00:14:28.602AM UTC]  PlayerPreTagEvent was triggered on Akukis by emi4553 with type PLAYER, reason ATTACKER, and cancelled true.
[May 05, 2026 00:14:28.602AM UTC]  PlayerPreTagEvent was triggered on emi4553 by Akukis with type PLAYER, reason ATTACKED, and cancelled true.
[May 05, 2026 00:14:28.603AM UTC]  EntityDamageByEntityEvent was triggered by damaged PLAYER emi4553, damager PLAYER Akukis and cancelled false.
[May 05, 2026 00:14:29.351AM UTC]  PlayerPreTagEvent was triggered on Akukis by emi4553 with type PLAYER, reason ATTACKER, and cancelled true.
[May 05, 2026 00:14:29.351AM UTC]  PlayerPreTagEvent was triggered on emi4553 by Akukis with type PLAYER, reason ATTACKED, and cancelled true.
[May 05, 2026 00:14:29.352AM UTC]  EntityDamageByEntityEvent was triggered by damaged PLAYER emi4553, damager PLAYER Akukis and cancelled false.
[May 05, 2026 00:14:30.201AM UTC]  PlayerPreTagEvent was triggered on Akukis by emi4553 with type PLAYER, reason ATTACKER, and cancelled true.
[May 05, 2026 00:14:30.202AM UTC]  PlayerPreTagEvent was triggered on emi4553 by Akukis with type PLAYER, reason ATTACKED, and cancelled true.
[May 05, 2026 00:14:30.202AM UTC]  EntityDamageByEntityEvent was triggered by damaged PLAYER emi4553, damager PLAYER Akukis and cancelled false.
[May 05, 2026 00:14:30.851AM UTC]  PlayerPreTagEvent was triggered on Akukis by emi4553 with type PLAYER, reason ATTACKER, and cancelled true.
[May 05, 2026 00:14:30.851AM UTC]  PlayerPreTagEvent was triggered on emi4553 by Akukis with type PLAYER, reason ATTACKED, and cancelled true.
[May 05, 2026 00:14:30.851AM UTC]  EntityDamageByEntityEvent was triggered by damaged PLAYER emi4553, damager PLAYER Akukis and cancelled false.
[May 05, 2026 00:14:31.802AM UTC]  PlayerPreTagEvent was triggered on Akukis by emi4553 with type PLAYER, reason ATTACKER, and cancelled true.
[May 05, 2026 00:14:31.802AM UTC]  PlayerPreTagEvent was triggered on emi4553 by Akukis with type PLAYER, reason ATTACKED, and cancelled true.
[May 05, 2026 00:14:31.803AM UTC]  EntityDamageByEntityEvent was triggered by damaged PLAYER emi4553, damager PLAYER Akukis and cancelled false.
[May 05, 2026 00:14:32.452AM UTC]  PlayerPreTagEvent was triggered on Akukis by emi4553 with type PLAYER, reason ATTACKER, and cancelled true.
[May 05, 2026 00:14:32.452AM UTC]  PlayerPreTagEvent was triggered on emi4553 by Akukis with type PLAYER, reason ATTACKED, and cancelled true.
[May 05, 2026 00:14:32.453AM UTC]  EntityDamageByEntityEvent was triggered by damaged PLAYER emi4553, damager PLAYER Akukis and cancelled false.
[May 05, 2026 00:14:33.003AM UTC]  PlayerPreTagEvent was triggered on Akukis by emi4553 with type PLAYER, reason ATTACKER, and cancelled true.
[May 05, 2026 00:14:33.003AM UTC]  PlayerPreTagEvent was triggered on emi4553 by Akukis with type PLAYER, reason ATTACKED, and cancelled true.
[May 05, 2026 00:14:33.003AM UTC]  EntityDamageByEntityEvent was triggered by damaged PLAYER emi4553, damager PLAYER Akukis and cancelled false.
[May 05, 2026 00:14:33.651AM UTC]  PlayerPreTagEvent was triggered on Akukis by emi4553 with type PLAYER, reason ATTACKER, and cancelled true.
[May 05, 2026 00:14:33.651AM UTC]  PlayerPreTagEvent was triggered on emi4553 by Akukis with type PLAYER, reason ATTACKED, and cancelled true.
[May 05, 2026 00:14:33.651AM UTC]  EntityDamageByEntityEvent was triggered by damaged PLAYER emi4553, damager PLAYER Akukis and cancelled false.
[May 05, 2026 00:14:34.201AM UTC]  PlayerPreTagEvent was triggered on Akukis by emi4553 with type PLAYER, reason ATTACKER, and cancelled true.
[May 05, 2026 00:14:34.201AM UTC]  PlayerPreTagEvent was triggered on emi4553 by Akukis with type PLAYER, reason ATTACKED, and cancelled true.
[May 05, 2026 00:14:34.202AM UTC]  EntityDamageByEntityEvent was triggered by damaged PLAYER emi4553, damager PLAYER Akukis and cancelled false.
[May 05, 2026 00:14:34.800AM UTC]  PlayerPreTagEvent was triggered on Akukis by emi4553 with type PLAYER, reason ATTACKER, and cancelled true.
[May 05, 2026 00:14:34.801AM UTC]  PlayerPreTagEvent was triggered on emi4553 by Akukis with type PLAYER, reason ATTACKED, and cancelled true.
[May 05, 2026 00:14:34.801AM UTC]  EntityDamageByEntityEvent was triggered by damaged PLAYER emi4553, damager PLAYER Akukis and cancelled false.
[May 05, 2026 00:14:36.152AM UTC]  PlayerPreTagEvent was triggered on Akukis by emi4553 with type PLAYER, reason ATTACKER, and cancelled true.
[May 05, 2026 00:14:36.152AM UTC]  PlayerPreTagEvent was triggered on emi4553 by Akukis with type PLAYER, reason ATTACKED, and cancelled true.
[May 05, 2026 00:14:36.152AM UTC]  EntityDamageByEntityEvent was triggered by damaged PLAYER emi4553, damager PLAYER Akukis and cancelled false.
[May 05, 2026 00:14:36.750AM UTC]  PlayerPreTagEvent was triggered on Akukis by emi4553 with type PLAYER, reason ATTACKER, and cancelled true.
[May 05, 2026 00:14:36.750AM UTC]  PlayerPreTagEvent was triggered on emi4553 by Akukis with type PLAYER, reason ATTACKED, and cancelled true.
[May 05, 2026 00:14:36.750AM UTC]  EntityDamageByEntityEvent was triggered by damaged PLAYER emi4553, damager PLAYER Akukis and cancelled false.
[May 05, 2026 00:14:37.350AM UTC]  PlayerPreTagEvent was triggered on Akukis by emi4553 with type PLAYER, reason ATTACKER, and cancelled true.
[May 05, 2026 00:14:37.351AM UTC]  PlayerPreTagEvent was triggered on emi4553 by Akukis with type PLAYER, reason ATTACKED, and cancelled true.
[May 05, 2026 00:14:37.351AM UTC]  EntityDamageByEntityEvent was triggered by damaged PLAYER emi4553, damager PLAYER Akukis and cancelled false.
[May 05, 2026 00:14:37.952AM UTC]  PlayerPreTagEvent was triggered on Akukis by emi4553 with type PLAYER, reason ATTACKER, and cancelled true.
[May 05, 2026 00:14:37.952AM UTC]  PlayerPreTagEvent was triggered on emi4553 by Akukis with type PLAYER, reason ATTACKED, and cancelled true.
[May 05, 2026 00:14:37.952AM UTC]  EntityDamageByEntityEvent was triggered by damaged PLAYER emi4553, damager PLAYER Akukis and cancelled false.
[May 05, 2026 00:14:38.602AM UTC]  PlayerPreTagEvent was triggered on Akukis by emi4553 with type PLAYER, reason ATTACKER, and cancelled true.
[May 05, 2026 00:14:38.602AM UTC]  PlayerPreTagEvent was triggered on emi4553 by Akukis with type PLAYER, reason ATTACKED, and cancelled true.
[May 05, 2026 00:14:38.602AM UTC]  EntityDamageByEntityEvent was triggered by damaged PLAYER emi4553, damager PLAYER Akukis and cancelled false.
[May 05, 2026 00:15:21.776AM UTC]  EntityDamageByEntityEvent was triggered by damaged GLOW_SQUID Glow Squid, damager AXOLOTL Axolotl and cancelled false.
[May 05, 2026 00:15:23.975AM UTC]  EntityDamageByEntityEvent was triggered by damaged GLOW_SQUID Glow Squid, damager AXOLOTL Axolotl and cancelled false.
[May 05, 2026 00:15:25.026AM UTC]  EntityDamageByEntityEvent was triggered by damaged GLOW_SQUID Glow Squid, damager AXOLOTL Axolotl and cancelled false.
[May 05, 2026 00:15:26.075AM UTC]  EntityDamageByEntityEvent was triggered by damaged GLOW_SQUID Glow Squid, damager AXOLOTL Axolotl and cancelled false.
[May 05, 2026 00:15:26.677AM UTC]  EntityDamageByEntityEvent was triggered by damaged GLOW_SQUID Glow Squid, damager AXOLOTL Axolotl and cancelled false.
[May 05, 2026 00:18:12.476AM UTC]  EntityDamageByEntityEvent was triggered by damaged GLOW_SQUID Glow Squid, damager AXOLOTL Axolotl and cancelled false.
[May 05, 2026 00:18:13.976AM UTC]  EntityDamageByEntityEvent was triggered by damaged GLOW_SQUID Glow Squid, damager AXOLOTL Axolotl and cancelled false.
[May 05, 2026 00:18:15.025AM UTC]  EntityDamageByEntityEvent was triggered by damaged GLOW_SQUID Glow Squid, damager AXOLOTL Axolotl and cancelled false.
[May 05, 2026 00:18:16.077AM UTC]  EntityDamageByEntityEvent was triggered by damaged GLOW_SQUID Glow Squid, damager AXOLOTL Axolotl and cancelled false.
[May 05, 2026 00:18:19.025AM UTC]  EntityDamageByEntityEvent was triggered by damaged GLOW_SQUID Glow Squid, damager AXOLOTL Axolotl and cancelled false.
[May 05, 2026 00:26:18.290AM UTC]  PlayerPreTagEvent was triggered on Akukis by xhikoenfasis17 with type PLAYER, reason ATTACKER, and cancelled true.
[May 05, 2026 00:26:18.291AM UTC]  PlayerPreTagEvent was triggered on xhikoenfasis17 by Akukis with type PLAYER, reason ATTACKED, and cancelled true.
[May 05, 2026 00:26:18.291AM UTC]  EntityDamageByEntityEvent was triggered by damaged PLAYER xhikoenfasis17, damager PLAYER Akukis and cancelled false.
[May 05, 2026 00:26:33.990AM UTC]  PlayerPreTagEvent was triggered on Akukis by xhikoenfasis17 with type PLAYER, reason ATTACKER, and cancelled true.
[May 05, 2026 00:26:33.990AM UTC]  PlayerPreTagEvent was triggered on xhikoenfasis17 by Akukis with type PLAYER, reason ATTACKED, and cancelled true.
[May 05, 2026 00:26:33.990AM UTC]  EntityDamageByEntityEvent was triggered by damaged PLAYER xhikoenfasis17, damager PLAYER Akukis and cancelled false.
[May 05, 2026 00:26:35.090AM UTC]  PlayerPreTagEvent was triggered on Akukis by xhikoenfasis17 with type PLAYER, reason ATTACKER, and cancelled true.
[May 05, 2026 00:26:35.090AM UTC]  PlayerPreTagEvent was triggered on xhikoenfasis17 by Akukis with type PLAYER, reason ATTACKED, and cancelled true.
[May 05, 2026 00:26:35.091AM UTC]  EntityDamageByEntityEvent was triggered by damaged PLAYER xhikoenfasis17, damager PLAYER Akukis and cancelled false.
[May 05, 2026 00:26:36.990AM UTC]  PlayerPreTagEvent was triggered on Akukis by xhikoenfasis17 with type PLAYER, reason ATTACKER, and cancelled true.
[May 05, 2026 00:26:36.990AM UTC]  PlayerPreTagEvent was triggered on xhikoenfasis17 by Akukis with type PLAYER, reason ATTACKED, and cancelled true.
[May 05, 2026 00:26:36.991AM UTC]  EntityDamageByEntityEvent was triggered by damaged PLAYER xhikoenfasis17, damager PLAYER Akukis and cancelled false.
[May 05, 2026 00:27:58.605AM UTC]  PlayerPreTagEvent was triggered on xhikoenfasis17 by emi4553 with type PLAYER, reason ATTACKER, and cancelled false.
[May 05, 2026 00:27:58.606AM UTC]  PlayerTagEvent was triggered on xhikoenfasis17 by emi4553 with type PLAYER and reason ATTACKER.
[May 05, 2026 00:27:58.608AM UTC]  PlayerPreTagEvent was triggered on emi4553 by xhikoenfasis17 with type PLAYER, reason ATTACKED, and cancelled false.
[May 05, 2026 00:27:58.609AM UTC]  PlayerTagEvent was triggered on emi4553 by xhikoenfasis17 with type PLAYER and reason ATTACKED.
[May 05, 2026 00:27:58.609AM UTC]  EntityDamageByEntityEvent was triggered by damaged PLAYER emi4553, damager PLAYER xhikoenfasis17 and cancelled false.
[May 05, 2026 00:27:59.447AM UTC]  PlayerPreTagEvent was triggered on xhikoenfasis17 by emi4553 with type PLAYER, reason ATTACKER, and cancelled false.
[May 05, 2026 00:27:59.447AM UTC]  PlayerReTagEvent was triggered on xhikoenfasis17 by emi4553 with type PLAYER and reason ATTACKER.
[May 05, 2026 00:27:59.447AM UTC]  PlayerPreTagEvent was triggered on emi4553 by xhikoenfasis17 with type PLAYER, reason ATTACKED, and cancelled false.
[May 05, 2026 00:27:59.448AM UTC]  PlayerReTagEvent was triggered on emi4553 by xhikoenfasis17 with type PLAYER and reason ATTACKED.
[May 05, 2026 00:27:59.448AM UTC]  EntityDamageByEntityEvent was triggered by damaged PLAYER emi4553, damager PLAYER xhikoenfasis17 and cancelled false.
[May 05, 2026 00:28:04.639AM UTC]  PlayerPreTagEvent was triggered on Akukis by xhikoenfasis17 with type PLAYER, reason ATTACKER, and cancelled true.
[May 05, 2026 00:28:04.639AM UTC]  PlayerPreTagEvent was triggered on xhikoenfasis17 by Akukis with type PLAYER, reason ATTACKED, and cancelled true.
[May 05, 2026 00:28:04.640AM UTC]  EntityDamageByEntityEvent was triggered by damaged PLAYER xhikoenfasis17, damager PLAYER Akukis and cancelled false.
[May 05, 2026 00:28:13.213AM UTC]  PlayerPreTagEvent was triggered on LITTLE_GHOTS by emi4553 with type PLAYER, reason ATTACKER, and cancelled false.
[May 05, 2026 00:28:13.213AM UTC]  PlayerTagEvent was triggered on LITTLE_GHOTS by emi4553 with type PLAYER and reason ATTACKER.
[May 05, 2026 00:28:13.214AM UTC]  PlayerPreTagEvent was triggered on emi4553 by LITTLE_GHOTS with type PLAYER, reason ATTACKED, and cancelled false.
[May 05, 2026 00:28:13.214AM UTC]  PlayerReTagEvent was triggered on emi4553 by LITTLE_GHOTS with type PLAYER and reason ATTACKED.
[May 05, 2026 00:28:13.214AM UTC]  EntityDamageByEntityEvent was triggered by damaged PLAYER emi4553, damager PLAYER LITTLE_GHOTS and cancelled false.
[May 05, 2026 00:28:14.955AM UTC]  PlayerPreTagEvent was triggered on LITTLE_GHOTS by xhikoenfasis17 with type PLAYER, reason ATTACKER, and cancelled false.
[May 05, 2026 00:28:14.956AM UTC]  PlayerReTagEvent was triggered on LITTLE_GHOTS by xhikoenfasis17 with type PLAYER and reason ATTACKER.
[May 05, 2026 00:28:14.956AM UTC]  PlayerPreTagEvent was triggered on xhikoenfasis17 by LITTLE_GHOTS with type PLAYER, reason ATTACKED, and cancelled false.
[May 05, 2026 00:28:14.956AM UTC]  PlayerReTagEvent was triggered on xhikoenfasis17 by LITTLE_GHOTS with type PLAYER and reason ATTACKED.
[May 05, 2026 00:28:14.956AM UTC]  EntityDamageByEntityEvent was triggered by damaged PLAYER xhikoenfasis17, damager PLAYER LITTLE_GHOTS and cancelled false.
[May 05, 2026 00:28:14.961AM UTC]  PlayerPunishEvent was triggered on xhikoenfasis17 with reason SELF_DEATH and cancelled true.
[May 05, 2026 00:28:14.961AM UTC]  PlayerUntagEvent was triggered on xhikoenfasis17 with reason SELF_DEATH and expire set to true.
[May 05, 2026 00:28:27.996AM UTC]  PlayerPreTagEvent was triggered on xhikoenfasis17 by LITTLE_GHOTS with type PLAYER, reason ATTACKER, and cancelled false.
[May 05, 2026 00:28:27.997AM UTC]  PlayerTagEvent was triggered on xhikoenfasis17 by LITTLE_GHOTS with type PLAYER and reason ATTACKER.
[May 05, 2026 00:28:27.997AM UTC]  PlayerPreTagEvent was triggered on LITTLE_GHOTS by xhikoenfasis17 with type PLAYER, reason ATTACKED, and cancelled false.
[May 05, 2026 00:28:27.997AM UTC]  PlayerReTagEvent was triggered on LITTLE_GHOTS by xhikoenfasis17 with type PLAYER and reason ATTACKED.
[May 05, 2026 00:28:27.998AM UTC]  EntityDamageByEntityEvent was triggered by damaged PLAYER LITTLE_GHOTS, damager PLAYER xhikoenfasis17 and cancelled false.
[May 05, 2026 00:28:27.998AM UTC]  PlayerPreTagEvent was triggered on LITTLE_GHOTS by xhikoenfasis17 with type PLAYER, reason ATTACKER, and cancelled false.
[May 05, 2026 00:28:27.998AM UTC]  PlayerReTagEvent was triggered on LITTLE_GHOTS by xhikoenfasis17 with type PLAYER and reason ATTACKER.
[May 05, 2026 00:28:27.999AM UTC]  PlayerPreTagEvent was triggered on xhikoenfasis17 by LITTLE_GHOTS with type PLAYER, reason ATTACKED, and cancelled false.
[May 05, 2026 00:28:27.999AM UTC]  PlayerReTagEvent was triggered on xhikoenfasis17 by LITTLE_GHOTS with type PLAYER and reason ATTACKED.
[May 05, 2026 00:28:27.999AM UTC]  EntityDamageByEntityEvent was triggered by damaged PLAYER xhikoenfasis17, damager PLAYER LITTLE_GHOTS and cancelled false.
[May 05, 2026 00:28:30.950AM UTC]  PlayerPreTagEvent was triggered on xhikoenfasis17 by emi4553 with type PLAYER, reason ATTACKER, and cancelled false.
[May 05, 2026 00:28:30.950AM UTC]  PlayerReTagEvent was triggered on xhikoenfasis17 by emi4553 with type PLAYER and reason ATTACKER.
[May 05, 2026 00:28:30.951AM UTC]  PlayerPreTagEvent was triggered on emi4553 by xhikoenfasis17 with type PLAYER, reason ATTACKED, and cancelled false.
[May 05, 2026 00:28:30.951AM UTC]  PlayerReTagEvent was triggered on emi4553 by xhikoenfasis17 with type PLAYER and reason ATTACKED.
[May 05, 2026 00:28:30.951AM UTC]  EntityDamageByEntityEvent was triggered by damaged PLAYER emi4553, damager PLAYER xhikoenfasis17 and cancelled false.
[May 05, 2026 00:28:32.198AM UTC]  PlayerPreTagEvent was triggered on xhikoenfasis17 by LITTLE_GHOTS with type PLAYER, reason ATTACKER, and cancelled false.
[May 05, 2026 00:28:32.198AM UTC]  PlayerReTagEvent was triggered on xhikoenfasis17 by LITTLE_GHOTS with type PLAYER and reason ATTACKER.
[May 05, 2026 00:28:32.198AM UTC]  PlayerPreTagEvent was triggered on LITTLE_GHOTS by xhikoenfasis17 with type PLAYER, reason ATTACKED, and cancelled false.
[May 05, 2026 00:28:32.198AM UTC]  PlayerReTagEvent was triggered on LITTLE_GHOTS by xhikoenfasis17 with type PLAYER and reason ATTACKED.
[May 05, 2026 00:28:32.199AM UTC]  EntityDamageByEntityEvent was triggered by damaged PLAYER LITTLE_GHOTS, damager PLAYER xhikoenfasis17 and cancelled false.
[May 05, 2026 00:28:32.388AM UTC]  PlayerPreTagEvent was triggered on Akukis by xhikoenfasis17 with type PLAYER, reason ATTACKER, and cancelled true.
[May 05, 2026 00:28:32.389AM UTC]  PlayerPreTagEvent was triggered on xhikoenfasis17 by Akukis with type PLAYER, reason ATTACKED, and cancelled true.
[May 05, 2026 00:28:32.389AM UTC]  EntityDamageByEntityEvent was triggered by damaged PLAYER xhikoenfasis17, damager PLAYER Akukis and cancelled false.
[May 05, 2026 00:28:37.538AM UTC]  PlayerPreTagEvent was triggered on Akukis by xhikoenfasis17 with type PLAYER, reason ATTACKER, and cancelled true.
[May 05, 2026 00:28:37.538AM UTC]  PlayerPreTagEvent was triggered on xhikoenfasis17 by Akukis with type PLAYER, reason ATTACKED, and cancelled true.
[May 05, 2026 00:28:37.539AM UTC]  EntityDamageByEntityEvent was triggered by damaged PLAYER xhikoenfasis17, damager PLAYER Akukis and cancelled false.
[May 05, 2026 00:28:38.689AM UTC]  PlayerPreTagEvent was triggered on Akukis by xhikoenfasis17 with type PLAYER, reason ATTACKER, and cancelled true.
[May 05, 2026 00:28:38.689AM UTC]  PlayerPreTagEvent was triggered on xhikoenfasis17 by Akukis with type PLAYER, reason ATTACKED, and cancelled true.
[May 05, 2026 00:28:38.690AM UTC]  EntityDamageByEntityEvent was triggered by damaged PLAYER xhikoenfasis17, damager PLAYER Akukis and cancelled false.
[May 05, 2026 00:28:39.840AM UTC]  PlayerPreTagEvent was triggered on Akukis by xhikoenfasis17 with type PLAYER, reason ATTACKER, and cancelled true.
[May 05, 2026 00:28:39.840AM UTC]  PlayerPreTagEvent was triggered on xhikoenfasis17 by Akukis with type PLAYER, reason ATTACKED, and cancelled true.
[May 05, 2026 00:28:39.841AM UTC]  EntityDamageByEntityEvent was triggered by damaged PLAYER xhikoenfasis17, damager PLAYER Akukis and cancelled false.
[May 05, 2026 00:28:40.390AM UTC]  PlayerPreTagEvent was triggered on Akukis by xhikoenfasis17 with type PLAYER, reason ATTACKER, and cancelled true.
[May 05, 2026 00:28:40.390AM UTC]  PlayerPreTagEvent was triggered on xhikoenfasis17 by Akukis with type PLAYER, reason ATTACKED, and cancelled true.
[May 05, 2026 00:28:40.391AM UTC]  EntityDamageByEntityEvent was triggered by damaged PLAYER xhikoenfasis17, damager PLAYER Akukis and cancelled false.
[May 05, 2026 00:28:43.202AM UTC]  PlayerPreTagEvent was triggered on LITTLE_GHOTS by xhikoenfasis17 with type PLAYER, reason ATTACKER, and cancelled false.
[May 05, 2026 00:28:43.203AM UTC]  PlayerReTagEvent was triggered on LITTLE_GHOTS by xhikoenfasis17 with type PLAYER and reason ATTACKER.
[May 05, 2026 00:28:43.203AM UTC]  PlayerPreTagEvent was triggered on xhikoenfasis17 by LITTLE_GHOTS with type PLAYER, reason ATTACKED, and cancelled false.
[May 05, 2026 00:28:43.203AM UTC]  PlayerReTagEvent was triggered on xhikoenfasis17 by LITTLE_GHOTS with type PLAYER and reason ATTACKED.
[May 05, 2026 00:28:43.203AM UTC]  EntityDamageByEntityEvent was triggered by damaged PLAYER xhikoenfasis17, damager PLAYER LITTLE_GHOTS and cancelled false.
[May 05, 2026 00:28:43.205AM UTC]  PlayerPunishEvent was triggered on xhikoenfasis17 with reason SELF_DEATH and cancelled true.
[May 05, 2026 00:28:43.205AM UTC]  PlayerUntagEvent was triggered on xhikoenfasis17 with reason SELF_DEATH and expire set to true.
[May 05, 2026 00:28:43.205AM UTC]  PlayerPunishEvent was triggered on emi4553 with reason ENEMY_DEATH and cancelled true.
[May 05, 2026 00:28:43.205AM UTC]  PlayerUntagEvent was triggered on emi4553 with reason ENEMY_DEATH and expire set to true.
[May 05, 2026 00:28:43.206AM UTC]  PlayerPunishEvent was triggered on LITTLE_GHOTS with reason ENEMY_DEATH and cancelled true.
[May 05, 2026 00:28:43.206AM UTC]  PlayerUntagEvent was triggered on LITTLE_GHOTS with reason ENEMY_DEATH and expire set to true.
[May 05, 2026 00:29:04.599AM UTC]  PlayerPreTagEvent was triggered on LITTLE_GHOTS by xhikoenfasis17 with type PLAYER, reason ATTACKER, and cancelled false.
[May 05, 2026 00:29:04.600AM UTC]  PlayerTagEvent was triggered on LITTLE_GHOTS by xhikoenfasis17 with type PLAYER and reason ATTACKER.
[May 05, 2026 00:29:04.600AM UTC]  PlayerPreTagEvent was triggered on xhikoenfasis17 by LITTLE_GHOTS with type PLAYER, reason ATTACKED, and cancelled false.
[May 05, 2026 00:29:04.600AM UTC]  PlayerTagEvent was triggered on xhikoenfasis17 by LITTLE_GHOTS with type PLAYER and reason ATTACKED.
[May 05, 2026 00:29:04.601AM UTC]  EntityDamageByEntityEvent was triggered by damaged PLAYER xhikoenfasis17, damager PLAYER LITTLE_GHOTS and cancelled false.
[May 05, 2026 00:29:04.615AM UTC]  PlayerPreTagEvent was triggered on xhikoenfasis17 by emi4553 with type PLAYER, reason ATTACKER, and cancelled false.
[May 05, 2026 00:29:04.615AM UTC]  PlayerReTagEvent was triggered on xhikoenfasis17 by emi4553 with type PLAYER and reason ATTACKER.
[May 05, 2026 00:29:04.616AM UTC]  PlayerPreTagEvent was triggered on emi4553 by xhikoenfasis17 with type PLAYER, reason ATTACKED, and cancelled false.
[May 05, 2026 00:29:04.616AM UTC]  PlayerTagEvent was triggered on emi4553 by xhikoenfasis17 with type PLAYER and reason ATTACKED.
[May 05, 2026 00:29:04.616AM UTC]  EntityDamageByEntityEvent was triggered by damaged PLAYER emi4553, damager PLAYER xhikoenfasis17 and cancelled false.
[May 05, 2026 00:29:10.407AM UTC]  PlayerPreTagEvent was triggered on LITTLE_GHOTS by emi4553 with type PLAYER, reason ATTACKER, and cancelled false.
[May 05, 2026 00:29:10.408AM UTC]  PlayerReTagEvent was triggered on LITTLE_GHOTS by emi4553 with type PLAYER and reason ATTACKER.
[May 05, 2026 00:29:10.408AM UTC]  PlayerPreTagEvent was triggered on emi4553 by LITTLE_GHOTS with type PLAYER, reason ATTACKED, and cancelled false.
[May 05, 2026 00:29:10.408AM UTC]  PlayerReTagEvent was triggered on emi4553 by LITTLE_GHOTS with type PLAYER and reason ATTACKED.
[May 05, 2026 00:29:10.408AM UTC]  EntityDamageByEntityEvent was triggered by damaged PLAYER emi4553, damager PLAYER LITTLE_GHOTS and cancelled false.
[May 05, 2026 00:29:11.415AM UTC]  PlayerPreTagEvent was triggered on emi4553 by xhikoenfasis17 with type PLAYER, reason ATTACKER, and cancelled false.
[May 05, 2026 00:29:11.416AM UTC]  PlayerReTagEvent was triggered on emi4553 by xhikoenfasis17 with type PLAYER and reason ATTACKER.
[May 05, 2026 00:29:11.416AM UTC]  PlayerPreTagEvent was triggered on xhikoenfasis17 by emi4553 with type PLAYER, reason ATTACKED, and cancelled false.
[May 05, 2026 00:29:11.416AM UTC]  PlayerReTagEvent was triggered on xhikoenfasis17 by emi4553 with type PLAYER and reason ATTACKED.
[May 05, 2026 00:29:11.416AM UTC]  EntityDamageByEntityEvent was triggered by damaged PLAYER xhikoenfasis17, damager PLAYER emi4553 and cancelled false.
[May 05, 2026 00:29:11.418AM UTC]  PlayerPunishEvent was triggered on xhikoenfasis17 with reason SELF_DEATH and cancelled true.
[May 05, 2026 00:29:11.418AM UTC]  PlayerUntagEvent was triggered on xhikoenfasis17 with reason SELF_DEATH and expire set to true.
[May 05, 2026 00:29:21.794AM UTC]  PlayerPreTagEvent was triggered on xhikoenfasis17 by LITTLE_GHOTS with type PLAYER, reason ATTACKER, and cancelled false.
[May 05, 2026 00:29:21.795AM UTC]  PlayerTagEvent was triggered on xhikoenfasis17 by LITTLE_GHOTS with type PLAYER and reason ATTACKER.
[May 05, 2026 00:29:21.795AM UTC]  PlayerPreTagEvent was triggered on LITTLE_GHOTS by xhikoenfasis17 with type PLAYER, reason ATTACKED, and cancelled false.
[May 05, 2026 00:29:21.795AM UTC]  PlayerReTagEvent was triggered on LITTLE_GHOTS by xhikoenfasis17 with type PLAYER and reason ATTACKED.
[May 05, 2026 00:29:21.796AM UTC]  EntityDamageByEntityEvent was triggered by damaged PLAYER LITTLE_GHOTS, damager PLAYER xhikoenfasis17 and cancelled false.
[May 05, 2026 00:29:22.493AM UTC]  PlayerPreTagEvent was triggered on xhikoenfasis17 by LITTLE_GHOTS with type PLAYER, reason ATTACKER, and cancelled false.
[May 05, 2026 00:29:22.494AM UTC]  PlayerReTagEvent was triggered on xhikoenfasis17 by LITTLE_GHOTS with type PLAYER and reason ATTACKER.
[May 05, 2026 00:29:22.494AM UTC]  PlayerPreTagEvent was triggered on LITTLE_GHOTS by xhikoenfasis17 with type PLAYER, reason ATTACKED, and cancelled false.
[May 05, 2026 00:29:22.494AM UTC]  PlayerReTagEvent was triggered on LITTLE_GHOTS by xhikoenfasis17 with type PLAYER and reason ATTACKED.
[May 05, 2026 00:29:22.495AM UTC]  EntityDamageByEntityEvent was triggered by damaged PLAYER LITTLE_GHOTS, damager PLAYER xhikoenfasis17 and cancelled false.
[May 05, 2026 00:29:23.147AM UTC]  PlayerPreTagEvent was triggered on xhikoenfasis17 by LITTLE_GHOTS with type PLAYER, reason ATTACKER, and cancelled false.
[May 05, 2026 00:29:23.148AM UTC]  PlayerReTagEvent was triggered on xhikoenfasis17 by LITTLE_GHOTS with type PLAYER and reason ATTACKER.
[May 05, 2026 00:29:23.148AM UTC]  PlayerPreTagEvent was triggered on LITTLE_GHOTS by xhikoenfasis17 with type PLAYER, reason ATTACKED, and cancelled false.
[May 05, 2026 00:29:23.148AM UTC]  PlayerReTagEvent was triggered on LITTLE_GHOTS by xhikoenfasis17 with type PLAYER and reason ATTACKED.
[May 05, 2026 00:29:23.148AM UTC]  EntityDamageByEntityEvent was triggered by damaged PLAYER LITTLE_GHOTS, damager PLAYER xhikoenfasis17 and cancelled false.
[May 05, 2026 00:29:28.356AM UTC]  PlayerPreTagEvent was triggered on LITTLE_GHOTS by xhikoenfasis17 with type PLAYER, reason ATTACKER, and cancelled false.
[May 05, 2026 00:29:28.357AM UTC]  PlayerReTagEvent was triggered on LITTLE_GHOTS by xhikoenfasis17 with type PLAYER and reason ATTACKER.
[May 05, 2026 00:29:28.357AM UTC]  PlayerPreTagEvent was triggered on xhikoenfasis17 by LITTLE_GHOTS with type PLAYER, reason ATTACKED, and cancelled false.
[May 05, 2026 00:29:28.357AM UTC]  PlayerReTagEvent was triggered on xhikoenfasis17 by LITTLE_GHOTS with type PLAYER and reason ATTACKED.
[May 05, 2026 00:29:28.357AM UTC]  EntityDamageByEntityEvent was triggered by damaged PLAYER xhikoenfasis17, damager PLAYER LITTLE_GHOTS and cancelled false.
[May 05, 2026 00:29:28.850AM UTC]  PlayerPreTagEvent was triggered on LITTLE_GHOTS by xhikoenfasis17 with type PLAYER, reason ATTACKER, and cancelled false.
[May 05, 2026 00:29:28.850AM UTC]  PlayerReTagEvent was triggered on LITTLE_GHOTS by xhikoenfasis17 with type PLAYER and reason ATTACKER.
[May 05, 2026 00:29:28.850AM UTC]  PlayerPreTagEvent was triggered on xhikoenfasis17 by LITTLE_GHOTS with type PLAYER, reason ATTACKED, and cancelled false.
[May 05, 2026 00:29:28.850AM UTC]  PlayerReTagEvent was triggered on xhikoenfasis17 by LITTLE_GHOTS with type PLAYER and reason ATTACKED.
[May 05, 2026 00:29:28.850AM UTC]  EntityDamageByEntityEvent was triggered by damaged PLAYER xhikoenfasis17, damager PLAYER LITTLE_GHOTS and cancelled false.
[May 05, 2026 00:29:29.600AM UTC]  PlayerPreTagEvent was triggered on LITTLE_GHOTS by xhikoenfasis17 with type PLAYER, reason ATTACKER, and cancelled false.
[May 05, 2026 00:29:29.600AM UTC]  PlayerReTagEvent was triggered on LITTLE_GHOTS by xhikoenfasis17 with type PLAYER and reason ATTACKER.
[May 05, 2026 00:29:29.600AM UTC]  PlayerPreTagEvent was triggered on xhikoenfasis17 by LITTLE_GHOTS with type PLAYER, reason ATTACKED, and cancelled false.
[May 05, 2026 00:29:29.601AM UTC]  PlayerReTagEvent was triggered on xhikoenfasis17 by LITTLE_GHOTS with type PLAYER and reason ATTACKED.
[May 05, 2026 00:29:29.601AM UTC]  EntityDamageByEntityEvent was triggered by damaged PLAYER xhikoenfasis17, damager PLAYER LITTLE_GHOTS and cancelled false.
[May 05, 2026 00:29:29.602AM UTC]  PlayerPunishEvent was triggered on xhikoenfasis17 with reason SELF_DEATH and cancelled true.
[May 05, 2026 00:29:29.603AM UTC]  PlayerUntagEvent was triggered on xhikoenfasis17 with reason SELF_DEATH and expire set to true.
[May 05, 2026 00:29:30.423AM UTC]  PlayerPunishEvent was triggered on emi4553 with reason EXPIRE and cancelled true.
[May 05, 2026 00:29:30.423AM UTC]  PlayerUntagEvent was triggered on emi4553 with reason EXPIRE and expire set to true.
[May 05, 2026 00:29:30.423AM UTC]  PlayerPunishEvent was triggered on LITTLE_GHOTS with reason EXPIRE and cancelled true.
[May 05, 2026 00:29:30.423AM UTC]  PlayerUntagEvent was triggered on LITTLE_GHOTS with reason EXPIRE and expire set to true.
[May 05, 2026 00:29:36.790AM UTC]  PlayerPreTagEvent was triggered on xhikoenfasis17 by emi4553 with type PLAYER, reason ATTACKER, and cancelled false.
[May 05, 2026 00:29:36.791AM UTC]  PlayerTagEvent was triggered on xhikoenfasis17 by emi4553 with type PLAYER and reason ATTACKER.
[May 05, 2026 00:29:36.791AM UTC]  PlayerPreTagEvent was triggered on emi4553 by xhikoenfasis17 with type PLAYER, reason ATTACKED, and cancelled false.
[May 05, 2026 00:29:36.791AM UTC]  PlayerTagEvent was triggered on emi4553 by xhikoenfasis17 with type PLAYER and reason ATTACKED.
[May 05, 2026 00:29:36.792AM UTC]  EntityDamageByEntityEvent was triggered by damaged PLAYER emi4553, damager PLAYER xhikoenfasis17 and cancelled false.
[May 05, 2026 00:29:37.338AM UTC]  PlayerPreTagEvent was triggered on Akukis by xhikoenfasis17 with type PLAYER, reason ATTACKER, and cancelled true.
[May 05, 2026 00:29:37.338AM UTC]  PlayerPreTagEvent was triggered on xhikoenfasis17 by Akukis with type PLAYER, reason ATTACKED, and cancelled true.
[May 05, 2026 00:29:37.338AM UTC]  EntityDamageByEntityEvent was triggered by damaged PLAYER xhikoenfasis17, damager PLAYER Akukis and cancelled false.
[May 05, 2026 00:29:37.339AM UTC]  PlayerPunishEvent was triggered on xhikoenfasis17 with reason SELF_DEATH and cancelled true.
[May 05, 2026 00:29:37.340AM UTC]  PlayerUntagEvent was triggered on xhikoenfasis17 with reason SELF_DEATH and expire set to true.
[May 05, 2026 00:29:37.340AM UTC]  PlayerPunishEvent was triggered on emi4553 with reason ENEMY_DEATH and cancelled true.
[May 05, 2026 00:29:37.340AM UTC]  PlayerUntagEvent was triggered on emi4553 with reason ENEMY_DEATH and expire set to true.
[May 05, 2026 00:29:42.243AM UTC]  PlayerPreTagEvent was triggered on xhikoenfasis17 by emi4553 with type PLAYER, reason ATTACKER, and cancelled false.
[May 05, 2026 00:29:42.243AM UTC]  PlayerTagEvent was triggered on xhikoenfasis17 by emi4553 with type PLAYER and reason ATTACKER.
[May 05, 2026 00:29:42.243AM UTC]  PlayerPreTagEvent was triggered on emi4553 by xhikoenfasis17 with type PLAYER, reason ATTACKED, and cancelled false.
[May 05, 2026 00:29:42.244AM UTC]  PlayerTagEvent was triggered on emi4553 by xhikoenfasis17 with type PLAYER and reason ATTACKED.
[May 05, 2026 00:29:42.244AM UTC]  EntityDamageByEntityEvent was triggered by damaged PLAYER emi4553, damager PLAYER xhikoenfasis17 and cancelled false.
[May 05, 2026 00:29:42.293AM UTC]  PlayerPreTagEvent was triggered on emi4553 by xhikoenfasis17 with type PLAYER, reason ATTACKER, and cancelled false.
[May 05, 2026 00:29:42.294AM UTC]  PlayerReTagEvent was triggered on emi4553 by xhikoenfasis17 with type PLAYER and reason ATTACKER.
[May 05, 2026 00:29:42.294AM UTC]  PlayerPreTagEvent was triggered on xhikoenfasis17 by emi4553 with type PLAYER, reason ATTACKED, and cancelled false.
[May 05, 2026 00:29:42.294AM UTC]  PlayerReTagEvent was triggered on xhikoenfasis17 by emi4553 with type PLAYER and reason ATTACKED.
[May 05, 2026 00:29:42.294AM UTC]  EntityDamageByEntityEvent was triggered by damaged PLAYER xhikoenfasis17, damager PLAYER emi4553 and cancelled false.
[May 05, 2026 00:29:42.296AM UTC]  PlayerPunishEvent was triggered on xhikoenfasis17 with reason SELF_DEATH and cancelled true.
[May 05, 2026 00:29:42.296AM UTC]  PlayerUntagEvent was triggered on xhikoenfasis17 with reason SELF_DEATH and expire set to true.
[May 05, 2026 00:29:42.296AM UTC]  PlayerPunishEvent was triggered on emi4553 with reason ENEMY_DEATH and cancelled true.
[May 05, 2026 00:29:42.296AM UTC]  PlayerUntagEvent was triggered on emi4553 with reason ENEMY_DEATH and expire set to true.
[May 05, 2026 00:29:45.052AM UTC]  EntityDamageByEntityEvent was triggered by damaged PLAYER emi4553, damager PLAYER xhikoenfasis17 and cancelled true.
[May 05, 2026 00:29:49.437AM UTC]  PlayerPreTagEvent was triggered on Akukis by emi4553 with type PLAYER, reason ATTACKER, and cancelled true.
[May 05, 2026 00:29:49.438AM UTC]  PlayerPreTagEvent was triggered on emi4553 by Akukis with type PLAYER, reason ATTACKED, and cancelled true.
[May 05, 2026 00:29:49.438AM UTC]  EntityDamageByEntityEvent was triggered by damaged PLAYER emi4553, damager PLAYER Akukis and cancelled false.
[May 05, 2026 00:29:50.587AM UTC]  PlayerPreTagEvent was triggered on Akukis by emi4553 with type PLAYER, reason ATTACKER, and cancelled true.
[May 05, 2026 00:29:50.587AM UTC]  PlayerPreTagEvent was triggered on emi4553 by Akukis with type PLAYER, reason ATTACKED, and cancelled true.
[May 05, 2026 00:29:50.587AM UTC]  EntityDamageByEntityEvent was triggered by damaged PLAYER emi4553, damager PLAYER Akukis and cancelled false.
[May 05, 2026 00:30:00.169AM UTC]  PlayerPreTagEvent was triggered on xhikoenfasis17 by emi4553 with type PLAYER, reason ATTACKER, and cancelled false.
[May 05, 2026 00:30:00.170AM UTC]  PlayerTagEvent was triggered on xhikoenfasis17 by emi4553 with type PLAYER and reason ATTACKER.
[May 05, 2026 00:30:00.170AM UTC]  PlayerPreTagEvent was triggered on emi4553 by xhikoenfasis17 with type PLAYER, reason ATTACKED, and cancelled false.
[May 05, 2026 00:30:00.170AM UTC]  PlayerTagEvent was triggered on emi4553 by xhikoenfasis17 with type PLAYER and reason ATTACKED.
[May 05, 2026 00:30:00.170AM UTC]  EntityDamageByEntityEvent was triggered by damaged PLAYER emi4553, damager PLAYER xhikoenfasis17 and cancelled false.
[May 05, 2026 00:30:01.191AM UTC]  PlayerPreTagEvent was triggered on xhikoenfasis17 by emi4553 with type PLAYER, reason ATTACKER, and cancelled false.
[May 05, 2026 00:30:01.192AM UTC]  PlayerReTagEvent was triggered on xhikoenfasis17 by emi4553 with type PLAYER and reason ATTACKER.
[May 05, 2026 00:30:01.192AM UTC]  PlayerPreTagEvent was triggered on emi4553 by xhikoenfasis17 with type PLAYER, reason ATTACKED, and cancelled false.
[May 05, 2026 00:30:01.192AM UTC]  PlayerReTagEvent was triggered on emi4553 by xhikoenfasis17 with type PLAYER and reason ATTACKED.
[May 05, 2026 00:30:01.193AM UTC]  EntityDamageByEntityEvent was triggered by damaged PLAYER emi4553, damager PLAYER xhikoenfasis17 and cancelled false.
[May 05, 2026 00:30:09.976AM UTC]  PlayerPunishEvent was triggered on xhikoenfasis17 with reason SELF_DEATH and cancelled true.
[May 05, 2026 00:30:09.976AM UTC]  PlayerUntagEvent was triggered on xhikoenfasis17 with reason SELF_DEATH and expire set to true.
[May 05, 2026 00:30:09.977AM UTC]  PlayerPunishEvent was triggered on emi4553 with reason ENEMY_DEATH and cancelled true.
[May 05, 2026 00:30:09.977AM UTC]  PlayerUntagEvent was triggered on emi4553 with reason ENEMY_DEATH and expire set to true.
[May 05, 2026 00:30:12.745AM UTC]  EntityDamageByEntityEvent was triggered by damaged PLAYER LITTLE_GHOTS, damager PLAYER xhikoenfasis17 and cancelled true.
[May 05, 2026 00:30:13.191AM UTC]  EntityDamageByEntityEvent was triggered by damaged PLAYER LITTLE_GHOTS, damager PLAYER xhikoenfasis17 and cancelled true.
[May 05, 2026 00:30:13.440AM UTC]  EntityDamageByEntityEvent was triggered by damaged PLAYER LITTLE_GHOTS, damager PLAYER xhikoenfasis17 and cancelled true.
[May 05, 2026 00:30:13.797AM UTC]  EntityDamageByEntityEvent was triggered by damaged PLAYER LITTLE_GHOTS, damager PLAYER xhikoenfasis17 and cancelled true.
[May 05, 2026 00:30:14.240AM UTC]  EntityDamageByEntityEvent was triggered by damaged PLAYER LITTLE_GHOTS, damager PLAYER xhikoenfasis17 and cancelled true.
[May 05, 2026 00:30:14.691AM UTC]  EntityDamageByEntityEvent was triggered by damaged PLAYER LITTLE_GHOTS, damager PLAYER xhikoenfasis17 and cancelled true.
[May 05, 2026 00:30:14.997AM UTC]  PlayerPreTagEvent was triggered on xhikoenfasis17 by LITTLE_GHOTS with type PLAYER, reason ATTACKER, and cancelled false.
[May 05, 2026 00:30:14.997AM UTC]  PlayerTagEvent was triggered on xhikoenfasis17 by LITTLE_GHOTS with type PLAYER and reason ATTACKER.
[May 05, 2026 00:30:14.997AM UTC]  PlayerPreTagEvent was triggered on LITTLE_GHOTS by xhikoenfasis17 with type PLAYER, reason ATTACKED, and cancelled false.
[May 05, 2026 00:30:14.997AM UTC]  PlayerTagEvent was triggered on LITTLE_GHOTS by xhikoenfasis17 with type PLAYER and reason ATTACKED.
[May 05, 2026 00:30:14.998AM UTC]  EntityDamageByEntityEvent was triggered by damaged PLAYER LITTLE_GHOTS, damager PLAYER xhikoenfasis17 and cancelled false.
[May 05, 2026 00:30:15.492AM UTC]  PlayerPreTagEvent was triggered on xhikoenfasis17 by LITTLE_GHOTS with type PLAYER, reason ATTACKER, and cancelled false.
[May 05, 2026 00:30:15.492AM UTC]  PlayerReTagEvent was triggered on xhikoenfasis17 by LITTLE_GHOTS with type PLAYER and reason ATTACKER.
[May 05, 2026 00:30:15.492AM UTC]  PlayerPreTagEvent was triggered on LITTLE_GHOTS by xhikoenfasis17 with type PLAYER, reason ATTACKED, and cancelled false.
[May 05, 2026 00:30:15.492AM UTC]  PlayerReTagEvent was triggered on LITTLE_GHOTS by xhikoenfasis17 with type PLAYER and reason ATTACKED.
[May 05, 2026 00:30:15.492AM UTC]  EntityDamageByEntityEvent was triggered by damaged PLAYER LITTLE_GHOTS, damager PLAYER xhikoenfasis17 and cancelled false.
[May 05, 2026 00:30:16.196AM UTC]  PlayerPreTagEvent was triggered on xhikoenfasis17 by LITTLE_GHOTS with type PLAYER, reason ATTACKER, and cancelled false.
[May 05, 2026 00:30:16.197AM UTC]  PlayerReTagEvent was triggered on xhikoenfasis17 by LITTLE_GHOTS with type PLAYER and reason ATTACKER.
[May 05, 2026 00:30:16.197AM UTC]  PlayerPreTagEvent was triggered on LITTLE_GHOTS by xhikoenfasis17 with type PLAYER, reason ATTACKED, and cancelled false.
[May 05, 2026 00:30:16.197AM UTC]  PlayerReTagEvent was triggered on LITTLE_GHOTS by xhikoenfasis17 with type PLAYER and reason ATTACKED.
[May 05, 2026 00:30:16.197AM UTC]  EntityDamageByEntityEvent was triggered by damaged PLAYER LITTLE_GHOTS, damager PLAYER xhikoenfasis17 and cancelled false.
[May 05, 2026 00:30:17.443AM UTC]  PlayerPreTagEvent was triggered on xhikoenfasis17 by LITTLE_GHOTS with type PLAYER, reason ATTACKER, and cancelled false.
[May 05, 2026 00:30:17.443AM UTC]  PlayerReTagEvent was triggered on xhikoenfasis17 by LITTLE_GHOTS with type PLAYER and reason ATTACKER.
[May 05, 2026 00:30:17.444AM UTC]  PlayerPreTagEvent was triggered on LITTLE_GHOTS by xhikoenfasis17 with type PLAYER, reason ATTACKED, and cancelled false.
[May 05, 2026 00:30:17.444AM UTC]  PlayerReTagEvent was triggered on LITTLE_GHOTS by xhikoenfasis17 with type PLAYER and reason ATTACKED.
[May 05, 2026 00:30:17.444AM UTC]  EntityDamageByEntityEvent was triggered by damaged PLAYER LITTLE_GHOTS, damager PLAYER xhikoenfasis17 and cancelled false.
[May 05, 2026 00:30:18.397AM UTC]  PlayerPreTagEvent was triggered on xhikoenfasis17 by LITTLE_GHOTS with type PLAYER, reason ATTACKER, and cancelled false.
[May 05, 2026 00:30:18.397AM UTC]  PlayerReTagEvent was triggered on xhikoenfasis17 by LITTLE_GHOTS with type PLAYER and reason ATTACKER.
[May 05, 2026 00:30:18.397AM UTC]  PlayerPreTagEvent was triggered on LITTLE_GHOTS by xhikoenfasis17 with type PLAYER, reason ATTACKED, and cancelled false.
[May 05, 2026 00:30:18.397AM UTC]  PlayerReTagEvent was triggered on LITTLE_GHOTS by xhikoenfasis17 with type PLAYER and reason ATTACKED.
[May 05, 2026 00:30:18.397AM UTC]  EntityDamageByEntityEvent was triggered by damaged PLAYER LITTLE_GHOTS, damager PLAYER xhikoenfasis17 and cancelled false.
[May 05, 2026 00:30:18.997AM UTC]  PlayerPreTagEvent was triggered on xhikoenfasis17 by LITTLE_GHOTS with type PLAYER, reason ATTACKER, and cancelled false.
[May 05, 2026 00:30:18.997AM UTC]  PlayerReTagEvent was triggered on xhikoenfasis17 by LITTLE_GHOTS with type PLAYER and reason ATTACKER.
[May 05, 2026 00:30:18.998AM UTC]  PlayerPreTagEvent was triggered on LITTLE_GHOTS by xhikoenfasis17 with type PLAYER, reason ATTACKED, and cancelled false.
[May 05, 2026 00:30:18.998AM UTC]  PlayerReTagEvent was triggered on LITTLE_GHOTS by xhikoenfasis17 with type PLAYER and reason ATTACKED.
[May 05, 2026 00:30:18.998AM UTC]  EntityDamageByEntityEvent was triggered by damaged PLAYER LITTLE_GHOTS, damager PLAYER xhikoenfasis17 and cancelled false.
[May 05, 2026 00:30:18.998AM UTC]  PlayerPreTagEvent was triggered on LITTLE_GHOTS by xhikoenfasis17 with type PLAYER, reason ATTACKER, and cancelled false.
[May 05, 2026 00:30:18.998AM UTC]  PlayerReTagEvent was triggered on LITTLE_GHOTS by xhikoenfasis17 with type PLAYER and reason ATTACKER.
[May 05, 2026 00:30:18.999AM UTC]  PlayerPreTagEvent was triggered on xhikoenfasis17 by LITTLE_GHOTS with type PLAYER, reason ATTACKED, and cancelled false.
[May 05, 2026 00:30:18.999AM UTC]  PlayerReTagEvent was triggered on xhikoenfasis17 by LITTLE_GHOTS with type PLAYER and reason ATTACKED.
[May 05, 2026 00:30:18.999AM UTC]  EntityDamageByEntityEvent was triggered by damaged PLAYER xhikoenfasis17, damager PLAYER LITTLE_GHOTS and cancelled false.
[May 05, 2026 00:30:21.843AM UTC]  PlayerPreTagEvent was triggered on xhikoenfasis17 by LITTLE_GHOTS with type PLAYER, reason ATTACKER, and cancelled false.
[May 05, 2026 00:30:21.844AM UTC]  PlayerReTagEvent was triggered on xhikoenfasis17 by LITTLE_GHOTS with type PLAYER and reason ATTACKER.
[May 05, 2026 00:30:21.844AM UTC]  PlayerPreTagEvent was triggered on LITTLE_GHOTS by xhikoenfasis17 with type PLAYER, reason ATTACKED, and cancelled false.
[May 05, 2026 00:30:21.844AM UTC]  PlayerReTagEvent was triggered on LITTLE_GHOTS by xhikoenfasis17 with type PLAYER and reason ATTACKED.
[May 05, 2026 00:30:21.844AM UTC]  EntityDamageByEntityEvent was triggered by damaged PLAYER LITTLE_GHOTS, damager PLAYER xhikoenfasis17 and cancelled false.
[May 05, 2026 00:30:21.845AM UTC]  PlayerPreTagEvent was triggered on LITTLE_GHOTS by xhikoenfasis17 with type PLAYER, reason ATTACKER, and cancelled false.
[May 05, 2026 00:30:21.845AM UTC]  PlayerReTagEvent was triggered on LITTLE_GHOTS by xhikoenfasis17 with type PLAYER and reason ATTACKER.
[May 05, 2026 00:30:21.845AM UTC]  PlayerPreTagEvent was triggered on xhikoenfasis17 by LITTLE_GHOTS with type PLAYER, reason ATTACKED, and cancelled false.
[May 05, 2026 00:30:21.845AM UTC]  PlayerReTagEvent was triggered on xhikoenfasis17 by LITTLE_GHOTS with type PLAYER and reason ATTACKED.
[May 05, 2026 00:30:21.845AM UTC]  EntityDamageByEntityEvent was triggered by damaged PLAYER xhikoenfasis17, damager PLAYER LITTLE_GHOTS and cancelled false.
[May 05, 2026 00:30:23.096AM UTC]  PlayerPreTagEvent was triggered on xhikoenfasis17 by LITTLE_GHOTS with type PLAYER, reason ATTACKER, and cancelled false.
[May 05, 2026 00:30:23.097AM UTC]  PlayerReTagEvent was triggered on xhikoenfasis17 by LITTLE_GHOTS with type PLAYER and reason ATTACKER.
[May 05, 2026 00:30:23.097AM UTC]  PlayerPreTagEvent was triggered on LITTLE_GHOTS by xhikoenfasis17 with type PLAYER, reason ATTACKED, and cancelled false.
[May 05, 2026 00:30:23.097AM UTC]  PlayerReTagEvent was triggered on LITTLE_GHOTS by xhikoenfasis17 with type PLAYER and reason ATTACKED.
[May 05, 2026 00:30:23.097AM UTC]  EntityDamageByEntityEvent was triggered by damaged PLAYER LITTLE_GHOTS, damager PLAYER xhikoenfasis17 and cancelled false.
[May 05, 2026 00:30:23.098AM UTC]  PlayerPreTagEvent was triggered on LITTLE_GHOTS by xhikoenfasis17 with type PLAYER, reason ATTACKER, and cancelled false.
[May 05, 2026 00:30:23.098AM UTC]  PlayerReTagEvent was triggered on LITTLE_GHOTS by xhikoenfasis17 with type PLAYER and reason ATTACKER.
[May 05, 2026 00:30:23.098AM UTC]  PlayerPreTagEvent was triggered on xhikoenfasis17 by LITTLE_GHOTS with type PLAYER, reason ATTACKED, and cancelled false.
[May 05, 2026 00:30:23.098AM UTC]  PlayerReTagEvent was triggered on xhikoenfasis17 by LITTLE_GHOTS with type PLAYER and reason ATTACKED.
[May 05, 2026 00:30:23.098AM UTC]  EntityDamageByEntityEvent was triggered by damaged PLAYER xhikoenfasis17, damager PLAYER LITTLE_GHOTS and cancelled false.
[May 05, 2026 00:30:25.195AM UTC]  PlayerPreTagEvent was triggered on xhikoenfasis17 by LITTLE_GHOTS with type PLAYER, reason ATTACKER, and cancelled false.
[May 05, 2026 00:30:25.195AM UTC]  PlayerReTagEvent was triggered on xhikoenfasis17 by LITTLE_GHOTS with type PLAYER and reason ATTACKER.
[May 05, 2026 00:30:25.196AM UTC]  PlayerPreTagEvent was triggered on LITTLE_GHOTS by xhikoenfasis17 with type PLAYER, reason ATTACKED, and cancelled false.
[May 05, 2026 00:30:25.196AM UTC]  PlayerReTagEvent was triggered on LITTLE_GHOTS by xhikoenfasis17 with type PLAYER and reason ATTACKED.
[May 05, 2026 00:30:25.196AM UTC]  EntityDamageByEntityEvent was triggered by damaged PLAYER LITTLE_GHOTS, damager PLAYER xhikoenfasis17 and cancelled false.
[May 05, 2026 00:30:25.936AM UTC]  PlayerPreTagEvent was triggered on xhikoenfasis17 by LITTLE_GHOTS with type PLAYER, reason ATTACKER, and cancelled false.
[May 05, 2026 00:30:25.936AM UTC]  PlayerReTagEvent was triggered on xhikoenfasis17 by LITTLE_GHOTS with type PLAYER and reason ATTACKER.
[May 05, 2026 00:30:25.936AM UTC]  PlayerPreTagEvent was triggered on LITTLE_GHOTS by xhikoenfasis17 with type PLAYER, reason ATTACKED, and cancelled false.
[May 05, 2026 00:30:25.937AM UTC]  PlayerReTagEvent was triggered on LITTLE_GHOTS by xhikoenfasis17 with type PLAYER and reason ATTACKED.
[May 05, 2026 00:30:25.937AM UTC]  EntityDamageByEntityEvent was triggered by damaged PLAYER LITTLE_GHOTS, damager PLAYER xhikoenfasis17 and cancelled false.
[May 05, 2026 00:30:26.594AM UTC]  PlayerPreTagEvent was triggered on xhikoenfasis17 by LITTLE_GHOTS with type PLAYER, reason ATTACKER, and cancelled false.
[May 05, 2026 00:30:26.594AM UTC]  PlayerReTagEvent was triggered on xhikoenfasis17 by LITTLE_GHOTS with type PLAYER and reason ATTACKER.
[May 05, 2026 00:30:26.595AM UTC]  PlayerPreTagEvent was triggered on LITTLE_GHOTS by xhikoenfasis17 with type PLAYER, reason ATTACKED, and cancelled false.
[May 05, 2026 00:30:26.595AM UTC]  PlayerReTagEvent was triggered on LITTLE_GHOTS by xhikoenfasis17 with type PLAYER and reason ATTACKED.
[May 05, 2026 00:30:26.595AM UTC]  EntityDamageByEntityEvent was triggered by damaged PLAYER LITTLE_GHOTS, damager PLAYER xhikoenfasis17 and cancelled false.
[May 05, 2026 00:30:27.160AM UTC]  PlayerPreTagEvent was triggered on xhikoenfasis17 by LITTLE_GHOTS with type PLAYER, reason ATTACKER, and cancelled false.
[May 05, 2026 00:30:27.161AM UTC]  PlayerReTagEvent was triggered on xhikoenfasis17 by LITTLE_GHOTS with type PLAYER and reason ATTACKER.
[May 05, 2026 00:30:27.161AM UTC]  PlayerPreTagEvent was triggered on LITTLE_GHOTS by xhikoenfasis17 with type PLAYER, reason ATTACKED, and cancelled false.
[May 05, 2026 00:30:27.161AM UTC]  PlayerReTagEvent was triggered on LITTLE_GHOTS by xhikoenfasis17 with type PLAYER and reason ATTACKED.
[May 05, 2026 00:30:27.161AM UTC]  EntityDamageByEntityEvent was triggered by damaged PLAYER LITTLE_GHOTS, damager PLAYER xhikoenfasis17 and cancelled false.
[May 05, 2026 00:30:28.347AM UTC]  PlayerPreTagEvent was triggered on xhikoenfasis17 by LITTLE_GHOTS with type PLAYER, reason ATTACKER, and cancelled false.
[May 05, 2026 00:30:28.347AM UTC]  PlayerReTagEvent was triggered on xhikoenfasis17 by LITTLE_GHOTS with type PLAYER and reason ATTACKER.
[May 05, 2026 00:30:28.347AM UTC]  PlayerPreTagEvent was triggered on LITTLE_GHOTS by xhikoenfasis17 with type PLAYER, reason ATTACKED, and cancelled false.
[May 05, 2026 00:30:28.347AM UTC]  PlayerReTagEvent was triggered on LITTLE_GHOTS by xhikoenfasis17 with type PLAYER and reason ATTACKED.
[May 05, 2026 00:30:28.347AM UTC]  EntityDamageByEntityEvent was triggered by damaged PLAYER LITTLE_GHOTS, damager PLAYER xhikoenfasis17 and cancelled false.
[May 05, 2026 00:30:28.348AM UTC]  PlayerPreTagEvent was triggered on LITTLE_GHOTS by xhikoenfasis17 with type PLAYER, reason ATTACKER, and cancelled false.
[May 05, 2026 00:30:28.348AM UTC]  PlayerReTagEvent was triggered on LITTLE_GHOTS by xhikoenfasis17 with type PLAYER and reason ATTACKER.
[May 05, 2026 00:30:28.348AM UTC]  PlayerPreTagEvent was triggered on xhikoenfasis17 by LITTLE_GHOTS with type PLAYER, reason ATTACKED, and cancelled false.
[May 05, 2026 00:30:28.348AM UTC]  PlayerReTagEvent was triggered on xhikoenfasis17 by LITTLE_GHOTS with type PLAYER and reason ATTACKED.
[May 05, 2026 00:30:28.348AM UTC]  EntityDamageByEntityEvent was triggered by damaged PLAYER xhikoenfasis17, damager PLAYER LITTLE_GHOTS and cancelled false.
[May 05, 2026 00:30:34.191AM UTC]  PlayerPreTagEvent was triggered on xhikoenfasis17 by LITTLE_GHOTS with type PLAYER, reason ATTACKER, and cancelled false.
[May 05, 2026 00:30:34.192AM UTC]  PlayerReTagEvent was triggered on xhikoenfasis17 by LITTLE_GHOTS with type PLAYER and reason ATTACKER.
[May 05, 2026 00:30:34.192AM UTC]  PlayerPreTagEvent was triggered on LITTLE_GHOTS by xhikoenfasis17 with type PLAYER, reason ATTACKED, and cancelled false.
[May 05, 2026 00:30:34.192AM UTC]  PlayerReTagEvent was triggered on LITTLE_GHOTS by xhikoenfasis17 with type PLAYER and reason ATTACKED.
[May 05, 2026 00:30:34.192AM UTC]  EntityDamageByEntityEvent was triggered by damaged PLAYER LITTLE_GHOTS, damager PLAYER xhikoenfasis17 and cancelled false.
[May 05, 2026 00:30:34.193AM UTC]  PlayerPreTagEvent was triggered on LITTLE_GHOTS by xhikoenfasis17 with type PLAYER, reason ATTACKER, and cancelled false.
[May 05, 2026 00:30:34.193AM UTC]  PlayerReTagEvent was triggered on LITTLE_GHOTS by xhikoenfasis17 with type PLAYER and reason ATTACKER.
[May 05, 2026 00:30:34.193AM UTC]  PlayerPreTagEvent was triggered on xhikoenfasis17 by LITTLE_GHOTS with type PLAYER, reason ATTACKED, and cancelled false.
[May 05, 2026 00:30:34.193AM UTC]  PlayerReTagEvent was triggered on xhikoenfasis17 by LITTLE_GHOTS with type PLAYER and reason ATTACKED.
[May 05, 2026 00:30:34.193AM UTC]  EntityDamageByEntityEvent was triggered by damaged PLAYER xhikoenfasis17, damager PLAYER LITTLE_GHOTS and cancelled false.
[May 05, 2026 00:30:34.992AM UTC]  PlayerPreTagEvent was triggered on xhikoenfasis17 by LITTLE_GHOTS with type PLAYER, reason ATTACKER, and cancelled false.
[May 05, 2026 00:30:34.993AM UTC]  PlayerReTagEvent was triggered on xhikoenfasis17 by LITTLE_GHOTS with type PLAYER and reason ATTACKER.
[May 05, 2026 00:30:34.993AM UTC]  PlayerPreTagEvent was triggered on LITTLE_GHOTS by xhikoenfasis17 with type PLAYER, reason ATTACKED, and cancelled false.
[May 05, 2026 00:30:34.993AM UTC]  PlayerReTagEvent was triggered on LITTLE_GHOTS by xhikoenfasis17 with type PLAYER and reason ATTACKED.
[May 05, 2026 00:30:34.993AM UTC]  EntityDamageByEntityEvent was triggered by damaged PLAYER LITTLE_GHOTS, damager PLAYER xhikoenfasis17 and cancelled false.
[May 05, 2026 00:30:35.747AM UTC]  PlayerPreTagEvent was triggered on xhikoenfasis17 by LITTLE_GHOTS with type PLAYER, reason ATTACKER, and cancelled false.
[May 05, 2026 00:30:35.748AM UTC]  PlayerReTagEvent was triggered on xhikoenfasis17 by LITTLE_GHOTS with type PLAYER and reason ATTACKER.
[May 05, 2026 00:30:35.748AM UTC]  PlayerPreTagEvent was triggered on LITTLE_GHOTS by xhikoenfasis17 with type PLAYER, reason ATTACKED, and cancelled false.
[May 05, 2026 00:30:35.748AM UTC]  PlayerReTagEvent was triggered on LITTLE_GHOTS by xhikoenfasis17 with type PLAYER and reason ATTACKED.
[May 05, 2026 00:30:35.748AM UTC]  EntityDamageByEntityEvent was triggered by damaged PLAYER LITTLE_GHOTS, damager PLAYER xhikoenfasis17 and cancelled false.
[May 05, 2026 00:30:35.749AM UTC]  PlayerPreTagEvent was triggered on LITTLE_GHOTS by xhikoenfasis17 with type PLAYER, reason ATTACKER, and cancelled false.
[May 05, 2026 00:30:35.749AM UTC]  PlayerReTagEvent was triggered on LITTLE_GHOTS by xhikoenfasis17 with type PLAYER and reason ATTACKER.
[May 05, 2026 00:30:35.749AM UTC]  PlayerPreTagEvent was triggered on xhikoenfasis17 by LITTLE_GHOTS with type PLAYER, reason ATTACKED, and cancelled false.
[May 05, 2026 00:30:35.749AM UTC]  PlayerReTagEvent was triggered on xhikoenfasis17 by LITTLE_GHOTS with type PLAYER and reason ATTACKED.
[May 05, 2026 00:30:35.749AM UTC]  EntityDamageByEntityEvent was triggered by damaged PLAYER xhikoenfasis17, damager PLAYER LITTLE_GHOTS and cancelled false.
[May 05, 2026 00:30:36.447AM UTC]  PlayerPreTagEvent was triggered on xhikoenfasis17 by LITTLE_GHOTS with type PLAYER, reason ATTACKER, and cancelled false.
[May 05, 2026 00:30:36.447AM UTC]  PlayerReTagEvent was triggered on xhikoenfasis17 by LITTLE_GHOTS with type PLAYER and reason ATTACKER.
[May 05, 2026 00:30:36.448AM UTC]  PlayerPreTagEvent was triggered on LITTLE_GHOTS by xhikoenfasis17 with type PLAYER, reason ATTACKED, and cancelled false.
[May 05, 2026 00:30:36.448AM UTC]  PlayerReTagEvent was triggered on LITTLE_GHOTS by xhikoenfasis17 with type PLAYER and reason ATTACKED.
[May 05, 2026 00:30:36.448AM UTC]  EntityDamageByEntityEvent was triggered by damaged PLAYER LITTLE_GHOTS, damager PLAYER xhikoenfasis17 and cancelled false.
[May 05, 2026 00:30:37.199AM UTC]  PlayerPreTagEvent was triggered on xhikoenfasis17 by LITTLE_GHOTS with type PLAYER, reason ATTACKER, and cancelled false.
[May 05, 2026 00:30:37.200AM UTC]  PlayerReTagEvent was triggered on xhikoenfasis17 by LITTLE_GHOTS with type PLAYER and reason ATTACKER.
[May 05, 2026 00:30:37.200AM UTC]  PlayerPreTagEvent was triggered on LITTLE_GHOTS by xhikoenfasis17 with type PLAYER, reason ATTACKED, and cancelled false.
[May 05, 2026 00:30:37.200AM UTC]  PlayerReTagEvent was triggered on LITTLE_GHOTS by xhikoenfasis17 with type PLAYER and reason ATTACKED.
[May 05, 2026 00:30:37.200AM UTC]  EntityDamageByEntityEvent was triggered by damaged PLAYER LITTLE_GHOTS, damager PLAYER xhikoenfasis17 and cancelled false.
[May 05, 2026 00:30:37.855AM UTC]  PlayerPreTagEvent was triggered on xhikoenfasis17 by LITTLE_GHOTS with type PLAYER, reason ATTACKER, and cancelled false.
[May 05, 2026 00:30:37.856AM UTC]  PlayerReTagEvent was triggered on xhikoenfasis17 by LITTLE_GHOTS with type PLAYER and reason ATTACKER.
[May 05, 2026 00:30:37.856AM UTC]  PlayerPreTagEvent was triggered on LITTLE_GHOTS by xhikoenfasis17 with type PLAYER, reason ATTACKED, and cancelled false.
[May 05, 2026 00:30:37.856AM UTC]  PlayerReTagEvent was triggered on LITTLE_GHOTS by xhikoenfasis17 with type PLAYER and reason ATTACKED.
[May 05, 2026 00:30:37.856AM UTC]  EntityDamageByEntityEvent was triggered by damaged PLAYER LITTLE_GHOTS, damager PLAYER xhikoenfasis17 and cancelled false.
[May 05, 2026 00:30:39.094AM UTC]  PlayerPreTagEvent was triggered on xhikoenfasis17 by LITTLE_GHOTS with type PLAYER, reason ATTACKER, and cancelled false.
[May 05, 2026 00:30:39.094AM UTC]  PlayerReTagEvent was triggered on xhikoenfasis17 by LITTLE_GHOTS with type PLAYER and reason ATTACKER.
[May 05, 2026 00:30:39.094AM UTC]  PlayerPreTagEvent was triggered on LITTLE_GHOTS by xhikoenfasis17 with type PLAYER, reason ATTACKED, and cancelled false.
[May 05, 2026 00:30:39.094AM UTC]  PlayerReTagEvent was triggered on LITTLE_GHOTS by xhikoenfasis17 with type PLAYER and reason ATTACKED.
[May 05, 2026 00:30:39.094AM UTC]  EntityDamageByEntityEvent was triggered by damaged PLAYER LITTLE_GHOTS, damager PLAYER xhikoenfasis17 and cancelled false.
[May 05, 2026 00:30:39.095AM UTC]  PlayerPreTagEvent was triggered on LITTLE_GHOTS by xhikoenfasis17 with type PLAYER, reason ATTACKER, and cancelled false.
[May 05, 2026 00:30:39.095AM UTC]  PlayerReTagEvent was triggered on LITTLE_GHOTS by xhikoenfasis17 with type PLAYER and reason ATTACKER.
[May 05, 2026 00:30:39.095AM UTC]  PlayerPreTagEvent was triggered on xhikoenfasis17 by LITTLE_GHOTS with type PLAYER, reason ATTACKED, and cancelled false.
[May 05, 2026 00:30:39.095AM UTC]  PlayerReTagEvent was triggered on xhikoenfasis17 by LITTLE_GHOTS with type PLAYER and reason ATTACKED.
[May 05, 2026 00:30:39.096AM UTC]  EntityDamageByEntityEvent was triggered by damaged PLAYER xhikoenfasis17, damager PLAYER LITTLE_GHOTS and cancelled false.
[May 05, 2026 00:30:39.097AM UTC]  PlayerPunishEvent was triggered on xhikoenfasis17 with reason SELF_DEATH and cancelled true.
[May 05, 2026 00:30:39.097AM UTC]  PlayerUntagEvent was triggered on xhikoenfasis17 with reason SELF_DEATH and expire set to true.
[May 05, 2026 00:30:39.097AM UTC]  PlayerPunishEvent was triggered on LITTLE_GHOTS with reason ENEMY_DEATH and cancelled true.
[May 05, 2026 00:30:39.097AM UTC]  PlayerUntagEvent was triggered on LITTLE_GHOTS with reason ENEMY_DEATH and expire set to true.
[May 05, 2026 00:30:39.437AM UTC]  PlayerPreTagEvent was triggered on Akukis by LITTLE_GHOTS with type PLAYER, reason ATTACKER, and cancelled true.
[May 05, 2026 00:30:39.437AM UTC]  PlayerPreTagEvent was triggered on LITTLE_GHOTS by Akukis with type PLAYER, reason ATTACKED, and cancelled true.
[May 05, 2026 00:30:39.437AM UTC]  EntityDamageByEntityEvent was triggered by damaged PLAYER LITTLE_GHOTS, damager PLAYER Akukis and cancelled false.
[May 05, 2026 00:30:40.635AM UTC]  PlayerPreTagEvent was triggered on Akukis by LITTLE_GHOTS with type PLAYER, reason ATTACKER, and cancelled true.
[May 05, 2026 00:30:40.635AM UTC]  PlayerPreTagEvent was triggered on LITTLE_GHOTS by Akukis with type PLAYER, reason ATTACKED, and cancelled true.
[May 05, 2026 00:30:40.635AM UTC]  EntityDamageByEntityEvent was triggered by damaged PLAYER LITTLE_GHOTS, damager PLAYER Akukis and cancelled false.
[May 05, 2026 00:30:44.286AM UTC]  PlayerPreTagEvent was triggered on Akukis by LITTLE_GHOTS with type PLAYER, reason ATTACKER, and cancelled true.
[May 05, 2026 00:30:44.286AM UTC]  PlayerPreTagEvent was triggered on LITTLE_GHOTS by Akukis with type PLAYER, reason ATTACKED, and cancelled true.
[May 05, 2026 00:30:44.286AM UTC]  EntityDamageByEntityEvent was triggered by damaged PLAYER LITTLE_GHOTS, damager PLAYER Akukis and cancelled false.
[May 05, 2026 00:30:48.146AM UTC]  PlayerPreTagEvent was triggered on xhikoenfasis17 by LITTLE_GHOTS with type PLAYER, reason ATTACKER, and cancelled false.
[May 05, 2026 00:30:48.146AM UTC]  PlayerTagEvent was triggered on xhikoenfasis17 by LITTLE_GHOTS with type PLAYER and reason ATTACKER.
[May 05, 2026 00:30:48.147AM UTC]  PlayerPreTagEvent was triggered on LITTLE_GHOTS by xhikoenfasis17 with type PLAYER, reason ATTACKED, and cancelled false.
[May 05, 2026 00:30:48.147AM UTC]  PlayerTagEvent was triggered on LITTLE_GHOTS by xhikoenfasis17 with type PLAYER and reason ATTACKED.
[May 05, 2026 00:30:48.148AM UTC]  EntityDamageByEntityEvent was triggered by damaged PLAYER LITTLE_GHOTS, damager PLAYER xhikoenfasis17 and cancelled false.
[May 05, 2026 00:30:48.586AM UTC]  PlayerPreTagEvent was triggered on Akukis by LITTLE_GHOTS with type PLAYER, reason ATTACKER, and cancelled true.
[May 05, 2026 00:30:48.586AM UTC]  PlayerPreTagEvent was triggered on LITTLE_GHOTS by Akukis with type PLAYER, reason ATTACKED, and cancelled true.
[May 05, 2026 00:30:48.587AM UTC]  EntityDamageByEntityEvent was triggered by damaged PLAYER LITTLE_GHOTS, damager PLAYER Akukis and cancelled false.
[May 05, 2026 00:30:48.713AM UTC]  PlayerPreTagEvent was triggered on xhikoenfasis17 by LITTLE_GHOTS with type PLAYER, reason ATTACKER, and cancelled false.
[May 05, 2026 00:30:48.713AM UTC]  PlayerReTagEvent was triggered on xhikoenfasis17 by LITTLE_GHOTS with type PLAYER and reason ATTACKER.
[May 05, 2026 00:30:48.713AM UTC]  PlayerPreTagEvent was triggered on LITTLE_GHOTS by xhikoenfasis17 with type PLAYER, reason ATTACKED, and cancelled false.
[May 05, 2026 00:30:48.713AM UTC]  PlayerReTagEvent was triggered on LITTLE_GHOTS by xhikoenfasis17 with type PLAYER and reason ATTACKED.
[May 05, 2026 00:30:48.713AM UTC]  EntityDamageByEntityEvent was triggered by damaged PLAYER LITTLE_GHOTS, damager PLAYER xhikoenfasis17 and cancelled false.
[May 05, 2026 00:30:49.236AM UTC]  PlayerPreTagEvent was triggered on Akukis by LITTLE_GHOTS with type PLAYER, reason ATTACKER, and cancelled true.
[May 05, 2026 00:30:49.236AM UTC]  PlayerPreTagEvent was triggered on LITTLE_GHOTS by Akukis with type PLAYER, reason ATTACKED, and cancelled true.
[May 05, 2026 00:30:49.236AM UTC]  EntityDamageByEntityEvent was triggered by damaged PLAYER LITTLE_GHOTS, damager PLAYER Akukis and cancelled false.
[May 05, 2026 00:30:49.782AM UTC]  PlayerPreTagEvent was triggered on xhikoenfasis17 by LITTLE_GHOTS with type PLAYER, reason ATTACKER, and cancelled false.
[May 05, 2026 00:30:49.782AM UTC]  PlayerReTagEvent was triggered on xhikoenfasis17 by LITTLE_GHOTS with type PLAYER and reason ATTACKER.
[May 05, 2026 00:30:49.782AM UTC]  PlayerPreTagEvent was triggered on LITTLE_GHOTS by xhikoenfasis17 with type PLAYER, reason ATTACKED, and cancelled false.
[May 05, 2026 00:30:49.782AM UTC]  PlayerReTagEvent was triggered on LITTLE_GHOTS by xhikoenfasis17 with type PLAYER and reason ATTACKED.
[May 05, 2026 00:30:49.782AM UTC]  EntityDamageByEntityEvent was triggered by damaged PLAYER LITTLE_GHOTS, damager PLAYER xhikoenfasis17 and cancelled false.
[May 05, 2026 00:30:49.783AM UTC]  PlayerPreTagEvent was triggered on LITTLE_GHOTS by xhikoenfasis17 with type PLAYER, reason ATTACKER, and cancelled false.
[May 05, 2026 00:30:49.783AM UTC]  PlayerReTagEvent was triggered on LITTLE_GHOTS by xhikoenfasis17 with type PLAYER and reason ATTACKER.
[May 05, 2026 00:30:49.783AM UTC]  PlayerPreTagEvent was triggered on xhikoenfasis17 by LITTLE_GHOTS with type PLAYER, reason ATTACKED, and cancelled false.
[May 05, 2026 00:30:49.783AM UTC]  PlayerReTagEvent was triggered on xhikoenfasis17 by LITTLE_GHOTS with type PLAYER and reason ATTACKED.
[May 05, 2026 00:30:49.783AM UTC]  EntityDamageByEntityEvent was triggered by damaged PLAYER xhikoenfasis17, damager PLAYER LITTLE_GHOTS and cancelled false.
[May 05, 2026 00:30:50.487AM UTC]  PlayerPreTagEvent was triggered on Akukis by LITTLE_GHOTS with type PLAYER, reason ATTACKER, and cancelled true.
[May 05, 2026 00:30:50.487AM UTC]  PlayerPreTagEvent was triggered on LITTLE_GHOTS by Akukis with type PLAYER, reason ATTACKED, and cancelled true.
[May 05, 2026 00:30:50.487AM UTC]  EntityDamageByEntityEvent was triggered by damaged PLAYER LITTLE_GHOTS, damager PLAYER Akukis and cancelled false.
[May 05, 2026 00:30:50.996AM UTC]  PlayerPreTagEvent was triggered on xhikoenfasis17 by LITTLE_GHOTS with type PLAYER, reason ATTACKER, and cancelled false.
[May 05, 2026 00:30:50.996AM UTC]  PlayerReTagEvent was triggered on xhikoenfasis17 by LITTLE_GHOTS with type PLAYER and reason ATTACKER.
[May 05, 2026 00:30:50.997AM UTC]  PlayerPreTagEvent was triggered on LITTLE_GHOTS by xhikoenfasis17 with type PLAYER, reason ATTACKED, and cancelled false.
[May 05, 2026 00:30:50.997AM UTC]  PlayerReTagEvent was triggered on LITTLE_GHOTS by xhikoenfasis17 with type PLAYER and reason ATTACKED.
[May 05, 2026 00:30:50.997AM UTC]  EntityDamageByEntityEvent was triggered by damaged PLAYER LITTLE_GHOTS, damager PLAYER xhikoenfasis17 and cancelled false.
[May 05, 2026 00:30:51.085AM UTC]  PlayerPreTagEvent was triggered on Akukis by LITTLE_GHOTS with type PLAYER, reason ATTACKER, and cancelled true.
[May 05, 2026 00:30:51.085AM UTC]  PlayerPreTagEvent was triggered on LITTLE_GHOTS by Akukis with type PLAYER, reason ATTACKED, and cancelled true.
[May 05, 2026 00:30:51.085AM UTC]  EntityDamageByEntityEvent was triggered by damaged PLAYER LITTLE_GHOTS, damager PLAYER Akukis and cancelled false.
[May 05, 2026 00:30:51.901AM UTC]  PlayerPreTagEvent was triggered on xhikoenfasis17 by LITTLE_GHOTS with type PLAYER, reason ATTACKER, and cancelled false.
[May 05, 2026 00:30:51.901AM UTC]  PlayerReTagEvent was triggered on xhikoenfasis17 by LITTLE_GHOTS with type PLAYER and reason ATTACKER.
[May 05, 2026 00:30:51.901AM UTC]  PlayerPreTagEvent was triggered on LITTLE_GHOTS by xhikoenfasis17 with type PLAYER, reason ATTACKED, and cancelled false.
[May 05, 2026 00:30:51.901AM UTC]  PlayerReTagEvent was triggered on LITTLE_GHOTS by xhikoenfasis17 with type PLAYER and reason ATTACKED.
[May 05, 2026 00:30:51.902AM UTC]  EntityDamageByEntityEvent was triggered by damaged PLAYER LITTLE_GHOTS, damager PLAYER xhikoenfasis17 and cancelled false.
[May 05, 2026 00:30:52.236AM UTC]  PlayerPreTagEvent was triggered on Akukis by xhikoenfasis17 with type PLAYER, reason ATTACKER, and cancelled true.
[May 05, 2026 00:30:52.236AM UTC]  PlayerPreTagEvent was triggered on xhikoenfasis17 by Akukis with type PLAYER, reason ATTACKED, and cancelled true.
[May 05, 2026 00:30:52.237AM UTC]  EntityDamageByEntityEvent was triggered by damaged PLAYER xhikoenfasis17, damager PLAYER Akukis and cancelled false.
[May 05, 2026 00:30:52.544AM UTC]  PlayerPreTagEvent was triggered on xhikoenfasis17 by LITTLE_GHOTS with type PLAYER, reason ATTACKER, and cancelled false.
[May 05, 2026 00:30:52.544AM UTC]  PlayerReTagEvent was triggered on xhikoenfasis17 by LITTLE_GHOTS with type PLAYER and reason ATTACKER.
[May 05, 2026 00:30:52.544AM UTC]  PlayerPreTagEvent was triggered on LITTLE_GHOTS by xhikoenfasis17 with type PLAYER, reason ATTACKED, and cancelled false.
[May 05, 2026 00:30:52.545AM UTC]  PlayerReTagEvent was triggered on LITTLE_GHOTS by xhikoenfasis17 with type PLAYER and reason ATTACKED.
[May 05, 2026 00:30:52.545AM UTC]  EntityDamageByEntityEvent was triggered by damaged PLAYER LITTLE_GHOTS, damager PLAYER xhikoenfasis17 and cancelled false.
[May 05, 2026 00:30:52.795AM UTC]  PlayerPreTagEvent was triggered on xhikoenfasis17 by LITTLE_GHOTS with type PLAYER, reason ATTACKER, and cancelled false.
[May 05, 2026 00:30:52.795AM UTC]  PlayerReTagEvent was triggered on xhikoenfasis17 by LITTLE_GHOTS with type PLAYER and reason ATTACKER.
[May 05, 2026 00:30:52.795AM UTC]  PlayerPreTagEvent was triggered on LITTLE_GHOTS by xhikoenfasis17 with type PLAYER, reason ATTACKED, and cancelled false.
[May 05, 2026 00:30:52.795AM UTC]  PlayerReTagEvent was triggered on LITTLE_GHOTS by xhikoenfasis17 with type PLAYER and reason ATTACKED.
[May 05, 2026 00:30:52.795AM UTC]  EntityDamageByEntityEvent was triggered by damaged PLAYER LITTLE_GHOTS, damager PLAYER xhikoenfasis17 and cancelled false.
[May 05, 2026 00:30:52.796AM UTC]  PlayerPreTagEvent was triggered on LITTLE_GHOTS by xhikoenfasis17 with type PLAYER, reason ATTACKER, and cancelled false.
[May 05, 2026 00:30:52.796AM UTC]  PlayerReTagEvent was triggered on LITTLE_GHOTS by xhikoenfasis17 with type PLAYER and reason ATTACKER.
[May 05, 2026 00:30:52.796AM UTC]  PlayerPreTagEvent was triggered on xhikoenfasis17 by LITTLE_GHOTS with type PLAYER, reason ATTACKED, and cancelled false.
[May 05, 2026 00:30:52.796AM UTC]  PlayerReTagEvent was triggered on xhikoenfasis17 by LITTLE_GHOTS with type PLAYER and reason ATTACKED.
[May 05, 2026 00:30:52.796AM UTC]  EntityDamageByEntityEvent was triggered by damaged PLAYER xhikoenfasis17, damager PLAYER LITTLE_GHOTS and cancelled false.
[May 05, 2026 00:30:52.798AM UTC]  PlayerPunishEvent was triggered on xhikoenfasis17 with reason SELF_DEATH and cancelled true.
[May 05, 2026 00:30:52.798AM UTC]  PlayerUntagEvent was triggered on xhikoenfasis17 with reason SELF_DEATH and expire set to true.
[May 05, 2026 00:30:52.798AM UTC]  PlayerPunishEvent was triggered on LITTLE_GHOTS with reason ENEMY_DEATH and cancelled true.
[May 05, 2026 00:30:52.798AM UTC]  PlayerUntagEvent was triggered on LITTLE_GHOTS with reason ENEMY_DEATH and expire set to true.
[May 05, 2026 00:30:57.980AM UTC]  PlayerPreTagEvent was triggered on emi4553 by xhikoenfasis17 with type PLAYER, reason ATTACKER, and cancelled false.
[May 05, 2026 00:30:57.981AM UTC]  PlayerTagEvent was triggered on emi4553 by xhikoenfasis17 with type PLAYER and reason ATTACKER.
[May 05, 2026 00:30:57.981AM UTC]  PlayerPreTagEvent was triggered on xhikoenfasis17 by emi4553 with type PLAYER, reason ATTACKED, and cancelled false.
[May 05, 2026 00:30:57.981AM UTC]  PlayerTagEvent was triggered on xhikoenfasis17 by emi4553 with type PLAYER and reason ATTACKED.
[May 05, 2026 00:30:57.981AM UTC]  EntityDamageByEntityEvent was triggered by damaged PLAYER xhikoenfasis17, damager PLAYER emi4553 and cancelled false.
[May 05, 2026 00:30:58.478AM UTC]  PlayerPreTagEvent was triggered on emi4553 by xhikoenfasis17 with type PLAYER, reason ATTACKER, and cancelled false.
[May 05, 2026 00:30:58.478AM UTC]  PlayerReTagEvent was triggered on emi4553 by xhikoenfasis17 with type PLAYER and reason ATTACKER.
[May 05, 2026 00:30:58.478AM UTC]  PlayerPreTagEvent was triggered on xhikoenfasis17 by emi4553 with type PLAYER, reason ATTACKED, and cancelled false.
[May 05, 2026 00:30:58.478AM UTC]  PlayerReTagEvent was triggered on xhikoenfasis17 by emi4553 with type PLAYER and reason ATTACKED.
[May 05, 2026 00:30:58.478AM UTC]  EntityDamageByEntityEvent was triggered by damaged PLAYER xhikoenfasis17, damager PLAYER emi4553 and cancelled false.
[May 05, 2026 00:30:59.645AM UTC]  PlayerPreTagEvent was triggered on emi4553 by xhikoenfasis17 with type PLAYER, reason ATTACKER, and cancelled false.
[May 05, 2026 00:30:59.645AM UTC]  PlayerReTagEvent was triggered on emi4553 by xhikoenfasis17 with type PLAYER and reason ATTACKER.
[May 05, 2026 00:30:59.645AM UTC]  PlayerPreTagEvent was triggered on xhikoenfasis17 by emi4553 with type PLAYER, reason ATTACKED, and cancelled false.
[May 05, 2026 00:30:59.645AM UTC]  PlayerReTagEvent was triggered on xhikoenfasis17 by emi4553 with type PLAYER and reason ATTACKED.
[May 05, 2026 00:30:59.646AM UTC]  EntityDamageByEntityEvent was triggered by damaged PLAYER xhikoenfasis17, damager PLAYER emi4553 and cancelled false.
[May 05, 2026 00:30:59.745AM UTC]  PlayerPreTagEvent was triggered on xhikoenfasis17 by emi4553 with type PLAYER, reason ATTACKER, and cancelled false.
[May 05, 2026 00:30:59.745AM UTC]  PlayerReTagEvent was triggered on xhikoenfasis17 by emi4553 with type PLAYER and reason ATTACKER.
[May 05, 2026 00:30:59.746AM UTC]  PlayerPreTagEvent was triggered on emi4553 by xhikoenfasis17 with type PLAYER, reason ATTACKED, and cancelled false.
[May 05, 2026 00:30:59.746AM UTC]  PlayerReTagEvent was triggered on emi4553 by xhikoenfasis17 with type PLAYER and reason ATTACKED.
[May 05, 2026 00:30:59.746AM UTC]  EntityDamageByEntityEvent was triggered by damaged PLAYER emi4553, damager PLAYER xhikoenfasis17 and cancelled false.
[May 05, 2026 00:31:00.136AM UTC]  PlayerPreTagEvent was triggered on xhikoenfasis17 by emi4553 with type PLAYER, reason ATTACKER, and cancelled false.
[May 05, 2026 00:31:00.136AM UTC]  PlayerReTagEvent was triggered on xhikoenfasis17 by emi4553 with type PLAYER and reason ATTACKER.
[May 05, 2026 00:31:00.137AM UTC]  PlayerPreTagEvent was triggered on emi4553 by xhikoenfasis17 with type PLAYER, reason ATTACKED, and cancelled false.
[May 05, 2026 00:31:00.137AM UTC]  PlayerReTagEvent was triggered on emi4553 by xhikoenfasis17 with type PLAYER and reason ATTACKED.
[May 05, 2026 00:31:00.137AM UTC]  EntityDamageByEntityEvent was triggered by damaged PLAYER emi4553, damager PLAYER xhikoenfasis17 and cancelled false.
[May 05, 2026 00:31:00.295AM UTC]  PlayerPreTagEvent was triggered on xhikoenfasis17 by emi4553 with type PLAYER, reason ATTACKER, and cancelled false.
[May 05, 2026 00:31:00.295AM UTC]  PlayerReTagEvent was triggered on xhikoenfasis17 by emi4553 with type PLAYER and reason ATTACKER.
[May 05, 2026 00:31:00.296AM UTC]  PlayerPreTagEvent was triggered on emi4553 by xhikoenfasis17 with type PLAYER, reason ATTACKED, and cancelled false.
[May 05, 2026 00:31:00.296AM UTC]  PlayerReTagEvent was triggered on emi4553 by xhikoenfasis17 with type PLAYER and reason ATTACKED.
[May 05, 2026 00:31:00.296AM UTC]  EntityDamageByEntityEvent was triggered by damaged PLAYER emi4553, damager PLAYER xhikoenfasis17 and cancelled false.
[May 05, 2026 00:31:02.594AM UTC]  PlayerPreTagEvent was triggered on xhikoenfasis17 by LITTLE_GHOTS with type PLAYER, reason ATTACKER, and cancelled false.
[May 05, 2026 00:31:02.595AM UTC]  PlayerReTagEvent was triggered on xhikoenfasis17 by LITTLE_GHOTS with type PLAYER and reason ATTACKER.
[May 05, 2026 00:31:02.595AM UTC]  PlayerPreTagEvent was triggered on LITTLE_GHOTS by xhikoenfasis17 with type PLAYER, reason ATTACKED, and cancelled false.
[May 05, 2026 00:31:02.595AM UTC]  PlayerTagEvent was triggered on LITTLE_GHOTS by xhikoenfasis17 with type PLAYER and reason ATTACKED.
[May 05, 2026 00:31:02.596AM UTC]  EntityDamageByEntityEvent was triggered by damaged PLAYER LITTLE_GHOTS, damager PLAYER xhikoenfasis17 and cancelled false.
[May 05, 2026 00:31:02.596AM UTC]  PlayerPreTagEvent was triggered on LITTLE_GHOTS by xhikoenfasis17 with type PLAYER, reason ATTACKER, and cancelled false.
[May 05, 2026 00:31:02.596AM UTC]  PlayerReTagEvent was triggered on LITTLE_GHOTS by xhikoenfasis17 with type PLAYER and reason ATTACKER.
[May 05, 2026 00:31:02.596AM UTC]  PlayerPreTagEvent was triggered on xhikoenfasis17 by LITTLE_GHOTS with type PLAYER, reason ATTACKED, and cancelled false.
[May 05, 2026 00:31:02.597AM UTC]  PlayerReTagEvent was triggered on xhikoenfasis17 by LITTLE_GHOTS with type PLAYER and reason ATTACKED.
[May 05, 2026 00:31:02.597AM UTC]  EntityDamageByEntityEvent was triggered by damaged PLAYER xhikoenfasis17, damager PLAYER LITTLE_GHOTS and cancelled false.
[May 05, 2026 00:31:04.466AM UTC]  PlayerPreTagEvent was triggered on emi4553 by LITTLE_GHOTS with type PLAYER, reason ATTACKER, and cancelled false.
[May 05, 2026 00:31:04.467AM UTC]  PlayerReTagEvent was triggered on emi4553 by LITTLE_GHOTS with type PLAYER and reason ATTACKER.
[May 05, 2026 00:31:04.467AM UTC]  PlayerPreTagEvent was triggered on LITTLE_GHOTS by emi4553 with type PLAYER, reason ATTACKED, and cancelled false.
[May 05, 2026 00:31:04.467AM UTC]  PlayerReTagEvent was triggered on LITTLE_GHOTS by emi4553 with type PLAYER and reason ATTACKED.
[May 05, 2026 00:31:04.467AM UTC]  EntityDamageByEntityEvent was triggered by damaged PLAYER LITTLE_GHOTS, damager PLAYER emi4553 and cancelled false.
[May 05, 2026 00:31:04.468AM UTC]  PlayerPreTagEvent was triggered on LITTLE_GHOTS by emi4553 with type PLAYER, reason ATTACKER, and cancelled false.
[May 05, 2026 00:31:04.468AM UTC]  PlayerReTagEvent was triggered on LITTLE_GHOTS by emi4553 with type PLAYER and reason ATTACKER.
[May 05, 2026 00:31:04.468AM UTC]  PlayerPreTagEvent was triggered on emi4553 by LITTLE_GHOTS with type PLAYER, reason ATTACKED, and cancelled false.
[May 05, 2026 00:31:04.468AM UTC]  PlayerReTagEvent was triggered on emi4553 by LITTLE_GHOTS with type PLAYER and reason ATTACKED.
[May 05, 2026 00:31:04.468AM UTC]  EntityDamageByEntityEvent was triggered by damaged PLAYER emi4553, damager PLAYER LITTLE_GHOTS and cancelled false.
[May 05, 2026 00:31:05.353AM UTC]  PlayerPreTagEvent was triggered on xhikoenfasis17 by LITTLE_GHOTS with type PLAYER, reason ATTACKER, and cancelled false.
[May 05, 2026 00:31:05.353AM UTC]  PlayerReTagEvent was triggered on xhikoenfasis17 by LITTLE_GHOTS with type PLAYER and reason ATTACKER.
[May 05, 2026 00:31:05.353AM UTC]  PlayerPreTagEvent was triggered on LITTLE_GHOTS by xhikoenfasis17 with type PLAYER, reason ATTACKED, and cancelled false.
[May 05, 2026 00:31:05.354AM UTC]  PlayerReTagEvent was triggered on LITTLE_GHOTS by xhikoenfasis17 with type PLAYER and reason ATTACKED.
[May 05, 2026 00:31:05.354AM UTC]  EntityDamageByEntityEvent was triggered by damaged PLAYER LITTLE_GHOTS, damager PLAYER xhikoenfasis17 and cancelled false.
[May 05, 2026 00:31:05.554AM UTC]  PlayerPreTagEvent was triggered on LITTLE_GHOTS by xhikoenfasis17 with type PLAYER, reason ATTACKER, and cancelled false.
[May 05, 2026 00:31:05.554AM UTC]  PlayerReTagEvent was triggered on LITTLE_GHOTS by xhikoenfasis17 with type PLAYER and reason ATTACKER.
[May 05, 2026 00:31:05.555AM UTC]  PlayerPreTagEvent was triggered on xhikoenfasis17 by LITTLE_GHOTS with type PLAYER, reason ATTACKED, and cancelled false.
[May 05, 2026 00:31:05.555AM UTC]  PlayerReTagEvent was triggered on xhikoenfasis17 by LITTLE_GHOTS with type PLAYER and reason ATTACKED.
[May 05, 2026 00:31:05.555AM UTC]  EntityDamageByEntityEvent was triggered by damaged PLAYER xhikoenfasis17, damager PLAYER LITTLE_GHOTS and cancelled false.
[May 05, 2026 00:31:05.946AM UTC]  PlayerPreTagEvent was triggered on xhikoenfasis17 by LITTLE_GHOTS with type PLAYER, reason ATTACKER, and cancelled false.
[May 05, 2026 00:31:05.947AM UTC]  PlayerReTagEvent was triggered on xhikoenfasis17 by LITTLE_GHOTS with type PLAYER and reason ATTACKER.
[May 05, 2026 00:31:05.947AM UTC]  PlayerPreTagEvent was triggered on LITTLE_GHOTS by xhikoenfasis17 with type PLAYER, reason ATTACKED, and cancelled false.
[May 05, 2026 00:31:05.947AM UTC]  PlayerReTagEvent was triggered on LITTLE_GHOTS by xhikoenfasis17 with type PLAYER and reason ATTACKED.
[May 05, 2026 00:31:05.947AM UTC]  EntityDamageByEntityEvent was triggered by damaged PLAYER LITTLE_GHOTS, damager PLAYER xhikoenfasis17 and cancelled false.
[May 05, 2026 00:31:06.698AM UTC]  PlayerPreTagEvent was triggered on xhikoenfasis17 by LITTLE_GHOTS with type PLAYER, reason ATTACKER, and cancelled false.
[May 05, 2026 00:31:06.698AM UTC]  PlayerReTagEvent was triggered on xhikoenfasis17 by LITTLE_GHOTS with type PLAYER and reason ATTACKER.
[May 05, 2026 00:31:06.698AM UTC]  PlayerPreTagEvent was triggered on LITTLE_GHOTS by xhikoenfasis17 with type PLAYER, reason ATTACKED, and cancelled false.
[May 05, 2026 00:31:06.698AM UTC]  PlayerReTagEvent was triggered on LITTLE_GHOTS by xhikoenfasis17 with type PLAYER and reason ATTACKED.
[May 05, 2026 00:31:06.699AM UTC]  EntityDamageByEntityEvent was triggered by damaged PLAYER LITTLE_GHOTS, damager PLAYER xhikoenfasis17 and cancelled false.
[May 05, 2026 00:31:08.144AM UTC]  PlayerPreTagEvent was triggered on xhikoenfasis17 by LITTLE_GHOTS with type PLAYER, reason ATTACKER, and cancelled false.
[May 05, 2026 00:31:08.144AM UTC]  PlayerReTagEvent was triggered on xhikoenfasis17 by LITTLE_GHOTS with type PLAYER and reason ATTACKER.
[May 05, 2026 00:31:08.144AM UTC]  PlayerPreTagEvent was triggered on LITTLE_GHOTS by xhikoenfasis17 with type PLAYER, reason ATTACKED, and cancelled false.
[May 05, 2026 00:31:08.144AM UTC]  PlayerReTagEvent was triggered on LITTLE_GHOTS by xhikoenfasis17 with type PLAYER and reason ATTACKED.
[May 05, 2026 00:31:08.144AM UTC]  EntityDamageByEntityEvent was triggered by damaged PLAYER LITTLE_GHOTS, damager PLAYER xhikoenfasis17 and cancelled false.
[May 05, 2026 00:31:08.792AM UTC]  PlayerPreTagEvent was triggered on xhikoenfasis17 by LITTLE_GHOTS with type PLAYER, reason ATTACKER, and cancelled false.
[May 05, 2026 00:31:08.793AM UTC]  PlayerReTagEvent was triggered on xhikoenfasis17 by LITTLE_GHOTS with type PLAYER and reason ATTACKER.
[May 05, 2026 00:31:08.793AM UTC]  PlayerPreTagEvent was triggered on LITTLE_GHOTS by xhikoenfasis17 with type PLAYER, reason ATTACKED, and cancelled false.
[May 05, 2026 00:31:08.793AM UTC]  PlayerReTagEvent was triggered on LITTLE_GHOTS by xhikoenfasis17 with type PLAYER and reason ATTACKED.
[May 05, 2026 00:31:08.793AM UTC]  EntityDamageByEntityEvent was triggered by damaged PLAYER LITTLE_GHOTS, damager PLAYER xhikoenfasis17 and cancelled false.
[May 05, 2026 00:31:09.042AM UTC]  PlayerPreTagEvent was triggered on xhikoenfasis17 by LITTLE_GHOTS with type PLAYER, reason ATTACKER, and cancelled false.
[May 05, 2026 00:31:09.042AM UTC]  PlayerReTagEvent was triggered on xhikoenfasis17 by LITTLE_GHOTS with type PLAYER and reason ATTACKER.
[May 05, 2026 00:31:09.042AM UTC]  PlayerPreTagEvent was triggered on LITTLE_GHOTS by xhikoenfasis17 with type PLAYER, reason ATTACKED, and cancelled false.
[May 05, 2026 00:31:09.042AM UTC]  PlayerReTagEvent was triggered on LITTLE_GHOTS by xhikoenfasis17 with type PLAYER and reason ATTACKED.
[May 05, 2026 00:31:09.042AM UTC]  EntityDamageByEntityEvent was triggered by damaged PLAYER LITTLE_GHOTS, damager PLAYER xhikoenfasis17 and cancelled false.
[May 05, 2026 00:31:09.043AM UTC]  PlayerPreTagEvent was triggered on LITTLE_GHOTS by xhikoenfasis17 with type PLAYER, reason ATTACKER, and cancelled false.
[May 05, 2026 00:31:09.043AM UTC]  PlayerReTagEvent was triggered on LITTLE_GHOTS by xhikoenfasis17 with type PLAYER and reason ATTACKER.
[May 05, 2026 00:31:09.043AM UTC]  PlayerPreTagEvent was triggered on xhikoenfasis17 by LITTLE_GHOTS with type PLAYER, reason ATTACKED, and cancelled false.
[May 05, 2026 00:31:09.043AM UTC]  PlayerReTagEvent was triggered on xhikoenfasis17 by LITTLE_GHOTS with type PLAYER and reason ATTACKED.
[May 05, 2026 00:31:09.043AM UTC]  EntityDamageByEntityEvent was triggered by damaged PLAYER xhikoenfasis17, damager PLAYER LITTLE_GHOTS and cancelled false.
[May 05, 2026 00:31:10.400AM UTC]  PlayerPreTagEvent was triggered on LITTLE_GHOTS by xhikoenfasis17 with type PLAYER, reason ATTACKER, and cancelled false.
[May 05, 2026 00:31:10.401AM UTC]  PlayerReTagEvent was triggered on LITTLE_GHOTS by xhikoenfasis17 with type PLAYER and reason ATTACKER.
[May 05, 2026 00:31:10.401AM UTC]  PlayerPreTagEvent was triggered on xhikoenfasis17 by LITTLE_GHOTS with type PLAYER, reason ATTACKED, and cancelled false.
[May 05, 2026 00:31:10.401AM UTC]  PlayerReTagEvent was triggered on xhikoenfasis17 by LITTLE_GHOTS with type PLAYER and reason ATTACKED.
[May 05, 2026 00:31:10.401AM UTC]  EntityDamageByEntityEvent was triggered by damaged PLAYER xhikoenfasis17, damager PLAYER LITTLE_GHOTS and cancelled false.
[May 05, 2026 00:31:10.403AM UTC]  PlayerPunishEvent was triggered on xhikoenfasis17 with reason SELF_DEATH and cancelled true.
[May 05, 2026 00:31:10.403AM UTC]  PlayerUntagEvent was triggered on xhikoenfasis17 with reason SELF_DEATH and expire set to true.
[May 05, 2026 00:31:16.647AM UTC]  PlayerPreTagEvent was triggered on xhikoenfasis17 by emi4553 with type PLAYER, reason ATTACKER, and cancelled false.
[May 05, 2026 00:31:16.647AM UTC]  PlayerTagEvent was triggered on xhikoenfasis17 by emi4553 with type PLAYER and reason ATTACKER.
[May 05, 2026 00:31:16.648AM UTC]  PlayerPreTagEvent was triggered on emi4553 by xhikoenfasis17 with type PLAYER, reason ATTACKED, and cancelled false.
[May 05, 2026 00:31:16.648AM UTC]  PlayerReTagEvent was triggered on emi4553 by xhikoenfasis17 with type PLAYER and reason ATTACKED.
[May 05, 2026 00:31:16.648AM UTC]  EntityDamageByEntityEvent was triggered by damaged PLAYER emi4553, damager PLAYER xhikoenfasis17 and cancelled false.
[May 05, 2026 00:31:17.298AM UTC]  PlayerPreTagEvent was triggered on xhikoenfasis17 by LITTLE_GHOTS with type PLAYER, reason ATTACKER, and cancelled false.
[May 05, 2026 00:31:17.298AM UTC]  PlayerReTagEvent was triggered on xhikoenfasis17 by LITTLE_GHOTS with type PLAYER and reason ATTACKER.
[May 05, 2026 00:31:17.298AM UTC]  PlayerPreTagEvent was triggered on LITTLE_GHOTS by xhikoenfasis17 with type PLAYER, reason ATTACKED, and cancelled false.
[May 05, 2026 00:31:17.298AM UTC]  PlayerReTagEvent was triggered on LITTLE_GHOTS by xhikoenfasis17 with type PLAYER and reason ATTACKED.
[May 05, 2026 00:31:17.298AM UTC]  EntityDamageByEntityEvent was triggered by damaged PLAYER LITTLE_GHOTS, damager PLAYER xhikoenfasis17 and cancelled false.
[May 05, 2026 00:31:17.841AM UTC]  PlayerPreTagEvent was triggered on xhikoenfasis17 by LITTLE_GHOTS with type PLAYER, reason ATTACKER, and cancelled false.
[May 05, 2026 00:31:17.842AM UTC]  PlayerReTagEvent was triggered on xhikoenfasis17 by LITTLE_GHOTS with type PLAYER and reason ATTACKER.
[May 05, 2026 00:31:17.842AM UTC]  PlayerPreTagEvent was triggered on LITTLE_GHOTS by xhikoenfasis17 with type PLAYER, reason ATTACKED, and cancelled false.
[May 05, 2026 00:31:17.842AM UTC]  PlayerReTagEvent was triggered on LITTLE_GHOTS by xhikoenfasis17 with type PLAYER and reason ATTACKED.
[May 05, 2026 00:31:17.842AM UTC]  EntityDamageByEntityEvent was triggered by damaged PLAYER LITTLE_GHOTS, damager PLAYER xhikoenfasis17 and cancelled false.
[May 05, 2026 00:31:17.948AM UTC]  PlayerPreTagEvent was triggered on emi4553 by xhikoenfasis17 with type PLAYER, reason ATTACKER, and cancelled false.
[May 05, 2026 00:31:17.949AM UTC]  PlayerReTagEvent was triggered on emi4553 by xhikoenfasis17 with type PLAYER and reason ATTACKER.
[May 05, 2026 00:31:17.949AM UTC]  PlayerPreTagEvent was triggered on xhikoenfasis17 by emi4553 with type PLAYER, reason ATTACKED, and cancelled false.
[May 05, 2026 00:31:17.949AM UTC]  PlayerReTagEvent was triggered on xhikoenfasis17 by emi4553 with type PLAYER and reason ATTACKED.
[May 05, 2026 00:31:17.949AM UTC]  EntityDamageByEntityEvent was triggered by damaged PLAYER xhikoenfasis17, damager PLAYER emi4553 and cancelled false.
[May 05, 2026 00:31:21.538AM UTC]  PlayerPreTagEvent was triggered on emi4553 by xhikoenfasis17 with type PLAYER, reason ATTACKER, and cancelled false.
[May 05, 2026 00:31:21.538AM UTC]  PlayerReTagEvent was triggered on emi4553 by xhikoenfasis17 with type PLAYER and reason ATTACKER.
[May 05, 2026 00:31:21.538AM UTC]  PlayerPreTagEvent was triggered on xhikoenfasis17 by emi4553 with type PLAYER, reason ATTACKED, and cancelled false.
[May 05, 2026 00:31:21.538AM UTC]  PlayerReTagEvent was triggered on xhikoenfasis17 by emi4553 with type PLAYER and reason ATTACKED.
[May 05, 2026 00:31:21.538AM UTC]  EntityDamageByEntityEvent was triggered by damaged PLAYER xhikoenfasis17, damager PLAYER emi4553 and cancelled false.
[May 05, 2026 00:31:22.582AM UTC]  PlayerPreTagEvent was triggered on emi4553 by xhikoenfasis17 with type PLAYER, reason ATTACKER, and cancelled false.
[May 05, 2026 00:31:22.582AM UTC]  PlayerReTagEvent was triggered on emi4553 by xhikoenfasis17 with type PLAYER and reason ATTACKER.
[May 05, 2026 00:31:22.582AM UTC]  PlayerPreTagEvent was triggered on xhikoenfasis17 by emi4553 with type PLAYER, reason ATTACKED, and cancelled false.
[May 05, 2026 00:31:22.582AM UTC]  PlayerReTagEvent was triggered on xhikoenfasis17 by emi4553 with type PLAYER and reason ATTACKED.
[May 05, 2026 00:31:22.582AM UTC]  EntityDamageByEntityEvent was triggered by damaged PLAYER xhikoenfasis17, damager PLAYER emi4553 and cancelled false.
[May 05, 2026 00:31:24.492AM UTC]  PlayerPreTagEvent was triggered on xhikoenfasis17 by emi4553 with type PLAYER, reason ATTACKER, and cancelled false.
[May 05, 2026 00:31:24.492AM UTC]  PlayerReTagEvent was triggered on xhikoenfasis17 by emi4553 with type PLAYER and reason ATTACKER.
[May 05, 2026 00:31:24.493AM UTC]  PlayerPreTagEvent was triggered on emi4553 by xhikoenfasis17 with type PLAYER, reason ATTACKED, and cancelled false.
[May 05, 2026 00:31:24.493AM UTC]  PlayerReTagEvent was triggered on emi4553 by xhikoenfasis17 with type PLAYER and reason ATTACKED.
[May 05, 2026 00:31:24.493AM UTC]  EntityDamageByEntityEvent was triggered by damaged PLAYER emi4553, damager PLAYER xhikoenfasis17 and cancelled false.
[May 05, 2026 00:31:24.549AM UTC]  PlayerPreTagEvent was triggered on emi4553 by xhikoenfasis17 with type PLAYER, reason ATTACKER, and cancelled false.
[May 05, 2026 00:31:24.549AM UTC]  PlayerReTagEvent was triggered on emi4553 by xhikoenfasis17 with type PLAYER and reason ATTACKER.
[May 05, 2026 00:31:24.549AM UTC]  PlayerPreTagEvent was triggered on xhikoenfasis17 by emi4553 with type PLAYER, reason ATTACKED, and cancelled false.
[May 05, 2026 00:31:24.549AM UTC]  PlayerReTagEvent was triggered on xhikoenfasis17 by emi4553 with type PLAYER and reason ATTACKED.
[May 05, 2026 00:31:24.549AM UTC]  EntityDamageByEntityEvent was triggered by damaged PLAYER xhikoenfasis17, damager PLAYER emi4553 and cancelled false.
[May 05, 2026 00:31:24.779AM UTC]  PlayerPreTagEvent was triggered on emi4553 by xhikoenfasis17 with type PLAYER, reason ATTACKER, and cancelled false.
[May 05, 2026 00:31:24.780AM UTC]  PlayerReTagEvent was triggered on emi4553 by xhikoenfasis17 with type PLAYER and reason ATTACKER.
[May 05, 2026 00:31:24.780AM UTC]  PlayerPreTagEvent was triggered on xhikoenfasis17 by emi4553 with type PLAYER, reason ATTACKED, and cancelled false.
[May 05, 2026 00:31:24.781AM UTC]  PlayerReTagEvent was triggered on xhikoenfasis17 by emi4553 with type PLAYER and reason ATTACKED.
[May 05, 2026 00:31:24.781AM UTC]  EntityDamageByEntityEvent was triggered by damaged PLAYER xhikoenfasis17, damager PLAYER emi4553 and cancelled false.
[May 05, 2026 00:31:25.202AM UTC]  PlayerPreTagEvent was triggered on emi4553 by xhikoenfasis17 with type PLAYER, reason ATTACKER, and cancelled false.
[May 05, 2026 00:31:25.203AM UTC]  PlayerReTagEvent was triggered on emi4553 by xhikoenfasis17 with type PLAYER and reason ATTACKER.
[May 05, 2026 00:31:25.203AM UTC]  PlayerPreTagEvent was triggered on xhikoenfasis17 by emi4553 with type PLAYER, reason ATTACKED, and cancelled false.
[May 05, 2026 00:31:25.203AM UTC]  PlayerReTagEvent was triggered on xhikoenfasis17 by emi4553 with type PLAYER and reason ATTACKED.
[May 05, 2026 00:31:25.203AM UTC]  EntityDamageByEntityEvent was triggered by damaged PLAYER xhikoenfasis17, damager PLAYER emi4553 and cancelled false.
[May 05, 2026 00:31:25.242AM UTC]  PlayerPreTagEvent was triggered on xhikoenfasis17 by emi4553 with type PLAYER, reason ATTACKER, and cancelled false.
[May 05, 2026 00:31:25.243AM UTC]  PlayerReTagEvent was triggered on xhikoenfasis17 by emi4553 with type PLAYER and reason ATTACKER.
[May 05, 2026 00:31:25.243AM UTC]  PlayerPreTagEvent was triggered on emi4553 by xhikoenfasis17 with type PLAYER, reason ATTACKED, and cancelled false.
[May 05, 2026 00:31:25.243AM UTC]  PlayerReTagEvent was triggered on emi4553 by xhikoenfasis17 with type PLAYER and reason ATTACKED.
[May 05, 2026 00:31:25.243AM UTC]  EntityDamageByEntityEvent was triggered by damaged PLAYER emi4553, damager PLAYER xhikoenfasis17 and cancelled false.
[May 05, 2026 00:31:29.652AM UTC]  PlayerPreTagEvent was triggered on LITTLE_GHOTS by xhikoenfasis17 with type PLAYER, reason ATTACKER, and cancelled false.
[May 05, 2026 00:31:29.652AM UTC]  PlayerReTagEvent was triggered on LITTLE_GHOTS by xhikoenfasis17 with type PLAYER and reason ATTACKER.
[May 05, 2026 00:31:29.652AM UTC]  PlayerPreTagEvent was triggered on xhikoenfasis17 by LITTLE_GHOTS with type PLAYER, reason ATTACKED, and cancelled false.
[May 05, 2026 00:31:29.652AM UTC]  PlayerReTagEvent was triggered on xhikoenfasis17 by LITTLE_GHOTS with type PLAYER and reason ATTACKED.
[May 05, 2026 00:31:29.653AM UTC]  EntityDamageByEntityEvent was triggered by damaged PLAYER xhikoenfasis17, damager PLAYER LITTLE_GHOTS and cancelled false.
[May 05, 2026 00:31:33.715AM UTC]  PlayerPreTagEvent was triggered on emi4553 by xhikoenfasis17 with type PLAYER, reason ATTACKER, and cancelled false.
[May 05, 2026 00:31:33.716AM UTC]  PlayerReTagEvent was triggered on emi4553 by xhikoenfasis17 with type PLAYER and reason ATTACKER.
[May 05, 2026 00:31:33.716AM UTC]  PlayerPreTagEvent was triggered on xhikoenfasis17 by emi4553 with type PLAYER, reason ATTACKED, and cancelled false.
[May 05, 2026 00:31:33.716AM UTC]  PlayerReTagEvent was triggered on xhikoenfasis17 by emi4553 with type PLAYER and reason ATTACKED.
[May 05, 2026 00:31:33.716AM UTC]  EntityDamageByEntityEvent was triggered by damaged PLAYER xhikoenfasis17, damager PLAYER emi4553 and cancelled false.
[May 05, 2026 00:31:33.717AM UTC]  PlayerPunishEvent was triggered on xhikoenfasis17 with reason SELF_DEATH and cancelled true.
[May 05, 2026 00:31:33.718AM UTC]  PlayerUntagEvent was triggered on xhikoenfasis17 with reason SELF_DEATH and expire set to true.
[May 05, 2026 00:31:33.718AM UTC]  PlayerPunishEvent was triggered on emi4553 with reason ENEMY_DEATH and cancelled true.
[May 05, 2026 00:31:33.718AM UTC]  PlayerUntagEvent was triggered on emi4553 with reason ENEMY_DEATH and expire set to true.
[May 05, 2026 00:31:33.718AM UTC]  PlayerPunishEvent was triggered on LITTLE_GHOTS with reason ENEMY_DEATH and cancelled true.
[May 05, 2026 00:31:33.718AM UTC]  PlayerUntagEvent was triggered on LITTLE_GHOTS with reason ENEMY_DEATH and expire set to true.
[May 05, 2026 00:31:36.943AM UTC]  EntityDamageByEntityEvent was triggered by damaged PLAYER emi4553, damager PLAYER xhikoenfasis17 and cancelled true.
[May 05, 2026 00:31:37.600AM UTC]  EntityDamageByEntityEvent was triggered by damaged PLAYER emi4553, damager PLAYER xhikoenfasis17 and cancelled true.
[May 05, 2026 00:31:38.094AM UTC]  PlayerPreTagEvent was triggered on xhikoenfasis17 by emi4553 with type PLAYER, reason ATTACKER, and cancelled false.
[May 05, 2026 00:31:38.095AM UTC]  PlayerTagEvent was triggered on xhikoenfasis17 by emi4553 with type PLAYER and reason ATTACKER.
[May 05, 2026 00:31:38.095AM UTC]  PlayerPreTagEvent was triggered on emi4553 by xhikoenfasis17 with type PLAYER, reason ATTACKED, and cancelled false.
[May 05, 2026 00:31:38.095AM UTC]  PlayerTagEvent was triggered on emi4553 by xhikoenfasis17 with type PLAYER and reason ATTACKED.
[May 05, 2026 00:31:38.096AM UTC]  EntityDamageByEntityEvent was triggered by damaged PLAYER emi4553, damager PLAYER xhikoenfasis17 and cancelled false.
[May 05, 2026 00:31:38.599AM UTC]  PlayerPreTagEvent was triggered on xhikoenfasis17 by emi4553 with type PLAYER, reason ATTACKER, and cancelled false.
[May 05, 2026 00:31:38.600AM UTC]  PlayerReTagEvent was triggered on xhikoenfasis17 by emi4553 with type PLAYER and reason ATTACKER.
[May 05, 2026 00:31:38.600AM UTC]  PlayerPreTagEvent was triggered on emi4553 by xhikoenfasis17 with type PLAYER, reason ATTACKED, and cancelled false.
[May 05, 2026 00:31:38.600AM UTC]  PlayerReTagEvent was triggered on emi4553 by xhikoenfasis17 with type PLAYER and reason ATTACKED.
[May 05, 2026 00:31:38.600AM UTC]  EntityDamageByEntityEvent was triggered by damaged PLAYER emi4553, damager PLAYER xhikoenfasis17 and cancelled false.
[May 05, 2026 00:31:43.792AM UTC]  PlayerPreTagEvent was triggered on xhikoenfasis17 by emi4553 with type PLAYER, reason ATTACKER, and cancelled false.
[May 05, 2026 00:31:43.792AM UTC]  PlayerReTagEvent was triggered on xhikoenfasis17 by emi4553 with type PLAYER and reason ATTACKER.
[May 05, 2026 00:31:43.792AM UTC]  PlayerPreTagEvent was triggered on emi4553 by xhikoenfasis17 with type PLAYER, reason ATTACKED, and cancelled false.
[May 05, 2026 00:31:43.792AM UTC]  PlayerReTagEvent was triggered on emi4553 by xhikoenfasis17 with type PLAYER and reason ATTACKED.
[May 05, 2026 00:31:43.793AM UTC]  EntityDamageByEntityEvent was triggered by damaged PLAYER emi4553, damager PLAYER xhikoenfasis17 and cancelled false.
[May 05, 2026 00:31:44.292AM UTC]  PlayerPreTagEvent was triggered on xhikoenfasis17 by emi4553 with type PLAYER, reason ATTACKER, and cancelled false.
[May 05, 2026 00:31:44.292AM UTC]  PlayerReTagEvent was triggered on xhikoenfasis17 by emi4553 with type PLAYER and reason ATTACKER.
[May 05, 2026 00:31:44.292AM UTC]  PlayerPreTagEvent was triggered on emi4553 by xhikoenfasis17 with type PLAYER, reason ATTACKED, and cancelled false.
[May 05, 2026 00:31:44.292AM UTC]  PlayerReTagEvent was triggered on emi4553 by xhikoenfasis17 with type PLAYER and reason ATTACKED.
[May 05, 2026 00:31:44.292AM UTC]  EntityDamageByEntityEvent was triggered by damaged PLAYER emi4553, damager PLAYER xhikoenfasis17 and cancelled false.
[May 05, 2026 00:31:45.092AM UTC]  PlayerPreTagEvent was triggered on xhikoenfasis17 by emi4553 with type PLAYER, reason ATTACKER, and cancelled false.
[May 05, 2026 00:31:45.093AM UTC]  PlayerReTagEvent was triggered on xhikoenfasis17 by emi4553 with type PLAYER and reason ATTACKER.
[May 05, 2026 00:31:45.093AM UTC]  PlayerPreTagEvent was triggered on emi4553 by xhikoenfasis17 with type PLAYER, reason ATTACKED, and cancelled false.
[May 05, 2026 00:31:45.093AM UTC]  PlayerReTagEvent was triggered on emi4553 by xhikoenfasis17 with type PLAYER and reason ATTACKED.
[May 05, 2026 00:31:45.093AM UTC]  EntityDamageByEntityEvent was triggered by damaged PLAYER emi4553, damager PLAYER xhikoenfasis17 and cancelled false.
[May 05, 2026 00:32:05.423AM UTC]  PlayerPunishEvent was triggered on emi4553 with reason EXPIRE and cancelled true.
[May 05, 2026 00:32:05.424AM UTC]  PlayerUntagEvent was triggered on emi4553 with reason EXPIRE and expire set to true.
[May 05, 2026 00:32:05.425AM UTC]  PlayerPunishEvent was triggered on xhikoenfasis17 with reason EXPIRE and cancelled true.
[May 05, 2026 00:32:05.428AM UTC]  PlayerUntagEvent was triggered on xhikoenfasis17 with reason EXPIRE and expire set to true.
[May 05, 2026 00:32:26.334AM UTC]  PlayerPreTagEvent was triggered on Akukis by emi4553 with type PLAYER, reason ATTACKER, and cancelled true.
[May 05, 2026 00:32:26.334AM UTC]  PlayerPreTagEvent was triggered on emi4553 by Akukis with type PLAYER, reason ATTACKED, and cancelled true.
[May 05, 2026 00:32:26.334AM UTC]  EntityDamageByEntityEvent was triggered by damaged PLAYER emi4553, damager PLAYER Akukis and cancelled false.
[May 05, 2026 00:33:33.383AM UTC]  PlayerPreTagEvent was triggered on Akukis by LITTLE_GHOTS with type PLAYER, reason ATTACKER, and cancelled true.
[May 05, 2026 00:33:33.383AM UTC]  PlayerPreTagEvent was triggered on LITTLE_GHOTS by Akukis with type PLAYER, reason ATTACKED, and cancelled true.
[May 05, 2026 00:33:33.383AM UTC]  EntityDamageByEntityEvent was triggered by damaged PLAYER LITTLE_GHOTS, damager PLAYER Akukis and cancelled false.
[May 05, 2026 00:33:48.706AM UTC]  PlayerPreTagEvent was triggered on xhikoenfasis17 by LITTLE_GHOTS with type PLAYER, reason ATTACKER, and cancelled false.
[May 05, 2026 00:33:48.706AM UTC]  PlayerTagEvent was triggered on xhikoenfasis17 by LITTLE_GHOTS with type PLAYER and reason ATTACKER.
[May 05, 2026 00:33:48.706AM UTC]  PlayerPreTagEvent was triggered on LITTLE_GHOTS by xhikoenfasis17 with type PLAYER, reason ATTACKED, and cancelled false.
[May 05, 2026 00:33:48.707AM UTC]  PlayerTagEvent was triggered on LITTLE_GHOTS by xhikoenfasis17 with type PLAYER and reason ATTACKED.
[May 05, 2026 00:33:48.707AM UTC]  EntityDamageByEntityEvent was triggered by damaged PLAYER LITTLE_GHOTS, damager PLAYER xhikoenfasis17 and cancelled false.
[May 05, 2026 00:33:48.707AM UTC]  PlayerPreTagEvent was triggered on LITTLE_GHOTS by xhikoenfasis17 with type PLAYER, reason ATTACKER, and cancelled false.
[May 05, 2026 00:33:48.707AM UTC]  PlayerReTagEvent was triggered on LITTLE_GHOTS by xhikoenfasis17 with type PLAYER and reason ATTACKER.
[May 05, 2026 00:33:48.707AM UTC]  PlayerPreTagEvent was triggered on xhikoenfasis17 by LITTLE_GHOTS with type PLAYER, reason ATTACKED, and cancelled false.
[May 05, 2026 00:33:48.707AM UTC]  PlayerReTagEvent was triggered on xhikoenfasis17 by LITTLE_GHOTS with type PLAYER and reason ATTACKED.
[May 05, 2026 00:33:48.708AM UTC]  EntityDamageByEntityEvent was triggered by damaged PLAYER xhikoenfasis17, damager PLAYER LITTLE_GHOTS and cancelled false.
[May 05, 2026 00:33:53.350AM UTC]  PlayerPreTagEvent was triggered on xhikoenfasis17 by LITTLE_GHOTS with type PLAYER, reason ATTACKER, and cancelled false.
[May 05, 2026 00:33:53.350AM UTC]  PlayerReTagEvent was triggered on xhikoenfasis17 by LITTLE_GHOTS with type PLAYER and reason ATTACKER.
[May 05, 2026 00:33:53.350AM UTC]  PlayerPreTagEvent was triggered on LITTLE_GHOTS by xhikoenfasis17 with type PLAYER, reason ATTACKED, and cancelled false.
[May 05, 2026 00:33:53.351AM UTC]  PlayerReTagEvent was triggered on LITTLE_GHOTS by xhikoenfasis17 with type PLAYER and reason ATTACKED.
[May 05, 2026 00:33:53.351AM UTC]  EntityDamageByEntityEvent was triggered by damaged PLAYER LITTLE_GHOTS, damager PLAYER xhikoenfasis17 and cancelled false.
[May 05, 2026 00:33:53.351AM UTC]  PlayerPreTagEvent was triggered on LITTLE_GHOTS by xhikoenfasis17 with type PLAYER, reason ATTACKER, and cancelled false.
[May 05, 2026 00:33:53.351AM UTC]  PlayerReTagEvent was triggered on LITTLE_GHOTS by xhikoenfasis17 with type PLAYER and reason ATTACKER.
[May 05, 2026 00:33:53.351AM UTC]  PlayerPreTagEvent was triggered on xhikoenfasis17 by LITTLE_GHOTS with type PLAYER, reason ATTACKED, and cancelled false.
[May 05, 2026 00:33:53.352AM UTC]  PlayerReTagEvent was triggered on xhikoenfasis17 by LITTLE_GHOTS with type PLAYER and reason ATTACKED.
[May 05, 2026 00:33:53.352AM UTC]  EntityDamageByEntityEvent was triggered by damaged PLAYER xhikoenfasis17, damager PLAYER LITTLE_GHOTS and cancelled false.
[May 05, 2026 00:33:53.883AM UTC]  PlayerPreTagEvent was triggered on xhikoenfasis17 by LITTLE_GHOTS with type PLAYER, reason ATTACKER, and cancelled false.
[May 05, 2026 00:33:53.883AM UTC]  PlayerReTagEvent was triggered on xhikoenfasis17 by LITTLE_GHOTS with type PLAYER and reason ATTACKER.
[May 05, 2026 00:33:53.883AM UTC]  PlayerPreTagEvent was triggered on LITTLE_GHOTS by xhikoenfasis17 with type PLAYER, reason ATTACKED, and cancelled false.
[May 05, 2026 00:33:53.883AM UTC]  PlayerReTagEvent was triggered on LITTLE_GHOTS by xhikoenfasis17 with type PLAYER and reason ATTACKED.
[May 05, 2026 00:33:53.883AM UTC]  EntityDamageByEntityEvent was triggered by damaged PLAYER LITTLE_GHOTS, damager PLAYER xhikoenfasis17 and cancelled false.
[May 05, 2026 00:33:54.534AM UTC]  PlayerPreTagEvent was triggered on xhikoenfasis17 by LITTLE_GHOTS with type PLAYER, reason ATTACKER, and cancelled false.
[May 05, 2026 00:33:54.534AM UTC]  PlayerReTagEvent was triggered on xhikoenfasis17 by LITTLE_GHOTS with type PLAYER and reason ATTACKER.
[May 05, 2026 00:33:54.534AM UTC]  PlayerPreTagEvent was triggered on LITTLE_GHOTS by xhikoenfasis17 with type PLAYER, reason ATTACKED, and cancelled false.
[May 05, 2026 00:33:54.534AM UTC]  PlayerReTagEvent was triggered on LITTLE_GHOTS by xhikoenfasis17 with type PLAYER and reason ATTACKED.
[May 05, 2026 00:33:54.534AM UTC]  EntityDamageByEntityEvent was triggered by damaged PLAYER LITTLE_GHOTS, damager PLAYER xhikoenfasis17 and cancelled false.
[May 05, 2026 00:33:55.099AM UTC]  PlayerPreTagEvent was triggered on xhikoenfasis17 by LITTLE_GHOTS with type PLAYER, reason ATTACKER, and cancelled false.
[May 05, 2026 00:33:55.100AM UTC]  PlayerReTagEvent was triggered on xhikoenfasis17 by LITTLE_GHOTS with type PLAYER and reason ATTACKER.
[May 05, 2026 00:33:55.100AM UTC]  PlayerPreTagEvent was triggered on LITTLE_GHOTS by xhikoenfasis17 with type PLAYER, reason ATTACKED, and cancelled false.
[May 05, 2026 00:33:55.100AM UTC]  PlayerReTagEvent was triggered on LITTLE_GHOTS by xhikoenfasis17 with type PLAYER and reason ATTACKED.
[May 05, 2026 00:33:55.100AM UTC]  EntityDamageByEntityEvent was triggered by damaged PLAYER LITTLE_GHOTS, damager PLAYER xhikoenfasis17 and cancelled false.
[May 05, 2026 00:33:55.101AM UTC]  PlayerPreTagEvent was triggered on LITTLE_GHOTS by xhikoenfasis17 with type PLAYER, reason ATTACKER, and cancelled false.
[May 05, 2026 00:33:55.101AM UTC]  PlayerReTagEvent was triggered on LITTLE_GHOTS by xhikoenfasis17 with type PLAYER and reason ATTACKER.
[May 05, 2026 00:33:55.101AM UTC]  PlayerPreTagEvent was triggered on xhikoenfasis17 by LITTLE_GHOTS with type PLAYER, reason ATTACKED, and cancelled false.
[May 05, 2026 00:33:55.101AM UTC]  PlayerReTagEvent was triggered on xhikoenfasis17 by LITTLE_GHOTS with type PLAYER and reason ATTACKED.
[May 05, 2026 00:33:55.101AM UTC]  EntityDamageByEntityEvent was triggered by damaged PLAYER xhikoenfasis17, damager PLAYER LITTLE_GHOTS and cancelled false.
[May 05, 2026 00:33:56.448AM UTC]  PlayerPreTagEvent was triggered on xhikoenfasis17 by LITTLE_GHOTS with type PLAYER, reason ATTACKER, and cancelled false.
[May 05, 2026 00:33:56.448AM UTC]  PlayerReTagEvent was triggered on xhikoenfasis17 by LITTLE_GHOTS with type PLAYER and reason ATTACKER.
[May 05, 2026 00:33:56.449AM UTC]  PlayerPreTagEvent was triggered on LITTLE_GHOTS by xhikoenfasis17 with type PLAYER, reason ATTACKED, and cancelled false.
[May 05, 2026 00:33:56.449AM UTC]  PlayerReTagEvent was triggered on LITTLE_GHOTS by xhikoenfasis17 with type PLAYER and reason ATTACKED.
[May 05, 2026 00:33:56.449AM UTC]  EntityDamageByEntityEvent was triggered by damaged PLAYER LITTLE_GHOTS, damager PLAYER xhikoenfasis17 and cancelled false.
[May 05, 2026 00:33:56.782AM UTC]  PlayerPreTagEvent was triggered on xhikoenfasis17 by LITTLE_GHOTS with type PLAYER, reason ATTACKER, and cancelled false.
[May 05, 2026 00:33:56.783AM UTC]  PlayerReTagEvent was triggered on xhikoenfasis17 by LITTLE_GHOTS with type PLAYER and reason ATTACKER.
[May 05, 2026 00:33:56.783AM UTC]  PlayerPreTagEvent was triggered on LITTLE_GHOTS by xhikoenfasis17 with type PLAYER, reason ATTACKED, and cancelled false.
[May 05, 2026 00:33:56.783AM UTC]  PlayerReTagEvent was triggered on LITTLE_GHOTS by xhikoenfasis17 with type PLAYER and reason ATTACKED.
[May 05, 2026 00:33:56.783AM UTC]  EntityDamageByEntityEvent was triggered by damaged PLAYER LITTLE_GHOTS, damager PLAYER xhikoenfasis17 and cancelled false.
[May 05, 2026 00:33:57.231AM UTC]  PlayerPreTagEvent was triggered on xhikoenfasis17 by LITTLE_GHOTS with type PLAYER, reason ATTACKER, and cancelled false.
[May 05, 2026 00:33:57.231AM UTC]  PlayerReTagEvent was triggered on xhikoenfasis17 by LITTLE_GHOTS with type PLAYER and reason ATTACKER.
[May 05, 2026 00:33:57.231AM UTC]  PlayerPreTagEvent was triggered on LITTLE_GHOTS by xhikoenfasis17 with type PLAYER, reason ATTACKED, and cancelled false.
[May 05, 2026 00:33:57.232AM UTC]  PlayerReTagEvent was triggered on LITTLE_GHOTS by xhikoenfasis17 with type PLAYER and reason ATTACKED.
[May 05, 2026 00:33:57.232AM UTC]  EntityDamageByEntityEvent was triggered by damaged PLAYER LITTLE_GHOTS, damager PLAYER xhikoenfasis17 and cancelled false.
[May 05, 2026 00:33:57.895AM UTC]  PlayerPreTagEvent was triggered on xhikoenfasis17 by LITTLE_GHOTS with type PLAYER, reason ATTACKER, and cancelled false.
[May 05, 2026 00:33:57.895AM UTC]  PlayerReTagEvent was triggered on xhikoenfasis17 by LITTLE_GHOTS with type PLAYER and reason ATTACKER.
[May 05, 2026 00:33:57.896AM UTC]  PlayerPreTagEvent was triggered on LITTLE_GHOTS by xhikoenfasis17 with type PLAYER, reason ATTACKED, and cancelled false.
[May 05, 2026 00:33:57.896AM UTC]  PlayerReTagEvent was triggered on LITTLE_GHOTS by xhikoenfasis17 with type PLAYER and reason ATTACKED.
[May 05, 2026 00:33:57.896AM UTC]  EntityDamageByEntityEvent was triggered by damaged PLAYER LITTLE_GHOTS, damager PLAYER xhikoenfasis17 and cancelled false.
[May 05, 2026 00:33:58.802AM UTC]  PlayerPreTagEvent was triggered on xhikoenfasis17 by LITTLE_GHOTS with type PLAYER, reason ATTACKER, and cancelled false.
[May 05, 2026 00:33:58.803AM UTC]  PlayerReTagEvent was triggered on xhikoenfasis17 by LITTLE_GHOTS with type PLAYER and reason ATTACKER.
[May 05, 2026 00:33:58.803AM UTC]  PlayerPreTagEvent was triggered on LITTLE_GHOTS by xhikoenfasis17 with type PLAYER, reason ATTACKED, and cancelled false.
[May 05, 2026 00:33:58.803AM UTC]  PlayerReTagEvent was triggered on LITTLE_GHOTS by xhikoenfasis17 with type PLAYER and reason ATTACKED.
[May 05, 2026 00:33:58.803AM UTC]  EntityDamageByEntityEvent was triggered by damaged PLAYER LITTLE_GHOTS, damager PLAYER xhikoenfasis17 and cancelled false.
[May 05, 2026 00:33:58.804AM UTC]  PlayerPreTagEvent was triggered on LITTLE_GHOTS by xhikoenfasis17 with type PLAYER, reason ATTACKER, and cancelled false.
[May 05, 2026 00:33:58.804AM UTC]  PlayerReTagEvent was triggered on LITTLE_GHOTS by xhikoenfasis17 with type PLAYER and reason ATTACKER.
[May 05, 2026 00:33:58.804AM UTC]  PlayerPreTagEvent was triggered on xhikoenfasis17 by LITTLE_GHOTS with type PLAYER, reason ATTACKED, and cancelled false.
[May 05, 2026 00:33:58.806AM UTC]  PlayerReTagEvent was triggered on xhikoenfasis17 by LITTLE_GHOTS with type PLAYER and reason ATTACKED.
[May 05, 2026 00:33:58.806AM UTC]  EntityDamageByEntityEvent was triggered by damaged PLAYER xhikoenfasis17, damager PLAYER LITTLE_GHOTS and cancelled false.
[May 05, 2026 00:34:01.049AM UTC]  PlayerPreTagEvent was triggered on xhikoenfasis17 by LITTLE_GHOTS with type PLAYER, reason ATTACKER, and cancelled false.
[May 05, 2026 00:34:01.050AM UTC]  PlayerReTagEvent was triggered on xhikoenfasis17 by LITTLE_GHOTS with type PLAYER and reason ATTACKER.
[May 05, 2026 00:34:01.050AM UTC]  PlayerPreTagEvent was triggered on LITTLE_GHOTS by xhikoenfasis17 with type PLAYER, reason ATTACKED, and cancelled false.
[May 05, 2026 00:34:01.050AM UTC]  PlayerReTagEvent was triggered on LITTLE_GHOTS by xhikoenfasis17 with type PLAYER and reason ATTACKED.
[May 05, 2026 00:34:01.050AM UTC]  EntityDamageByEntityEvent was triggered by damaged PLAYER LITTLE_GHOTS, damager PLAYER xhikoenfasis17 and cancelled false.
[May 05, 2026 00:34:01.051AM UTC]  PlayerPreTagEvent was triggered on LITTLE_GHOTS by xhikoenfasis17 with type PLAYER, reason ATTACKER, and cancelled false.
[May 05, 2026 00:34:01.051AM UTC]  PlayerReTagEvent was triggered on LITTLE_GHOTS by xhikoenfasis17 with type PLAYER and reason ATTACKER.
[May 05, 2026 00:34:01.051AM UTC]  PlayerPreTagEvent was triggered on xhikoenfasis17 by LITTLE_GHOTS with type PLAYER, reason ATTACKED, and cancelled false.
[May 05, 2026 00:34:01.051AM UTC]  PlayerReTagEvent was triggered on xhikoenfasis17 by LITTLE_GHOTS with type PLAYER and reason ATTACKED.
[May 05, 2026 00:34:01.051AM UTC]  EntityDamageByEntityEvent was triggered by damaged PLAYER xhikoenfasis17, damager PLAYER LITTLE_GHOTS and cancelled false.
[May 05, 2026 00:34:03.447AM UTC]  PlayerPreTagEvent was triggered on xhikoenfasis17 by LITTLE_GHOTS with type PLAYER, reason ATTACKER, and cancelled false.
[May 05, 2026 00:34:03.447AM UTC]  PlayerReTagEvent was triggered on xhikoenfasis17 by LITTLE_GHOTS with type PLAYER and reason ATTACKER.
[May 05, 2026 00:34:03.448AM UTC]  PlayerPreTagEvent was triggered on LITTLE_GHOTS by xhikoenfasis17 with type PLAYER, reason ATTACKED, and cancelled false.
[May 05, 2026 00:34:03.448AM UTC]  PlayerReTagEvent was triggered on LITTLE_GHOTS by xhikoenfasis17 with type PLAYER and reason ATTACKED.
[May 05, 2026 00:34:03.448AM UTC]  EntityDamageByEntityEvent was triggered by damaged PLAYER LITTLE_GHOTS, damager PLAYER xhikoenfasis17 and cancelled false.
[May 05, 2026 00:34:03.448AM UTC]  PlayerPreTagEvent was triggered on LITTLE_GHOTS by xhikoenfasis17 with type PLAYER, reason ATTACKER, and cancelled false.
[May 05, 2026 00:34:03.449AM UTC]  PlayerReTagEvent was triggered on LITTLE_GHOTS by xhikoenfasis17 with type PLAYER and reason ATTACKER.
[May 05, 2026 00:34:03.449AM UTC]  PlayerPreTagEvent was triggered on xhikoenfasis17 by LITTLE_GHOTS with type PLAYER, reason ATTACKED, and cancelled false.
[May 05, 2026 00:34:03.449AM UTC]  PlayerReTagEvent was triggered on xhikoenfasis17 by LITTLE_GHOTS with type PLAYER and reason ATTACKED.
[May 05, 2026 00:34:03.449AM UTC]  EntityDamageByEntityEvent was triggered by damaged PLAYER xhikoenfasis17, damager PLAYER LITTLE_GHOTS and cancelled false.
[May 05, 2026 00:34:06.397AM UTC]  PlayerPreTagEvent was triggered on xhikoenfasis17 by LITTLE_GHOTS with type PLAYER, reason ATTACKER, and cancelled false.
[May 05, 2026 00:34:06.397AM UTC]  PlayerReTagEvent was triggered on xhikoenfasis17 by LITTLE_GHOTS with type PLAYER and reason ATTACKER.
[May 05, 2026 00:34:06.397AM UTC]  PlayerPreTagEvent was triggered on LITTLE_GHOTS by xhikoenfasis17 with type PLAYER, reason ATTACKED, and cancelled false.
[May 05, 2026 00:34:06.398AM UTC]  PlayerReTagEvent was triggered on LITTLE_GHOTS by xhikoenfasis17 with type PLAYER and reason ATTACKED.
[May 05, 2026 00:34:06.398AM UTC]  EntityDamageByEntityEvent was triggered by damaged PLAYER LITTLE_GHOTS, damager PLAYER xhikoenfasis17 and cancelled false.
[May 05, 2026 00:34:06.398AM UTC]  PlayerPreTagEvent was triggered on LITTLE_GHOTS by xhikoenfasis17 with type PLAYER, reason ATTACKER, and cancelled false.
[May 05, 2026 00:34:06.398AM UTC]  PlayerReTagEvent was triggered on LITTLE_GHOTS by xhikoenfasis17 with type PLAYER and reason ATTACKER.
[May 05, 2026 00:34:06.398AM UTC]  PlayerPreTagEvent was triggered on xhikoenfasis17 by LITTLE_GHOTS with type PLAYER, reason ATTACKED, and cancelled false.
[May 05, 2026 00:34:06.399AM UTC]  PlayerReTagEvent was triggered on xhikoenfasis17 by LITTLE_GHOTS with type PLAYER and reason ATTACKED.
[May 05, 2026 00:34:06.399AM UTC]  EntityDamageByEntityEvent was triggered by damaged PLAYER xhikoenfasis17, damager PLAYER LITTLE_GHOTS and cancelled false.
[May 05, 2026 00:34:08.435AM UTC]  PlayerPreTagEvent was triggered on xhikoenfasis17 by LITTLE_GHOTS with type PLAYER, reason ATTACKER, and cancelled false.
[May 05, 2026 00:34:08.436AM UTC]  PlayerReTagEvent was triggered on xhikoenfasis17 by LITTLE_GHOTS with type PLAYER and reason ATTACKER.
[May 05, 2026 00:34:08.436AM UTC]  PlayerPreTagEvent was triggered on LITTLE_GHOTS by xhikoenfasis17 with type PLAYER, reason ATTACKED, and cancelled false.
[May 05, 2026 00:34:08.436AM UTC]  PlayerReTagEvent was triggered on LITTLE_GHOTS by xhikoenfasis17 with type PLAYER and reason ATTACKED.
[May 05, 2026 00:34:08.436AM UTC]  EntityDamageByEntityEvent was triggered by damaged PLAYER LITTLE_GHOTS, damager PLAYER xhikoenfasis17 and cancelled false.
[May 05, 2026 00:34:09.897AM UTC]  PlayerPreTagEvent was triggered on xhikoenfasis17 by LITTLE_GHOTS with type PLAYER, reason ATTACKER, and cancelled false.
[May 05, 2026 00:34:09.897AM UTC]  PlayerReTagEvent was triggered on xhikoenfasis17 by LITTLE_GHOTS with type PLAYER and reason ATTACKER.
[May 05, 2026 00:34:09.897AM UTC]  PlayerPreTagEvent was triggered on LITTLE_GHOTS by xhikoenfasis17 with type PLAYER, reason ATTACKED, and cancelled false.
[May 05, 2026 00:34:09.898AM UTC]  PlayerReTagEvent was triggered on LITTLE_GHOTS by xhikoenfasis17 with type PLAYER and reason ATTACKED.
[May 05, 2026 00:34:09.898AM UTC]  EntityDamageByEntityEvent was triggered by damaged PLAYER LITTLE_GHOTS, damager PLAYER xhikoenfasis17 and cancelled false.
[May 05, 2026 00:34:10.547AM UTC]  PlayerPreTagEvent was triggered on xhikoenfasis17 by LITTLE_GHOTS with type PLAYER, reason ATTACKER, and cancelled false.
[May 05, 2026 00:34:10.547AM UTC]  PlayerReTagEvent was triggered on xhikoenfasis17 by LITTLE_GHOTS with type PLAYER and reason ATTACKER.
[May 05, 2026 00:34:10.547AM UTC]  PlayerPreTagEvent was triggered on LITTLE_GHOTS by xhikoenfasis17 with type PLAYER, reason ATTACKED, and cancelled false.
[May 05, 2026 00:34:10.547AM UTC]  PlayerReTagEvent was triggered on LITTLE_GHOTS by xhikoenfasis17 with type PLAYER and reason ATTACKED.
[May 05, 2026 00:34:10.548AM UTC]  EntityDamageByEntityEvent was triggered by damaged PLAYER LITTLE_GHOTS, damager PLAYER xhikoenfasis17 and cancelled false.
[May 05, 2026 00:34:10.548AM UTC]  PlayerPreTagEvent was triggered on LITTLE_GHOTS by xhikoenfasis17 with type PLAYER, reason ATTACKER, and cancelled false.
[May 05, 2026 00:34:10.548AM UTC]  PlayerReTagEvent was triggered on LITTLE_GHOTS by xhikoenfasis17 with type PLAYER and reason ATTACKER.
[May 05, 2026 00:34:10.548AM UTC]  PlayerPreTagEvent was triggered on xhikoenfasis17 by LITTLE_GHOTS with type PLAYER, reason ATTACKED, and cancelled false.
[May 05, 2026 00:34:10.549AM UTC]  PlayerReTagEvent was triggered on xhikoenfasis17 by LITTLE_GHOTS with type PLAYER and reason ATTACKED.
[May 05, 2026 00:34:10.549AM UTC]  EntityDamageByEntityEvent was triggered by damaged PLAYER xhikoenfasis17, damager PLAYER LITTLE_GHOTS and cancelled false.
[May 05, 2026 00:34:12.296AM UTC]  PlayerPreTagEvent was triggered on xhikoenfasis17 by LITTLE_GHOTS with type PLAYER, reason ATTACKER, and cancelled false.
[May 05, 2026 00:34:12.296AM UTC]  PlayerReTagEvent was triggered on xhikoenfasis17 by LITTLE_GHOTS with type PLAYER and reason ATTACKER.
[May 05, 2026 00:34:12.296AM UTC]  PlayerPreTagEvent was triggered on LITTLE_GHOTS by xhikoenfasis17 with type PLAYER, reason ATTACKED, and cancelled false.
[May 05, 2026 00:34:12.296AM UTC]  PlayerReTagEvent was triggered on LITTLE_GHOTS by xhikoenfasis17 with type PLAYER and reason ATTACKED.
[May 05, 2026 00:34:12.297AM UTC]  EntityDamageByEntityEvent was triggered by damaged PLAYER LITTLE_GHOTS, damager PLAYER xhikoenfasis17 and cancelled false.
[May 05, 2026 00:34:15.045AM UTC]  PlayerPreTagEvent was triggered on xhikoenfasis17 by LITTLE_GHOTS with type PLAYER, reason ATTACKER, and cancelled false.
[May 05, 2026 00:34:15.045AM UTC]  PlayerReTagEvent was triggered on xhikoenfasis17 by LITTLE_GHOTS with type PLAYER and reason ATTACKER.
[May 05, 2026 00:34:15.045AM UTC]  PlayerPreTagEvent was triggered on LITTLE_GHOTS by xhikoenfasis17 with type PLAYER, reason ATTACKED, and cancelled false.
[May 05, 2026 00:34:15.045AM UTC]  PlayerReTagEvent was triggered on LITTLE_GHOTS by xhikoenfasis17 with type PLAYER and reason ATTACKED.
[May 05, 2026 00:34:15.046AM UTC]  EntityDamageByEntityEvent was triggered by damaged PLAYER LITTLE_GHOTS, damager PLAYER xhikoenfasis17 and cancelled false.
[May 05, 2026 00:34:15.046AM UTC]  PlayerPreTagEvent was triggered on LITTLE_GHOTS by xhikoenfasis17 with type PLAYER, reason ATTACKER, and cancelled false.
[May 05, 2026 00:34:15.046AM UTC]  PlayerReTagEvent was triggered on LITTLE_GHOTS by xhikoenfasis17 with type PLAYER and reason ATTACKER.
[May 05, 2026 00:34:15.046AM UTC]  PlayerPreTagEvent was triggered on xhikoenfasis17 by LITTLE_GHOTS with type PLAYER, reason ATTACKED, and cancelled false.
[May 05, 2026 00:34:15.046AM UTC]  PlayerReTagEvent was triggered on xhikoenfasis17 by LITTLE_GHOTS with type PLAYER and reason ATTACKED.
[May 05, 2026 00:34:15.047AM UTC]  EntityDamageByEntityEvent was triggered by damaged PLAYER xhikoenfasis17, damager PLAYER LITTLE_GHOTS and cancelled false.
[May 05, 2026 00:34:18.101AM UTC]  PlayerPreTagEvent was triggered on xhikoenfasis17 by LITTLE_GHOTS with type PLAYER, reason ATTACKER, and cancelled false.
[May 05, 2026 00:34:18.101AM UTC]  PlayerReTagEvent was triggered on xhikoenfasis17 by LITTLE_GHOTS with type PLAYER and reason ATTACKER.
[May 05, 2026 00:34:18.102AM UTC]  PlayerPreTagEvent was triggered on LITTLE_GHOTS by xhikoenfasis17 with type PLAYER, reason ATTACKED, and cancelled false.
[May 05, 2026 00:34:18.102AM UTC]  PlayerReTagEvent was triggered on LITTLE_GHOTS by xhikoenfasis17 with type PLAYER and reason ATTACKED.
[May 05, 2026 00:34:18.102AM UTC]  EntityDamageByEntityEvent was triggered by damaged PLAYER LITTLE_GHOTS, damager PLAYER xhikoenfasis17 and cancelled false.
[May 05, 2026 00:34:18.943AM UTC]  PlayerPreTagEvent was triggered on xhikoenfasis17 by LITTLE_GHOTS with type PLAYER, reason ATTACKER, and cancelled false.
[May 05, 2026 00:34:18.944AM UTC]  PlayerReTagEvent was triggered on xhikoenfasis17 by LITTLE_GHOTS with type PLAYER and reason ATTACKER.
[May 05, 2026 00:34:18.944AM UTC]  PlayerPreTagEvent was triggered on LITTLE_GHOTS by xhikoenfasis17 with type PLAYER, reason ATTACKED, and cancelled false.
[May 05, 2026 00:34:18.944AM UTC]  PlayerReTagEvent was triggered on LITTLE_GHOTS by xhikoenfasis17 with type PLAYER and reason ATTACKED.
[May 05, 2026 00:34:18.944AM UTC]  EntityDamageByEntityEvent was triggered by damaged PLAYER LITTLE_GHOTS, damager PLAYER xhikoenfasis17 and cancelled false.
[May 05, 2026 00:34:22.196AM UTC]  PlayerPreTagEvent was triggered on xhikoenfasis17 by emi4553 with type PLAYER, reason ATTACKER, and cancelled false.
[May 05, 2026 00:34:22.196AM UTC]  PlayerReTagEvent was triggered on xhikoenfasis17 by emi4553 with type PLAYER and reason ATTACKER.
[May 05, 2026 00:34:22.197AM UTC]  PlayerPreTagEvent was triggered on emi4553 by xhikoenfasis17 with type PLAYER, reason ATTACKED, and cancelled false.
[May 05, 2026 00:34:22.197AM UTC]  PlayerTagEvent was triggered on emi4553 by xhikoenfasis17 with type PLAYER and reason ATTACKED.
[May 05, 2026 00:34:22.197AM UTC]  EntityDamageByEntityEvent was triggered by damaged PLAYER emi4553, damager PLAYER xhikoenfasis17 and cancelled false.
[May 05, 2026 00:34:22.843AM UTC]  PlayerPreTagEvent was triggered on xhikoenfasis17 by emi4553 with type PLAYER, reason ATTACKER, and cancelled false.
[May 05, 2026 00:34:22.843AM UTC]  PlayerReTagEvent was triggered on xhikoenfasis17 by emi4553 with type PLAYER and reason ATTACKER.
[May 05, 2026 00:34:22.843AM UTC]  PlayerPreTagEvent was triggered on emi4553 by xhikoenfasis17 with type PLAYER, reason ATTACKED, and cancelled false.
[May 05, 2026 00:34:22.844AM UTC]  PlayerReTagEvent was triggered on emi4553 by xhikoenfasis17 with type PLAYER and reason ATTACKED.
[May 05, 2026 00:34:22.844AM UTC]  EntityDamageByEntityEvent was triggered by damaged PLAYER emi4553, damager PLAYER xhikoenfasis17 and cancelled false.
[May 05, 2026 00:34:25.445AM UTC]  PlayerPreTagEvent was triggered on xhikoenfasis17 by emi4553 with type PLAYER, reason ATTACKER, and cancelled false.
[May 05, 2026 00:34:25.445AM UTC]  PlayerReTagEvent was triggered on xhikoenfasis17 by emi4553 with type PLAYER and reason ATTACKER.
[May 05, 2026 00:34:25.446AM UTC]  PlayerPreTagEvent was triggered on emi4553 by xhikoenfasis17 with type PLAYER, reason ATTACKED, and cancelled false.
[May 05, 2026 00:34:25.446AM UTC]  PlayerReTagEvent was triggered on emi4553 by xhikoenfasis17 with type PLAYER and reason ATTACKED.
[May 05, 2026 00:34:25.446AM UTC]  EntityDamageByEntityEvent was triggered by damaged PLAYER emi4553, damager PLAYER xhikoenfasis17 and cancelled false.
[May 05, 2026 00:34:26.045AM UTC]  PlayerPreTagEvent was triggered on xhikoenfasis17 by emi4553 with type PLAYER, reason ATTACKER, and cancelled false.
[May 05, 2026 00:34:26.045AM UTC]  PlayerReTagEvent was triggered on xhikoenfasis17 by emi4553 with type PLAYER and reason ATTACKER.
[May 05, 2026 00:34:26.045AM UTC]  PlayerPreTagEvent was triggered on emi4553 by xhikoenfasis17 with type PLAYER, reason ATTACKED, and cancelled false.
[May 05, 2026 00:34:26.045AM UTC]  PlayerReTagEvent was triggered on emi4553 by xhikoenfasis17 with type PLAYER and reason ATTACKED.
[May 05, 2026 00:34:26.046AM UTC]  EntityDamageByEntityEvent was triggered by damaged PLAYER emi4553, damager PLAYER xhikoenfasis17 and cancelled false.
[May 05, 2026 00:34:26.703AM UTC]  PlayerPreTagEvent was triggered on xhikoenfasis17 by emi4553 with type PLAYER, reason ATTACKER, and cancelled false.
[May 05, 2026 00:34:26.703AM UTC]  PlayerReTagEvent was triggered on xhikoenfasis17 by emi4553 with type PLAYER and reason ATTACKER.
[May 05, 2026 00:34:26.703AM UTC]  PlayerPreTagEvent was triggered on emi4553 by xhikoenfasis17 with type PLAYER, reason ATTACKED, and cancelled false.
[May 05, 2026 00:34:26.704AM UTC]  PlayerReTagEvent was triggered on emi4553 by xhikoenfasis17 with type PLAYER and reason ATTACKED.
[May 05, 2026 00:34:26.704AM UTC]  EntityDamageByEntityEvent was triggered by damaged PLAYER emi4553, damager PLAYER xhikoenfasis17 and cancelled false.
[May 05, 2026 00:34:27.395AM UTC]  PlayerPreTagEvent was triggered on xhikoenfasis17 by emi4553 with type PLAYER, reason ATTACKER, and cancelled false.
[May 05, 2026 00:34:27.395AM UTC]  PlayerReTagEvent was triggered on xhikoenfasis17 by emi4553 with type PLAYER and reason ATTACKER.
[May 05, 2026 00:34:27.395AM UTC]  PlayerPreTagEvent was triggered on emi4553 by xhikoenfasis17 with type PLAYER, reason ATTACKED, and cancelled false.
[May 05, 2026 00:34:27.395AM UTC]  PlayerReTagEvent was triggered on emi4553 by xhikoenfasis17 with type PLAYER and reason ATTACKED.
[May 05, 2026 00:34:27.396AM UTC]  EntityDamageByEntityEvent was triggered by damaged PLAYER emi4553, damager PLAYER xhikoenfasis17 and cancelled false.
[May 05, 2026 00:34:28.040AM UTC]  PlayerPreTagEvent was triggered on xhikoenfasis17 by emi4553 with type PLAYER, reason ATTACKER, and cancelled false.
[May 05, 2026 00:34:28.040AM UTC]  PlayerReTagEvent was triggered on xhikoenfasis17 by emi4553 with type PLAYER and reason ATTACKER.
[May 05, 2026 00:34:28.040AM UTC]  PlayerPreTagEvent was triggered on emi4553 by xhikoenfasis17 with type PLAYER, reason ATTACKED, and cancelled false.
[May 05, 2026 00:34:28.040AM UTC]  PlayerReTagEvent was triggered on emi4553 by xhikoenfasis17 with type PLAYER and reason ATTACKED.
[May 05, 2026 00:34:28.040AM UTC]  EntityDamageByEntityEvent was triggered by damaged PLAYER emi4553, damager PLAYER xhikoenfasis17 and cancelled false.
[May 05, 2026 00:34:28.693AM UTC]  PlayerPreTagEvent was triggered on xhikoenfasis17 by emi4553 with type PLAYER, reason ATTACKER, and cancelled false.
[May 05, 2026 00:34:28.694AM UTC]  PlayerReTagEvent was triggered on xhikoenfasis17 by emi4553 with type PLAYER and reason ATTACKER.
[May 05, 2026 00:34:28.694AM UTC]  PlayerPreTagEvent was triggered on emi4553 by xhikoenfasis17 with type PLAYER, reason ATTACKED, and cancelled false.
[May 05, 2026 00:34:28.694AM UTC]  PlayerReTagEvent was triggered on emi4553 by xhikoenfasis17 with type PLAYER and reason ATTACKED.
[May 05, 2026 00:34:28.694AM UTC]  EntityDamageByEntityEvent was triggered by damaged PLAYER emi4553, damager PLAYER xhikoenfasis17 and cancelled false.
[May 05, 2026 00:34:29.345AM UTC]  PlayerPreTagEvent was triggered on xhikoenfasis17 by emi4553 with type PLAYER, reason ATTACKER, and cancelled false.
[May 05, 2026 00:34:29.345AM UTC]  PlayerReTagEvent was triggered on xhikoenfasis17 by emi4553 with type PLAYER and reason ATTACKER.
[May 05, 2026 00:34:29.345AM UTC]  PlayerPreTagEvent was triggered on emi4553 by xhikoenfasis17 with type PLAYER, reason ATTACKED, and cancelled false.
[May 05, 2026 00:34:29.345AM UTC]  PlayerReTagEvent was triggered on emi4553 by xhikoenfasis17 with type PLAYER and reason ATTACKED.
[May 05, 2026 00:34:29.345AM UTC]  EntityDamageByEntityEvent was triggered by damaged PLAYER emi4553, damager PLAYER xhikoenfasis17 and cancelled false.
[May 05, 2026 00:34:29.994AM UTC]  PlayerPreTagEvent was triggered on xhikoenfasis17 by emi4553 with type PLAYER, reason ATTACKER, and cancelled false.
[May 05, 2026 00:34:29.994AM UTC]  PlayerReTagEvent was triggered on xhikoenfasis17 by emi4553 with type PLAYER and reason ATTACKER.
[May 05, 2026 00:34:29.994AM UTC]  PlayerPreTagEvent was triggered on emi4553 by xhikoenfasis17 with type PLAYER, reason ATTACKED, and cancelled false.
[May 05, 2026 00:34:29.994AM UTC]  PlayerReTagEvent was triggered on emi4553 by xhikoenfasis17 with type PLAYER and reason ATTACKED.
[May 05, 2026 00:34:29.995AM UTC]  EntityDamageByEntityEvent was triggered by damaged PLAYER emi4553, damager PLAYER xhikoenfasis17 and cancelled false.
[May 05, 2026 00:34:30.694AM UTC]  PlayerPreTagEvent was triggered on xhikoenfasis17 by emi4553 with type PLAYER, reason ATTACKER, and cancelled false.
[May 05, 2026 00:34:30.695AM UTC]  PlayerReTagEvent was triggered on xhikoenfasis17 by emi4553 with type PLAYER and reason ATTACKER.
[May 05, 2026 00:34:30.695AM UTC]  PlayerPreTagEvent was triggered on emi4553 by xhikoenfasis17 with type PLAYER, reason ATTACKED, and cancelled false.
[May 05, 2026 00:34:30.695AM UTC]  PlayerReTagEvent was triggered on emi4553 by xhikoenfasis17 with type PLAYER and reason ATTACKED.
[May 05, 2026 00:34:30.695AM UTC]  EntityDamageByEntityEvent was triggered by damaged PLAYER emi4553, damager PLAYER xhikoenfasis17 and cancelled false.
[May 05, 2026 00:34:30.833AM UTC]  PlayerPreTagEvent was triggered on Akukis by xhikoenfasis17 with type PLAYER, reason ATTACKER, and cancelled true.
[May 05, 2026 00:34:30.833AM UTC]  PlayerPreTagEvent was triggered on xhikoenfasis17 by Akukis with type PLAYER, reason ATTACKED, and cancelled true.
[May 05, 2026 00:34:30.834AM UTC]  EntityDamageByEntityEvent was triggered by damaged PLAYER xhikoenfasis17, damager PLAYER Akukis and cancelled false.
[May 05, 2026 00:34:30.835AM UTC]  PlayerPunishEvent was triggered on xhikoenfasis17 with reason SELF_DEATH and cancelled true.
[May 05, 2026 00:34:30.835AM UTC]  PlayerUntagEvent was triggered on xhikoenfasis17 with reason SELF_DEATH and expire set to true.
[May 05, 2026 00:34:30.835AM UTC]  PlayerPunishEvent was triggered on emi4553 with reason ENEMY_DEATH and cancelled true.
[May 05, 2026 00:34:30.835AM UTC]  PlayerUntagEvent was triggered on emi4553 with reason ENEMY_DEATH and expire set to true.
[May 05, 2026 00:34:30.835AM UTC]  PlayerPunishEvent was triggered on LITTLE_GHOTS with reason ENEMY_DEATH and cancelled true.
[May 05, 2026 00:34:30.835AM UTC]  PlayerUntagEvent was triggered on LITTLE_GHOTS with reason ENEMY_DEATH and expire set to true.
[May 05, 2026 00:34:40.133AM UTC]  PlayerPreTagEvent was triggered on xhikoenfasis17 by emi4553 with type PLAYER, reason ATTACKER, and cancelled false.
[May 05, 2026 00:34:40.133AM UTC]  PlayerTagEvent was triggered on xhikoenfasis17 by emi4553 with type PLAYER and reason ATTACKER.
[May 05, 2026 00:34:40.134AM UTC]  PlayerPreTagEvent was triggered on emi4553 by xhikoenfasis17 with type PLAYER, reason ATTACKED, and cancelled false.
[May 05, 2026 00:34:40.134AM UTC]  PlayerTagEvent was triggered on emi4553 by xhikoenfasis17 with type PLAYER and reason ATTACKED.
[May 05, 2026 00:34:40.134AM UTC]  EntityDamageByEntityEvent was triggered by damaged PLAYER emi4553, damager PLAYER xhikoenfasis17 and cancelled false.
[May 05, 2026 00:34:40.619AM UTC]  PlayerPreTagEvent was triggered on emi4553 by xhikoenfasis17 with type PLAYER, reason ATTACKER, and cancelled false.
[May 05, 2026 00:34:40.620AM UTC]  PlayerReTagEvent was triggered on emi4553 by xhikoenfasis17 with type PLAYER and reason ATTACKER.
[May 05, 2026 00:34:40.620AM UTC]  PlayerPreTagEvent was triggered on xhikoenfasis17 by emi4553 with type PLAYER, reason ATTACKED, and cancelled false.
[May 05, 2026 00:34:40.620AM UTC]  PlayerReTagEvent was triggered on xhikoenfasis17 by emi4553 with type PLAYER and reason ATTACKED.
[May 05, 2026 00:34:40.620AM UTC]  EntityDamageByEntityEvent was triggered by damaged PLAYER xhikoenfasis17, damager PLAYER emi4553 and cancelled false.
[May 05, 2026 00:34:40.622AM UTC]  PlayerPunishEvent was triggered on xhikoenfasis17 with reason SELF_DEATH and cancelled true.
[May 05, 2026 00:34:40.622AM UTC]  PlayerUntagEvent was triggered on xhikoenfasis17 with reason SELF_DEATH and expire set to true.
[May 05, 2026 00:34:40.622AM UTC]  PlayerPunishEvent was triggered on emi4553 with reason ENEMY_DEATH and cancelled true.
[May 05, 2026 00:34:40.622AM UTC]  PlayerUntagEvent was triggered on emi4553 with reason ENEMY_DEATH and expire set to true.
[May 05, 2026 00:34:46.744AM UTC]  PlayerPreTagEvent was triggered on xhikoenfasis17 by emi4553 with type PLAYER, reason ATTACKER, and cancelled false.
[May 05, 2026 00:34:46.744AM UTC]  PlayerTagEvent was triggered on xhikoenfasis17 by emi4553 with type PLAYER and reason ATTACKER.
[May 05, 2026 00:34:46.744AM UTC]  PlayerPreTagEvent was triggered on emi4553 by xhikoenfasis17 with type PLAYER, reason ATTACKED, and cancelled false.
[May 05, 2026 00:34:46.744AM UTC]  PlayerTagEvent was triggered on emi4553 by xhikoenfasis17 with type PLAYER and reason ATTACKED.
[May 05, 2026 00:34:46.745AM UTC]  EntityDamageByEntityEvent was triggered by damaged PLAYER emi4553, damager PLAYER xhikoenfasis17 and cancelled false.
[May 05, 2026 00:34:47.446AM UTC]  PlayerPreTagEvent was triggered on xhikoenfasis17 by emi4553 with type PLAYER, reason ATTACKER, and cancelled false.
[May 05, 2026 00:34:47.447AM UTC]  PlayerReTagEvent was triggered on xhikoenfasis17 by emi4553 with type PLAYER and reason ATTACKER.
[May 05, 2026 00:34:47.447AM UTC]  PlayerPreTagEvent was triggered on emi4553 by xhikoenfasis17 with type PLAYER, reason ATTACKED, and cancelled false.
[May 05, 2026 00:34:47.447AM UTC]  PlayerReTagEvent was triggered on emi4553 by xhikoenfasis17 with type PLAYER and reason ATTACKED.
[May 05, 2026 00:34:47.447AM UTC]  EntityDamageByEntityEvent was triggered by damaged PLAYER emi4553, damager PLAYER xhikoenfasis17 and cancelled false.
[May 05, 2026 00:34:48.796AM UTC]  PlayerPreTagEvent was triggered on xhikoenfasis17 by emi4553 with type PLAYER, reason ATTACKER, and cancelled false.
[May 05, 2026 00:34:48.796AM UTC]  PlayerReTagEvent was triggered on xhikoenfasis17 by emi4553 with type PLAYER and reason ATTACKER.
[May 05, 2026 00:34:48.796AM UTC]  PlayerPreTagEvent was triggered on emi4553 by xhikoenfasis17 with type PLAYER, reason ATTACKED, and cancelled false.
[May 05, 2026 00:34:48.796AM UTC]  PlayerReTagEvent was triggered on emi4553 by xhikoenfasis17 with type PLAYER and reason ATTACKED.
[May 05, 2026 00:34:48.797AM UTC]  EntityDamageByEntityEvent was triggered by damaged PLAYER emi4553, damager PLAYER xhikoenfasis17 and cancelled false.
[May 05, 2026 00:34:49.184AM UTC]  PlayerPreTagEvent was triggered on Akukis by xhikoenfasis17 with type PLAYER, reason ATTACKER, and cancelled true.
[May 05, 2026 00:34:49.184AM UTC]  PlayerPreTagEvent was triggered on xhikoenfasis17 by Akukis with type PLAYER, reason ATTACKED, and cancelled true.
[May 05, 2026 00:34:49.185AM UTC]  EntityDamageByEntityEvent was triggered by damaged PLAYER xhikoenfasis17, damager PLAYER Akukis and cancelled false.
[May 05, 2026 00:34:49.345AM UTC]  PlayerPreTagEvent was triggered on xhikoenfasis17 by emi4553 with type PLAYER, reason ATTACKER, and cancelled false.
[May 05, 2026 00:34:49.346AM UTC]  PlayerReTagEvent was triggered on xhikoenfasis17 by emi4553 with type PLAYER and reason ATTACKER.
[May 05, 2026 00:34:49.346AM UTC]  PlayerPreTagEvent was triggered on emi4553 by xhikoenfasis17 with type PLAYER, reason ATTACKED, and cancelled false.
[May 05, 2026 00:34:49.346AM UTC]  PlayerReTagEvent was triggered on emi4553 by xhikoenfasis17 with type PLAYER and reason ATTACKED.
[May 05, 2026 00:34:49.346AM UTC]  EntityDamageByEntityEvent was triggered by damaged PLAYER emi4553, damager PLAYER xhikoenfasis17 and cancelled false.
[May 05, 2026 00:34:49.945AM UTC]  PlayerPreTagEvent was triggered on xhikoenfasis17 by emi4553 with type PLAYER, reason ATTACKER, and cancelled false.
[May 05, 2026 00:34:49.945AM UTC]  PlayerReTagEvent was triggered on xhikoenfasis17 by emi4553 with type PLAYER and reason ATTACKER.
[May 05, 2026 00:34:49.945AM UTC]  PlayerPreTagEvent was triggered on emi4553 by xhikoenfasis17 with type PLAYER, reason ATTACKED, and cancelled false.
[May 05, 2026 00:34:49.946AM UTC]  PlayerReTagEvent was triggered on emi4553 by xhikoenfasis17 with type PLAYER and reason ATTACKED.
[May 05, 2026 00:34:49.946AM UTC]  EntityDamageByEntityEvent was triggered by damaged PLAYER emi4553, damager PLAYER xhikoenfasis17 and cancelled false.
[May 05, 2026 00:34:50.781AM UTC]  PlayerPreTagEvent was triggered on Akukis by xhikoenfasis17 with type PLAYER, reason ATTACKER, and cancelled true.
[May 05, 2026 00:34:50.781AM UTC]  PlayerPreTagEvent was triggered on xhikoenfasis17 by Akukis with type PLAYER, reason ATTACKED, and cancelled true.
[May 05, 2026 00:34:50.782AM UTC]  EntityDamageByEntityEvent was triggered by damaged PLAYER xhikoenfasis17, damager PLAYER Akukis and cancelled false.
[May 05, 2026 00:34:52.632AM UTC]  PlayerPreTagEvent was triggered on Akukis by xhikoenfasis17 with type PLAYER, reason ATTACKER, and cancelled true.
[May 05, 2026 00:34:52.632AM UTC]  PlayerPreTagEvent was triggered on xhikoenfasis17 by Akukis with type PLAYER, reason ATTACKED, and cancelled true.
[May 05, 2026 00:34:52.632AM UTC]  EntityDamageByEntityEvent was triggered by damaged PLAYER xhikoenfasis17, damager PLAYER Akukis and cancelled false.
[May 05, 2026 00:34:52.632AM UTC]  PlayerPreTagEvent was triggered on xhikoenfasis17 by emi4553 with type PLAYER, reason ATTACKER, and cancelled false.
[May 05, 2026 00:34:52.633AM UTC]  PlayerReTagEvent was triggered on xhikoenfasis17 by emi4553 with type PLAYER and reason ATTACKER.
[May 05, 2026 00:34:52.633AM UTC]  PlayerPreTagEvent was triggered on emi4553 by xhikoenfasis17 with type PLAYER, reason ATTACKED, and cancelled false.
[May 05, 2026 00:34:52.633AM UTC]  PlayerReTagEvent was triggered on emi4553 by xhikoenfasis17 with type PLAYER and reason ATTACKED.
[May 05, 2026 00:34:52.633AM UTC]  EntityDamageByEntityEvent was triggered by damaged PLAYER emi4553, damager PLAYER xhikoenfasis17 and cancelled false.
[May 05, 2026 00:34:53.282AM UTC]  PlayerPreTagEvent was triggered on xhikoenfasis17 by emi4553 with type PLAYER, reason ATTACKER, and cancelled false.
[May 05, 2026 00:34:53.283AM UTC]  PlayerReTagEvent was triggered on xhikoenfasis17 by emi4553 with type PLAYER and reason ATTACKER.
[May 05, 2026 00:34:53.283AM UTC]  PlayerPreTagEvent was triggered on emi4553 by xhikoenfasis17 with type PLAYER, reason ATTACKED, and cancelled false.
[May 05, 2026 00:34:53.283AM UTC]  PlayerReTagEvent was triggered on emi4553 by xhikoenfasis17 with type PLAYER and reason ATTACKED.
[May 05, 2026 00:34:53.283AM UTC]  EntityDamageByEntityEvent was triggered by damaged PLAYER emi4553, damager PLAYER xhikoenfasis17 and cancelled false.
[May 05, 2026 00:34:53.981AM UTC]  PlayerPreTagEvent was triggered on xhikoenfasis17 by emi4553 with type PLAYER, reason ATTACKER, and cancelled false.
[May 05, 2026 00:34:53.981AM UTC]  PlayerReTagEvent was triggered on xhikoenfasis17 by emi4553 with type PLAYER and reason ATTACKER.
[May 05, 2026 00:34:53.981AM UTC]  PlayerPreTagEvent was triggered on emi4553 by xhikoenfasis17 with type PLAYER, reason ATTACKED, and cancelled false.
[May 05, 2026 00:34:53.981AM UTC]  PlayerReTagEvent was triggered on emi4553 by xhikoenfasis17 with type PLAYER and reason ATTACKED.
[May 05, 2026 00:34:53.981AM UTC]  EntityDamageByEntityEvent was triggered by damaged PLAYER emi4553, damager PLAYER xhikoenfasis17 and cancelled false.
[May 05, 2026 00:34:54.694AM UTC]  PlayerPreTagEvent was triggered on xhikoenfasis17 by emi4553 with type PLAYER, reason ATTACKER, and cancelled false.
[May 05, 2026 00:34:54.694AM UTC]  PlayerReTagEvent was triggered on xhikoenfasis17 by emi4553 with type PLAYER and reason ATTACKER.
[May 05, 2026 00:34:54.695AM UTC]  PlayerPreTagEvent was triggered on emi4553 by xhikoenfasis17 with type PLAYER, reason ATTACKED, and cancelled false.
[May 05, 2026 00:34:54.695AM UTC]  PlayerReTagEvent was triggered on emi4553 by xhikoenfasis17 with type PLAYER and reason ATTACKED.
[May 05, 2026 00:34:54.695AM UTC]  EntityDamageByEntityEvent was triggered by damaged PLAYER emi4553, damager PLAYER xhikoenfasis17 and cancelled false.
[May 05, 2026 00:34:55.983AM UTC]  PlayerPreTagEvent was triggered on xhikoenfasis17 by emi4553 with type PLAYER, reason ATTACKER, and cancelled false.
[May 05, 2026 00:34:55.984AM UTC]  PlayerReTagEvent was triggered on xhikoenfasis17 by emi4553 with type PLAYER and reason ATTACKER.
[May 05, 2026 00:34:55.984AM UTC]  PlayerPreTagEvent was triggered on emi4553 by xhikoenfasis17 with type PLAYER, reason ATTACKED, and cancelled false.
[May 05, 2026 00:34:55.984AM UTC]  PlayerReTagEvent was triggered on emi4553 by xhikoenfasis17 with type PLAYER and reason ATTACKED.
[May 05, 2026 00:34:55.984AM UTC]  EntityDamageByEntityEvent was triggered by damaged PLAYER emi4553, damager PLAYER xhikoenfasis17 and cancelled false.
[May 05, 2026 00:34:56.628AM UTC]  PlayerPreTagEvent was triggered on xhikoenfasis17 by emi4553 with type PLAYER, reason ATTACKER, and cancelled false.
[May 05, 2026 00:34:56.629AM UTC]  PlayerReTagEvent was triggered on xhikoenfasis17 by emi4553 with type PLAYER and reason ATTACKER.
[May 05, 2026 00:34:56.629AM UTC]  PlayerPreTagEvent was triggered on emi4553 by xhikoenfasis17 with type PLAYER, reason ATTACKED, and cancelled false.
[May 05, 2026 00:34:56.629AM UTC]  PlayerReTagEvent was triggered on emi4553 by xhikoenfasis17 with type PLAYER and reason ATTACKED.
[May 05, 2026 00:34:56.629AM UTC]  EntityDamageByEntityEvent was triggered by damaged PLAYER emi4553, damager PLAYER xhikoenfasis17 and cancelled false.
[May 05, 2026 00:34:57.435AM UTC]  PlayerPreTagEvent was triggered on xhikoenfasis17 by emi4553 with type PLAYER, reason ATTACKER, and cancelled false.
[May 05, 2026 00:34:57.435AM UTC]  PlayerReTagEvent was triggered on xhikoenfasis17 by emi4553 with type PLAYER and reason ATTACKER.
[May 05, 2026 00:34:57.435AM UTC]  PlayerPreTagEvent was triggered on emi4553 by xhikoenfasis17 with type PLAYER, reason ATTACKED, and cancelled false.
[May 05, 2026 00:34:57.435AM UTC]  PlayerReTagEvent was triggered on emi4553 by xhikoenfasis17 with type PLAYER and reason ATTACKED.
[May 05, 2026 00:34:57.435AM UTC]  EntityDamageByEntityEvent was triggered by damaged PLAYER emi4553, damager PLAYER xhikoenfasis17 and cancelled false.
[May 05, 2026 00:34:58.082AM UTC]  PlayerPreTagEvent was triggered on xhikoenfasis17 by emi4553 with type PLAYER, reason ATTACKER, and cancelled false.
[May 05, 2026 00:34:58.082AM UTC]  PlayerReTagEvent was triggered on xhikoenfasis17 by emi4553 with type PLAYER and reason ATTACKER.
[May 05, 2026 00:34:58.082AM UTC]  PlayerPreTagEvent was triggered on emi4553 by xhikoenfasis17 with type PLAYER, reason ATTACKED, and cancelled false.
[May 05, 2026 00:34:58.082AM UTC]  PlayerReTagEvent was triggered on emi4553 by xhikoenfasis17 with type PLAYER and reason ATTACKED.
[May 05, 2026 00:34:58.083AM UTC]  EntityDamageByEntityEvent was triggered by damaged PLAYER emi4553, damager PLAYER xhikoenfasis17 and cancelled false.
[May 05, 2026 00:34:58.690AM UTC]  PlayerPreTagEvent was triggered on emi4553 by xhikoenfasis17 with type PLAYER, reason ATTACKER, and cancelled false.
[May 05, 2026 00:34:58.690AM UTC]  PlayerReTagEvent was triggered on emi4553 by xhikoenfasis17 with type PLAYER and reason ATTACKER.
[May 05, 2026 00:34:58.690AM UTC]  PlayerPreTagEvent was triggered on xhikoenfasis17 by emi4553 with type PLAYER, reason ATTACKED, and cancelled false.
[May 05, 2026 00:34:58.690AM UTC]  PlayerReTagEvent was triggered on xhikoenfasis17 by emi4553 with type PLAYER and reason ATTACKED.
[May 05, 2026 00:34:58.690AM UTC]  EntityDamageByEntityEvent was triggered by damaged PLAYER xhikoenfasis17, damager PLAYER emi4553 and cancelled false.
[May 05, 2026 00:34:58.696AM UTC]  PlayerPreTagEvent was triggered on xhikoenfasis17 by emi4553 with type PLAYER, reason ATTACKER, and cancelled false.
[May 05, 2026 00:34:58.696AM UTC]  PlayerReTagEvent was triggered on xhikoenfasis17 by emi4553 with type PLAYER and reason ATTACKER.
[May 05, 2026 00:34:58.696AM UTC]  PlayerPreTagEvent was triggered on emi4553 by xhikoenfasis17 with type PLAYER, reason ATTACKED, and cancelled false.
[May 05, 2026 00:34:58.696AM UTC]  PlayerReTagEvent was triggered on emi4553 by xhikoenfasis17 with type PLAYER and reason ATTACKED.
[May 05, 2026 00:34:58.696AM UTC]  EntityDamageByEntityEvent was triggered by damaged PLAYER emi4553, damager PLAYER xhikoenfasis17 and cancelled false.
[May 05, 2026 00:34:58.951AM UTC]  PlayerPreTagEvent was triggered on emi4553 by xhikoenfasis17 with type PLAYER, reason ATTACKER, and cancelled false.
[May 05, 2026 00:34:58.951AM UTC]  PlayerReTagEvent was triggered on emi4553 by xhikoenfasis17 with type PLAYER and reason ATTACKER.
[May 05, 2026 00:34:58.951AM UTC]  PlayerPreTagEvent was triggered on xhikoenfasis17 by emi4553 with type PLAYER, reason ATTACKED, and cancelled false.
[May 05, 2026 00:34:58.951AM UTC]  PlayerReTagEvent was triggered on xhikoenfasis17 by emi4553 with type PLAYER and reason ATTACKED.
[May 05, 2026 00:34:58.952AM UTC]  EntityDamageByEntityEvent was triggered by damaged PLAYER xhikoenfasis17, damager PLAYER emi4553 and cancelled false.
[May 05, 2026 00:34:59.391AM UTC]  PlayerPreTagEvent was triggered on xhikoenfasis17 by emi4553 with type PLAYER, reason ATTACKER, and cancelled false.
[May 05, 2026 00:34:59.391AM UTC]  PlayerReTagEvent was triggered on xhikoenfasis17 by emi4553 with type PLAYER and reason ATTACKER.
[May 05, 2026 00:34:59.392AM UTC]  PlayerPreTagEvent was triggered on emi4553 by xhikoenfasis17 with type PLAYER, reason ATTACKED, and cancelled false.
[May 05, 2026 00:34:59.392AM UTC]  PlayerReTagEvent was triggered on emi4553 by xhikoenfasis17 with type PLAYER and reason ATTACKED.
[May 05, 2026 00:34:59.392AM UTC]  EntityDamageByEntityEvent was triggered by damaged PLAYER emi4553, damager PLAYER xhikoenfasis17 and cancelled false.
[May 05, 2026 00:35:00.055AM UTC]  PlayerPreTagEvent was triggered on xhikoenfasis17 by emi4553 with type PLAYER, reason ATTACKER, and cancelled false.
[May 05, 2026 00:35:00.055AM UTC]  PlayerReTagEvent was triggered on xhikoenfasis17 by emi4553 with type PLAYER and reason ATTACKER.
[May 05, 2026 00:35:00.056AM UTC]  PlayerPreTagEvent was triggered on emi4553 by xhikoenfasis17 with type PLAYER, reason ATTACKED, and cancelled false.
[May 05, 2026 00:35:00.056AM UTC]  PlayerReTagEvent was triggered on emi4553 by xhikoenfasis17 with type PLAYER and reason ATTACKED.
[May 05, 2026 00:35:00.056AM UTC]  EntityDamageByEntityEvent was triggered by damaged PLAYER emi4553, damager PLAYER xhikoenfasis17 and cancelled false.
[May 05, 2026 00:35:00.619AM UTC]  PlayerPreTagEvent was triggered on emi4553 by xhikoenfasis17 with type PLAYER, reason ATTACKER, and cancelled false.
[May 05, 2026 00:35:00.619AM UTC]  PlayerReTagEvent was triggered on emi4553 by xhikoenfasis17 with type PLAYER and reason ATTACKER.
[May 05, 2026 00:35:00.619AM UTC]  PlayerPreTagEvent was triggered on xhikoenfasis17 by emi4553 with type PLAYER, reason ATTACKED, and cancelled false.
[May 05, 2026 00:35:00.619AM UTC]  PlayerReTagEvent was triggered on xhikoenfasis17 by emi4553 with type PLAYER and reason ATTACKED.
[May 05, 2026 00:35:00.619AM UTC]  EntityDamageByEntityEvent was triggered by damaged PLAYER xhikoenfasis17, damager PLAYER emi4553 and cancelled false.
[May 05, 2026 00:35:00.644AM UTC]  PlayerPreTagEvent was triggered on xhikoenfasis17 by emi4553 with type PLAYER, reason ATTACKER, and cancelled false.
[May 05, 2026 00:35:00.644AM UTC]  PlayerReTagEvent was triggered on xhikoenfasis17 by emi4553 with type PLAYER and reason ATTACKER.
[May 05, 2026 00:35:00.644AM UTC]  PlayerPreTagEvent was triggered on emi4553 by xhikoenfasis17 with type PLAYER, reason ATTACKED, and cancelled false.
[May 05, 2026 00:35:00.644AM UTC]  PlayerReTagEvent was triggered on emi4553 by xhikoenfasis17 with type PLAYER and reason ATTACKED.
[May 05, 2026 00:35:00.645AM UTC]  EntityDamageByEntityEvent was triggered by damaged PLAYER emi4553, damager PLAYER xhikoenfasis17 and cancelled false.
[May 05, 2026 00:35:01.295AM UTC]  PlayerPreTagEvent was triggered on xhikoenfasis17 by emi4553 with type PLAYER, reason ATTACKER, and cancelled false.
[May 05, 2026 00:35:01.295AM UTC]  PlayerReTagEvent was triggered on xhikoenfasis17 by emi4553 with type PLAYER and reason ATTACKER.
[May 05, 2026 00:35:01.296AM UTC]  PlayerPreTagEvent was triggered on emi4553 by xhikoenfasis17 with type PLAYER, reason ATTACKED, and cancelled false.
[May 05, 2026 00:35:01.296AM UTC]  PlayerReTagEvent was triggered on emi4553 by xhikoenfasis17 with type PLAYER and reason ATTACKED.
[May 05, 2026 00:35:01.296AM UTC]  EntityDamageByEntityEvent was triggered by damaged PLAYER emi4553, damager PLAYER xhikoenfasis17 and cancelled false.
[May 05, 2026 00:35:01.881AM UTC]  PlayerPreTagEvent was triggered on xhikoenfasis17 by emi4553 with type PLAYER, reason ATTACKER, and cancelled false.
[May 05, 2026 00:35:01.882AM UTC]  PlayerReTagEvent was triggered on xhikoenfasis17 by emi4553 with type PLAYER and reason ATTACKER.
[May 05, 2026 00:35:01.882AM UTC]  PlayerPreTagEvent was triggered on emi4553 by xhikoenfasis17 with type PLAYER, reason ATTACKED, and cancelled false.
[May 05, 2026 00:35:01.882AM UTC]  PlayerReTagEvent was triggered on emi4553 by xhikoenfasis17 with type PLAYER and reason ATTACKED.
[May 05, 2026 00:35:01.882AM UTC]  EntityDamageByEntityEvent was triggered by damaged PLAYER emi4553, damager PLAYER xhikoenfasis17 and cancelled false.
[May 05, 2026 00:35:02.538AM UTC]  PlayerPreTagEvent was triggered on xhikoenfasis17 by emi4553 with type PLAYER, reason ATTACKER, and cancelled false.
[May 05, 2026 00:35:02.538AM UTC]  PlayerReTagEvent was triggered on xhikoenfasis17 by emi4553 with type PLAYER and reason ATTACKER.
[May 05, 2026 00:35:02.538AM UTC]  PlayerPreTagEvent was triggered on emi4553 by xhikoenfasis17 with type PLAYER, reason ATTACKED, and cancelled false.
[May 05, 2026 00:35:02.538AM UTC]  PlayerReTagEvent was triggered on emi4553 by xhikoenfasis17 with type PLAYER and reason ATTACKED.
[May 05, 2026 00:35:02.538AM UTC]  EntityDamageByEntityEvent was triggered by damaged PLAYER emi4553, damager PLAYER xhikoenfasis17 and cancelled false.
[May 05, 2026 00:35:03.199AM UTC]  PlayerPreTagEvent was triggered on xhikoenfasis17 by emi4553 with type PLAYER, reason ATTACKER, and cancelled false.
[May 05, 2026 00:35:03.199AM UTC]  PlayerReTagEvent was triggered on xhikoenfasis17 by emi4553 with type PLAYER and reason ATTACKER.
[May 05, 2026 00:35:03.199AM UTC]  PlayerPreTagEvent was triggered on emi4553 by xhikoenfasis17 with type PLAYER, reason ATTACKED, and cancelled false.
[May 05, 2026 00:35:03.199AM UTC]  PlayerReTagEvent was triggered on emi4553 by xhikoenfasis17 with type PLAYER and reason ATTACKED.
[May 05, 2026 00:35:03.199AM UTC]  EntityDamageByEntityEvent was triggered by damaged PLAYER emi4553, damager PLAYER xhikoenfasis17 and cancelled false.
[May 05, 2026 00:35:03.716AM UTC]  PlayerPreTagEvent was triggered on emi4553 by xhikoenfasis17 with type PLAYER, reason ATTACKER, and cancelled false.
[May 05, 2026 00:35:03.716AM UTC]  PlayerReTagEvent was triggered on emi4553 by xhikoenfasis17 with type PLAYER and reason ATTACKER.
[May 05, 2026 00:35:03.717AM UTC]  PlayerPreTagEvent was triggered on xhikoenfasis17 by emi4553 with type PLAYER, reason ATTACKED, and cancelled false.
[May 05, 2026 00:35:03.717AM UTC]  PlayerReTagEvent was triggered on xhikoenfasis17 by emi4553 with type PLAYER and reason ATTACKED.
[May 05, 2026 00:35:03.717AM UTC]  EntityDamageByEntityEvent was triggered by damaged PLAYER xhikoenfasis17, damager PLAYER emi4553 and cancelled false.
[May 05, 2026 00:35:03.833AM UTC]  PlayerPreTagEvent was triggered on xhikoenfasis17 by emi4553 with type PLAYER, reason ATTACKER, and cancelled false.
[May 05, 2026 00:35:03.834AM UTC]  PlayerReTagEvent was triggered on xhikoenfasis17 by emi4553 with type PLAYER and reason ATTACKER.
[May 05, 2026 00:35:03.834AM UTC]  PlayerPreTagEvent was triggered on emi4553 by xhikoenfasis17 with type PLAYER, reason ATTACKED, and cancelled false.
[May 05, 2026 00:35:03.834AM UTC]  PlayerReTagEvent was triggered on emi4553 by xhikoenfasis17 with type PLAYER and reason ATTACKED.
[May 05, 2026 00:35:03.834AM UTC]  EntityDamageByEntityEvent was triggered by damaged PLAYER emi4553, damager PLAYER xhikoenfasis17 and cancelled false.
[May 05, 2026 00:35:04.532AM UTC]  PlayerPreTagEvent was triggered on xhikoenfasis17 by emi4553 with type PLAYER, reason ATTACKER, and cancelled false.
[May 05, 2026 00:35:04.533AM UTC]  PlayerReTagEvent was triggered on xhikoenfasis17 by emi4553 with type PLAYER and reason ATTACKER.
[May 05, 2026 00:35:04.533AM UTC]  PlayerPreTagEvent was triggered on emi4553 by xhikoenfasis17 with type PLAYER, reason ATTACKED, and cancelled false.
[May 05, 2026 00:35:04.533AM UTC]  PlayerReTagEvent was triggered on emi4553 by xhikoenfasis17 with type PLAYER and reason ATTACKED.
[May 05, 2026 00:35:04.533AM UTC]  EntityDamageByEntityEvent was triggered by damaged PLAYER emi4553, damager PLAYER xhikoenfasis17 and cancelled false.
[May 05, 2026 00:35:05.229AM UTC]  PlayerPreTagEvent was triggered on xhikoenfasis17 by emi4553 with type PLAYER, reason ATTACKER, and cancelled false.
[May 05, 2026 00:35:05.230AM UTC]  PlayerReTagEvent was triggered on xhikoenfasis17 by emi4553 with type PLAYER and reason ATTACKER.
[May 05, 2026 00:35:05.230AM UTC]  PlayerPreTagEvent was triggered on emi4553 by xhikoenfasis17 with type PLAYER, reason ATTACKED, and cancelled false.
[May 05, 2026 00:35:05.230AM UTC]  PlayerReTagEvent was triggered on emi4553 by xhikoenfasis17 with type PLAYER and reason ATTACKED.
[May 05, 2026 00:35:05.230AM UTC]  EntityDamageByEntityEvent was triggered by damaged PLAYER emi4553, damager PLAYER xhikoenfasis17 and cancelled false.
[May 05, 2026 00:35:08.932AM UTC]  PlayerPreTagEvent was triggered on xhikoenfasis17 by emi4553 with type PLAYER, reason ATTACKER, and cancelled false.
[May 05, 2026 00:35:08.932AM UTC]  PlayerReTagEvent was triggered on xhikoenfasis17 by emi4553 with type PLAYER and reason ATTACKER.
[May 05, 2026 00:35:08.932AM UTC]  PlayerPreTagEvent was triggered on emi4553 by xhikoenfasis17 with type PLAYER, reason ATTACKED, and cancelled false.
[May 05, 2026 00:35:08.932AM UTC]  PlayerReTagEvent was triggered on emi4553 by xhikoenfasis17 with type PLAYER and reason ATTACKED.
[May 05, 2026 00:35:08.932AM UTC]  EntityDamageByEntityEvent was triggered by damaged PLAYER emi4553, damager PLAYER xhikoenfasis17 and cancelled false.
[May 05, 2026 00:35:10.945AM UTC]  PlayerPreTagEvent was triggered on xhikoenfasis17 by LITTLE_GHOTS with type PLAYER, reason ATTACKER, and cancelled false.
[May 05, 2026 00:35:10.945AM UTC]  PlayerReTagEvent was triggered on xhikoenfasis17 by LITTLE_GHOTS with type PLAYER and reason ATTACKER.
[May 05, 2026 00:35:10.945AM UTC]  PlayerPreTagEvent was triggered on LITTLE_GHOTS by xhikoenfasis17 with type PLAYER, reason ATTACKED, and cancelled false.
[May 05, 2026 00:35:10.946AM UTC]  PlayerTagEvent was triggered on LITTLE_GHOTS by xhikoenfasis17 with type PLAYER and reason ATTACKED.
[May 05, 2026 00:35:10.946AM UTC]  EntityDamageByEntityEvent was triggered by damaged PLAYER LITTLE_GHOTS, damager PLAYER xhikoenfasis17 and cancelled false.
[May 05, 2026 00:35:11.545AM UTC]  PlayerPreTagEvent was triggered on xhikoenfasis17 by LITTLE_GHOTS with type PLAYER, reason ATTACKER, and cancelled false.
[May 05, 2026 00:35:11.545AM UTC]  PlayerReTagEvent was triggered on xhikoenfasis17 by LITTLE_GHOTS with type PLAYER and reason ATTACKER.
[May 05, 2026 00:35:11.546AM UTC]  PlayerPreTagEvent was triggered on LITTLE_GHOTS by xhikoenfasis17 with type PLAYER, reason ATTACKED, and cancelled false.
[May 05, 2026 00:35:11.546AM UTC]  PlayerReTagEvent was triggered on LITTLE_GHOTS by xhikoenfasis17 with type PLAYER and reason ATTACKED.
[May 05, 2026 00:35:11.546AM UTC]  EntityDamageByEntityEvent was triggered by damaged PLAYER LITTLE_GHOTS, damager PLAYER xhikoenfasis17 and cancelled false.
[May 05, 2026 00:35:12.181AM UTC]  PlayerPreTagEvent was triggered on xhikoenfasis17 by LITTLE_GHOTS with type PLAYER, reason ATTACKER, and cancelled false.
[May 05, 2026 00:35:12.181AM UTC]  PlayerReTagEvent was triggered on xhikoenfasis17 by LITTLE_GHOTS with type PLAYER and reason ATTACKER.
[May 05, 2026 00:35:12.181AM UTC]  PlayerPreTagEvent was triggered on LITTLE_GHOTS by xhikoenfasis17 with type PLAYER, reason ATTACKED, and cancelled false.
[May 05, 2026 00:35:12.181AM UTC]  PlayerReTagEvent was triggered on LITTLE_GHOTS by xhikoenfasis17 with type PLAYER and reason ATTACKED.
[May 05, 2026 00:35:12.181AM UTC]  EntityDamageByEntityEvent was triggered by damaged PLAYER LITTLE_GHOTS, damager PLAYER xhikoenfasis17 and cancelled false.
[May 05, 2026 00:35:12.882AM UTC]  PlayerPreTagEvent was triggered on xhikoenfasis17 by LITTLE_GHOTS with type PLAYER, reason ATTACKER, and cancelled false.
[May 05, 2026 00:35:12.883AM UTC]  PlayerReTagEvent was triggered on xhikoenfasis17 by LITTLE_GHOTS with type PLAYER and reason ATTACKER.
[May 05, 2026 00:35:12.883AM UTC]  PlayerPreTagEvent was triggered on LITTLE_GHOTS by xhikoenfasis17 with type PLAYER, reason ATTACKED, and cancelled false.
[May 05, 2026 00:35:12.883AM UTC]  PlayerReTagEvent was triggered on LITTLE_GHOTS by xhikoenfasis17 with type PLAYER and reason ATTACKED.
[May 05, 2026 00:35:12.883AM UTC]  EntityDamageByEntityEvent was triggered by damaged PLAYER LITTLE_GHOTS, damager PLAYER xhikoenfasis17 and cancelled false.
[May 05, 2026 00:35:12.883AM UTC]  PlayerPreTagEvent was triggered on LITTLE_GHOTS by xhikoenfasis17 with type PLAYER, reason ATTACKER, and cancelled false.
[May 05, 2026 00:35:12.883AM UTC]  PlayerReTagEvent was triggered on LITTLE_GHOTS by xhikoenfasis17 with type PLAYER and reason ATTACKER.
[May 05, 2026 00:35:12.884AM UTC]  PlayerPreTagEvent was triggered on xhikoenfasis17 by LITTLE_GHOTS with type PLAYER, reason ATTACKED, and cancelled false.
[May 05, 2026 00:35:12.884AM UTC]  PlayerReTagEvent was triggered on xhikoenfasis17 by LITTLE_GHOTS with type PLAYER and reason ATTACKED.
[May 05, 2026 00:35:12.884AM UTC]  EntityDamageByEntityEvent was triggered by damaged PLAYER xhikoenfasis17, damager PLAYER LITTLE_GHOTS and cancelled false.
[May 05, 2026 00:35:13.582AM UTC]  PlayerPreTagEvent was triggered on xhikoenfasis17 by LITTLE_GHOTS with type PLAYER, reason ATTACKER, and cancelled false.
[May 05, 2026 00:35:13.582AM UTC]  PlayerReTagEvent was triggered on xhikoenfasis17 by LITTLE_GHOTS with type PLAYER and reason ATTACKER.
[May 05, 2026 00:35:13.582AM UTC]  PlayerPreTagEvent was triggered on LITTLE_GHOTS by xhikoenfasis17 with type PLAYER, reason ATTACKED, and cancelled false.
[May 05, 2026 00:35:13.582AM UTC]  PlayerReTagEvent was triggered on LITTLE_GHOTS by xhikoenfasis17 with type PLAYER and reason ATTACKED.
[May 05, 2026 00:35:13.582AM UTC]  EntityDamageByEntityEvent was triggered by damaged PLAYER LITTLE_GHOTS, damager PLAYER xhikoenfasis17 and cancelled false.
[May 05, 2026 00:35:13.583AM UTC]  PlayerPreTagEvent was triggered on LITTLE_GHOTS by xhikoenfasis17 with type PLAYER, reason ATTACKER, and cancelled false.
[May 05, 2026 00:35:13.583AM UTC]  PlayerReTagEvent was triggered on LITTLE_GHOTS by xhikoenfasis17 with type PLAYER and reason ATTACKER.
[May 05, 2026 00:35:13.583AM UTC]  PlayerPreTagEvent was triggered on xhikoenfasis17 by LITTLE_GHOTS with type PLAYER, reason ATTACKED, and cancelled false.
[May 05, 2026 00:35:13.583AM UTC]  PlayerReTagEvent was triggered on xhikoenfasis17 by LITTLE_GHOTS with type PLAYER and reason ATTACKED.
[May 05, 2026 00:35:13.583AM UTC]  EntityDamageByEntityEvent was triggered by damaged PLAYER xhikoenfasis17, damager PLAYER LITTLE_GHOTS and cancelled false.
[May 05, 2026 00:35:24.045AM UTC]  PlayerPreTagEvent was triggered on LITTLE_GHOTS by xhikoenfasis17 with type PLAYER, reason ATTACKER, and cancelled false.
[May 05, 2026 00:35:24.046AM UTC]  PlayerReTagEvent was triggered on LITTLE_GHOTS by xhikoenfasis17 with type PLAYER and reason ATTACKER.
[May 05, 2026 00:35:24.046AM UTC]  PlayerPreTagEvent was triggered on xhikoenfasis17 by LITTLE_GHOTS with type PLAYER, reason ATTACKED, and cancelled false.
[May 05, 2026 00:35:24.046AM UTC]  PlayerReTagEvent was triggered on xhikoenfasis17 by LITTLE_GHOTS with type PLAYER and reason ATTACKED.
[May 05, 2026 00:35:24.046AM UTC]  EntityDamageByEntityEvent was triggered by damaged PLAYER xhikoenfasis17, damager PLAYER LITTLE_GHOTS and cancelled false.
[May 05, 2026 00:35:24.047AM UTC]  PlayerPunishEvent was triggered on xhikoenfasis17 with reason SELF_DEATH and cancelled true.
[May 05, 2026 00:35:24.048AM UTC]  PlayerUntagEvent was triggered on xhikoenfasis17 with reason SELF_DEATH and expire set to true.
[May 05, 2026 00:35:24.048AM UTC]  PlayerPunishEvent was triggered on emi4553 with reason ENEMY_DEATH and cancelled true.
[May 05, 2026 00:35:24.048AM UTC]  PlayerUntagEvent was triggered on emi4553 with reason ENEMY_DEATH and expire set to true.
[May 05, 2026 00:35:24.048AM UTC]  PlayerPunishEvent was triggered on LITTLE_GHOTS with reason ENEMY_DEATH and cancelled true.
[May 05, 2026 00:35:24.048AM UTC]  PlayerUntagEvent was triggered on LITTLE_GHOTS with reason ENEMY_DEATH and expire set to true.
[May 05, 2026 00:35:37.932AM UTC]  PlayerPreTagEvent was triggered on emi4553 by xhikoenfasis17 with type PLAYER, reason ATTACKER, and cancelled false.
[May 05, 2026 00:35:37.932AM UTC]  PlayerTagEvent was triggered on emi4553 by xhikoenfasis17 with type PLAYER and reason ATTACKER.
[May 05, 2026 00:35:37.933AM UTC]  PlayerPreTagEvent was triggered on xhikoenfasis17 by emi4553 with type PLAYER, reason ATTACKED, and cancelled false.
[May 05, 2026 00:35:37.933AM UTC]  PlayerTagEvent was triggered on xhikoenfasis17 by emi4553 with type PLAYER and reason ATTACKED.
[May 05, 2026 00:35:37.933AM UTC]  EntityDamageByEntityEvent was triggered by damaged PLAYER xhikoenfasis17, damager PLAYER emi4553 and cancelled false.
[May 05, 2026 00:35:37.935AM UTC]  PlayerPunishEvent was triggered on xhikoenfasis17 with reason SELF_DEATH and cancelled true.
[May 05, 2026 00:35:37.935AM UTC]  PlayerUntagEvent was triggered on xhikoenfasis17 with reason SELF_DEATH and expire set to true.
[May 05, 2026 00:35:37.935AM UTC]  PlayerPunishEvent was triggered on emi4553 with reason ENEMY_DEATH and cancelled true.
[May 05, 2026 00:35:37.935AM UTC]  PlayerUntagEvent was triggered on emi4553 with reason ENEMY_DEATH and expire set to true.
[May 05, 2026 00:35:41.381AM UTC]  PlayerPreTagEvent was triggered on Akukis by emi4553 with type PLAYER, reason ATTACKER, and cancelled true.
[May 05, 2026 00:35:41.382AM UTC]  PlayerPreTagEvent was triggered on emi4553 by Akukis with type PLAYER, reason ATTACKED, and cancelled true.
[May 05, 2026 00:35:41.382AM UTC]  EntityDamageByEntityEvent was triggered by damaged PLAYER emi4553, damager PLAYER Akukis and cancelled false.
[May 05, 2026 00:35:42.980AM UTC]  PlayerPreTagEvent was triggered on xhikoenfasis17 by emi4553 with type PLAYER, reason ATTACKER, and cancelled false.
[May 05, 2026 00:35:42.981AM UTC]  PlayerTagEvent was triggered on xhikoenfasis17 by emi4553 with type PLAYER and reason ATTACKER.
[May 05, 2026 00:35:42.981AM UTC]  PlayerPreTagEvent was triggered on emi4553 by xhikoenfasis17 with type PLAYER, reason ATTACKED, and cancelled false.
[May 05, 2026 00:35:42.981AM UTC]  PlayerTagEvent was triggered on emi4553 by xhikoenfasis17 with type PLAYER and reason ATTACKED.
[May 05, 2026 00:35:42.981AM UTC]  EntityDamageByEntityEvent was triggered by damaged PLAYER emi4553, damager PLAYER xhikoenfasis17 and cancelled false.
[May 05, 2026 00:35:43.531AM UTC]  PlayerPreTagEvent was triggered on xhikoenfasis17 by emi4553 with type PLAYER, reason ATTACKER, and cancelled false.
[May 05, 2026 00:35:43.532AM UTC]  PlayerReTagEvent was triggered on xhikoenfasis17 by emi4553 with type PLAYER and reason ATTACKER.
[May 05, 2026 00:35:43.532AM UTC]  PlayerPreTagEvent was triggered on emi4553 by xhikoenfasis17 with type PLAYER, reason ATTACKED, and cancelled false.
[May 05, 2026 00:35:43.532AM UTC]  PlayerReTagEvent was triggered on emi4553 by xhikoenfasis17 with type PLAYER and reason ATTACKED.
[May 05, 2026 00:35:43.532AM UTC]  EntityDamageByEntityEvent was triggered by damaged PLAYER emi4553, damager PLAYER xhikoenfasis17 and cancelled false.
[May 05, 2026 00:35:44.079AM UTC]  PlayerPreTagEvent was triggered on xhikoenfasis17 by emi4553 with type PLAYER, reason ATTACKER, and cancelled false.
[May 05, 2026 00:35:44.080AM UTC]  PlayerReTagEvent was triggered on xhikoenfasis17 by emi4553 with type PLAYER and reason ATTACKER.
[May 05, 2026 00:35:44.080AM UTC]  PlayerPreTagEvent was triggered on emi4553 by xhikoenfasis17 with type PLAYER, reason ATTACKED, and cancelled false.
[May 05, 2026 00:35:44.080AM UTC]  PlayerReTagEvent was triggered on emi4553 by xhikoenfasis17 with type PLAYER and reason ATTACKED.
[May 05, 2026 00:35:44.080AM UTC]  EntityDamageByEntityEvent was triggered by damaged PLAYER emi4553, damager PLAYER xhikoenfasis17 and cancelled false.
[May 05, 2026 00:35:45.130AM UTC]  PlayerPreTagEvent was triggered on Akukis by xhikoenfasis17 with type PLAYER, reason ATTACKER, and cancelled true.
[May 05, 2026 00:35:45.130AM UTC]  PlayerPreTagEvent was triggered on xhikoenfasis17 by Akukis with type PLAYER, reason ATTACKED, and cancelled true.
[May 05, 2026 00:35:45.131AM UTC]  EntityDamageByEntityEvent was triggered by damaged PLAYER xhikoenfasis17, damager PLAYER Akukis and cancelled false.
[May 05, 2026 00:35:46.882AM UTC]  PlayerPreTagEvent was triggered on xhikoenfasis17 by emi4553 with type PLAYER, reason ATTACKER, and cancelled false.
[May 05, 2026 00:35:46.883AM UTC]  PlayerReTagEvent was triggered on xhikoenfasis17 by emi4553 with type PLAYER and reason ATTACKER.
[May 05, 2026 00:35:46.883AM UTC]  PlayerPreTagEvent was triggered on emi4553 by xhikoenfasis17 with type PLAYER, reason ATTACKED, and cancelled false.
[May 05, 2026 00:35:46.883AM UTC]  PlayerReTagEvent was triggered on emi4553 by xhikoenfasis17 with type PLAYER and reason ATTACKED.
[May 05, 2026 00:35:46.883AM UTC]  EntityDamageByEntityEvent was triggered by damaged PLAYER emi4553, damager PLAYER xhikoenfasis17 and cancelled false.
[May 05, 2026 00:35:47.429AM UTC]  PlayerPreTagEvent was triggered on xhikoenfasis17 by emi4553 with type PLAYER, reason ATTACKER, and cancelled false.
[May 05, 2026 00:35:47.429AM UTC]  PlayerReTagEvent was triggered on xhikoenfasis17 by emi4553 with type PLAYER and reason ATTACKER.
[May 05, 2026 00:35:47.430AM UTC]  PlayerPreTagEvent was triggered on emi4553 by xhikoenfasis17 with type PLAYER, reason ATTACKED, and cancelled false.
[May 05, 2026 00:35:47.430AM UTC]  PlayerReTagEvent was triggered on emi4553 by xhikoenfasis17 with type PLAYER and reason ATTACKED.
[May 05, 2026 00:35:47.430AM UTC]  EntityDamageByEntityEvent was triggered by damaged PLAYER emi4553, damager PLAYER xhikoenfasis17 and cancelled false.
[May 05, 2026 00:35:48.182AM UTC]  PlayerPreTagEvent was triggered on Akukis by xhikoenfasis17 with type PLAYER, reason ATTACKER, and cancelled true.
[May 05, 2026 00:35:48.182AM UTC]  PlayerPreTagEvent was triggered on xhikoenfasis17 by Akukis with type PLAYER, reason ATTACKED, and cancelled true.
[May 05, 2026 00:35:48.182AM UTC]  EntityDamageByEntityEvent was triggered by damaged PLAYER xhikoenfasis17, damager PLAYER Akukis and cancelled false.
[May 05, 2026 00:35:48.536AM UTC]  PlayerPreTagEvent was triggered on emi4553 by xhikoenfasis17 with type PLAYER, reason ATTACKER, and cancelled false.
[May 05, 2026 00:35:48.536AM UTC]  PlayerReTagEvent was triggered on emi4553 by xhikoenfasis17 with type PLAYER and reason ATTACKER.
[May 05, 2026 00:35:48.536AM UTC]  PlayerPreTagEvent was triggered on xhikoenfasis17 by emi4553 with type PLAYER, reason ATTACKED, and cancelled false.
[May 05, 2026 00:35:48.537AM UTC]  PlayerReTagEvent was triggered on xhikoenfasis17 by emi4553 with type PLAYER and reason ATTACKED.
[May 05, 2026 00:35:48.537AM UTC]  EntityDamageByEntityEvent was triggered by damaged PLAYER xhikoenfasis17, damager PLAYER emi4553 and cancelled false.
[May 05, 2026 00:35:48.538AM UTC]  PlayerPunishEvent was triggered on xhikoenfasis17 with reason SELF_DEATH and cancelled true.
[May 05, 2026 00:35:48.538AM UTC]  PlayerUntagEvent was triggered on xhikoenfasis17 with reason SELF_DEATH and expire set to true.
[May 05, 2026 00:35:48.538AM UTC]  PlayerPunishEvent was triggered on emi4553 with reason ENEMY_DEATH and cancelled true.
[May 05, 2026 00:35:48.538AM UTC]  PlayerUntagEvent was triggered on emi4553 with reason ENEMY_DEATH and expire set to true.
[May 05, 2026 00:35:53.882AM UTC]  PlayerPreTagEvent was triggered on xhikoenfasis17 by emi4553 with type PLAYER, reason ATTACKER, and cancelled false.
[May 05, 2026 00:35:53.882AM UTC]  PlayerTagEvent was triggered on xhikoenfasis17 by emi4553 with type PLAYER and reason ATTACKER.
[May 05, 2026 00:35:53.883AM UTC]  PlayerPreTagEvent was triggered on emi4553 by xhikoenfasis17 with type PLAYER, reason ATTACKED, and cancelled false.
[May 05, 2026 00:35:53.883AM UTC]  PlayerTagEvent was triggered on emi4553 by xhikoenfasis17 with type PLAYER and reason ATTACKED.
[May 05, 2026 00:35:53.883AM UTC]  EntityDamageByEntityEvent was triggered by damaged PLAYER emi4553, damager PLAYER xhikoenfasis17 and cancelled false.
[May 05, 2026 00:35:54.483AM UTC]  PlayerPreTagEvent was triggered on xhikoenfasis17 by emi4553 with type PLAYER, reason ATTACKER, and cancelled false.
[May 05, 2026 00:35:54.483AM UTC]  PlayerReTagEvent was triggered on xhikoenfasis17 by emi4553 with type PLAYER and reason ATTACKER.
[May 05, 2026 00:35:54.483AM UTC]  PlayerPreTagEvent was triggered on emi4553 by xhikoenfasis17 with type PLAYER, reason ATTACKED, and cancelled false.
[May 05, 2026 00:35:54.484AM UTC]  PlayerReTagEvent was triggered on emi4553 by xhikoenfasis17 with type PLAYER and reason ATTACKED.
[May 05, 2026 00:35:54.484AM UTC]  EntityDamageByEntityEvent was triggered by damaged PLAYER emi4553, damager PLAYER xhikoenfasis17 and cancelled false.
[May 05, 2026 00:35:55.080AM UTC]  PlayerPreTagEvent was triggered on xhikoenfasis17 by emi4553 with type PLAYER, reason ATTACKER, and cancelled false.
[May 05, 2026 00:35:55.081AM UTC]  PlayerReTagEvent was triggered on xhikoenfasis17 by emi4553 with type PLAYER and reason ATTACKER.
[May 05, 2026 00:35:55.081AM UTC]  PlayerPreTagEvent was triggered on emi4553 by xhikoenfasis17 with type PLAYER, reason ATTACKED, and cancelled false.
[May 05, 2026 00:35:55.081AM UTC]  PlayerReTagEvent was triggered on emi4553 by xhikoenfasis17 with type PLAYER and reason ATTACKED.
[May 05, 2026 00:35:55.081AM UTC]  EntityDamageByEntityEvent was triggered by damaged PLAYER emi4553, damager PLAYER xhikoenfasis17 and cancelled false.
[May 05, 2026 00:35:55.728AM UTC]  PlayerPreTagEvent was triggered on xhikoenfasis17 by emi4553 with type PLAYER, reason ATTACKER, and cancelled false.
[May 05, 2026 00:35:55.729AM UTC]  PlayerReTagEvent was triggered on xhikoenfasis17 by emi4553 with type PLAYER and reason ATTACKER.
[May 05, 2026 00:35:55.729AM UTC]  PlayerPreTagEvent was triggered on emi4553 by xhikoenfasis17 with type PLAYER, reason ATTACKED, and cancelled false.
[May 05, 2026 00:35:55.729AM UTC]  PlayerReTagEvent was triggered on emi4553 by xhikoenfasis17 with type PLAYER and reason ATTACKED.
[May 05, 2026 00:35:55.729AM UTC]  EntityDamageByEntityEvent was triggered by damaged PLAYER emi4553, damager PLAYER xhikoenfasis17 and cancelled false.
[May 05, 2026 00:35:56.384AM UTC]  PlayerPreTagEvent was triggered on xhikoenfasis17 by emi4553 with type PLAYER, reason ATTACKER, and cancelled false.
[May 05, 2026 00:35:56.385AM UTC]  PlayerReTagEvent was triggered on xhikoenfasis17 by emi4553 with type PLAYER and reason ATTACKER.
[May 05, 2026 00:35:56.385AM UTC]  PlayerPreTagEvent was triggered on emi4553 by xhikoenfasis17 with type PLAYER, reason ATTACKED, and cancelled false.
[May 05, 2026 00:35:56.385AM UTC]  PlayerReTagEvent was triggered on emi4553 by xhikoenfasis17 with type PLAYER and reason ATTACKED.
[May 05, 2026 00:35:56.385AM UTC]  EntityDamageByEntityEvent was triggered by damaged PLAYER emi4553, damager PLAYER xhikoenfasis17 and cancelled false.
[May 05, 2026 00:35:56.977AM UTC]  PlayerPreTagEvent was triggered on xhikoenfasis17 by emi4553 with type PLAYER, reason ATTACKER, and cancelled false.
[May 05, 2026 00:35:56.977AM UTC]  PlayerReTagEvent was triggered on xhikoenfasis17 by emi4553 with type PLAYER and reason ATTACKER.
[May 05, 2026 00:35:56.977AM UTC]  PlayerPreTagEvent was triggered on emi4553 by xhikoenfasis17 with type PLAYER, reason ATTACKED, and cancelled false.
[May 05, 2026 00:35:56.977AM UTC]  PlayerReTagEvent was triggered on emi4553 by xhikoenfasis17 with type PLAYER and reason ATTACKED.
[May 05, 2026 00:35:56.977AM UTC]  EntityDamageByEntityEvent was triggered by damaged PLAYER emi4553, damager PLAYER xhikoenfasis17 and cancelled false.
[May 05, 2026 00:35:57.627AM UTC]  PlayerPreTagEvent was triggered on xhikoenfasis17 by emi4553 with type PLAYER, reason ATTACKER, and cancelled false.
[May 05, 2026 00:35:57.628AM UTC]  PlayerReTagEvent was triggered on xhikoenfasis17 by emi4553 with type PLAYER and reason ATTACKER.
[May 05, 2026 00:35:57.628AM UTC]  PlayerPreTagEvent was triggered on emi4553 by xhikoenfasis17 with type PLAYER, reason ATTACKED, and cancelled false.
[May 05, 2026 00:35:57.628AM UTC]  PlayerReTagEvent was triggered on emi4553 by xhikoenfasis17 with type PLAYER and reason ATTACKED.
[May 05, 2026 00:35:57.628AM UTC]  EntityDamageByEntityEvent was triggered by damaged PLAYER emi4553, damager PLAYER xhikoenfasis17 and cancelled false.
[May 05, 2026 00:35:57.827AM UTC]  PlayerPreTagEvent was triggered on emi4553 by xhikoenfasis17 with type PLAYER, reason ATTACKER, and cancelled false.
[May 05, 2026 00:35:57.827AM UTC]  PlayerReTagEvent was triggered on emi4553 by xhikoenfasis17 with type PLAYER and reason ATTACKER.
[May 05, 2026 00:35:57.827AM UTC]  PlayerPreTagEvent was triggered on xhikoenfasis17 by emi4553 with type PLAYER, reason ATTACKED, and cancelled false.
[May 05, 2026 00:35:57.827AM UTC]  PlayerReTagEvent was triggered on xhikoenfasis17 by emi4553 with type PLAYER and reason ATTACKED.
[May 05, 2026 00:35:57.827AM UTC]  EntityDamageByEntityEvent was triggered by damaged PLAYER xhikoenfasis17, damager PLAYER emi4553 and cancelled false.
[May 05, 2026 00:35:57.829AM UTC]  PlayerPunishEvent was triggered on xhikoenfasis17 with reason SELF_DEATH and cancelled true.
[May 05, 2026 00:35:57.829AM UTC]  PlayerUntagEvent was triggered on xhikoenfasis17 with reason SELF_DEATH and expire set to true.
[May 05, 2026 00:35:57.829AM UTC]  PlayerPunishEvent was triggered on emi4553 with reason ENEMY_DEATH and cancelled true.
[May 05, 2026 00:35:57.829AM UTC]  PlayerUntagEvent was triggered on emi4553 with reason ENEMY_DEATH and expire set to true.
[May 05, 2026 00:36:03.729AM UTC]  PlayerPreTagEvent was triggered on xhikoenfasis17 by emi4553 with type PLAYER, reason ATTACKER, and cancelled false.
[May 05, 2026 00:36:03.729AM UTC]  PlayerTagEvent was triggered on xhikoenfasis17 by emi4553 with type PLAYER and reason ATTACKER.
[May 05, 2026 00:36:03.729AM UTC]  PlayerPreTagEvent was triggered on emi4553 by xhikoenfasis17 with type PLAYER, reason ATTACKED, and cancelled false.
[May 05, 2026 00:36:03.730AM UTC]  PlayerTagEvent was triggered on emi4553 by xhikoenfasis17 with type PLAYER and reason ATTACKED.
[May 05, 2026 00:36:03.730AM UTC]  EntityDamageByEntityEvent was triggered by damaged PLAYER emi4553, damager PLAYER xhikoenfasis17 and cancelled false.
[May 05, 2026 00:36:04.277AM UTC]  PlayerPreTagEvent was triggered on xhikoenfasis17 by emi4553 with type PLAYER, reason ATTACKER, and cancelled false.
[May 05, 2026 00:36:04.277AM UTC]  PlayerReTagEvent was triggered on xhikoenfasis17 by emi4553 with type PLAYER and reason ATTACKER.
[May 05, 2026 00:36:04.278AM UTC]  PlayerPreTagEvent was triggered on emi4553 by xhikoenfasis17 with type PLAYER, reason ATTACKED, and cancelled false.
[May 05, 2026 00:36:04.278AM UTC]  PlayerReTagEvent was triggered on emi4553 by xhikoenfasis17 with type PLAYER and reason ATTACKED.
[May 05, 2026 00:36:04.278AM UTC]  EntityDamageByEntityEvent was triggered by damaged PLAYER emi4553, damager PLAYER xhikoenfasis17 and cancelled false.
[May 05, 2026 00:36:04.932AM UTC]  PlayerPreTagEvent was triggered on xhikoenfasis17 by emi4553 with type PLAYER, reason ATTACKER, and cancelled false.
[May 05, 2026 00:36:04.932AM UTC]  PlayerReTagEvent was triggered on xhikoenfasis17 by emi4553 with type PLAYER and reason ATTACKER.
[May 05, 2026 00:36:04.932AM UTC]  PlayerPreTagEvent was triggered on emi4553 by xhikoenfasis17 with type PLAYER, reason ATTACKED, and cancelled false.
[May 05, 2026 00:36:04.932AM UTC]  PlayerReTagEvent was triggered on emi4553 by xhikoenfasis17 with type PLAYER and reason ATTACKED.
[May 05, 2026 00:36:04.932AM UTC]  EntityDamageByEntityEvent was triggered by damaged PLAYER emi4553, damager PLAYER xhikoenfasis17 and cancelled false.
[May 05, 2026 00:36:05.099AM UTC]  PlayerPreTagEvent was triggered on LITTLE_GHOTS by xhikoenfasis17 with type PLAYER, reason ATTACKER, and cancelled false.
[May 05, 2026 00:36:05.099AM UTC]  PlayerTagEvent was triggered on LITTLE_GHOTS by xhikoenfasis17 with type PLAYER and reason ATTACKER.
[May 05, 2026 00:36:05.099AM UTC]  PlayerPreTagEvent was triggered on xhikoenfasis17 by LITTLE_GHOTS with type PLAYER, reason ATTACKED, and cancelled false.
[May 05, 2026 00:36:05.099AM UTC]  PlayerReTagEvent was triggered on xhikoenfasis17 by LITTLE_GHOTS with type PLAYER and reason ATTACKED.
[May 05, 2026 00:36:05.100AM UTC]  EntityDamageByEntityEvent was triggered by damaged PLAYER xhikoenfasis17, damager PLAYER LITTLE_GHOTS and cancelled false.
[May 05, 2026 00:36:05.982AM UTC]  PlayerPreTagEvent was triggered on xhikoenfasis17 by emi4553 with type PLAYER, reason ATTACKER, and cancelled false.
[May 05, 2026 00:36:05.983AM UTC]  PlayerReTagEvent was triggered on xhikoenfasis17 by emi4553 with type PLAYER and reason ATTACKER.
[May 05, 2026 00:36:05.983AM UTC]  PlayerPreTagEvent was triggered on emi4553 by xhikoenfasis17 with type PLAYER, reason ATTACKED, and cancelled false.
[May 05, 2026 00:36:05.983AM UTC]  PlayerReTagEvent was triggered on emi4553 by xhikoenfasis17 with type PLAYER and reason ATTACKED.
[May 05, 2026 00:36:05.983AM UTC]  EntityDamageByEntityEvent was triggered by damaged PLAYER emi4553, damager PLAYER xhikoenfasis17 and cancelled false.
[May 05, 2026 00:36:06.928AM UTC]  PlayerPreTagEvent was triggered on xhikoenfasis17 by LITTLE_GHOTS with type PLAYER, reason ATTACKER, and cancelled false.
[May 05, 2026 00:36:06.928AM UTC]  PlayerReTagEvent was triggered on xhikoenfasis17 by LITTLE_GHOTS with type PLAYER and reason ATTACKER.
[May 05, 2026 00:36:06.928AM UTC]  PlayerPreTagEvent was triggered on LITTLE_GHOTS by xhikoenfasis17 with type PLAYER, reason ATTACKED, and cancelled false.
[May 05, 2026 00:36:06.929AM UTC]  PlayerReTagEvent was triggered on LITTLE_GHOTS by xhikoenfasis17 with type PLAYER and reason ATTACKED.
[May 05, 2026 00:36:06.929AM UTC]  EntityDamageByEntityEvent was triggered by damaged PLAYER LITTLE_GHOTS, damager PLAYER xhikoenfasis17 and cancelled false.
[May 05, 2026 00:36:07.178AM UTC]  PlayerPreTagEvent was triggered on xhikoenfasis17 by LITTLE_GHOTS with type PLAYER, reason ATTACKER, and cancelled false.
[May 05, 2026 00:36:07.179AM UTC]  PlayerReTagEvent was triggered on xhikoenfasis17 by LITTLE_GHOTS with type PLAYER and reason ATTACKER.
[May 05, 2026 00:36:07.179AM UTC]  PlayerPreTagEvent was triggered on LITTLE_GHOTS by xhikoenfasis17 with type PLAYER, reason ATTACKED, and cancelled false.
[May 05, 2026 00:36:07.179AM UTC]  PlayerReTagEvent was triggered on LITTLE_GHOTS by xhikoenfasis17 with type PLAYER and reason ATTACKED.
[May 05, 2026 00:36:07.179AM UTC]  EntityDamageByEntityEvent was triggered by damaged PLAYER LITTLE_GHOTS, damager PLAYER xhikoenfasis17 and cancelled false.
[May 05, 2026 00:36:07.682AM UTC]  PlayerPreTagEvent was triggered on xhikoenfasis17 by LITTLE_GHOTS with type PLAYER, reason ATTACKER, and cancelled false.
[May 05, 2026 00:36:07.683AM UTC]  PlayerReTagEvent was triggered on xhikoenfasis17 by LITTLE_GHOTS with type PLAYER and reason ATTACKER.
[May 05, 2026 00:36:07.683AM UTC]  PlayerPreTagEvent was triggered on LITTLE_GHOTS by xhikoenfasis17 with type PLAYER, reason ATTACKED, and cancelled false.
[May 05, 2026 00:36:07.683AM UTC]  PlayerReTagEvent was triggered on LITTLE_GHOTS by xhikoenfasis17 with type PLAYER and reason ATTACKED.
[May 05, 2026 00:36:07.683AM UTC]  EntityDamageByEntityEvent was triggered by damaged PLAYER LITTLE_GHOTS, damager PLAYER xhikoenfasis17 and cancelled false.
[May 05, 2026 00:36:09.130AM UTC]  PlayerPreTagEvent was triggered on xhikoenfasis17 by LITTLE_GHOTS with type PLAYER, reason ATTACKER, and cancelled false.
[May 05, 2026 00:36:09.130AM UTC]  PlayerReTagEvent was triggered on xhikoenfasis17 by LITTLE_GHOTS with type PLAYER and reason ATTACKER.
[May 05, 2026 00:36:09.130AM UTC]  PlayerPreTagEvent was triggered on LITTLE_GHOTS by xhikoenfasis17 with type PLAYER, reason ATTACKED, and cancelled false.
[May 05, 2026 00:36:09.130AM UTC]  PlayerReTagEvent was triggered on LITTLE_GHOTS by xhikoenfasis17 with type PLAYER and reason ATTACKED.
[May 05, 2026 00:36:09.130AM UTC]  EntityDamageByEntityEvent was triggered by damaged PLAYER LITTLE_GHOTS, damager PLAYER xhikoenfasis17 and cancelled false.
[May 05, 2026 00:36:11.985AM UTC]  PlayerPreTagEvent was triggered on xhikoenfasis17 by emi4553 with type PLAYER, reason ATTACKER, and cancelled false.
[May 05, 2026 00:36:11.986AM UTC]  PlayerReTagEvent was triggered on xhikoenfasis17 by emi4553 with type PLAYER and reason ATTACKER.
[May 05, 2026 00:36:11.986AM UTC]  PlayerPreTagEvent was triggered on emi4553 by xhikoenfasis17 with type PLAYER, reason ATTACKED, and cancelled false.
[May 05, 2026 00:36:11.986AM UTC]  PlayerReTagEvent was triggered on emi4553 by xhikoenfasis17 with type PLAYER and reason ATTACKED.
[May 05, 2026 00:36:11.986AM UTC]  EntityDamageByEntityEvent was triggered by damaged PLAYER emi4553, damager PLAYER xhikoenfasis17 and cancelled false.
[May 05, 2026 00:36:12.600AM UTC]  PlayerPreTagEvent was triggered on xhikoenfasis17 by emi4553 with type PLAYER, reason ATTACKER, and cancelled false.
[May 05, 2026 00:36:12.600AM UTC]  PlayerReTagEvent was triggered on xhikoenfasis17 by emi4553 with type PLAYER and reason ATTACKER.
[May 05, 2026 00:36:12.600AM UTC]  PlayerPreTagEvent was triggered on emi4553 by xhikoenfasis17 with type PLAYER, reason ATTACKED, and cancelled false.
[May 05, 2026 00:36:12.600AM UTC]  PlayerReTagEvent was triggered on emi4553 by xhikoenfasis17 with type PLAYER and reason ATTACKED.
[May 05, 2026 00:36:12.600AM UTC]  EntityDamageByEntityEvent was triggered by damaged PLAYER emi4553, damager PLAYER xhikoenfasis17 and cancelled false.
[May 05, 2026 00:36:13.683AM UTC]  PlayerPreTagEvent was triggered on xhikoenfasis17 by emi4553 with type PLAYER, reason ATTACKER, and cancelled false.
[May 05, 2026 00:36:13.683AM UTC]  PlayerReTagEvent was triggered on xhikoenfasis17 by emi4553 with type PLAYER and reason ATTACKER.
[May 05, 2026 00:36:13.683AM UTC]  PlayerPreTagEvent was triggered on emi4553 by xhikoenfasis17 with type PLAYER, reason ATTACKED, and cancelled false.
[May 05, 2026 00:36:13.683AM UTC]  PlayerReTagEvent was triggered on emi4553 by xhikoenfasis17 with type PLAYER and reason ATTACKED.
[May 05, 2026 00:36:13.684AM UTC]  EntityDamageByEntityEvent was triggered by damaged PLAYER emi4553, damager PLAYER xhikoenfasis17 and cancelled false.
[May 05, 2026 00:36:18.781AM UTC]  PlayerPreTagEvent was triggered on xhikoenfasis17 by emi4553 with type PLAYER, reason ATTACKER, and cancelled false.
[May 05, 2026 00:36:18.782AM UTC]  PlayerReTagEvent was triggered on xhikoenfasis17 by emi4553 with type PLAYER and reason ATTACKER.
[May 05, 2026 00:36:18.782AM UTC]  PlayerPreTagEvent was triggered on emi4553 by xhikoenfasis17 with type PLAYER, reason ATTACKED, and cancelled false.
[May 05, 2026 00:36:18.782AM UTC]  PlayerReTagEvent was triggered on emi4553 by xhikoenfasis17 with type PLAYER and reason ATTACKED.
[May 05, 2026 00:36:18.782AM UTC]  EntityDamageByEntityEvent was triggered by damaged PLAYER emi4553, damager PLAYER xhikoenfasis17 and cancelled false.
[May 05, 2026 00:36:19.278AM UTC]  PlayerPreTagEvent was triggered on xhikoenfasis17 by emi4553 with type PLAYER, reason ATTACKER, and cancelled false.
[May 05, 2026 00:36:19.278AM UTC]  PlayerReTagEvent was triggered on xhikoenfasis17 by emi4553 with type PLAYER and reason ATTACKER.
[May 05, 2026 00:36:19.278AM UTC]  PlayerPreTagEvent was triggered on emi4553 by xhikoenfasis17 with type PLAYER, reason ATTACKED, and cancelled false.
[May 05, 2026 00:36:19.278AM UTC]  PlayerReTagEvent was triggered on emi4553 by xhikoenfasis17 with type PLAYER and reason ATTACKED.
[May 05, 2026 00:36:19.278AM UTC]  EntityDamageByEntityEvent was triggered by damaged PLAYER emi4553, damager PLAYER xhikoenfasis17 and cancelled false.
[May 05, 2026 00:36:22.332AM UTC]  PlayerPreTagEvent was triggered on xhikoenfasis17 by emi4553 with type PLAYER, reason ATTACKER, and cancelled false.
[May 05, 2026 00:36:22.332AM UTC]  PlayerReTagEvent was triggered on xhikoenfasis17 by emi4553 with type PLAYER and reason ATTACKER.
[May 05, 2026 00:36:22.332AM UTC]  PlayerPreTagEvent was triggered on emi4553 by xhikoenfasis17 with type PLAYER, reason ATTACKED, and cancelled false.
[May 05, 2026 00:36:22.332AM UTC]  PlayerReTagEvent was triggered on emi4553 by xhikoenfasis17 with type PLAYER and reason ATTACKED.
[May 05, 2026 00:36:22.333AM UTC]  EntityDamageByEntityEvent was triggered by damaged PLAYER emi4553, damager PLAYER xhikoenfasis17 and cancelled false.
[May 05, 2026 00:36:23.726AM UTC]  PlayerPreTagEvent was triggered on xhikoenfasis17 by emi4553 with type PLAYER, reason ATTACKER, and cancelled false.
[May 05, 2026 00:36:23.727AM UTC]  PlayerReTagEvent was triggered on xhikoenfasis17 by emi4553 with type PLAYER and reason ATTACKER.
[May 05, 2026 00:36:23.727AM UTC]  PlayerPreTagEvent was triggered on emi4553 by xhikoenfasis17 with type PLAYER, reason ATTACKED, and cancelled false.
[May 05, 2026 00:36:23.727AM UTC]  PlayerReTagEvent was triggered on emi4553 by xhikoenfasis17 with type PLAYER and reason ATTACKED.
[May 05, 2026 00:36:23.727AM UTC]  EntityDamageByEntityEvent was triggered by damaged PLAYER emi4553, damager PLAYER xhikoenfasis17 and cancelled false.
[May 05, 2026 00:36:26.181AM UTC]  PlayerPreTagEvent was triggered on xhikoenfasis17 by emi4553 with type PLAYER, reason ATTACKER, and cancelled false.
[May 05, 2026 00:36:26.181AM UTC]  PlayerReTagEvent was triggered on xhikoenfasis17 by emi4553 with type PLAYER and reason ATTACKER.
[May 05, 2026 00:36:26.181AM UTC]  PlayerPreTagEvent was triggered on emi4553 by xhikoenfasis17 with type PLAYER, reason ATTACKED, and cancelled false.
[May 05, 2026 00:36:26.181AM UTC]  PlayerReTagEvent was triggered on emi4553 by xhikoenfasis17 with type PLAYER and reason ATTACKED.
[May 05, 2026 00:36:26.182AM UTC]  EntityDamageByEntityEvent was triggered by damaged PLAYER emi4553, damager PLAYER xhikoenfasis17 and cancelled false.
[May 05, 2026 00:36:26.829AM UTC]  PlayerPreTagEvent was triggered on xhikoenfasis17 by emi4553 with type PLAYER, reason ATTACKER, and cancelled false.
[May 05, 2026 00:36:26.829AM UTC]  PlayerReTagEvent was triggered on xhikoenfasis17 by emi4553 with type PLAYER and reason ATTACKER.
[May 05, 2026 00:36:26.829AM UTC]  PlayerPreTagEvent was triggered on emi4553 by xhikoenfasis17 with type PLAYER, reason ATTACKED, and cancelled false.
[May 05, 2026 00:36:26.829AM UTC]  PlayerReTagEvent was triggered on emi4553 by xhikoenfasis17 with type PLAYER and reason ATTACKED.
[May 05, 2026 00:36:26.829AM UTC]  EntityDamageByEntityEvent was triggered by damaged PLAYER emi4553, damager PLAYER xhikoenfasis17 and cancelled false.
[May 05, 2026 00:36:29.423AM UTC]  PlayerPunishEvent was triggered on LITTLE_GHOTS with reason EXPIRE and cancelled true.
[May 05, 2026 00:36:29.423AM UTC]  PlayerUntagEvent was triggered on LITTLE_GHOTS with reason EXPIRE and expire set to true.
[May 05, 2026 00:36:31.743AM UTC]  PlayerPreTagEvent was triggered on LITTLE_GHOTS by xhikoenfasis17 with type PLAYER, reason ATTACKER, and cancelled false.
[May 05, 2026 00:36:31.743AM UTC]  PlayerTagEvent was triggered on LITTLE_GHOTS by xhikoenfasis17 with type PLAYER and reason ATTACKER.
[May 05, 2026 00:36:31.744AM UTC]  PlayerPreTagEvent was triggered on xhikoenfasis17 by LITTLE_GHOTS with type PLAYER, reason ATTACKED, and cancelled false.
[May 05, 2026 00:36:31.744AM UTC]  PlayerReTagEvent was triggered on xhikoenfasis17 by LITTLE_GHOTS with type PLAYER and reason ATTACKED.
[May 05, 2026 00:36:31.744AM UTC]  EntityDamageByEntityEvent was triggered by damaged PLAYER xhikoenfasis17, damager PLAYER LITTLE_GHOTS and cancelled false.
[May 05, 2026 00:36:31.898AM UTC]  PlayerPreTagEvent was triggered on xhikoenfasis17 by LITTLE_GHOTS with type PLAYER, reason ATTACKER, and cancelled false.
[May 05, 2026 00:36:31.899AM UTC]  PlayerReTagEvent was triggered on xhikoenfasis17 by LITTLE_GHOTS with type PLAYER and reason ATTACKER.
[May 05, 2026 00:36:31.899AM UTC]  PlayerPreTagEvent was triggered on LITTLE_GHOTS by xhikoenfasis17 with type PLAYER, reason ATTACKED, and cancelled false.
[May 05, 2026 00:36:31.899AM UTC]  PlayerReTagEvent was triggered on LITTLE_GHOTS by xhikoenfasis17 with type PLAYER and reason ATTACKED.
[May 05, 2026 00:36:31.899AM UTC]  EntityDamageByEntityEvent was triggered by damaged PLAYER LITTLE_GHOTS, damager PLAYER xhikoenfasis17 and cancelled false.
[May 05, 2026 00:36:32.377AM UTC]  PlayerPreTagEvent was triggered on xhikoenfasis17 by LITTLE_GHOTS with type PLAYER, reason ATTACKER, and cancelled false.
[May 05, 2026 00:36:32.378AM UTC]  PlayerReTagEvent was triggered on xhikoenfasis17 by LITTLE_GHOTS with type PLAYER and reason ATTACKER.
[May 05, 2026 00:36:32.378AM UTC]  PlayerPreTagEvent was triggered on LITTLE_GHOTS by xhikoenfasis17 with type PLAYER, reason ATTACKED, and cancelled false.
[May 05, 2026 00:36:32.378AM UTC]  PlayerReTagEvent was triggered on LITTLE_GHOTS by xhikoenfasis17 with type PLAYER and reason ATTACKED.
[May 05, 2026 00:36:32.378AM UTC]  EntityDamageByEntityEvent was triggered by damaged PLAYER LITTLE_GHOTS, damager PLAYER xhikoenfasis17 and cancelled false.
[May 05, 2026 00:36:32.378AM UTC]  PlayerPreTagEvent was triggered on LITTLE_GHOTS by xhikoenfasis17 with type PLAYER, reason ATTACKER, and cancelled false.
[May 05, 2026 00:36:32.379AM UTC]  PlayerReTagEvent was triggered on LITTLE_GHOTS by xhikoenfasis17 with type PLAYER and reason ATTACKER.
[May 05, 2026 00:36:32.379AM UTC]  PlayerPreTagEvent was triggered on xhikoenfasis17 by LITTLE_GHOTS with type PLAYER, reason ATTACKED, and cancelled false.
[May 05, 2026 00:36:32.379AM UTC]  PlayerReTagEvent was triggered on xhikoenfasis17 by LITTLE_GHOTS with type PLAYER and reason ATTACKED.
[May 05, 2026 00:36:32.379AM UTC]  EntityDamageByEntityEvent was triggered by damaged PLAYER xhikoenfasis17, damager PLAYER LITTLE_GHOTS and cancelled false.
[May 05, 2026 00:36:32.983AM UTC]  PlayerPreTagEvent was triggered on xhikoenfasis17 by LITTLE_GHOTS with type PLAYER, reason ATTACKER, and cancelled false.
[May 05, 2026 00:36:32.983AM UTC]  PlayerReTagEvent was triggered on xhikoenfasis17 by LITTLE_GHOTS with type PLAYER and reason ATTACKER.
[May 05, 2026 00:36:32.983AM UTC]  PlayerPreTagEvent was triggered on LITTLE_GHOTS by xhikoenfasis17 with type PLAYER, reason ATTACKED, and cancelled false.
[May 05, 2026 00:36:32.983AM UTC]  PlayerReTagEvent was triggered on LITTLE_GHOTS by xhikoenfasis17 with type PLAYER and reason ATTACKED.
[May 05, 2026 00:36:32.984AM UTC]  EntityDamageByEntityEvent was triggered by damaged PLAYER LITTLE_GHOTS, damager PLAYER xhikoenfasis17 and cancelled false.
[May 05, 2026 00:36:32.984AM UTC]  PlayerPreTagEvent was triggered on LITTLE_GHOTS by xhikoenfasis17 with type PLAYER, reason ATTACKER, and cancelled false.
[May 05, 2026 00:36:32.984AM UTC]  PlayerReTagEvent was triggered on LITTLE_GHOTS by xhikoenfasis17 with type PLAYER and reason ATTACKER.
[May 05, 2026 00:36:32.984AM UTC]  PlayerPreTagEvent was triggered on xhikoenfasis17 by LITTLE_GHOTS with type PLAYER, reason ATTACKED, and cancelled false.
[May 05, 2026 00:36:32.984AM UTC]  PlayerReTagEvent was triggered on xhikoenfasis17 by LITTLE_GHOTS with type PLAYER and reason ATTACKED.
[May 05, 2026 00:36:32.984AM UTC]  EntityDamageByEntityEvent was triggered by damaged PLAYER xhikoenfasis17, damager PLAYER LITTLE_GHOTS and cancelled false.
[May 05, 2026 00:36:32.986AM UTC]  PlayerPunishEvent was triggered on xhikoenfasis17 with reason SELF_DEATH and cancelled true.
[May 05, 2026 00:36:32.986AM UTC]  PlayerUntagEvent was triggered on xhikoenfasis17 with reason SELF_DEATH and expire set to true.
[May 05, 2026 00:36:32.986AM UTC]  PlayerPunishEvent was triggered on emi4553 with reason ENEMY_DEATH and cancelled true.
[May 05, 2026 00:36:32.986AM UTC]  PlayerUntagEvent was triggered on emi4553 with reason ENEMY_DEATH and expire set to true.
[May 05, 2026 00:36:32.986AM UTC]  PlayerPunishEvent was triggered on LITTLE_GHOTS with reason ENEMY_DEATH and cancelled true.
[May 05, 2026 00:36:32.986AM UTC]  PlayerUntagEvent was triggered on LITTLE_GHOTS with reason ENEMY_DEATH and expire set to true.
[May 05, 2026 00:36:40.377AM UTC]  PlayerPreTagEvent was triggered on xhikoenfasis17 by LITTLE_GHOTS with type PLAYER, reason ATTACKER, and cancelled false.
[May 05, 2026 00:36:40.378AM UTC]  PlayerTagEvent was triggered on xhikoenfasis17 by LITTLE_GHOTS with type PLAYER and reason ATTACKER.
[May 05, 2026 00:36:40.378AM UTC]  PlayerPreTagEvent was triggered on LITTLE_GHOTS by xhikoenfasis17 with type PLAYER, reason ATTACKED, and cancelled false.
[May 05, 2026 00:36:40.378AM UTC]  PlayerTagEvent was triggered on LITTLE_GHOTS by xhikoenfasis17 with type PLAYER and reason ATTACKED.
[May 05, 2026 00:36:40.378AM UTC]  EntityDamageByEntityEvent was triggered by damaged PLAYER LITTLE_GHOTS, damager PLAYER xhikoenfasis17 and cancelled false.
[May 05, 2026 00:36:41.030AM UTC]  PlayerPreTagEvent was triggered on xhikoenfasis17 by LITTLE_GHOTS with type PLAYER, reason ATTACKER, and cancelled false.
[May 05, 2026 00:36:41.031AM UTC]  PlayerReTagEvent was triggered on xhikoenfasis17 by LITTLE_GHOTS with type PLAYER and reason ATTACKER.
[May 05, 2026 00:36:41.031AM UTC]  PlayerPreTagEvent was triggered on LITTLE_GHOTS by xhikoenfasis17 with type PLAYER, reason ATTACKED, and cancelled false.
[May 05, 2026 00:36:41.031AM UTC]  PlayerReTagEvent was triggered on LITTLE_GHOTS by xhikoenfasis17 with type PLAYER and reason ATTACKED.
[May 05, 2026 00:36:41.031AM UTC]  EntityDamageByEntityEvent was triggered by damaged PLAYER LITTLE_GHOTS, damager PLAYER xhikoenfasis17 and cancelled false.
[May 05, 2026 00:36:41.587AM UTC]  PlayerPreTagEvent was triggered on xhikoenfasis17 by LITTLE_GHOTS with type PLAYER, reason ATTACKER, and cancelled false.
[May 05, 2026 00:36:41.588AM UTC]  PlayerReTagEvent was triggered on xhikoenfasis17 by LITTLE_GHOTS with type PLAYER and reason ATTACKER.
[May 05, 2026 00:36:41.588AM UTC]  PlayerPreTagEvent was triggered on LITTLE_GHOTS by xhikoenfasis17 with type PLAYER, reason ATTACKED, and cancelled false.
[May 05, 2026 00:36:41.588AM UTC]  PlayerReTagEvent was triggered on LITTLE_GHOTS by xhikoenfasis17 with type PLAYER and reason ATTACKED.
[May 05, 2026 00:36:41.588AM UTC]  EntityDamageByEntityEvent was triggered by damaged PLAYER LITTLE_GHOTS, damager PLAYER xhikoenfasis17 and cancelled false.
[May 05, 2026 00:36:41.929AM UTC]  PlayerPreTagEvent was triggered on Akukis by xhikoenfasis17 with type PLAYER, reason ATTACKER, and cancelled true.
[May 05, 2026 00:36:41.930AM UTC]  PlayerPreTagEvent was triggered on xhikoenfasis17 by Akukis with type PLAYER, reason ATTACKED, and cancelled true.
[May 05, 2026 00:36:41.930AM UTC]  EntityDamageByEntityEvent was triggered by damaged PLAYER xhikoenfasis17, damager PLAYER Akukis and cancelled false.
[May 05, 2026 00:36:42.581AM UTC]  PlayerPreTagEvent was triggered on Akukis by xhikoenfasis17 with type PLAYER, reason ATTACKER, and cancelled true.
[May 05, 2026 00:36:42.581AM UTC]  PlayerPreTagEvent was triggered on xhikoenfasis17 by Akukis with type PLAYER, reason ATTACKED, and cancelled true.
[May 05, 2026 00:36:42.581AM UTC]  EntityDamageByEntityEvent was triggered by damaged PLAYER xhikoenfasis17, damager PLAYER Akukis and cancelled false.
[May 05, 2026 00:36:42.682AM UTC]  PlayerPreTagEvent was triggered on xhikoenfasis17 by LITTLE_GHOTS with type PLAYER, reason ATTACKER, and cancelled false.
[May 05, 2026 00:36:42.682AM UTC]  PlayerReTagEvent was triggered on xhikoenfasis17 by LITTLE_GHOTS with type PLAYER and reason ATTACKER.
[May 05, 2026 00:36:42.682AM UTC]  PlayerPreTagEvent was triggered on LITTLE_GHOTS by xhikoenfasis17 with type PLAYER, reason ATTACKED, and cancelled false.
[May 05, 2026 00:36:42.682AM UTC]  PlayerReTagEvent was triggered on LITTLE_GHOTS by xhikoenfasis17 with type PLAYER and reason ATTACKED.
[May 05, 2026 00:36:42.682AM UTC]  EntityDamageByEntityEvent was triggered by damaged PLAYER LITTLE_GHOTS, damager PLAYER xhikoenfasis17 and cancelled false.
[May 05, 2026 00:36:42.683AM UTC]  PlayerPreTagEvent was triggered on LITTLE_GHOTS by xhikoenfasis17 with type PLAYER, reason ATTACKER, and cancelled false.
[May 05, 2026 00:36:42.683AM UTC]  PlayerReTagEvent was triggered on LITTLE_GHOTS by xhikoenfasis17 with type PLAYER and reason ATTACKER.
[May 05, 2026 00:36:42.683AM UTC]  PlayerPreTagEvent was triggered on xhikoenfasis17 by LITTLE_GHOTS with type PLAYER, reason ATTACKED, and cancelled false.
[May 05, 2026 00:36:42.683AM UTC]  PlayerReTagEvent was triggered on xhikoenfasis17 by LITTLE_GHOTS with type PLAYER and reason ATTACKED.
[May 05, 2026 00:36:42.683AM UTC]  EntityDamageByEntityEvent was triggered by damaged PLAYER xhikoenfasis17, damager PLAYER LITTLE_GHOTS and cancelled false.
[May 05, 2026 00:36:44.082AM UTC]  PlayerPreTagEvent was triggered on xhikoenfasis17 by LITTLE_GHOTS with type PLAYER, reason ATTACKER, and cancelled false.
[May 05, 2026 00:36:44.082AM UTC]  PlayerReTagEvent was triggered on xhikoenfasis17 by LITTLE_GHOTS with type PLAYER and reason ATTACKER.
[May 05, 2026 00:36:44.082AM UTC]  PlayerPreTagEvent was triggered on LITTLE_GHOTS by xhikoenfasis17 with type PLAYER, reason ATTACKED, and cancelled false.
[May 05, 2026 00:36:44.082AM UTC]  PlayerReTagEvent was triggered on LITTLE_GHOTS by xhikoenfasis17 with type PLAYER and reason ATTACKED.
[May 05, 2026 00:36:44.082AM UTC]  EntityDamageByEntityEvent was triggered by damaged PLAYER LITTLE_GHOTS, damager PLAYER xhikoenfasis17 and cancelled false.
[May 05, 2026 00:36:47.488AM UTC]  PlayerPreTagEvent was triggered on xhikoenfasis17 by LITTLE_GHOTS with type PLAYER, reason ATTACKER, and cancelled false.
[May 05, 2026 00:36:47.488AM UTC]  PlayerReTagEvent was triggered on xhikoenfasis17 by LITTLE_GHOTS with type PLAYER and reason ATTACKER.
[May 05, 2026 00:36:47.488AM UTC]  PlayerPreTagEvent was triggered on LITTLE_GHOTS by xhikoenfasis17 with type PLAYER, reason ATTACKED, and cancelled false.
[May 05, 2026 00:36:47.488AM UTC]  PlayerReTagEvent was triggered on LITTLE_GHOTS by xhikoenfasis17 with type PLAYER and reason ATTACKED.
[May 05, 2026 00:36:47.488AM UTC]  EntityDamageByEntityEvent was triggered by damaged PLAYER LITTLE_GHOTS, damager PLAYER xhikoenfasis17 and cancelled false.
[May 05, 2026 00:36:48.154AM UTC]  PlayerPreTagEvent was triggered on xhikoenfasis17 by LITTLE_GHOTS with type PLAYER, reason ATTACKER, and cancelled false.
[May 05, 2026 00:36:48.154AM UTC]  PlayerReTagEvent was triggered on xhikoenfasis17 by LITTLE_GHOTS with type PLAYER and reason ATTACKER.
[May 05, 2026 00:36:48.154AM UTC]  PlayerPreTagEvent was triggered on LITTLE_GHOTS by xhikoenfasis17 with type PLAYER, reason ATTACKED, and cancelled false.
[May 05, 2026 00:36:48.154AM UTC]  PlayerReTagEvent was triggered on LITTLE_GHOTS by xhikoenfasis17 with type PLAYER and reason ATTACKED.
[May 05, 2026 00:36:48.154AM UTC]  EntityDamageByEntityEvent was triggered by damaged PLAYER LITTLE_GHOTS, damager PLAYER xhikoenfasis17 and cancelled false.
[May 05, 2026 00:36:48.736AM UTC]  PlayerPreTagEvent was triggered on xhikoenfasis17 by LITTLE_GHOTS with type PLAYER, reason ATTACKER, and cancelled false.
[May 05, 2026 00:36:48.736AM UTC]  PlayerReTagEvent was triggered on xhikoenfasis17 by LITTLE_GHOTS with type PLAYER and reason ATTACKER.
[May 05, 2026 00:36:48.736AM UTC]  PlayerPreTagEvent was triggered on LITTLE_GHOTS by xhikoenfasis17 with type PLAYER, reason ATTACKED, and cancelled false.
[May 05, 2026 00:36:48.737AM UTC]  PlayerReTagEvent was triggered on LITTLE_GHOTS by xhikoenfasis17 with type PLAYER and reason ATTACKED.
[May 05, 2026 00:36:48.737AM UTC]  EntityDamageByEntityEvent was triggered by damaged PLAYER LITTLE_GHOTS, damager PLAYER xhikoenfasis17 and cancelled false.
[May 05, 2026 00:36:49.932AM UTC]  PlayerPreTagEvent was triggered on xhikoenfasis17 by LITTLE_GHOTS with type PLAYER, reason ATTACKER, and cancelled false.
[May 05, 2026 00:36:49.932AM UTC]  PlayerReTagEvent was triggered on xhikoenfasis17 by LITTLE_GHOTS with type PLAYER and reason ATTACKER.
[May 05, 2026 00:36:49.932AM UTC]  PlayerPreTagEvent was triggered on LITTLE_GHOTS by xhikoenfasis17 with type PLAYER, reason ATTACKED, and cancelled false.
[May 05, 2026 00:36:49.932AM UTC]  PlayerReTagEvent was triggered on LITTLE_GHOTS by xhikoenfasis17 with type PLAYER and reason ATTACKED.
[May 05, 2026 00:36:49.932AM UTC]  EntityDamageByEntityEvent was triggered by damaged PLAYER LITTLE_GHOTS, damager PLAYER xhikoenfasis17 and cancelled false.
[May 05, 2026 00:36:49.933AM UTC]  PlayerPreTagEvent was triggered on LITTLE_GHOTS by xhikoenfasis17 with type PLAYER, reason ATTACKER, and cancelled false.
[May 05, 2026 00:36:49.933AM UTC]  PlayerReTagEvent was triggered on LITTLE_GHOTS by xhikoenfasis17 with type PLAYER and reason ATTACKER.
[May 05, 2026 00:36:49.933AM UTC]  PlayerPreTagEvent was triggered on xhikoenfasis17 by LITTLE_GHOTS with type PLAYER, reason ATTACKED, and cancelled false.
[May 05, 2026 00:36:49.933AM UTC]  PlayerReTagEvent was triggered on xhikoenfasis17 by LITTLE_GHOTS with type PLAYER and reason ATTACKED.
[May 05, 2026 00:36:49.933AM UTC]  EntityDamageByEntityEvent was triggered by damaged PLAYER xhikoenfasis17, damager PLAYER LITTLE_GHOTS and cancelled false.
[May 05, 2026 00:36:53.732AM UTC]  PlayerPreTagEvent was triggered on xhikoenfasis17 by LITTLE_GHOTS with type PLAYER, reason ATTACKER, and cancelled false.
[May 05, 2026 00:36:53.733AM UTC]  PlayerReTagEvent was triggered on xhikoenfasis17 by LITTLE_GHOTS with type PLAYER and reason ATTACKER.
[May 05, 2026 00:36:53.733AM UTC]  PlayerPreTagEvent was triggered on LITTLE_GHOTS by xhikoenfasis17 with type PLAYER, reason ATTACKED, and cancelled false.
[May 05, 2026 00:36:53.733AM UTC]  PlayerReTagEvent was triggered on LITTLE_GHOTS by xhikoenfasis17 with type PLAYER and reason ATTACKED.
[May 05, 2026 00:36:53.733AM UTC]  EntityDamageByEntityEvent was triggered by damaged PLAYER LITTLE_GHOTS, damager PLAYER xhikoenfasis17 and cancelled false.
[May 05, 2026 00:36:54.328AM UTC]  PlayerPreTagEvent was triggered on xhikoenfasis17 by LITTLE_GHOTS with type PLAYER, reason ATTACKER, and cancelled false.
[May 05, 2026 00:36:54.328AM UTC]  PlayerReTagEvent was triggered on xhikoenfasis17 by LITTLE_GHOTS with type PLAYER and reason ATTACKER.
[May 05, 2026 00:36:54.328AM UTC]  PlayerPreTagEvent was triggered on LITTLE_GHOTS by xhikoenfasis17 with type PLAYER, reason ATTACKED, and cancelled false.
[May 05, 2026 00:36:54.329AM UTC]  PlayerReTagEvent was triggered on LITTLE_GHOTS by xhikoenfasis17 with type PLAYER and reason ATTACKED.
[May 05, 2026 00:36:54.329AM UTC]  EntityDamageByEntityEvent was triggered by damaged PLAYER LITTLE_GHOTS, damager PLAYER xhikoenfasis17 and cancelled false.
[May 05, 2026 00:36:54.329AM UTC]  PlayerPreTagEvent was triggered on LITTLE_GHOTS by xhikoenfasis17 with type PLAYER, reason ATTACKER, and cancelled false.
[May 05, 2026 00:36:54.329AM UTC]  PlayerReTagEvent was triggered on LITTLE_GHOTS by xhikoenfasis17 with type PLAYER and reason ATTACKER.
[May 05, 2026 00:36:54.329AM UTC]  PlayerPreTagEvent was triggered on xhikoenfasis17 by LITTLE_GHOTS with type PLAYER, reason ATTACKED, and cancelled false.
[May 05, 2026 00:36:54.329AM UTC]  PlayerReTagEvent was triggered on xhikoenfasis17 by LITTLE_GHOTS with type PLAYER and reason ATTACKED.
[May 05, 2026 00:36:54.330AM UTC]  EntityDamageByEntityEvent was triggered by damaged PLAYER xhikoenfasis17, damager PLAYER LITTLE_GHOTS and cancelled false.
[May 05, 2026 00:36:55.082AM UTC]  PlayerPreTagEvent was triggered on xhikoenfasis17 by LITTLE_GHOTS with type PLAYER, reason ATTACKER, and cancelled false.
[May 05, 2026 00:36:55.083AM UTC]  PlayerReTagEvent was triggered on xhikoenfasis17 by LITTLE_GHOTS with type PLAYER and reason ATTACKER.
[May 05, 2026 00:36:55.083AM UTC]  PlayerPreTagEvent was triggered on LITTLE_GHOTS by xhikoenfasis17 with type PLAYER, reason ATTACKED, and cancelled false.
[May 05, 2026 00:36:55.083AM UTC]  PlayerReTagEvent was triggered on LITTLE_GHOTS by xhikoenfasis17 with type PLAYER and reason ATTACKED.
[May 05, 2026 00:36:55.083AM UTC]  EntityDamageByEntityEvent was triggered by damaged PLAYER LITTLE_GHOTS, damager PLAYER xhikoenfasis17 and cancelled false.
[May 05, 2026 00:36:55.783AM UTC]  PlayerPreTagEvent was triggered on xhikoenfasis17 by LITTLE_GHOTS with type PLAYER, reason ATTACKER, and cancelled false.
[May 05, 2026 00:36:55.783AM UTC]  PlayerReTagEvent was triggered on xhikoenfasis17 by LITTLE_GHOTS with type PLAYER and reason ATTACKER.
[May 05, 2026 00:36:55.783AM UTC]  PlayerPreTagEvent was triggered on LITTLE_GHOTS by xhikoenfasis17 with type PLAYER, reason ATTACKED, and cancelled false.
[May 05, 2026 00:36:55.783AM UTC]  PlayerReTagEvent was triggered on LITTLE_GHOTS by xhikoenfasis17 with type PLAYER and reason ATTACKED.
[May 05, 2026 00:36:55.784AM UTC]  EntityDamageByEntityEvent was triggered by damaged PLAYER LITTLE_GHOTS, damager PLAYER xhikoenfasis17 and cancelled false.
[May 05, 2026 00:36:56.378AM UTC]  PlayerPreTagEvent was triggered on xhikoenfasis17 by LITTLE_GHOTS with type PLAYER, reason ATTACKER, and cancelled false.
[May 05, 2026 00:36:56.379AM UTC]  PlayerReTagEvent was triggered on xhikoenfasis17 by LITTLE_GHOTS with type PLAYER and reason ATTACKER.
[May 05, 2026 00:36:56.379AM UTC]  PlayerPreTagEvent was triggered on LITTLE_GHOTS by xhikoenfasis17 with type PLAYER, reason ATTACKED, and cancelled false.
[May 05, 2026 00:36:56.379AM UTC]  PlayerReTagEvent was triggered on LITTLE_GHOTS by xhikoenfasis17 with type PLAYER and reason ATTACKED.
[May 05, 2026 00:36:56.379AM UTC]  EntityDamageByEntityEvent was triggered by damaged PLAYER LITTLE_GHOTS, damager PLAYER xhikoenfasis17 and cancelled false.
[May 05, 2026 00:36:56.980AM UTC]  PlayerPreTagEvent was triggered on xhikoenfasis17 by emi4553 with type PLAYER, reason ATTACKER, and cancelled false.
[May 05, 2026 00:36:56.980AM UTC]  PlayerReTagEvent was triggered on xhikoenfasis17 by emi4553 with type PLAYER and reason ATTACKER.
[May 05, 2026 00:36:56.980AM UTC]  PlayerPreTagEvent was triggered on emi4553 by xhikoenfasis17 with type PLAYER, reason ATTACKED, and cancelled false.
[May 05, 2026 00:36:56.980AM UTC]  PlayerTagEvent was triggered on emi4553 by xhikoenfasis17 with type PLAYER and reason ATTACKED.
[May 05, 2026 00:36:56.981AM UTC]  EntityDamageByEntityEvent was triggered by damaged PLAYER emi4553, damager PLAYER xhikoenfasis17 and cancelled false.
[May 05, 2026 00:36:57.542AM UTC]  PlayerPreTagEvent was triggered on LITTLE_GHOTS by xhikoenfasis17 with type PLAYER, reason ATTACKER, and cancelled false.
[May 05, 2026 00:36:57.542AM UTC]  PlayerReTagEvent was triggered on LITTLE_GHOTS by xhikoenfasis17 with type PLAYER and reason ATTACKER.
[May 05, 2026 00:36:57.542AM UTC]  PlayerPreTagEvent was triggered on xhikoenfasis17 by LITTLE_GHOTS with type PLAYER, reason ATTACKED, and cancelled false.
[May 05, 2026 00:36:57.542AM UTC]  PlayerReTagEvent was triggered on xhikoenfasis17 by LITTLE_GHOTS with type PLAYER and reason ATTACKED.
[May 05, 2026 00:36:57.543AM UTC]  EntityDamageByEntityEvent was triggered by damaged PLAYER xhikoenfasis17, damager PLAYER LITTLE_GHOTS and cancelled false.
[May 05, 2026 00:36:57.684AM UTC]  PlayerPreTagEvent was triggered on xhikoenfasis17 by emi4553 with type PLAYER, reason ATTACKER, and cancelled false.
[May 05, 2026 00:36:57.684AM UTC]  PlayerReTagEvent was triggered on xhikoenfasis17 by emi4553 with type PLAYER and reason ATTACKER.
[May 05, 2026 00:36:57.684AM UTC]  PlayerPreTagEvent was triggered on emi4553 by xhikoenfasis17 with type PLAYER, reason ATTACKED, and cancelled false.
[May 05, 2026 00:36:57.684AM UTC]  PlayerReTagEvent was triggered on emi4553 by xhikoenfasis17 with type PLAYER and reason ATTACKED.
[May 05, 2026 00:36:57.684AM UTC]  EntityDamageByEntityEvent was triggered by damaged PLAYER emi4553, damager PLAYER xhikoenfasis17 and cancelled false.
[May 05, 2026 00:36:57.943AM UTC]  PlayerPreTagEvent was triggered on LITTLE_GHOTS by xhikoenfasis17 with type PLAYER, reason ATTACKER, and cancelled false.
[May 05, 2026 00:36:57.943AM UTC]  PlayerReTagEvent was triggered on LITTLE_GHOTS by xhikoenfasis17 with type PLAYER and reason ATTACKER.
[May 05, 2026 00:36:57.943AM UTC]  PlayerPreTagEvent was triggered on xhikoenfasis17 by LITTLE_GHOTS with type PLAYER, reason ATTACKED, and cancelled false.
[May 05, 2026 00:36:57.943AM UTC]  PlayerReTagEvent was triggered on xhikoenfasis17 by LITTLE_GHOTS with type PLAYER and reason ATTACKED.
[May 05, 2026 00:36:57.943AM UTC]  EntityDamageByEntityEvent was triggered by damaged PLAYER xhikoenfasis17, damager PLAYER LITTLE_GHOTS and cancelled false.
[May 05, 2026 00:36:58.282AM UTC]  PlayerPreTagEvent was triggered on xhikoenfasis17 by LITTLE_GHOTS with type PLAYER, reason ATTACKER, and cancelled false.
[May 05, 2026 00:36:58.283AM UTC]  PlayerReTagEvent was triggered on xhikoenfasis17 by LITTLE_GHOTS with type PLAYER and reason ATTACKER.
[May 05, 2026 00:36:58.283AM UTC]  PlayerPreTagEvent was triggered on LITTLE_GHOTS by xhikoenfasis17 with type PLAYER, reason ATTACKED, and cancelled false.
[May 05, 2026 00:36:58.283AM UTC]  PlayerReTagEvent was triggered on LITTLE_GHOTS by xhikoenfasis17 with type PLAYER and reason ATTACKED.
[May 05, 2026 00:36:58.283AM UTC]  EntityDamageByEntityEvent was triggered by damaged PLAYER LITTLE_GHOTS, damager PLAYER xhikoenfasis17 and cancelled false.
[May 05, 2026 00:36:58.294AM UTC]  PlayerPreTagEvent was triggered on LITTLE_GHOTS by xhikoenfasis17 with type PLAYER, reason ATTACKER, and cancelled false.
[May 05, 2026 00:36:58.294AM UTC]  PlayerReTagEvent was triggered on LITTLE_GHOTS by xhikoenfasis17 with type PLAYER and reason ATTACKER.
[May 05, 2026 00:36:58.294AM UTC]  PlayerPreTagEvent was triggered on xhikoenfasis17 by LITTLE_GHOTS with type PLAYER, reason ATTACKED, and cancelled false.
[May 05, 2026 00:36:58.294AM UTC]  PlayerReTagEvent was triggered on xhikoenfasis17 by LITTLE_GHOTS with type PLAYER and reason ATTACKED.
[May 05, 2026 00:36:58.294AM UTC]  EntityDamageByEntityEvent was triggered by damaged PLAYER xhikoenfasis17, damager PLAYER LITTLE_GHOTS and cancelled false.
[May 05, 2026 00:36:58.296AM UTC]  PlayerPunishEvent was triggered on xhikoenfasis17 with reason SELF_DEATH and cancelled true.
[May 05, 2026 00:36:58.296AM UTC]  PlayerUntagEvent was triggered on xhikoenfasis17 with reason SELF_DEATH and expire set to true.
[May 05, 2026 00:36:58.296AM UTC]  PlayerPunishEvent was triggered on emi4553 with reason ENEMY_DEATH and cancelled true.
[May 05, 2026 00:36:58.296AM UTC]  PlayerUntagEvent was triggered on emi4553 with reason ENEMY_DEATH and expire set to true.
[May 05, 2026 00:36:58.296AM UTC]  PlayerPunishEvent was triggered on LITTLE_GHOTS with reason ENEMY_DEATH and cancelled true.
[May 05, 2026 00:36:58.297AM UTC]  PlayerUntagEvent was triggered on LITTLE_GHOTS with reason ENEMY_DEATH and expire set to true.
[May 05, 2026 00:37:03.036AM UTC]  PlayerPreTagEvent was triggered on xhikoenfasis17 by LITTLE_GHOTS with type PLAYER, reason ATTACKER, and cancelled false.
[May 05, 2026 00:37:03.037AM UTC]  PlayerTagEvent was triggered on xhikoenfasis17 by LITTLE_GHOTS with type PLAYER and reason ATTACKER.
[May 05, 2026 00:37:03.037AM UTC]  PlayerPreTagEvent was triggered on LITTLE_GHOTS by xhikoenfasis17 with type PLAYER, reason ATTACKED, and cancelled false.
[May 05, 2026 00:37:03.037AM UTC]  PlayerTagEvent was triggered on LITTLE_GHOTS by xhikoenfasis17 with type PLAYER and reason ATTACKED.
[May 05, 2026 00:37:03.037AM UTC]  EntityDamageByEntityEvent was triggered by damaged PLAYER LITTLE_GHOTS, damager PLAYER xhikoenfasis17 and cancelled false.
[May 05, 2026 00:37:03.581AM UTC]  PlayerPreTagEvent was triggered on xhikoenfasis17 by LITTLE_GHOTS with type PLAYER, reason ATTACKER, and cancelled false.
[May 05, 2026 00:37:03.582AM UTC]  PlayerReTagEvent was triggered on xhikoenfasis17 by LITTLE_GHOTS with type PLAYER and reason ATTACKER.
[May 05, 2026 00:37:03.582AM UTC]  PlayerPreTagEvent was triggered on LITTLE_GHOTS by xhikoenfasis17 with type PLAYER, reason ATTACKED, and cancelled false.
[May 05, 2026 00:37:03.582AM UTC]  PlayerReTagEvent was triggered on LITTLE_GHOTS by xhikoenfasis17 with type PLAYER and reason ATTACKED.
[May 05, 2026 00:37:03.582AM UTC]  EntityDamageByEntityEvent was triggered by damaged PLAYER LITTLE_GHOTS, damager PLAYER xhikoenfasis17 and cancelled false.
[May 05, 2026 00:37:03.582AM UTC]  PlayerPreTagEvent was triggered on LITTLE_GHOTS by xhikoenfasis17 with type PLAYER, reason ATTACKER, and cancelled false.
[May 05, 2026 00:37:03.583AM UTC]  PlayerReTagEvent was triggered on LITTLE_GHOTS by xhikoenfasis17 with type PLAYER and reason ATTACKER.
[May 05, 2026 00:37:03.583AM UTC]  PlayerPreTagEvent was triggered on xhikoenfasis17 by LITTLE_GHOTS with type PLAYER, reason ATTACKED, and cancelled false.
[May 05, 2026 00:37:03.583AM UTC]  PlayerReTagEvent was triggered on xhikoenfasis17 by LITTLE_GHOTS with type PLAYER and reason ATTACKED.
[May 05, 2026 00:37:03.583AM UTC]  EntityDamageByEntityEvent was triggered by damaged PLAYER xhikoenfasis17, damager PLAYER LITTLE_GHOTS and cancelled false.
[May 05, 2026 00:37:05.634AM UTC]  PlayerPreTagEvent was triggered on xhikoenfasis17 by LITTLE_GHOTS with type PLAYER, reason ATTACKER, and cancelled false.
[May 05, 2026 00:37:05.634AM UTC]  PlayerReTagEvent was triggered on xhikoenfasis17 by LITTLE_GHOTS with type PLAYER and reason ATTACKER.
[May 05, 2026 00:37:05.634AM UTC]  PlayerPreTagEvent was triggered on LITTLE_GHOTS by xhikoenfasis17 with type PLAYER, reason ATTACKED, and cancelled false.
[May 05, 2026 00:37:05.634AM UTC]  PlayerReTagEvent was triggered on LITTLE_GHOTS by xhikoenfasis17 with type PLAYER and reason ATTACKED.
[May 05, 2026 00:37:05.635AM UTC]  EntityDamageByEntityEvent was triggered by damaged PLAYER LITTLE_GHOTS, damager PLAYER xhikoenfasis17 and cancelled false.
[May 05, 2026 00:37:06.183AM UTC]  PlayerPreTagEvent was triggered on xhikoenfasis17 by LITTLE_GHOTS with type PLAYER, reason ATTACKER, and cancelled false.
[May 05, 2026 00:37:06.184AM UTC]  PlayerReTagEvent was triggered on xhikoenfasis17 by LITTLE_GHOTS with type PLAYER and reason ATTACKER.
[May 05, 2026 00:37:06.184AM UTC]  PlayerPreTagEvent was triggered on LITTLE_GHOTS by xhikoenfasis17 with type PLAYER, reason ATTACKED, and cancelled false.
[May 05, 2026 00:37:06.184AM UTC]  PlayerReTagEvent was triggered on LITTLE_GHOTS by xhikoenfasis17 with type PLAYER and reason ATTACKED.
[May 05, 2026 00:37:06.184AM UTC]  EntityDamageByEntityEvent was triggered by damaged PLAYER LITTLE_GHOTS, damager PLAYER xhikoenfasis17 and cancelled false.
[May 05, 2026 00:37:06.185AM UTC]  PlayerPreTagEvent was triggered on LITTLE_GHOTS by xhikoenfasis17 with type PLAYER, reason ATTACKER, and cancelled false.
[May 05, 2026 00:37:06.185AM UTC]  PlayerReTagEvent was triggered on LITTLE_GHOTS by xhikoenfasis17 with type PLAYER and reason ATTACKER.
[May 05, 2026 00:37:06.185AM UTC]  PlayerPreTagEvent was triggered on xhikoenfasis17 by LITTLE_GHOTS with type PLAYER, reason ATTACKED, and cancelled false.
[May 05, 2026 00:37:06.185AM UTC]  PlayerReTagEvent was triggered on xhikoenfasis17 by LITTLE_GHOTS with type PLAYER and reason ATTACKED.
[May 05, 2026 00:37:06.185AM UTC]  EntityDamageByEntityEvent was triggered by damaged PLAYER xhikoenfasis17, damager PLAYER LITTLE_GHOTS and cancelled false.
[May 05, 2026 00:37:07.281AM UTC]  PlayerPreTagEvent was triggered on xhikoenfasis17 by LITTLE_GHOTS with type PLAYER, reason ATTACKER, and cancelled false.
[May 05, 2026 00:37:07.281AM UTC]  PlayerReTagEvent was triggered on xhikoenfasis17 by LITTLE_GHOTS with type PLAYER and reason ATTACKER.
[May 05, 2026 00:37:07.281AM UTC]  PlayerPreTagEvent was triggered on LITTLE_GHOTS by xhikoenfasis17 with type PLAYER, reason ATTACKED, and cancelled false.
[May 05, 2026 00:37:07.282AM UTC]  PlayerReTagEvent was triggered on LITTLE_GHOTS by xhikoenfasis17 with type PLAYER and reason ATTACKED.
[May 05, 2026 00:37:07.282AM UTC]  EntityDamageByEntityEvent was triggered by damaged PLAYER LITTLE_GHOTS, damager PLAYER xhikoenfasis17 and cancelled false.
[May 05, 2026 00:37:09.180AM UTC]  PlayerPreTagEvent was triggered on xhikoenfasis17 by LITTLE_GHOTS with type PLAYER, reason ATTACKER, and cancelled false.
[May 05, 2026 00:37:09.181AM UTC]  PlayerReTagEvent was triggered on xhikoenfasis17 by LITTLE_GHOTS with type PLAYER and reason ATTACKER.
[May 05, 2026 00:37:09.181AM UTC]  PlayerPreTagEvent was triggered on LITTLE_GHOTS by xhikoenfasis17 with type PLAYER, reason ATTACKED, and cancelled false.
[May 05, 2026 00:37:09.181AM UTC]  PlayerReTagEvent was triggered on LITTLE_GHOTS by xhikoenfasis17 with type PLAYER and reason ATTACKED.
[May 05, 2026 00:37:09.181AM UTC]  EntityDamageByEntityEvent was triggered by damaged PLAYER LITTLE_GHOTS, damager PLAYER xhikoenfasis17 and cancelled false.
[May 05, 2026 00:37:09.832AM UTC]  PlayerPreTagEvent was triggered on xhikoenfasis17 by LITTLE_GHOTS with type PLAYER, reason ATTACKER, and cancelled false.
[May 05, 2026 00:37:09.832AM UTC]  PlayerReTagEvent was triggered on xhikoenfasis17 by LITTLE_GHOTS with type PLAYER and reason ATTACKER.
[May 05, 2026 00:37:09.833AM UTC]  PlayerPreTagEvent was triggered on LITTLE_GHOTS by xhikoenfasis17 with type PLAYER, reason ATTACKED, and cancelled false.
[May 05, 2026 00:37:09.833AM UTC]  PlayerReTagEvent was triggered on LITTLE_GHOTS by xhikoenfasis17 with type PLAYER and reason ATTACKED.
[May 05, 2026 00:37:09.833AM UTC]  EntityDamageByEntityEvent was triggered by damaged PLAYER LITTLE_GHOTS, damager PLAYER xhikoenfasis17 and cancelled false.
[May 05, 2026 00:37:10.434AM UTC]  PlayerPreTagEvent was triggered on xhikoenfasis17 by LITTLE_GHOTS with type PLAYER, reason ATTACKER, and cancelled false.
[May 05, 2026 00:37:10.435AM UTC]  PlayerReTagEvent was triggered on xhikoenfasis17 by LITTLE_GHOTS with type PLAYER and reason ATTACKER.
[May 05, 2026 00:37:10.435AM UTC]  PlayerPreTagEvent was triggered on LITTLE_GHOTS by xhikoenfasis17 with type PLAYER, reason ATTACKED, and cancelled false.
[May 05, 2026 00:37:10.435AM UTC]  PlayerReTagEvent was triggered on LITTLE_GHOTS by xhikoenfasis17 with type PLAYER and reason ATTACKED.
[May 05, 2026 00:37:10.435AM UTC]  EntityDamageByEntityEvent was triggered by damaged PLAYER LITTLE_GHOTS, damager PLAYER xhikoenfasis17 and cancelled false.
[May 05, 2026 00:37:11.182AM UTC]  PlayerPreTagEvent was triggered on xhikoenfasis17 by LITTLE_GHOTS with type PLAYER, reason ATTACKER, and cancelled false.
[May 05, 2026 00:37:11.182AM UTC]  PlayerReTagEvent was triggered on xhikoenfasis17 by LITTLE_GHOTS with type PLAYER and reason ATTACKER.
[May 05, 2026 00:37:11.182AM UTC]  PlayerPreTagEvent was triggered on LITTLE_GHOTS by xhikoenfasis17 with type PLAYER, reason ATTACKED, and cancelled false.
[May 05, 2026 00:37:11.182AM UTC]  PlayerReTagEvent was triggered on LITTLE_GHOTS by xhikoenfasis17 with type PLAYER and reason ATTACKED.
[May 05, 2026 00:37:11.182AM UTC]  EntityDamageByEntityEvent was triggered by damaged PLAYER LITTLE_GHOTS, damager PLAYER xhikoenfasis17 and cancelled false.
[May 05, 2026 00:37:12.291AM UTC]  PlayerPreTagEvent was triggered on xhikoenfasis17 by LITTLE_GHOTS with type PLAYER, reason ATTACKER, and cancelled false.
[May 05, 2026 00:37:12.291AM UTC]  PlayerReTagEvent was triggered on xhikoenfasis17 by LITTLE_GHOTS with type PLAYER and reason ATTACKER.
[May 05, 2026 00:37:12.292AM UTC]  PlayerPreTagEvent was triggered on LITTLE_GHOTS by xhikoenfasis17 with type PLAYER, reason ATTACKED, and cancelled false.
[May 05, 2026 00:37:12.292AM UTC]  PlayerReTagEvent was triggered on LITTLE_GHOTS by xhikoenfasis17 with type PLAYER and reason ATTACKED.
[May 05, 2026 00:37:12.292AM UTC]  EntityDamageByEntityEvent was triggered by damaged PLAYER LITTLE_GHOTS, damager PLAYER xhikoenfasis17 and cancelled false.
[May 05, 2026 00:37:12.981AM UTC]  PlayerPreTagEvent was triggered on xhikoenfasis17 by LITTLE_GHOTS with type PLAYER, reason ATTACKER, and cancelled false.
[May 05, 2026 00:37:12.981AM UTC]  PlayerReTagEvent was triggered on xhikoenfasis17 by LITTLE_GHOTS with type PLAYER and reason ATTACKER.
[May 05, 2026 00:37:12.981AM UTC]  PlayerPreTagEvent was triggered on LITTLE_GHOTS by xhikoenfasis17 with type PLAYER, reason ATTACKED, and cancelled false.
[May 05, 2026 00:37:12.981AM UTC]  PlayerReTagEvent was triggered on LITTLE_GHOTS by xhikoenfasis17 with type PLAYER and reason ATTACKED.
[May 05, 2026 00:37:12.982AM UTC]  EntityDamageByEntityEvent was triggered by damaged PLAYER LITTLE_GHOTS, damager PLAYER xhikoenfasis17 and cancelled false.
[May 05, 2026 00:37:12.982AM UTC]  PlayerPreTagEvent was triggered on LITTLE_GHOTS by xhikoenfasis17 with type PLAYER, reason ATTACKER, and cancelled false.
[May 05, 2026 00:37:12.982AM UTC]  PlayerReTagEvent was triggered on LITTLE_GHOTS by xhikoenfasis17 with type PLAYER and reason ATTACKER.
[May 05, 2026 00:37:12.982AM UTC]  PlayerPreTagEvent was triggered on xhikoenfasis17 by LITTLE_GHOTS with type PLAYER, reason ATTACKED, and cancelled false.
[May 05, 2026 00:37:12.982AM UTC]  PlayerReTagEvent was triggered on xhikoenfasis17 by LITTLE_GHOTS with type PLAYER and reason ATTACKED.
[May 05, 2026 00:37:12.982AM UTC]  EntityDamageByEntityEvent was triggered by damaged PLAYER xhikoenfasis17, damager PLAYER LITTLE_GHOTS and cancelled false.
[May 05, 2026 00:37:14.179AM UTC]  PlayerPreTagEvent was triggered on xhikoenfasis17 by LITTLE_GHOTS with type PLAYER, reason ATTACKER, and cancelled false.
[May 05, 2026 00:37:14.180AM UTC]  PlayerReTagEvent was triggered on xhikoenfasis17 by LITTLE_GHOTS with type PLAYER and reason ATTACKER.
[May 05, 2026 00:37:14.180AM UTC]  PlayerPreTagEvent was triggered on LITTLE_GHOTS by xhikoenfasis17 with type PLAYER, reason ATTACKED, and cancelled false.
[May 05, 2026 00:37:14.180AM UTC]  PlayerReTagEvent was triggered on LITTLE_GHOTS by xhikoenfasis17 with type PLAYER and reason ATTACKED.
[May 05, 2026 00:37:14.180AM UTC]  EntityDamageByEntityEvent was triggered by damaged PLAYER LITTLE_GHOTS, damager PLAYER xhikoenfasis17 and cancelled false.
[May 05, 2026 00:37:14.780AM UTC]  PlayerPreTagEvent was triggered on xhikoenfasis17 by LITTLE_GHOTS with type PLAYER, reason ATTACKER, and cancelled false.
[May 05, 2026 00:37:14.780AM UTC]  PlayerReTagEvent was triggered on xhikoenfasis17 by LITTLE_GHOTS with type PLAYER and reason ATTACKER.
[May 05, 2026 00:37:14.780AM UTC]  PlayerPreTagEvent was triggered on LITTLE_GHOTS by xhikoenfasis17 with type PLAYER, reason ATTACKED, and cancelled false.
[May 05, 2026 00:37:14.780AM UTC]  PlayerReTagEvent was triggered on LITTLE_GHOTS by xhikoenfasis17 with type PLAYER and reason ATTACKED.
[May 05, 2026 00:37:14.780AM UTC]  EntityDamageByEntityEvent was triggered by damaged PLAYER LITTLE_GHOTS, damager PLAYER xhikoenfasis17 and cancelled false.
[May 05, 2026 00:37:14.780AM UTC]  PlayerPreTagEvent was triggered on LITTLE_GHOTS by xhikoenfasis17 with type PLAYER, reason ATTACKER, and cancelled false.
[May 05, 2026 00:37:14.781AM UTC]  PlayerReTagEvent was triggered on LITTLE_GHOTS by xhikoenfasis17 with type PLAYER and reason ATTACKER.
[May 05, 2026 00:37:14.781AM UTC]  PlayerPreTagEvent was triggered on xhikoenfasis17 by LITTLE_GHOTS with type PLAYER, reason ATTACKED, and cancelled false.
[May 05, 2026 00:37:14.781AM UTC]  PlayerReTagEvent was triggered on xhikoenfasis17 by LITTLE_GHOTS with type PLAYER and reason ATTACKED.
[May 05, 2026 00:37:14.781AM UTC]  EntityDamageByEntityEvent was triggered by damaged PLAYER xhikoenfasis17, damager PLAYER LITTLE_GHOTS and cancelled false.
[May 05, 2026 00:37:15.384AM UTC]  PlayerPreTagEvent was triggered on xhikoenfasis17 by LITTLE_GHOTS with type PLAYER, reason ATTACKER, and cancelled false.
[May 05, 2026 00:37:15.385AM UTC]  PlayerReTagEvent was triggered on xhikoenfasis17 by LITTLE_GHOTS with type PLAYER and reason ATTACKER.
[May 05, 2026 00:37:15.385AM UTC]  PlayerPreTagEvent was triggered on LITTLE_GHOTS by xhikoenfasis17 with type PLAYER, reason ATTACKED, and cancelled false.
[May 05, 2026 00:37:15.385AM UTC]  PlayerReTagEvent was triggered on LITTLE_GHOTS by xhikoenfasis17 with type PLAYER and reason ATTACKED.
[May 05, 2026 00:37:15.385AM UTC]  EntityDamageByEntityEvent was triggered by damaged PLAYER LITTLE_GHOTS, damager PLAYER xhikoenfasis17 and cancelled false.
[May 05, 2026 00:37:16.030AM UTC]  PlayerPreTagEvent was triggered on xhikoenfasis17 by LITTLE_GHOTS with type PLAYER, reason ATTACKER, and cancelled false.
[May 05, 2026 00:37:16.030AM UTC]  PlayerReTagEvent was triggered on xhikoenfasis17 by LITTLE_GHOTS with type PLAYER and reason ATTACKER.
[May 05, 2026 00:37:16.031AM UTC]  PlayerPreTagEvent was triggered on LITTLE_GHOTS by xhikoenfasis17 with type PLAYER, reason ATTACKED, and cancelled false.
[May 05, 2026 00:37:16.031AM UTC]  PlayerReTagEvent was triggered on LITTLE_GHOTS by xhikoenfasis17 with type PLAYER and reason ATTACKED.
[May 05, 2026 00:37:16.031AM UTC]  EntityDamageByEntityEvent was triggered by damaged PLAYER LITTLE_GHOTS, damager PLAYER xhikoenfasis17 and cancelled false.
[May 05, 2026 00:37:16.631AM UTC]  PlayerPreTagEvent was triggered on xhikoenfasis17 by LITTLE_GHOTS with type PLAYER, reason ATTACKER, and cancelled false.
[May 05, 2026 00:37:16.631AM UTC]  PlayerReTagEvent was triggered on xhikoenfasis17 by LITTLE_GHOTS with type PLAYER and reason ATTACKER.
[May 05, 2026 00:37:16.631AM UTC]  PlayerPreTagEvent was triggered on LITTLE_GHOTS by xhikoenfasis17 with type PLAYER, reason ATTACKED, and cancelled false.
[May 05, 2026 00:37:16.631AM UTC]  PlayerReTagEvent was triggered on LITTLE_GHOTS by xhikoenfasis17 with type PLAYER and reason ATTACKED.
[May 05, 2026 00:37:16.631AM UTC]  EntityDamageByEntityEvent was triggered by damaged PLAYER LITTLE_GHOTS, damager PLAYER xhikoenfasis17 and cancelled false.
[May 05, 2026 00:37:17.186AM UTC]  PlayerPreTagEvent was triggered on xhikoenfasis17 by LITTLE_GHOTS with type PLAYER, reason ATTACKER, and cancelled false.
[May 05, 2026 00:37:17.186AM UTC]  PlayerReTagEvent was triggered on xhikoenfasis17 by LITTLE_GHOTS with type PLAYER and reason ATTACKER.
[May 05, 2026 00:37:17.186AM UTC]  PlayerPreTagEvent was triggered on LITTLE_GHOTS by xhikoenfasis17 with type PLAYER, reason ATTACKED, and cancelled false.
[May 05, 2026 00:37:17.187AM UTC]  PlayerReTagEvent was triggered on LITTLE_GHOTS by xhikoenfasis17 with type PLAYER and reason ATTACKED.
[May 05, 2026 00:37:17.187AM UTC]  EntityDamageByEntityEvent was triggered by damaged PLAYER LITTLE_GHOTS, damager PLAYER xhikoenfasis17 and cancelled false.
[May 05, 2026 00:37:17.280AM UTC]  PlayerPreTagEvent was triggered on Akukis by LITTLE_GHOTS with type PLAYER, reason ATTACKER, and cancelled true.
[May 05, 2026 00:37:17.280AM UTC]  PlayerPreTagEvent was triggered on LITTLE_GHOTS by Akukis with type PLAYER, reason ATTACKED, and cancelled true.
[May 05, 2026 00:37:17.280AM UTC]  EntityDamageByEntityEvent was triggered by damaged PLAYER LITTLE_GHOTS, damager PLAYER Akukis and cancelled false.
[May 05, 2026 00:37:17.831AM UTC]  PlayerPreTagEvent was triggered on Akukis by LITTLE_GHOTS with type PLAYER, reason ATTACKER, and cancelled true.
[May 05, 2026 00:37:17.831AM UTC]  PlayerPreTagEvent was triggered on LITTLE_GHOTS by Akukis with type PLAYER, reason ATTACKED, and cancelled true.
[May 05, 2026 00:37:17.831AM UTC]  EntityDamageByEntityEvent was triggered by damaged PLAYER LITTLE_GHOTS, damager PLAYER Akukis and cancelled false.
[May 05, 2026 00:37:18.381AM UTC]  PlayerPreTagEvent was triggered on Akukis by LITTLE_GHOTS with type PLAYER, reason ATTACKER, and cancelled true.
[May 05, 2026 00:37:18.381AM UTC]  PlayerPreTagEvent was triggered on LITTLE_GHOTS by Akukis with type PLAYER, reason ATTACKED, and cancelled true.
[May 05, 2026 00:37:18.381AM UTC]  EntityDamageByEntityEvent was triggered by damaged PLAYER LITTLE_GHOTS, damager PLAYER Akukis and cancelled false.
[May 05, 2026 00:37:18.980AM UTC]  PlayerPreTagEvent was triggered on xhikoenfasis17 by LITTLE_GHOTS with type PLAYER, reason ATTACKER, and cancelled false.
[May 05, 2026 00:37:18.980AM UTC]  PlayerReTagEvent was triggered on xhikoenfasis17 by LITTLE_GHOTS with type PLAYER and reason ATTACKER.
[May 05, 2026 00:37:18.981AM UTC]  PlayerPreTagEvent was triggered on LITTLE_GHOTS by xhikoenfasis17 with type PLAYER, reason ATTACKED, and cancelled false.
[May 05, 2026 00:37:18.981AM UTC]  PlayerReTagEvent was triggered on LITTLE_GHOTS by xhikoenfasis17 with type PLAYER and reason ATTACKED.
[May 05, 2026 00:37:18.981AM UTC]  EntityDamageByEntityEvent was triggered by damaged PLAYER LITTLE_GHOTS, damager PLAYER xhikoenfasis17 and cancelled false.
[May 05, 2026 00:37:18.981AM UTC]  PlayerPreTagEvent was triggered on Akukis by LITTLE_GHOTS with type PLAYER, reason ATTACKER, and cancelled true.
[May 05, 2026 00:37:18.981AM UTC]  PlayerPreTagEvent was triggered on LITTLE_GHOTS by Akukis with type PLAYER, reason ATTACKED, and cancelled true.
[May 05, 2026 00:37:18.981AM UTC]  EntityDamageByEntityEvent was triggered by damaged PLAYER LITTLE_GHOTS, damager PLAYER Akukis and cancelled false.
[May 05, 2026 00:37:19.630AM UTC]  PlayerPreTagEvent was triggered on xhikoenfasis17 by LITTLE_GHOTS with type PLAYER, reason ATTACKER, and cancelled false.
[May 05, 2026 00:37:19.630AM UTC]  PlayerReTagEvent was triggered on xhikoenfasis17 by LITTLE_GHOTS with type PLAYER and reason ATTACKER.
[May 05, 2026 00:37:19.630AM UTC]  PlayerPreTagEvent was triggered on LITTLE_GHOTS by xhikoenfasis17 with type PLAYER, reason ATTACKED, and cancelled false.
[May 05, 2026 00:37:19.630AM UTC]  PlayerReTagEvent was triggered on LITTLE_GHOTS by xhikoenfasis17 with type PLAYER and reason ATTACKED.
[May 05, 2026 00:37:19.631AM UTC]  EntityDamageByEntityEvent was triggered by damaged PLAYER LITTLE_GHOTS, damager PLAYER xhikoenfasis17 and cancelled false.
[May 05, 2026 00:37:19.631AM UTC]  PlayerPreTagEvent was triggered on LITTLE_GHOTS by xhikoenfasis17 with type PLAYER, reason ATTACKER, and cancelled false.
[May 05, 2026 00:37:19.631AM UTC]  PlayerReTagEvent was triggered on LITTLE_GHOTS by xhikoenfasis17 with type PLAYER and reason ATTACKER.
[May 05, 2026 00:37:19.631AM UTC]  PlayerPreTagEvent was triggered on xhikoenfasis17 by LITTLE_GHOTS with type PLAYER, reason ATTACKED, and cancelled false.
[May 05, 2026 00:37:19.631AM UTC]  PlayerReTagEvent was triggered on xhikoenfasis17 by LITTLE_GHOTS with type PLAYER and reason ATTACKED.
[May 05, 2026 00:37:19.631AM UTC]  EntityDamageByEntityEvent was triggered by damaged PLAYER xhikoenfasis17, damager PLAYER LITTLE_GHOTS and cancelled false.
[May 05, 2026 00:37:20.242AM UTC]  PlayerPreTagEvent was triggered on LITTLE_GHOTS by xhikoenfasis17 with type PLAYER, reason ATTACKER, and cancelled false.
[May 05, 2026 00:37:20.243AM UTC]  PlayerReTagEvent was triggered on LITTLE_GHOTS by xhikoenfasis17 with type PLAYER and reason ATTACKER.
[May 05, 2026 00:37:20.243AM UTC]  PlayerPreTagEvent was triggered on xhikoenfasis17 by LITTLE_GHOTS with type PLAYER, reason ATTACKED, and cancelled false.
[May 05, 2026 00:37:20.243AM UTC]  PlayerReTagEvent was triggered on xhikoenfasis17 by LITTLE_GHOTS with type PLAYER and reason ATTACKED.
[May 05, 2026 00:37:20.243AM UTC]  EntityDamageByEntityEvent was triggered by damaged PLAYER xhikoenfasis17, damager PLAYER LITTLE_GHOTS and cancelled false.
[May 05, 2026 00:37:20.287AM UTC]  PlayerPreTagEvent was triggered on xhikoenfasis17 by LITTLE_GHOTS with type PLAYER, reason ATTACKER, and cancelled false.
[May 05, 2026 00:37:20.287AM UTC]  PlayerReTagEvent was triggered on xhikoenfasis17 by LITTLE_GHOTS with type PLAYER and reason ATTACKER.
[May 05, 2026 00:37:20.288AM UTC]  PlayerPreTagEvent was triggered on LITTLE_GHOTS by xhikoenfasis17 with type PLAYER, reason ATTACKED, and cancelled false.
[May 05, 2026 00:37:20.288AM UTC]  PlayerReTagEvent was triggered on LITTLE_GHOTS by xhikoenfasis17 with type PLAYER and reason ATTACKED.
[May 05, 2026 00:37:20.288AM UTC]  EntityDamageByEntityEvent was triggered by damaged PLAYER LITTLE_GHOTS, damager PLAYER xhikoenfasis17 and cancelled false.
[May 05, 2026 00:37:20.844AM UTC]  PlayerPreTagEvent was triggered on LITTLE_GHOTS by xhikoenfasis17 with type PLAYER, reason ATTACKER, and cancelled false.
[May 05, 2026 00:37:20.844AM UTC]  PlayerReTagEvent was triggered on LITTLE_GHOTS by xhikoenfasis17 with type PLAYER and reason ATTACKER.
[May 05, 2026 00:37:20.844AM UTC]  PlayerPreTagEvent was triggered on xhikoenfasis17 by LITTLE_GHOTS with type PLAYER, reason ATTACKED, and cancelled false.
[May 05, 2026 00:37:20.844AM UTC]  PlayerReTagEvent was triggered on xhikoenfasis17 by LITTLE_GHOTS with type PLAYER and reason ATTACKED.
[May 05, 2026 00:37:20.845AM UTC]  EntityDamageByEntityEvent was triggered by damaged PLAYER xhikoenfasis17, damager PLAYER LITTLE_GHOTS and cancelled false.
[May 05, 2026 00:37:20.846AM UTC]  PlayerPunishEvent was triggered on xhikoenfasis17 with reason SELF_DEATH and cancelled true.
[May 05, 2026 00:37:20.846AM UTC]  PlayerUntagEvent was triggered on xhikoenfasis17 with reason SELF_DEATH and expire set to true.
[May 05, 2026 00:37:20.846AM UTC]  PlayerPunishEvent was triggered on LITTLE_GHOTS with reason ENEMY_DEATH and cancelled true.
[May 05, 2026 00:37:20.846AM UTC]  PlayerUntagEvent was triggered on LITTLE_GHOTS with reason ENEMY_DEATH and expire set to true.
[May 05, 2026 00:37:24.532AM UTC]  EntityDamageByEntityEvent was triggered by damaged PLAYER LITTLE_GHOTS, damager PLAYER xhikoenfasis17 and cancelled true.
[May 05, 2026 00:37:24.741AM UTC]  EntityDamageByEntityEvent was triggered by damaged PLAYER LITTLE_GHOTS, damager PLAYER xhikoenfasis17 and cancelled true.
[May 05, 2026 00:38:18.042AM UTC]  PlayerPreTagEvent was triggered on LITTLE_GHOTS by xhikoenfasis17 with type PLAYER, reason ATTACKER, and cancelled false.
[May 05, 2026 00:38:18.042AM UTC]  PlayerTagEvent was triggered on LITTLE_GHOTS by xhikoenfasis17 with type PLAYER and reason ATTACKER.
[May 05, 2026 00:38:18.042AM UTC]  PlayerPreTagEvent was triggered on xhikoenfasis17 by LITTLE_GHOTS with type PLAYER, reason ATTACKED, and cancelled false.
[May 05, 2026 00:38:18.043AM UTC]  PlayerTagEvent was triggered on xhikoenfasis17 by LITTLE_GHOTS with type PLAYER and reason ATTACKED.
[May 05, 2026 00:38:18.043AM UTC]  EntityDamageByEntityEvent was triggered by damaged PLAYER xhikoenfasis17, damager PLAYER LITTLE_GHOTS and cancelled false.
[May 05, 2026 00:38:21.785AM UTC]  PlayerPreTagEvent was triggered on xhikoenfasis17 by LITTLE_GHOTS with type PLAYER, reason ATTACKER, and cancelled false.
[May 05, 2026 00:38:21.786AM UTC]  PlayerReTagEvent was triggered on xhikoenfasis17 by LITTLE_GHOTS with type PLAYER and reason ATTACKER.
[May 05, 2026 00:38:21.786AM UTC]  PlayerPreTagEvent was triggered on LITTLE_GHOTS by xhikoenfasis17 with type PLAYER, reason ATTACKED, and cancelled false.
[May 05, 2026 00:38:21.786AM UTC]  PlayerReTagEvent was triggered on LITTLE_GHOTS by xhikoenfasis17 with type PLAYER and reason ATTACKED.
[May 05, 2026 00:38:21.786AM UTC]  EntityDamageByEntityEvent was triggered by damaged PLAYER LITTLE_GHOTS, damager PLAYER xhikoenfasis17 and cancelled false.
[May 05, 2026 00:38:22.291AM UTC]  PlayerPreTagEvent was triggered on LITTLE_GHOTS by xhikoenfasis17 with type PLAYER, reason ATTACKER, and cancelled false.
[May 05, 2026 00:38:22.292AM UTC]  PlayerReTagEvent was triggered on LITTLE_GHOTS by xhikoenfasis17 with type PLAYER and reason ATTACKER.
[May 05, 2026 00:38:22.292AM UTC]  PlayerPreTagEvent was triggered on xhikoenfasis17 by LITTLE_GHOTS with type PLAYER, reason ATTACKED, and cancelled false.
[May 05, 2026 00:38:22.292AM UTC]  PlayerReTagEvent was triggered on xhikoenfasis17 by LITTLE_GHOTS with type PLAYER and reason ATTACKED.
[May 05, 2026 00:38:22.292AM UTC]  EntityDamageByEntityEvent was triggered by damaged PLAYER xhikoenfasis17, damager PLAYER LITTLE_GHOTS and cancelled false.
[May 05, 2026 00:38:22.293AM UTC]  PlayerPunishEvent was triggered on xhikoenfasis17 with reason SELF_DEATH and cancelled true.
[May 05, 2026 00:38:22.293AM UTC]  PlayerUntagEvent was triggered on xhikoenfasis17 with reason SELF_DEATH and expire set to true.
[May 05, 2026 00:38:22.293AM UTC]  PlayerPunishEvent was triggered on LITTLE_GHOTS with reason ENEMY_DEATH and cancelled true.
[May 05, 2026 00:38:22.293AM UTC]  PlayerUntagEvent was triggered on LITTLE_GHOTS with reason ENEMY_DEATH and expire set to true.
[May 05, 2026 00:38:25.334AM UTC]  EntityDamageByEntityEvent was triggered by damaged PLAYER LITTLE_GHOTS, damager PLAYER xhikoenfasis17 and cancelled true.
[May 05, 2026 00:38:26.438AM UTC]  EntityDamageByEntityEvent was triggered by damaged PLAYER LITTLE_GHOTS, damager PLAYER xhikoenfasis17 and cancelled true.
[May 05, 2026 00:38:28.044AM UTC]  PlayerPreTagEvent was triggered on xhikoenfasis17 by LITTLE_GHOTS with type PLAYER, reason ATTACKER, and cancelled false.
[May 05, 2026 00:38:28.045AM UTC]  PlayerTagEvent was triggered on xhikoenfasis17 by LITTLE_GHOTS with type PLAYER and reason ATTACKER.
[May 05, 2026 00:38:28.045AM UTC]  PlayerPreTagEvent was triggered on LITTLE_GHOTS by xhikoenfasis17 with type PLAYER, reason ATTACKED, and cancelled false.
[May 05, 2026 00:38:28.045AM UTC]  PlayerTagEvent was triggered on LITTLE_GHOTS by xhikoenfasis17 with type PLAYER and reason ATTACKED.
[May 05, 2026 00:38:28.045AM UTC]  EntityDamageByEntityEvent was triggered by damaged PLAYER LITTLE_GHOTS, damager PLAYER xhikoenfasis17 and cancelled false.
[May 05, 2026 00:38:28.491AM UTC]  PlayerPreTagEvent was triggered on xhikoenfasis17 by LITTLE_GHOTS with type PLAYER, reason ATTACKER, and cancelled false.
[May 05, 2026 00:38:28.491AM UTC]  PlayerReTagEvent was triggered on xhikoenfasis17 by LITTLE_GHOTS with type PLAYER and reason ATTACKER.
[May 05, 2026 00:38:28.491AM UTC]  PlayerPreTagEvent was triggered on LITTLE_GHOTS by xhikoenfasis17 with type PLAYER, reason ATTACKED, and cancelled false.
[May 05, 2026 00:38:28.491AM UTC]  PlayerReTagEvent was triggered on LITTLE_GHOTS by xhikoenfasis17 with type PLAYER and reason ATTACKED.
[May 05, 2026 00:38:28.491AM UTC]  EntityDamageByEntityEvent was triggered by damaged PLAYER LITTLE_GHOTS, damager PLAYER xhikoenfasis17 and cancelled false.
[May 05, 2026 00:38:28.491AM UTC]  PlayerPreTagEvent was triggered on LITTLE_GHOTS by xhikoenfasis17 with type PLAYER, reason ATTACKER, and cancelled false.
[May 05, 2026 00:38:28.492AM UTC]  PlayerReTagEvent was triggered on LITTLE_GHOTS by xhikoenfasis17 with type PLAYER and reason ATTACKER.
[May 05, 2026 00:38:28.492AM UTC]  PlayerPreTagEvent was triggered on xhikoenfasis17 by LITTLE_GHOTS with type PLAYER, reason ATTACKED, and cancelled false.
[May 05, 2026 00:38:28.492AM UTC]  PlayerReTagEvent was triggered on xhikoenfasis17 by LITTLE_GHOTS with type PLAYER and reason ATTACKED.
[May 05, 2026 00:38:28.492AM UTC]  EntityDamageByEntityEvent was triggered by damaged PLAYER xhikoenfasis17, damager PLAYER LITTLE_GHOTS and cancelled false.
[May 05, 2026 00:38:30.532AM UTC]  PlayerPreTagEvent was triggered on xhikoenfasis17 by LITTLE_GHOTS with type PLAYER, reason ATTACKER, and cancelled false.
[May 05, 2026 00:38:30.533AM UTC]  PlayerReTagEvent was triggered on xhikoenfasis17 by LITTLE_GHOTS with type PLAYER and reason ATTACKER.
[May 05, 2026 00:38:30.533AM UTC]  PlayerPreTagEvent was triggered on LITTLE_GHOTS by xhikoenfasis17 with type PLAYER, reason ATTACKED, and cancelled false.
[May 05, 2026 00:38:30.533AM UTC]  PlayerReTagEvent was triggered on LITTLE_GHOTS by xhikoenfasis17 with type PLAYER and reason ATTACKED.
[May 05, 2026 00:38:30.533AM UTC]  EntityDamageByEntityEvent was triggered by damaged PLAYER LITTLE_GHOTS, damager PLAYER xhikoenfasis17 and cancelled false.
[May 05, 2026 00:38:30.533AM UTC]  PlayerPreTagEvent was triggered on LITTLE_GHOTS by xhikoenfasis17 with type PLAYER, reason ATTACKER, and cancelled false.
[May 05, 2026 00:38:30.533AM UTC]  PlayerReTagEvent was triggered on LITTLE_GHOTS by xhikoenfasis17 with type PLAYER and reason ATTACKER.
[May 05, 2026 00:38:30.534AM UTC]  PlayerPreTagEvent was triggered on xhikoenfasis17 by LITTLE_GHOTS with type PLAYER, reason ATTACKED, and cancelled false.
[May 05, 2026 00:38:30.534AM UTC]  PlayerReTagEvent was triggered on xhikoenfasis17 by LITTLE_GHOTS with type PLAYER and reason ATTACKED.
[May 05, 2026 00:38:30.534AM UTC]  EntityDamageByEntityEvent was triggered by damaged PLAYER xhikoenfasis17, damager PLAYER LITTLE_GHOTS and cancelled false.
[May 05, 2026 00:38:35.534AM UTC]  PlayerPreTagEvent was triggered on xhikoenfasis17 by LITTLE_GHOTS with type PLAYER, reason ATTACKER, and cancelled false.
[May 05, 2026 00:38:35.534AM UTC]  PlayerReTagEvent was triggered on xhikoenfasis17 by LITTLE_GHOTS with type PLAYER and reason ATTACKER.
[May 05, 2026 00:38:35.535AM UTC]  PlayerPreTagEvent was triggered on LITTLE_GHOTS by xhikoenfasis17 with type PLAYER, reason ATTACKED, and cancelled false.
[May 05, 2026 00:38:35.535AM UTC]  PlayerReTagEvent was triggered on LITTLE_GHOTS by xhikoenfasis17 with type PLAYER and reason ATTACKED.
[May 05, 2026 00:38:35.535AM UTC]  EntityDamageByEntityEvent was triggered by damaged PLAYER LITTLE_GHOTS, damager PLAYER xhikoenfasis17 and cancelled false.
[May 05, 2026 00:38:36.139AM UTC]  PlayerPreTagEvent was triggered on xhikoenfasis17 by LITTLE_GHOTS with type PLAYER, reason ATTACKER, and cancelled false.
[May 05, 2026 00:38:36.140AM UTC]  PlayerReTagEvent was triggered on xhikoenfasis17 by LITTLE_GHOTS with type PLAYER and reason ATTACKER.
[May 05, 2026 00:38:36.140AM UTC]  PlayerPreTagEvent was triggered on LITTLE_GHOTS by xhikoenfasis17 with type PLAYER, reason ATTACKED, and cancelled false.
[May 05, 2026 00:38:36.140AM UTC]  PlayerReTagEvent was triggered on LITTLE_GHOTS by xhikoenfasis17 with type PLAYER and reason ATTACKED.
[May 05, 2026 00:38:36.140AM UTC]  EntityDamageByEntityEvent was triggered by damaged PLAYER LITTLE_GHOTS, damager PLAYER xhikoenfasis17 and cancelled false.
[May 05, 2026 00:38:36.931AM UTC]  PlayerPreTagEvent was triggered on xhikoenfasis17 by LITTLE_GHOTS with type PLAYER, reason ATTACKER, and cancelled false.
[May 05, 2026 00:38:36.931AM UTC]  PlayerReTagEvent was triggered on xhikoenfasis17 by LITTLE_GHOTS with type PLAYER and reason ATTACKER.
[May 05, 2026 00:38:36.931AM UTC]  PlayerPreTagEvent was triggered on LITTLE_GHOTS by xhikoenfasis17 with type PLAYER, reason ATTACKED, and cancelled false.
[May 05, 2026 00:38:36.931AM UTC]  PlayerReTagEvent was triggered on LITTLE_GHOTS by xhikoenfasis17 with type PLAYER and reason ATTACKED.
[May 05, 2026 00:38:36.931AM UTC]  EntityDamageByEntityEvent was triggered by damaged PLAYER LITTLE_GHOTS, damager PLAYER xhikoenfasis17 and cancelled false.
[May 05, 2026 00:38:37.487AM UTC]  PlayerPreTagEvent was triggered on xhikoenfasis17 by LITTLE_GHOTS with type PLAYER, reason ATTACKER, and cancelled false.
[May 05, 2026 00:38:37.487AM UTC]  PlayerReTagEvent was triggered on xhikoenfasis17 by LITTLE_GHOTS with type PLAYER and reason ATTACKER.
[May 05, 2026 00:38:37.487AM UTC]  PlayerPreTagEvent was triggered on LITTLE_GHOTS by xhikoenfasis17 with type PLAYER, reason ATTACKED, and cancelled false.
[May 05, 2026 00:38:37.488AM UTC]  PlayerReTagEvent was triggered on LITTLE_GHOTS by xhikoenfasis17 with type PLAYER and reason ATTACKED.
[May 05, 2026 00:38:37.488AM UTC]  EntityDamageByEntityEvent was triggered by damaged PLAYER LITTLE_GHOTS, damager PLAYER xhikoenfasis17 and cancelled false.
[May 05, 2026 00:38:38.137AM UTC]  PlayerPreTagEvent was triggered on xhikoenfasis17 by LITTLE_GHOTS with type PLAYER, reason ATTACKER, and cancelled false.
[May 05, 2026 00:38:38.138AM UTC]  PlayerReTagEvent was triggered on xhikoenfasis17 by LITTLE_GHOTS with type PLAYER and reason ATTACKER.
[May 05, 2026 00:38:38.138AM UTC]  PlayerPreTagEvent was triggered on LITTLE_GHOTS by xhikoenfasis17 with type PLAYER, reason ATTACKED, and cancelled false.
[May 05, 2026 00:38:38.138AM UTC]  PlayerReTagEvent was triggered on LITTLE_GHOTS by xhikoenfasis17 with type PLAYER and reason ATTACKED.
[May 05, 2026 00:38:38.138AM UTC]  EntityDamageByEntityEvent was triggered by damaged PLAYER LITTLE_GHOTS, damager PLAYER xhikoenfasis17 and cancelled false.
[May 05, 2026 00:38:39.291AM UTC]  PlayerPreTagEvent was triggered on xhikoenfasis17 by LITTLE_GHOTS with type PLAYER, reason ATTACKER, and cancelled false.
[May 05, 2026 00:38:39.291AM UTC]  PlayerReTagEvent was triggered on xhikoenfasis17 by LITTLE_GHOTS with type PLAYER and reason ATTACKER.
[May 05, 2026 00:38:39.291AM UTC]  PlayerPreTagEvent was triggered on LITTLE_GHOTS by xhikoenfasis17 with type PLAYER, reason ATTACKED, and cancelled false.
[May 05, 2026 00:38:39.291AM UTC]  PlayerReTagEvent was triggered on LITTLE_GHOTS by xhikoenfasis17 with type PLAYER and reason ATTACKED.
[May 05, 2026 00:38:39.292AM UTC]  EntityDamageByEntityEvent was triggered by damaged PLAYER LITTLE_GHOTS, damager PLAYER xhikoenfasis17 and cancelled false.
[May 05, 2026 00:38:40.489AM UTC]  PlayerPreTagEvent was triggered on xhikoenfasis17 by LITTLE_GHOTS with type PLAYER, reason ATTACKER, and cancelled false.
[May 05, 2026 00:38:40.490AM UTC]  PlayerReTagEvent was triggered on xhikoenfasis17 by LITTLE_GHOTS with type PLAYER and reason ATTACKER.
[May 05, 2026 00:38:40.490AM UTC]  PlayerPreTagEvent was triggered on LITTLE_GHOTS by xhikoenfasis17 with type PLAYER, reason ATTACKED, and cancelled false.
[May 05, 2026 00:38:40.490AM UTC]  PlayerReTagEvent was triggered on LITTLE_GHOTS by xhikoenfasis17 with type PLAYER and reason ATTACKED.
[May 05, 2026 00:38:40.490AM UTC]  EntityDamageByEntityEvent was triggered by damaged PLAYER LITTLE_GHOTS, damager PLAYER xhikoenfasis17 and cancelled false.
[May 05, 2026 00:38:41.086AM UTC]  PlayerPreTagEvent was triggered on xhikoenfasis17 by LITTLE_GHOTS with type PLAYER, reason ATTACKER, and cancelled false.
[May 05, 2026 00:38:41.087AM UTC]  PlayerReTagEvent was triggered on xhikoenfasis17 by LITTLE_GHOTS with type PLAYER and reason ATTACKER.
[May 05, 2026 00:38:41.087AM UTC]  PlayerPreTagEvent was triggered on LITTLE_GHOTS by xhikoenfasis17 with type PLAYER, reason ATTACKED, and cancelled false.
[May 05, 2026 00:38:41.087AM UTC]  PlayerReTagEvent was triggered on LITTLE_GHOTS by xhikoenfasis17 with type PLAYER and reason ATTACKED.
[May 05, 2026 00:38:41.087AM UTC]  EntityDamageByEntityEvent was triggered by damaged PLAYER LITTLE_GHOTS, damager PLAYER xhikoenfasis17 and cancelled false.
[May 05, 2026 00:38:41.690AM UTC]  PlayerPreTagEvent was triggered on xhikoenfasis17 by LITTLE_GHOTS with type PLAYER, reason ATTACKER, and cancelled false.
[May 05, 2026 00:38:41.690AM UTC]  PlayerReTagEvent was triggered on xhikoenfasis17 by LITTLE_GHOTS with type PLAYER and reason ATTACKER.
[May 05, 2026 00:38:41.690AM UTC]  PlayerPreTagEvent was triggered on LITTLE_GHOTS by xhikoenfasis17 with type PLAYER, reason ATTACKED, and cancelled false.
[May 05, 2026 00:38:41.690AM UTC]  PlayerReTagEvent was triggered on LITTLE_GHOTS by xhikoenfasis17 with type PLAYER and reason ATTACKED.
[May 05, 2026 00:38:41.690AM UTC]  EntityDamageByEntityEvent was triggered by damaged PLAYER LITTLE_GHOTS, damager PLAYER xhikoenfasis17 and cancelled false.
[May 05, 2026 00:38:42.235AM UTC]  PlayerPreTagEvent was triggered on xhikoenfasis17 by LITTLE_GHOTS with type PLAYER, reason ATTACKER, and cancelled false.
[May 05, 2026 00:38:42.236AM UTC]  PlayerReTagEvent was triggered on xhikoenfasis17 by LITTLE_GHOTS with type PLAYER and reason ATTACKER.
[May 05, 2026 00:38:42.236AM UTC]  PlayerPreTagEvent was triggered on LITTLE_GHOTS by xhikoenfasis17 with type PLAYER, reason ATTACKED, and cancelled false.
[May 05, 2026 00:38:42.236AM UTC]  PlayerReTagEvent was triggered on LITTLE_GHOTS by xhikoenfasis17 with type PLAYER and reason ATTACKED.
[May 05, 2026 00:38:42.236AM UTC]  EntityDamageByEntityEvent was triggered by damaged PLAYER LITTLE_GHOTS, damager PLAYER xhikoenfasis17 and cancelled false.
[May 05, 2026 00:38:42.237AM UTC]  PlayerPreTagEvent was triggered on LITTLE_GHOTS by xhikoenfasis17 with type PLAYER, reason ATTACKER, and cancelled false.
[May 05, 2026 00:38:42.237AM UTC]  PlayerReTagEvent was triggered on LITTLE_GHOTS by xhikoenfasis17 with type PLAYER and reason ATTACKER.
[May 05, 2026 00:38:42.237AM UTC]  PlayerPreTagEvent was triggered on xhikoenfasis17 by LITTLE_GHOTS with type PLAYER, reason ATTACKED, and cancelled false.
[May 05, 2026 00:38:42.238AM UTC]  PlayerReTagEvent was triggered on xhikoenfasis17 by LITTLE_GHOTS with type PLAYER and reason ATTACKED.
[May 05, 2026 00:38:42.238AM UTC]  EntityDamageByEntityEvent was triggered by damaged PLAYER xhikoenfasis17, damager PLAYER LITTLE_GHOTS and cancelled false.
[May 05, 2026 00:38:46.892AM UTC]  EntityDamageByEntityEvent was triggered by damaged CREEPER Creeper, damager PLAYER LITTLE_GHOTS and cancelled false.
[May 05, 2026 00:38:48.279AM UTC]  EntityDamageByEntityEvent was triggered by damaged PLAYER LITTLE_GHOTS, damager CREEPER Creeper and cancelled false.
[May 05, 2026 00:38:49.544AM UTC]  PlayerPreTagEvent was triggered on LITTLE_GHOTS by xhikoenfasis17 with type PLAYER, reason ATTACKER, and cancelled false.
[May 05, 2026 00:38:49.544AM UTC]  PlayerReTagEvent was triggered on LITTLE_GHOTS by xhikoenfasis17 with type PLAYER and reason ATTACKER.
[May 05, 2026 00:38:49.544AM UTC]  PlayerPreTagEvent was triggered on xhikoenfasis17 by LITTLE_GHOTS with type PLAYER, reason ATTACKED, and cancelled false.
[May 05, 2026 00:38:49.544AM UTC]  PlayerReTagEvent was triggered on xhikoenfasis17 by LITTLE_GHOTS with type PLAYER and reason ATTACKED.
[May 05, 2026 00:38:49.544AM UTC]  EntityDamageByEntityEvent was triggered by damaged PLAYER xhikoenfasis17, damager PLAYER LITTLE_GHOTS and cancelled false.
[May 05, 2026 00:38:50.693AM UTC]  PlayerPreTagEvent was triggered on LITTLE_GHOTS by xhikoenfasis17 with type PLAYER, reason ATTACKER, and cancelled false.
[May 05, 2026 00:38:50.694AM UTC]  PlayerReTagEvent was triggered on LITTLE_GHOTS by xhikoenfasis17 with type PLAYER and reason ATTACKER.
[May 05, 2026 00:38:50.694AM UTC]  PlayerPreTagEvent was triggered on xhikoenfasis17 by LITTLE_GHOTS with type PLAYER, reason ATTACKED, and cancelled false.
[May 05, 2026 00:38:50.694AM UTC]  PlayerReTagEvent was triggered on xhikoenfasis17 by LITTLE_GHOTS with type PLAYER and reason ATTACKED.
[May 05, 2026 00:38:50.694AM UTC]  EntityDamageByEntityEvent was triggered by damaged PLAYER xhikoenfasis17, damager PLAYER LITTLE_GHOTS and cancelled false.
[May 05, 2026 00:38:50.695AM UTC]  PlayerPunishEvent was triggered on xhikoenfasis17 with reason SELF_DEATH and cancelled true.
[May 05, 2026 00:38:50.695AM UTC]  PlayerUntagEvent was triggered on xhikoenfasis17 with reason SELF_DEATH and expire set to true.
[May 05, 2026 00:38:50.696AM UTC]  PlayerPunishEvent was triggered on LITTLE_GHOTS with reason ENEMY_DEATH and cancelled true.
[May 05, 2026 00:38:50.696AM UTC]  PlayerUntagEvent was triggered on LITTLE_GHOTS with reason ENEMY_DEATH and expire set to true.
[May 05, 2026 00:39:12.443AM UTC]  EntityDamageByEntityEvent was triggered by damaged CREEPER Creeper, damager PLAYER LITTLE_GHOTS and cancelled false.
[May 05, 2026 00:39:12.949AM UTC]  EntityDamageByEntityEvent was triggered by damaged CREEPER Creeper, damager PLAYER LITTLE_GHOTS and cancelled false.
[May 05, 2026 00:39:12.979AM UTC]  EntityDamageByEntityEvent was triggered by damaged SHEEP Sheep, damager WOLF Wolf and cancelled false.
[May 05, 2026 00:39:13.442AM UTC]  EntityDamageByEntityEvent was triggered by damaged CREEPER Creeper, damager PLAYER LITTLE_GHOTS and cancelled false.
[May 05, 2026 00:39:14.379AM UTC]  EntityDamageByEntityEvent was triggered by damaged SHEEP Sheep, damager WOLF Wolf and cancelled false.
[May 05, 2026 00:39:21.730AM UTC]  EntityDamageByEntityEvent was triggered by damaged PLAYER LITTLE_GHOTS, damager ARROW Arrow and cancelled false.
[May 05, 2026 00:39:21.730AM UTC]  EntityDamageByEntityEvent was triggered by damaged SKELETON Skeleton, damager PLAYER LITTLE_GHOTS and cancelled false.
[May 05, 2026 00:39:24.791AM UTC]  PlayerPreTagEvent was triggered on xhikoenfasis17 by LITTLE_GHOTS with type PLAYER, reason ATTACKER, and cancelled false.
[May 05, 2026 00:39:24.791AM UTC]  PlayerTagEvent was triggered on xhikoenfasis17 by LITTLE_GHOTS with type PLAYER and reason ATTACKER.
[May 05, 2026 00:39:24.792AM UTC]  PlayerPreTagEvent was triggered on LITTLE_GHOTS by xhikoenfasis17 with type PLAYER, reason ATTACKED, and cancelled false.
[May 05, 2026 00:39:24.792AM UTC]  PlayerTagEvent was triggered on LITTLE_GHOTS by xhikoenfasis17 with type PLAYER and reason ATTACKED.
[May 05, 2026 00:39:24.792AM UTC]  EntityDamageByEntityEvent was triggered by damaged PLAYER LITTLE_GHOTS, damager PLAYER xhikoenfasis17 and cancelled false.
[May 05, 2026 00:39:24.880AM UTC]  EntityDamageByEntityEvent was triggered by damaged PLAYER LITTLE_GHOTS, damager ARROW Arrow and cancelled false.
[May 05, 2026 00:39:25.884AM UTC]  PlayerPreTagEvent was triggered on xhikoenfasis17 by LITTLE_GHOTS with type PLAYER, reason ATTACKER, and cancelled false.
[May 05, 2026 00:39:25.885AM UTC]  PlayerReTagEvent was triggered on xhikoenfasis17 by LITTLE_GHOTS with type PLAYER and reason ATTACKER.
[May 05, 2026 00:39:25.885AM UTC]  PlayerPreTagEvent was triggered on LITTLE_GHOTS by xhikoenfasis17 with type PLAYER, reason ATTACKED, and cancelled false.
[May 05, 2026 00:39:25.885AM UTC]  PlayerReTagEvent was triggered on LITTLE_GHOTS by xhikoenfasis17 with type PLAYER and reason ATTACKED.
[May 05, 2026 00:39:25.885AM UTC]  EntityDamageByEntityEvent was triggered by damaged PLAYER LITTLE_GHOTS, damager PLAYER xhikoenfasis17 and cancelled false.
[May 05, 2026 00:39:27.989AM UTC]  PlayerPreTagEvent was triggered on xhikoenfasis17 by LITTLE_GHOTS with type PLAYER, reason ATTACKER, and cancelled false.
[May 05, 2026 00:39:27.989AM UTC]  PlayerReTagEvent was triggered on xhikoenfasis17 by LITTLE_GHOTS with type PLAYER and reason ATTACKER.
[May 05, 2026 00:39:27.989AM UTC]  PlayerPreTagEvent was triggered on LITTLE_GHOTS by xhikoenfasis17 with type PLAYER, reason ATTACKED, and cancelled false.
[May 05, 2026 00:39:27.989AM UTC]  PlayerReTagEvent was triggered on LITTLE_GHOTS by xhikoenfasis17 with type PLAYER and reason ATTACKED.
[May 05, 2026 00:39:27.990AM UTC]  EntityDamageByEntityEvent was triggered by damaged PLAYER LITTLE_GHOTS, damager PLAYER xhikoenfasis17 and cancelled false.
[May 05, 2026 00:39:28.637AM UTC]  PlayerPreTagEvent was triggered on xhikoenfasis17 by LITTLE_GHOTS with type PLAYER, reason ATTACKER, and cancelled false.
[May 05, 2026 00:39:28.638AM UTC]  PlayerReTagEvent was triggered on xhikoenfasis17 by LITTLE_GHOTS with type PLAYER and reason ATTACKER.
[May 05, 2026 00:39:28.638AM UTC]  PlayerPreTagEvent was triggered on LITTLE_GHOTS by xhikoenfasis17 with type PLAYER, reason ATTACKED, and cancelled false.
[May 05, 2026 00:39:28.638AM UTC]  PlayerReTagEvent was triggered on LITTLE_GHOTS by xhikoenfasis17 with type PLAYER and reason ATTACKED.
[May 05, 2026 00:39:28.638AM UTC]  EntityDamageByEntityEvent was triggered by damaged PLAYER LITTLE_GHOTS, damager PLAYER xhikoenfasis17 and cancelled false.
[May 05, 2026 00:39:28.638AM UTC]  PlayerPreTagEvent was triggered on LITTLE_GHOTS by xhikoenfasis17 with type PLAYER, reason ATTACKER, and cancelled false.
[May 05, 2026 00:39:28.639AM UTC]  PlayerReTagEvent was triggered on LITTLE_GHOTS by xhikoenfasis17 with type PLAYER and reason ATTACKER.
[May 05, 2026 00:39:28.639AM UTC]  PlayerPreTagEvent was triggered on xhikoenfasis17 by LITTLE_GHOTS with type PLAYER, reason ATTACKED, and cancelled false.
[May 05, 2026 00:39:28.639AM UTC]  PlayerReTagEvent was triggered on xhikoenfasis17 by LITTLE_GHOTS with type PLAYER and reason ATTACKED.
[May 05, 2026 00:39:28.639AM UTC]  EntityDamageByEntityEvent was triggered by damaged PLAYER xhikoenfasis17, damager PLAYER LITTLE_GHOTS and cancelled false.
[May 05, 2026 00:39:29.338AM UTC]  PlayerPreTagEvent was triggered on xhikoenfasis17 by LITTLE_GHOTS with type PLAYER, reason ATTACKER, and cancelled false.
[May 05, 2026 00:39:29.338AM UTC]  PlayerReTagEvent was triggered on xhikoenfasis17 by LITTLE_GHOTS with type PLAYER and reason ATTACKER.
[May 05, 2026 00:39:29.338AM UTC]  PlayerPreTagEvent was triggered on LITTLE_GHOTS by xhikoenfasis17 with type PLAYER, reason ATTACKED, and cancelled false.
[May 05, 2026 00:39:29.338AM UTC]  PlayerReTagEvent was triggered on LITTLE_GHOTS by xhikoenfasis17 with type PLAYER and reason ATTACKED.
[May 05, 2026 00:39:29.338AM UTC]  EntityDamageByEntityEvent was triggered by damaged PLAYER LITTLE_GHOTS, damager PLAYER xhikoenfasis17 and cancelled false.
[May 05, 2026 00:39:30.286AM UTC]  PlayerPreTagEvent was triggered on xhikoenfasis17 by LITTLE_GHOTS with type PLAYER, reason ATTACKER, and cancelled false.
[May 05, 2026 00:39:30.287AM UTC]  PlayerReTagEvent was triggered on xhikoenfasis17 by LITTLE_GHOTS with type PLAYER and reason ATTACKER.
[May 05, 2026 00:39:30.287AM UTC]  PlayerPreTagEvent was triggered on LITTLE_GHOTS by xhikoenfasis17 with type PLAYER, reason ATTACKED, and cancelled false.
[May 05, 2026 00:39:30.287AM UTC]  PlayerReTagEvent was triggered on LITTLE_GHOTS by xhikoenfasis17 with type PLAYER and reason ATTACKED.
[May 05, 2026 00:39:30.287AM UTC]  EntityDamageByEntityEvent was triggered by damaged PLAYER LITTLE_GHOTS, damager PLAYER xhikoenfasis17 and cancelled false.
[May 05, 2026 00:39:30.287AM UTC]  PlayerPreTagEvent was triggered on LITTLE_GHOTS by xhikoenfasis17 with type PLAYER, reason ATTACKER, and cancelled false.
[May 05, 2026 00:39:30.287AM UTC]  PlayerReTagEvent was triggered on LITTLE_GHOTS by xhikoenfasis17 with type PLAYER and reason ATTACKER.
[May 05, 2026 00:39:30.288AM UTC]  PlayerPreTagEvent was triggered on xhikoenfasis17 by LITTLE_GHOTS with type PLAYER, reason ATTACKED, and cancelled false.
[May 05, 2026 00:39:30.288AM UTC]  PlayerReTagEvent was triggered on xhikoenfasis17 by LITTLE_GHOTS with type PLAYER and reason ATTACKED.
[May 05, 2026 00:39:30.288AM UTC]  EntityDamageByEntityEvent was triggered by damaged PLAYER xhikoenfasis17, damager PLAYER LITTLE_GHOTS and cancelled false.
[May 05, 2026 00:39:33.533AM UTC]  PlayerPreTagEvent was triggered on xhikoenfasis17 by LITTLE_GHOTS with type PLAYER, reason ATTACKER, and cancelled false.
[May 05, 2026 00:39:33.534AM UTC]  PlayerReTagEvent was triggered on xhikoenfasis17 by LITTLE_GHOTS with type PLAYER and reason ATTACKER.
[May 05, 2026 00:39:33.534AM UTC]  PlayerPreTagEvent was triggered on LITTLE_GHOTS by xhikoenfasis17 with type PLAYER, reason ATTACKED, and cancelled false.
[May 05, 2026 00:39:33.534AM UTC]  PlayerReTagEvent was triggered on LITTLE_GHOTS by xhikoenfasis17 with type PLAYER and reason ATTACKED.
[May 05, 2026 00:39:33.534AM UTC]  EntityDamageByEntityEvent was triggered by damaged PLAYER LITTLE_GHOTS, damager PLAYER xhikoenfasis17 and cancelled false.
[May 05, 2026 00:39:34.781AM UTC]  EntityDamageByEntityEvent was triggered by damaged PLAYER xhikoenfasis17, damager CREEPER Creeper and cancelled false.
[May 05, 2026 00:39:34.782AM UTC]  EntityDamageByEntityEvent was triggered by damaged PLAYER LITTLE_GHOTS, damager CREEPER Creeper and cancelled false.
[May 05, 2026 00:39:37.990AM UTC]  PlayerPreTagEvent was triggered on xhikoenfasis17 by LITTLE_GHOTS with type PLAYER, reason ATTACKER, and cancelled false.
[May 05, 2026 00:39:37.990AM UTC]  PlayerReTagEvent was triggered on xhikoenfasis17 by LITTLE_GHOTS with type PLAYER and reason ATTACKER.
[May 05, 2026 00:39:37.991AM UTC]  PlayerPreTagEvent was triggered on LITTLE_GHOTS by xhikoenfasis17 with type PLAYER, reason ATTACKED, and cancelled false.
[May 05, 2026 00:39:37.991AM UTC]  PlayerReTagEvent was triggered on LITTLE_GHOTS by xhikoenfasis17 with type PLAYER and reason ATTACKED.
[May 05, 2026 00:39:37.991AM UTC]  EntityDamageByEntityEvent was triggered by damaged PLAYER LITTLE_GHOTS, damager PLAYER xhikoenfasis17 and cancelled false.
[May 05, 2026 00:39:38.236AM UTC]  PlayerPreTagEvent was triggered on xhikoenfasis17 by LITTLE_GHOTS with type PLAYER, reason ATTACKER, and cancelled false.
[May 05, 2026 00:39:38.236AM UTC]  PlayerReTagEvent was triggered on xhikoenfasis17 by LITTLE_GHOTS with type PLAYER and reason ATTACKER.
[May 05, 2026 00:39:38.236AM UTC]  PlayerPreTagEvent was triggered on LITTLE_GHOTS by xhikoenfasis17 with type PLAYER, reason ATTACKED, and cancelled false.
[May 05, 2026 00:39:38.236AM UTC]  PlayerReTagEvent was triggered on LITTLE_GHOTS by xhikoenfasis17 with type PLAYER and reason ATTACKED.
[May 05, 2026 00:39:38.237AM UTC]  EntityDamageByEntityEvent was triggered by damaged PLAYER LITTLE_GHOTS, damager PLAYER xhikoenfasis17 and cancelled false.
[May 05, 2026 00:39:38.237AM UTC]  PlayerPreTagEvent was triggered on LITTLE_GHOTS by xhikoenfasis17 with type PLAYER, reason ATTACKER, and cancelled false.
[May 05, 2026 00:39:38.237AM UTC]  PlayerReTagEvent was triggered on LITTLE_GHOTS by xhikoenfasis17 with type PLAYER and reason ATTACKER.
[May 05, 2026 00:39:38.237AM UTC]  PlayerPreTagEvent was triggered on xhikoenfasis17 by LITTLE_GHOTS with type PLAYER, reason ATTACKED, and cancelled false.
[May 05, 2026 00:39:38.237AM UTC]  PlayerReTagEvent was triggered on xhikoenfasis17 by LITTLE_GHOTS with type PLAYER and reason ATTACKED.
[May 05, 2026 00:39:38.237AM UTC]  EntityDamageByEntityEvent was triggered by damaged PLAYER xhikoenfasis17, damager PLAYER LITTLE_GHOTS and cancelled false.
[May 05, 2026 00:39:45.190AM UTC]  PlayerPreTagEvent was triggered on xhikoenfasis17 by LITTLE_GHOTS with type PLAYER, reason ATTACKER, and cancelled false.
[May 05, 2026 00:39:45.190AM UTC]  PlayerReTagEvent was triggered on xhikoenfasis17 by LITTLE_GHOTS with type PLAYER and reason ATTACKER.
[May 05, 2026 00:39:45.190AM UTC]  PlayerPreTagEvent was triggered on LITTLE_GHOTS by xhikoenfasis17 with type PLAYER, reason ATTACKED, and cancelled false.
[May 05, 2026 00:39:45.190AM UTC]  PlayerReTagEvent was triggered on LITTLE_GHOTS by xhikoenfasis17 with type PLAYER and reason ATTACKED.
[May 05, 2026 00:39:45.191AM UTC]  EntityDamageByEntityEvent was triggered by damaged PLAYER LITTLE_GHOTS, damager PLAYER xhikoenfasis17 and cancelled false.
[May 05, 2026 00:39:45.191AM UTC]  PlayerPreTagEvent was triggered on LITTLE_GHOTS by xhikoenfasis17 with type PLAYER, reason ATTACKER, and cancelled false.
[May 05, 2026 00:39:45.191AM UTC]  PlayerReTagEvent was triggered on LITTLE_GHOTS by xhikoenfasis17 with type PLAYER and reason ATTACKER.
[May 05, 2026 00:39:45.191AM UTC]  PlayerPreTagEvent was triggered on xhikoenfasis17 by LITTLE_GHOTS with type PLAYER, reason ATTACKED, and cancelled false.
[May 05, 2026 00:39:45.191AM UTC]  PlayerReTagEvent was triggered on xhikoenfasis17 by LITTLE_GHOTS with type PLAYER and reason ATTACKED.
[May 05, 2026 00:39:45.191AM UTC]  EntityDamageByEntityEvent was triggered by damaged PLAYER xhikoenfasis17, damager PLAYER LITTLE_GHOTS and cancelled false.
[May 05, 2026 00:39:50.785AM UTC]  EntityDamageByEntityEvent was triggered by damaged CREEPER Creeper, damager PLAYER xhikoenfasis17 and cancelled false.
[May 05, 2026 00:39:51.331AM UTC]  EntityDamageByEntityEvent was triggered by damaged PLAYER xhikoenfasis17, damager ARROW Arrow and cancelled false.
[May 05, 2026 00:39:58.640AM UTC]  PlayerPreTagEvent was triggered on LITTLE_GHOTS by xhikoenfasis17 with type PLAYER, reason ATTACKER, and cancelled false.
[May 05, 2026 00:39:58.640AM UTC]  PlayerReTagEvent was triggered on LITTLE_GHOTS by xhikoenfasis17 with type PLAYER and reason ATTACKER.
[May 05, 2026 00:39:58.640AM UTC]  PlayerPreTagEvent was triggered on xhikoenfasis17 by LITTLE_GHOTS with type PLAYER, reason ATTACKED, and cancelled false.
[May 05, 2026 00:39:58.640AM UTC]  PlayerReTagEvent was triggered on xhikoenfasis17 by LITTLE_GHOTS with type PLAYER and reason ATTACKED.
[May 05, 2026 00:39:58.640AM UTC]  EntityDamageByEntityEvent was triggered by damaged PLAYER xhikoenfasis17, damager PLAYER LITTLE_GHOTS and cancelled false.
[May 05, 2026 00:39:58.642AM UTC]  PlayerPunishEvent was triggered on xhikoenfasis17 with reason SELF_DEATH and cancelled true.
[May 05, 2026 00:39:58.642AM UTC]  PlayerUntagEvent was triggered on xhikoenfasis17 with reason SELF_DEATH and expire set to true.
[May 05, 2026 00:39:58.642AM UTC]  PlayerPunishEvent was triggered on LITTLE_GHOTS with reason ENEMY_DEATH and cancelled true.
[May 05, 2026 00:39:58.642AM UTC]  PlayerUntagEvent was triggered on LITTLE_GHOTS with reason ENEMY_DEATH and expire set to true.
[May 05, 2026 00:40:31.831AM UTC]  EntityDamageByEntityEvent was triggered by damaged PLAYER LITTLE_GHOTS, damager SPIDER Spider and cancelled false.
[May 05, 2026 00:40:47.382AM UTC]  EntityDamageByEntityEvent was triggered by damaged PLAYER LITTLE_GHOTS, damager SPIDER Spider and cancelled false.
[May 05, 2026 00:41:09.231AM UTC]  EntityDamageByEntityEvent was triggered by damaged PLAYER LITTLE_GHOTS, damager ZOMBIE Zombie and cancelled false.
[May 05, 2026 00:41:15.084AM UTC]  EntityDamageByEntityEvent was triggered by damaged SHEEP Sheep, damager WOLF Wolf and cancelled false.
[May 05, 2026 00:41:19.332AM UTC]  EntityDamageByEntityEvent was triggered by damaged PLAYER xhikoenfasis17, damager ZOMBIE Zombie and cancelled false.
[May 05, 2026 00:41:40.284AM UTC]  PlayerPreTagEvent was triggered on Akukis by xhikoenfasis17 with type PLAYER, reason ATTACKER, and cancelled true.
[May 05, 2026 00:41:40.284AM UTC]  PlayerPreTagEvent was triggered on xhikoenfasis17 by Akukis with type PLAYER, reason ATTACKED, and cancelled true.
[May 05, 2026 00:41:40.285AM UTC]  EntityDamageByEntityEvent was triggered by damaged PLAYER xhikoenfasis17, damager PLAYER Akukis and cancelled false.
[May 05, 2026 00:41:46.643AM UTC]  PlayerPreTagEvent was triggered on xhikoenfasis17 by Akukis with type PLAYER, reason ATTACKER, and cancelled false.
[May 05, 2026 00:41:46.643AM UTC]  PlayerTagEvent was triggered on xhikoenfasis17 by Akukis with type PLAYER and reason ATTACKER.
[May 05, 2026 00:41:46.643AM UTC]  PlayerPreTagEvent was triggered on Akukis by xhikoenfasis17 with type PLAYER, reason ATTACKED, and cancelled false.
[May 05, 2026 00:41:46.644AM UTC]  PlayerTagEvent was triggered on Akukis by xhikoenfasis17 with type PLAYER and reason ATTACKED.
[May 05, 2026 00:41:46.644AM UTC]  EntityDamageByEntityEvent was triggered by damaged PLAYER Akukis, damager PLAYER xhikoenfasis17 and cancelled false.
[May 05, 2026 00:41:47.234AM UTC]  PlayerPreTagEvent was triggered on xhikoenfasis17 by Akukis with type PLAYER, reason ATTACKER, and cancelled false.
[May 05, 2026 00:41:47.234AM UTC]  PlayerReTagEvent was triggered on xhikoenfasis17 by Akukis with type PLAYER and reason ATTACKER.
[May 05, 2026 00:41:47.234AM UTC]  PlayerPreTagEvent was triggered on Akukis by xhikoenfasis17 with type PLAYER, reason ATTACKED, and cancelled false.
[May 05, 2026 00:41:47.234AM UTC]  PlayerReTagEvent was triggered on Akukis by xhikoenfasis17 with type PLAYER and reason ATTACKED.
[May 05, 2026 00:41:47.234AM UTC]  EntityDamageByEntityEvent was triggered by damaged PLAYER Akukis, damager PLAYER xhikoenfasis17 and cancelled false.
[May 05, 2026 00:41:48.305AM UTC]  PlayerPreTagEvent was triggered on xhikoenfasis17 by Akukis with type PLAYER, reason ATTACKER, and cancelled false.
[May 05, 2026 00:41:48.305AM UTC]  PlayerReTagEvent was triggered on xhikoenfasis17 by Akukis with type PLAYER and reason ATTACKER.
[May 05, 2026 00:41:48.305AM UTC]  PlayerPreTagEvent was triggered on Akukis by xhikoenfasis17 with type PLAYER, reason ATTACKED, and cancelled false.
[May 05, 2026 00:41:48.305AM UTC]  PlayerReTagEvent was triggered on Akukis by xhikoenfasis17 with type PLAYER and reason ATTACKED.
[May 05, 2026 00:41:48.305AM UTC]  EntityDamageByEntityEvent was triggered by damaged PLAYER Akukis, damager PLAYER xhikoenfasis17 and cancelled false.
[May 05, 2026 00:41:48.935AM UTC]  PlayerPreTagEvent was triggered on xhikoenfasis17 by Akukis with type PLAYER, reason ATTACKER, and cancelled false.
[May 05, 2026 00:41:48.935AM UTC]  PlayerReTagEvent was triggered on xhikoenfasis17 by Akukis with type PLAYER and reason ATTACKER.
[May 05, 2026 00:41:48.935AM UTC]  PlayerPreTagEvent was triggered on Akukis by xhikoenfasis17 with type PLAYER, reason ATTACKED, and cancelled false.
[May 05, 2026 00:41:48.936AM UTC]  PlayerReTagEvent was triggered on Akukis by xhikoenfasis17 with type PLAYER and reason ATTACKED.
[May 05, 2026 00:41:48.936AM UTC]  EntityDamageByEntityEvent was triggered by damaged PLAYER Akukis, damager PLAYER xhikoenfasis17 and cancelled false.
[May 05, 2026 00:41:49.538AM UTC]  PlayerPreTagEvent was triggered on xhikoenfasis17 by Akukis with type PLAYER, reason ATTACKER, and cancelled false.
[May 05, 2026 00:41:49.538AM UTC]  PlayerReTagEvent was triggered on xhikoenfasis17 by Akukis with type PLAYER and reason ATTACKER.
[May 05, 2026 00:41:49.538AM UTC]  PlayerPreTagEvent was triggered on Akukis by xhikoenfasis17 with type PLAYER, reason ATTACKED, and cancelled false.
[May 05, 2026 00:41:49.538AM UTC]  PlayerReTagEvent was triggered on Akukis by xhikoenfasis17 with type PLAYER and reason ATTACKED.
[May 05, 2026 00:41:49.538AM UTC]  EntityDamageByEntityEvent was triggered by damaged PLAYER Akukis, damager PLAYER xhikoenfasis17 and cancelled false.
[May 05, 2026 00:41:50.172AM UTC]  PlayerPreTagEvent was triggered on xhikoenfasis17 by Akukis with type PLAYER, reason ATTACKER, and cancelled false.
[May 05, 2026 00:41:50.172AM UTC]  PlayerReTagEvent was triggered on xhikoenfasis17 by Akukis with type PLAYER and reason ATTACKER.
[May 05, 2026 00:41:50.172AM UTC]  PlayerPreTagEvent was triggered on Akukis by xhikoenfasis17 with type PLAYER, reason ATTACKED, and cancelled false.
[May 05, 2026 00:41:50.172AM UTC]  PlayerReTagEvent was triggered on Akukis by xhikoenfasis17 with type PLAYER and reason ATTACKED.
[May 05, 2026 00:41:50.173AM UTC]  EntityDamageByEntityEvent was triggered by damaged PLAYER Akukis, damager PLAYER xhikoenfasis17 and cancelled false.
[May 05, 2026 00:41:50.787AM UTC]  PlayerPreTagEvent was triggered on xhikoenfasis17 by Akukis with type PLAYER, reason ATTACKER, and cancelled false.
[May 05, 2026 00:41:50.787AM UTC]  PlayerReTagEvent was triggered on xhikoenfasis17 by Akukis with type PLAYER and reason ATTACKER.
[May 05, 2026 00:41:50.787AM UTC]  PlayerPreTagEvent was triggered on Akukis by xhikoenfasis17 with type PLAYER, reason ATTACKED, and cancelled false.
[May 05, 2026 00:41:50.787AM UTC]  PlayerReTagEvent was triggered on Akukis by xhikoenfasis17 with type PLAYER and reason ATTACKED.
[May 05, 2026 00:41:50.788AM UTC]  EntityDamageByEntityEvent was triggered by damaged PLAYER Akukis, damager PLAYER xhikoenfasis17 and cancelled false.
[May 05, 2026 00:41:51.436AM UTC]  PlayerPreTagEvent was triggered on xhikoenfasis17 by Akukis with type PLAYER, reason ATTACKER, and cancelled false.
[May 05, 2026 00:41:51.436AM UTC]  PlayerReTagEvent was triggered on xhikoenfasis17 by Akukis with type PLAYER and reason ATTACKER.
[May 05, 2026 00:41:51.436AM UTC]  PlayerPreTagEvent was triggered on Akukis by xhikoenfasis17 with type PLAYER, reason ATTACKED, and cancelled false.
[May 05, 2026 00:41:51.436AM UTC]  PlayerReTagEvent was triggered on Akukis by xhikoenfasis17 with type PLAYER and reason ATTACKED.
[May 05, 2026 00:41:51.436AM UTC]  EntityDamageByEntityEvent was triggered by damaged PLAYER Akukis, damager PLAYER xhikoenfasis17 and cancelled false.
[May 05, 2026 00:41:52.083AM UTC]  PlayerPreTagEvent was triggered on xhikoenfasis17 by Akukis with type PLAYER, reason ATTACKER, and cancelled false.
[May 05, 2026 00:41:52.083AM UTC]  PlayerReTagEvent was triggered on xhikoenfasis17 by Akukis with type PLAYER and reason ATTACKER.
[May 05, 2026 00:41:52.083AM UTC]  PlayerPreTagEvent was triggered on Akukis by xhikoenfasis17 with type PLAYER, reason ATTACKED, and cancelled false.
[May 05, 2026 00:41:52.083AM UTC]  PlayerReTagEvent was triggered on Akukis by xhikoenfasis17 with type PLAYER and reason ATTACKED.
[May 05, 2026 00:41:52.084AM UTC]  EntityDamageByEntityEvent was triggered by damaged PLAYER Akukis, damager PLAYER xhikoenfasis17 and cancelled false.
[May 05, 2026 00:41:53.283AM UTC]  PlayerPreTagEvent was triggered on xhikoenfasis17 by Akukis with type PLAYER, reason ATTACKER, and cancelled false.
[May 05, 2026 00:41:53.283AM UTC]  PlayerReTagEvent was triggered on xhikoenfasis17 by Akukis with type PLAYER and reason ATTACKER.
[May 05, 2026 00:41:53.283AM UTC]  PlayerPreTagEvent was triggered on Akukis by xhikoenfasis17 with type PLAYER, reason ATTACKED, and cancelled false.
[May 05, 2026 00:41:53.284AM UTC]  PlayerReTagEvent was triggered on Akukis by xhikoenfasis17 with type PLAYER and reason ATTACKED.
[May 05, 2026 00:41:53.284AM UTC]  EntityDamageByEntityEvent was triggered by damaged PLAYER Akukis, damager PLAYER xhikoenfasis17 and cancelled false.
[May 05, 2026 00:41:53.934AM UTC]  PlayerPreTagEvent was triggered on xhikoenfasis17 by Akukis with type PLAYER, reason ATTACKER, and cancelled false.
[May 05, 2026 00:41:53.934AM UTC]  PlayerReTagEvent was triggered on xhikoenfasis17 by Akukis with type PLAYER and reason ATTACKER.
[May 05, 2026 00:41:53.934AM UTC]  PlayerPreTagEvent was triggered on Akukis by xhikoenfasis17 with type PLAYER, reason ATTACKED, and cancelled false.
[May 05, 2026 00:41:53.934AM UTC]  PlayerReTagEvent was triggered on Akukis by xhikoenfasis17 with type PLAYER and reason ATTACKED.
[May 05, 2026 00:41:53.934AM UTC]  EntityDamageByEntityEvent was triggered by damaged PLAYER Akukis, damager PLAYER xhikoenfasis17 and cancelled false.
[May 05, 2026 00:41:54.538AM UTC]  PlayerPreTagEvent was triggered on xhikoenfasis17 by Akukis with type PLAYER, reason ATTACKER, and cancelled false.
[May 05, 2026 00:41:54.538AM UTC]  PlayerReTagEvent was triggered on xhikoenfasis17 by Akukis with type PLAYER and reason ATTACKER.
[May 05, 2026 00:41:54.538AM UTC]  PlayerPreTagEvent was triggered on Akukis by xhikoenfasis17 with type PLAYER, reason ATTACKED, and cancelled false.
[May 05, 2026 00:41:54.538AM UTC]  PlayerReTagEvent was triggered on Akukis by xhikoenfasis17 with type PLAYER and reason ATTACKED.
[May 05, 2026 00:41:54.538AM UTC]  EntityDamageByEntityEvent was triggered by damaged PLAYER Akukis, damager PLAYER xhikoenfasis17 and cancelled false.
[May 05, 2026 00:41:55.233AM UTC]  PlayerPreTagEvent was triggered on xhikoenfasis17 by Akukis with type PLAYER, reason ATTACKER, and cancelled false.
[May 05, 2026 00:41:55.233AM UTC]  PlayerReTagEvent was triggered on xhikoenfasis17 by Akukis with type PLAYER and reason ATTACKER.
[May 05, 2026 00:41:55.233AM UTC]  PlayerPreTagEvent was triggered on Akukis by xhikoenfasis17 with type PLAYER, reason ATTACKED, and cancelled false.
[May 05, 2026 00:41:55.233AM UTC]  PlayerReTagEvent was triggered on Akukis by xhikoenfasis17 with type PLAYER and reason ATTACKED.
[May 05, 2026 00:41:55.233AM UTC]  EntityDamageByEntityEvent was triggered by damaged PLAYER Akukis, damager PLAYER xhikoenfasis17 and cancelled false.
[May 05, 2026 00:41:55.835AM UTC]  PlayerPreTagEvent was triggered on xhikoenfasis17 by Akukis with type PLAYER, reason ATTACKER, and cancelled false.
[May 05, 2026 00:41:55.836AM UTC]  PlayerReTagEvent was triggered on xhikoenfasis17 by Akukis with type PLAYER and reason ATTACKER.
[May 05, 2026 00:41:55.836AM UTC]  PlayerPreTagEvent was triggered on Akukis by xhikoenfasis17 with type PLAYER, reason ATTACKED, and cancelled false.
[May 05, 2026 00:41:55.836AM UTC]  PlayerReTagEvent was triggered on Akukis by xhikoenfasis17 with type PLAYER and reason ATTACKED.
[May 05, 2026 00:41:55.836AM UTC]  EntityDamageByEntityEvent was triggered by damaged PLAYER Akukis, damager PLAYER xhikoenfasis17 and cancelled false.
[May 05, 2026 00:41:56.485AM UTC]  PlayerPreTagEvent was triggered on xhikoenfasis17 by Akukis with type PLAYER, reason ATTACKER, and cancelled false.
[May 05, 2026 00:41:56.485AM UTC]  PlayerReTagEvent was triggered on xhikoenfasis17 by Akukis with type PLAYER and reason ATTACKER.
[May 05, 2026 00:41:56.485AM UTC]  PlayerPreTagEvent was triggered on Akukis by xhikoenfasis17 with type PLAYER, reason ATTACKED, and cancelled false.
[May 05, 2026 00:41:56.485AM UTC]  PlayerReTagEvent was triggered on Akukis by xhikoenfasis17 with type PLAYER and reason ATTACKED.
[May 05, 2026 00:41:56.485AM UTC]  EntityDamageByEntityEvent was triggered by damaged PLAYER Akukis, damager PLAYER xhikoenfasis17 and cancelled false.
[May 05, 2026 00:41:57.790AM UTC]  PlayerPreTagEvent was triggered on xhikoenfasis17 by Akukis with type PLAYER, reason ATTACKER, and cancelled false.
[May 05, 2026 00:41:57.790AM UTC]  PlayerReTagEvent was triggered on xhikoenfasis17 by Akukis with type PLAYER and reason ATTACKER.
[May 05, 2026 00:41:57.791AM UTC]  PlayerPreTagEvent was triggered on Akukis by xhikoenfasis17 with type PLAYER, reason ATTACKED, and cancelled false.
[May 05, 2026 00:41:57.791AM UTC]  PlayerReTagEvent was triggered on Akukis by xhikoenfasis17 with type PLAYER and reason ATTACKED.
[May 05, 2026 00:41:57.791AM UTC]  EntityDamageByEntityEvent was triggered by damaged PLAYER Akukis, damager PLAYER xhikoenfasis17 and cancelled false.
[May 05, 2026 00:41:58.333AM UTC]  PlayerPreTagEvent was triggered on xhikoenfasis17 by Akukis with type PLAYER, reason ATTACKER, and cancelled false.
[May 05, 2026 00:41:58.334AM UTC]  PlayerReTagEvent was triggered on xhikoenfasis17 by Akukis with type PLAYER and reason ATTACKER.
[May 05, 2026 00:41:58.334AM UTC]  PlayerPreTagEvent was triggered on Akukis by xhikoenfasis17 with type PLAYER, reason ATTACKED, and cancelled false.
[May 05, 2026 00:41:58.334AM UTC]  PlayerReTagEvent was triggered on Akukis by xhikoenfasis17 with type PLAYER and reason ATTACKED.
[May 05, 2026 00:41:58.334AM UTC]  EntityDamageByEntityEvent was triggered by damaged PLAYER Akukis, damager PLAYER xhikoenfasis17 and cancelled false.
[May 05, 2026 00:41:59.635AM UTC]  PlayerPreTagEvent was triggered on xhikoenfasis17 by Akukis with type PLAYER, reason ATTACKER, and cancelled false.
[May 05, 2026 00:41:59.636AM UTC]  PlayerReTagEvent was triggered on xhikoenfasis17 by Akukis with type PLAYER and reason ATTACKER.
[May 05, 2026 00:41:59.636AM UTC]  PlayerPreTagEvent was triggered on Akukis by xhikoenfasis17 with type PLAYER, reason ATTACKED, and cancelled false.
[May 05, 2026 00:41:59.636AM UTC]  PlayerReTagEvent was triggered on Akukis by xhikoenfasis17 with type PLAYER and reason ATTACKED.
[May 05, 2026 00:41:59.636AM UTC]  EntityDamageByEntityEvent was triggered by damaged PLAYER Akukis, damager PLAYER xhikoenfasis17 and cancelled false.
[May 05, 2026 00:42:00.335AM UTC]  PlayerPreTagEvent was triggered on xhikoenfasis17 by Akukis with type PLAYER, reason ATTACKER, and cancelled false.
[May 05, 2026 00:42:00.335AM UTC]  PlayerReTagEvent was triggered on xhikoenfasis17 by Akukis with type PLAYER and reason ATTACKER.
[May 05, 2026 00:42:00.335AM UTC]  PlayerPreTagEvent was triggered on Akukis by xhikoenfasis17 with type PLAYER, reason ATTACKED, and cancelled false.
[May 05, 2026 00:42:00.335AM UTC]  PlayerReTagEvent was triggered on Akukis by xhikoenfasis17 with type PLAYER and reason ATTACKED.
[May 05, 2026 00:42:00.335AM UTC]  EntityDamageByEntityEvent was triggered by damaged PLAYER Akukis, damager PLAYER xhikoenfasis17 and cancelled false.
[May 05, 2026 00:42:01.388AM UTC]  PlayerPreTagEvent was triggered on xhikoenfasis17 by Akukis with type PLAYER, reason ATTACKER, and cancelled false.
[May 05, 2026 00:42:01.388AM UTC]  PlayerReTagEvent was triggered on xhikoenfasis17 by Akukis with type PLAYER and reason ATTACKER.
[May 05, 2026 00:42:01.388AM UTC]  PlayerPreTagEvent was triggered on Akukis by xhikoenfasis17 with type PLAYER, reason ATTACKED, and cancelled false.
[May 05, 2026 00:42:01.388AM UTC]  PlayerReTagEvent was triggered on Akukis by xhikoenfasis17 with type PLAYER and reason ATTACKED.
[May 05, 2026 00:42:01.388AM UTC]  EntityDamageByEntityEvent was triggered by damaged PLAYER Akukis, damager PLAYER xhikoenfasis17 and cancelled false.
[May 05, 2026 00:42:02.689AM UTC]  PlayerPreTagEvent was triggered on xhikoenfasis17 by Akukis with type PLAYER, reason ATTACKER, and cancelled false.
[May 05, 2026 00:42:02.689AM UTC]  PlayerReTagEvent was triggered on xhikoenfasis17 by Akukis with type PLAYER and reason ATTACKER.
[May 05, 2026 00:42:02.689AM UTC]  PlayerPreTagEvent was triggered on Akukis by xhikoenfasis17 with type PLAYER, reason ATTACKED, and cancelled false.
[May 05, 2026 00:42:02.689AM UTC]  PlayerReTagEvent was triggered on Akukis by xhikoenfasis17 with type PLAYER and reason ATTACKED.
[May 05, 2026 00:42:02.690AM UTC]  EntityDamageByEntityEvent was triggered by damaged PLAYER Akukis, damager PLAYER xhikoenfasis17 and cancelled false.
[May 05, 2026 00:42:03.322AM UTC]  PlayerPreTagEvent was triggered on xhikoenfasis17 by Akukis with type PLAYER, reason ATTACKER, and cancelled false.
[May 05, 2026 00:42:03.322AM UTC]  PlayerReTagEvent was triggered on xhikoenfasis17 by Akukis with type PLAYER and reason ATTACKER.
[May 05, 2026 00:42:03.323AM UTC]  PlayerPreTagEvent was triggered on Akukis by xhikoenfasis17 with type PLAYER, reason ATTACKED, and cancelled false.
[May 05, 2026 00:42:03.323AM UTC]  PlayerReTagEvent was triggered on Akukis by xhikoenfasis17 with type PLAYER and reason ATTACKED.
[May 05, 2026 00:42:03.323AM UTC]  EntityDamageByEntityEvent was triggered by damaged PLAYER Akukis, damager PLAYER xhikoenfasis17 and cancelled false.
[May 05, 2026 00:42:03.887AM UTC]  PlayerPreTagEvent was triggered on xhikoenfasis17 by Akukis with type PLAYER, reason ATTACKER, and cancelled false.
[May 05, 2026 00:42:03.887AM UTC]  PlayerReTagEvent was triggered on xhikoenfasis17 by Akukis with type PLAYER and reason ATTACKER.
[May 05, 2026 00:42:03.887AM UTC]  PlayerPreTagEvent was triggered on Akukis by xhikoenfasis17 with type PLAYER, reason ATTACKED, and cancelled false.
[May 05, 2026 00:42:03.887AM UTC]  PlayerReTagEvent was triggered on Akukis by xhikoenfasis17 with type PLAYER and reason ATTACKED.
[May 05, 2026 00:42:03.888AM UTC]  EntityDamageByEntityEvent was triggered by damaged PLAYER Akukis, damager PLAYER xhikoenfasis17 and cancelled false.
[May 05, 2026 00:42:04.436AM UTC]  PlayerPreTagEvent was triggered on xhikoenfasis17 by Akukis with type PLAYER, reason ATTACKER, and cancelled false.
[May 05, 2026 00:42:04.436AM UTC]  PlayerReTagEvent was triggered on xhikoenfasis17 by Akukis with type PLAYER and reason ATTACKER.
[May 05, 2026 00:42:04.436AM UTC]  PlayerPreTagEvent was triggered on Akukis by xhikoenfasis17 with type PLAYER, reason ATTACKED, and cancelled false.
[May 05, 2026 00:42:04.436AM UTC]  PlayerReTagEvent was triggered on Akukis by xhikoenfasis17 with type PLAYER and reason ATTACKED.
[May 05, 2026 00:42:04.436AM UTC]  EntityDamageByEntityEvent was triggered by damaged PLAYER Akukis, damager PLAYER xhikoenfasis17 and cancelled false.
[May 05, 2026 00:42:04.985AM UTC]  PlayerPreTagEvent was triggered on xhikoenfasis17 by Akukis with type PLAYER, reason ATTACKER, and cancelled false.
[May 05, 2026 00:42:04.985AM UTC]  PlayerReTagEvent was triggered on xhikoenfasis17 by Akukis with type PLAYER and reason ATTACKER.
[May 05, 2026 00:42:04.985AM UTC]  PlayerPreTagEvent was triggered on Akukis by xhikoenfasis17 with type PLAYER, reason ATTACKED, and cancelled false.
[May 05, 2026 00:42:04.985AM UTC]  PlayerReTagEvent was triggered on Akukis by xhikoenfasis17 with type PLAYER and reason ATTACKED.
[May 05, 2026 00:42:04.985AM UTC]  EntityDamageByEntityEvent was triggered by damaged PLAYER Akukis, damager PLAYER xhikoenfasis17 and cancelled false.
[May 05, 2026 00:42:06.034AM UTC]  PlayerPreTagEvent was triggered on xhikoenfasis17 by Akukis with type PLAYER, reason ATTACKER, and cancelled false.
[May 05, 2026 00:42:06.034AM UTC]  PlayerReTagEvent was triggered on xhikoenfasis17 by Akukis with type PLAYER and reason ATTACKER.
[May 05, 2026 00:42:06.035AM UTC]  PlayerPreTagEvent was triggered on Akukis by xhikoenfasis17 with type PLAYER, reason ATTACKED, and cancelled false.
[May 05, 2026 00:42:06.035AM UTC]  PlayerReTagEvent was triggered on Akukis by xhikoenfasis17 with type PLAYER and reason ATTACKED.
[May 05, 2026 00:42:06.035AM UTC]  EntityDamageByEntityEvent was triggered by damaged PLAYER Akukis, damager PLAYER xhikoenfasis17 and cancelled false.
[May 05, 2026 00:42:06.685AM UTC]  PlayerPreTagEvent was triggered on xhikoenfasis17 by Akukis with type PLAYER, reason ATTACKER, and cancelled false.
[May 05, 2026 00:42:06.686AM UTC]  PlayerReTagEvent was triggered on xhikoenfasis17 by Akukis with type PLAYER and reason ATTACKER.
[May 05, 2026 00:42:06.686AM UTC]  PlayerPreTagEvent was triggered on Akukis by xhikoenfasis17 with type PLAYER, reason ATTACKED, and cancelled false.
[May 05, 2026 00:42:06.686AM UTC]  PlayerReTagEvent was triggered on Akukis by xhikoenfasis17 with type PLAYER and reason ATTACKED.
[May 05, 2026 00:42:06.686AM UTC]  EntityDamageByEntityEvent was triggered by damaged PLAYER Akukis, damager PLAYER xhikoenfasis17 and cancelled false.
[May 05, 2026 00:42:07.185AM UTC]  PlayerPreTagEvent was triggered on xhikoenfasis17 by Akukis with type PLAYER, reason ATTACKER, and cancelled false.
[May 05, 2026 00:42:07.185AM UTC]  PlayerReTagEvent was triggered on xhikoenfasis17 by Akukis with type PLAYER and reason ATTACKER.
[May 05, 2026 00:42:07.185AM UTC]  PlayerPreTagEvent was triggered on Akukis by xhikoenfasis17 with type PLAYER, reason ATTACKED, and cancelled false.
[May 05, 2026 00:42:07.185AM UTC]  PlayerReTagEvent was triggered on Akukis by xhikoenfasis17 with type PLAYER and reason ATTACKED.
[May 05, 2026 00:42:07.186AM UTC]  EntityDamageByEntityEvent was triggered by damaged PLAYER Akukis, damager PLAYER xhikoenfasis17 and cancelled false.
[May 05, 2026 00:42:07.835AM UTC]  PlayerPreTagEvent was triggered on xhikoenfasis17 by Akukis with type PLAYER, reason ATTACKER, and cancelled false.
[May 05, 2026 00:42:07.835AM UTC]  PlayerReTagEvent was triggered on xhikoenfasis17 by Akukis with type PLAYER and reason ATTACKER.
[May 05, 2026 00:42:07.835AM UTC]  PlayerPreTagEvent was triggered on Akukis by xhikoenfasis17 with type PLAYER, reason ATTACKED, and cancelled false.
[May 05, 2026 00:42:07.835AM UTC]  PlayerReTagEvent was triggered on Akukis by xhikoenfasis17 with type PLAYER and reason ATTACKED.
[May 05, 2026 00:42:07.836AM UTC]  EntityDamageByEntityEvent was triggered by damaged PLAYER Akukis, damager PLAYER xhikoenfasis17 and cancelled false.
[May 05, 2026 00:42:08.936AM UTC]  PlayerPreTagEvent was triggered on xhikoenfasis17 by Akukis with type PLAYER, reason ATTACKER, and cancelled false.
[May 05, 2026 00:42:08.937AM UTC]  PlayerReTagEvent was triggered on xhikoenfasis17 by Akukis with type PLAYER and reason ATTACKER.
[May 05, 2026 00:42:08.937AM UTC]  PlayerPreTagEvent was triggered on Akukis by xhikoenfasis17 with type PLAYER, reason ATTACKED, and cancelled false.
[May 05, 2026 00:42:08.937AM UTC]  PlayerReTagEvent was triggered on Akukis by xhikoenfasis17 with type PLAYER and reason ATTACKED.
[May 05, 2026 00:42:08.937AM UTC]  EntityDamageByEntityEvent was triggered by damaged PLAYER Akukis, damager PLAYER xhikoenfasis17 and cancelled false.
[May 05, 2026 00:42:09.594AM UTC]  PlayerPreTagEvent was triggered on xhikoenfasis17 by Akukis with type PLAYER, reason ATTACKER, and cancelled false.
[May 05, 2026 00:42:09.594AM UTC]  PlayerReTagEvent was triggered on xhikoenfasis17 by Akukis with type PLAYER and reason ATTACKER.
[May 05, 2026 00:42:09.594AM UTC]  PlayerPreTagEvent was triggered on Akukis by xhikoenfasis17 with type PLAYER, reason ATTACKED, and cancelled false.
[May 05, 2026 00:42:09.594AM UTC]  PlayerReTagEvent was triggered on Akukis by xhikoenfasis17 with type PLAYER and reason ATTACKED.
[May 05, 2026 00:42:09.594AM UTC]  EntityDamageByEntityEvent was triggered by damaged PLAYER Akukis, damager PLAYER xhikoenfasis17 and cancelled false.
[May 05, 2026 00:42:10.485AM UTC]  PlayerPreTagEvent was triggered on xhikoenfasis17 by Akukis with type PLAYER, reason ATTACKER, and cancelled false.
[May 05, 2026 00:42:10.486AM UTC]  PlayerReTagEvent was triggered on xhikoenfasis17 by Akukis with type PLAYER and reason ATTACKER.
[May 05, 2026 00:42:10.486AM UTC]  PlayerPreTagEvent was triggered on Akukis by xhikoenfasis17 with type PLAYER, reason ATTACKED, and cancelled false.
[May 05, 2026 00:42:10.486AM UTC]  PlayerReTagEvent was triggered on Akukis by xhikoenfasis17 with type PLAYER and reason ATTACKED.
[May 05, 2026 00:42:10.486AM UTC]  EntityDamageByEntityEvent was triggered by damaged PLAYER Akukis, damager PLAYER xhikoenfasis17 and cancelled false.
[May 05, 2026 00:42:11.783AM UTC]  PlayerPreTagEvent was triggered on xhikoenfasis17 by Akukis with type PLAYER, reason ATTACKER, and cancelled false.
[May 05, 2026 00:42:11.783AM UTC]  PlayerReTagEvent was triggered on xhikoenfasis17 by Akukis with type PLAYER and reason ATTACKER.
[May 05, 2026 00:42:11.783AM UTC]  PlayerPreTagEvent was triggered on Akukis by xhikoenfasis17 with type PLAYER, reason ATTACKED, and cancelled false.
[May 05, 2026 00:42:11.783AM UTC]  PlayerReTagEvent was triggered on Akukis by xhikoenfasis17 with type PLAYER and reason ATTACKED.
[May 05, 2026 00:42:11.784AM UTC]  EntityDamageByEntityEvent was triggered by damaged PLAYER Akukis, damager PLAYER xhikoenfasis17 and cancelled false.
[May 05, 2026 00:42:13.885AM UTC]  PlayerPreTagEvent was triggered on xhikoenfasis17 by Akukis with type PLAYER, reason ATTACKER, and cancelled false.
[May 05, 2026 00:42:13.885AM UTC]  PlayerReTagEvent was triggered on xhikoenfasis17 by Akukis with type PLAYER and reason ATTACKER.
[May 05, 2026 00:42:13.885AM UTC]  PlayerPreTagEvent was triggered on Akukis by xhikoenfasis17 with type PLAYER, reason ATTACKED, and cancelled false.
[May 05, 2026 00:42:13.885AM UTC]  PlayerReTagEvent was triggered on Akukis by xhikoenfasis17 with type PLAYER and reason ATTACKED.
[May 05, 2026 00:42:13.885AM UTC]  EntityDamageByEntityEvent was triggered by damaged PLAYER Akukis, damager PLAYER xhikoenfasis17 and cancelled false.
[May 05, 2026 00:42:14.534AM UTC]  PlayerPreTagEvent was triggered on xhikoenfasis17 by Akukis with type PLAYER, reason ATTACKER, and cancelled false.
[May 05, 2026 00:42:14.535AM UTC]  PlayerReTagEvent was triggered on xhikoenfasis17 by Akukis with type PLAYER and reason ATTACKER.
[May 05, 2026 00:42:14.535AM UTC]  PlayerPreTagEvent was triggered on Akukis by xhikoenfasis17 with type PLAYER, reason ATTACKED, and cancelled false.
[May 05, 2026 00:42:14.535AM UTC]  PlayerReTagEvent was triggered on Akukis by xhikoenfasis17 with type PLAYER and reason ATTACKED.
[May 05, 2026 00:42:14.535AM UTC]  EntityDamageByEntityEvent was triggered by damaged PLAYER Akukis, damager PLAYER xhikoenfasis17 and cancelled false.
[May 05, 2026 00:42:15.140AM UTC]  PlayerPreTagEvent was triggered on xhikoenfasis17 by Akukis with type PLAYER, reason ATTACKER, and cancelled false.
[May 05, 2026 00:42:15.140AM UTC]  PlayerReTagEvent was triggered on xhikoenfasis17 by Akukis with type PLAYER and reason ATTACKER.
[May 05, 2026 00:42:15.140AM UTC]  PlayerPreTagEvent was triggered on Akukis by xhikoenfasis17 with type PLAYER, reason ATTACKED, and cancelled false.
[May 05, 2026 00:42:15.140AM UTC]  PlayerReTagEvent was triggered on Akukis by xhikoenfasis17 with type PLAYER and reason ATTACKED.
[May 05, 2026 00:42:15.140AM UTC]  EntityDamageByEntityEvent was triggered by damaged PLAYER Akukis, damager PLAYER xhikoenfasis17 and cancelled false.
[May 05, 2026 00:42:15.789AM UTC]  PlayerPreTagEvent was triggered on xhikoenfasis17 by Akukis with type PLAYER, reason ATTACKER, and cancelled false.
[May 05, 2026 00:42:15.789AM UTC]  PlayerReTagEvent was triggered on xhikoenfasis17 by Akukis with type PLAYER and reason ATTACKER.
[May 05, 2026 00:42:15.789AM UTC]  PlayerPreTagEvent was triggered on Akukis by xhikoenfasis17 with type PLAYER, reason ATTACKED, and cancelled false.
[May 05, 2026 00:42:15.789AM UTC]  PlayerReTagEvent was triggered on Akukis by xhikoenfasis17 with type PLAYER and reason ATTACKED.
[May 05, 2026 00:42:15.789AM UTC]  EntityDamageByEntityEvent was triggered by damaged PLAYER Akukis, damager PLAYER xhikoenfasis17 and cancelled false.
[May 05, 2026 00:42:16.622AM UTC]  PlayerPreTagEvent was triggered on xhikoenfasis17 by Akukis with type PLAYER, reason ATTACKER, and cancelled false.
[May 05, 2026 00:42:16.622AM UTC]  PlayerReTagEvent was triggered on xhikoenfasis17 by Akukis with type PLAYER and reason ATTACKER.
[May 05, 2026 00:42:16.622AM UTC]  PlayerPreTagEvent was triggered on Akukis by xhikoenfasis17 with type PLAYER, reason ATTACKED, and cancelled false.
[May 05, 2026 00:42:16.622AM UTC]  PlayerReTagEvent was triggered on Akukis by xhikoenfasis17 with type PLAYER and reason ATTACKED.
[May 05, 2026 00:42:16.622AM UTC]  EntityDamageByEntityEvent was triggered by damaged PLAYER Akukis, damager PLAYER xhikoenfasis17 and cancelled false.
[May 05, 2026 00:42:17.083AM UTC]  PlayerPreTagEvent was triggered on xhikoenfasis17 by Akukis with type PLAYER, reason ATTACKER, and cancelled false.
[May 05, 2026 00:42:17.083AM UTC]  PlayerReTagEvent was triggered on xhikoenfasis17 by Akukis with type PLAYER and reason ATTACKER.
[May 05, 2026 00:42:17.084AM UTC]  PlayerPreTagEvent was triggered on Akukis by xhikoenfasis17 with type PLAYER, reason ATTACKED, and cancelled false.
[May 05, 2026 00:42:17.084AM UTC]  PlayerReTagEvent was triggered on Akukis by xhikoenfasis17 with type PLAYER and reason ATTACKED.
[May 05, 2026 00:42:17.084AM UTC]  EntityDamageByEntityEvent was triggered by damaged PLAYER Akukis, damager PLAYER xhikoenfasis17 and cancelled false.
[May 05, 2026 00:42:17.971AM UTC]  PlayerPreTagEvent was triggered on xhikoenfasis17 by Akukis with type PLAYER, reason ATTACKER, and cancelled false.
[May 05, 2026 00:42:17.971AM UTC]  PlayerReTagEvent was triggered on xhikoenfasis17 by Akukis with type PLAYER and reason ATTACKER.
[May 05, 2026 00:42:17.971AM UTC]  PlayerPreTagEvent was triggered on Akukis by xhikoenfasis17 with type PLAYER, reason ATTACKED, and cancelled false.
[May 05, 2026 00:42:17.971AM UTC]  PlayerReTagEvent was triggered on Akukis by xhikoenfasis17 with type PLAYER and reason ATTACKED.
[May 05, 2026 00:42:17.972AM UTC]  EntityDamageByEntityEvent was triggered by damaged PLAYER Akukis, damager PLAYER xhikoenfasis17 and cancelled false.
[May 05, 2026 00:42:18.934AM UTC]  PlayerPreTagEvent was triggered on xhikoenfasis17 by Akukis with type PLAYER, reason ATTACKER, and cancelled false.
[May 05, 2026 00:42:18.934AM UTC]  PlayerReTagEvent was triggered on xhikoenfasis17 by Akukis with type PLAYER and reason ATTACKER.
[May 05, 2026 00:42:18.934AM UTC]  PlayerPreTagEvent was triggered on Akukis by xhikoenfasis17 with type PLAYER, reason ATTACKED, and cancelled false.
[May 05, 2026 00:42:18.934AM UTC]  PlayerReTagEvent was triggered on Akukis by xhikoenfasis17 with type PLAYER and reason ATTACKED.
[May 05, 2026 00:42:18.934AM UTC]  EntityDamageByEntityEvent was triggered by damaged PLAYER Akukis, damager PLAYER xhikoenfasis17 and cancelled false.
[May 05, 2026 00:42:19.083AM UTC]  PlayerPreTagEvent was triggered on Akukis by xhikoenfasis17 with type PLAYER, reason ATTACKER, and cancelled false.
[May 05, 2026 00:42:19.083AM UTC]  PlayerReTagEvent was triggered on Akukis by xhikoenfasis17 with type PLAYER and reason ATTACKER.
[May 05, 2026 00:42:19.083AM UTC]  PlayerPreTagEvent was triggered on xhikoenfasis17 by Akukis with type PLAYER, reason ATTACKED, and cancelled false.
[May 05, 2026 00:42:19.083AM UTC]  PlayerReTagEvent was triggered on xhikoenfasis17 by Akukis with type PLAYER and reason ATTACKED.
[May 05, 2026 00:42:19.083AM UTC]  EntityDamageByEntityEvent was triggered by damaged PLAYER xhikoenfasis17, damager PLAYER Akukis and cancelled false.
[May 05, 2026 00:42:20.233AM UTC]  PlayerPreTagEvent was triggered on xhikoenfasis17 by Akukis with type PLAYER, reason ATTACKER, and cancelled false.
[May 05, 2026 00:42:20.233AM UTC]  PlayerReTagEvent was triggered on xhikoenfasis17 by Akukis with type PLAYER and reason ATTACKER.
[May 05, 2026 00:42:20.234AM UTC]  PlayerPreTagEvent was triggered on Akukis by xhikoenfasis17 with type PLAYER, reason ATTACKED, and cancelled false.
[May 05, 2026 00:42:20.234AM UTC]  PlayerReTagEvent was triggered on Akukis by xhikoenfasis17 with type PLAYER and reason ATTACKED.
[May 05, 2026 00:42:20.234AM UTC]  EntityDamageByEntityEvent was triggered by damaged PLAYER Akukis, damager PLAYER xhikoenfasis17 and cancelled false.
[May 05, 2026 00:42:26.519AM UTC]  PlayerPreTagEvent was triggered on xhikoenfasis17 by Akukis with type PLAYER, reason ATTACKER, and cancelled false.
[May 05, 2026 00:42:26.519AM UTC]  PlayerReTagEvent was triggered on xhikoenfasis17 by Akukis with type PLAYER and reason ATTACKER.
[May 05, 2026 00:42:26.519AM UTC]  PlayerPreTagEvent was triggered on Akukis by xhikoenfasis17 with type PLAYER, reason ATTACKED, and cancelled false.
[May 05, 2026 00:42:26.519AM UTC]  PlayerReTagEvent was triggered on Akukis by xhikoenfasis17 with type PLAYER and reason ATTACKED.
[May 05, 2026 00:42:26.520AM UTC]  EntityDamageByEntityEvent was triggered by damaged PLAYER Akukis, damager PLAYER xhikoenfasis17 and cancelled false.
[May 05, 2026 00:42:27.236AM UTC]  PlayerPreTagEvent was triggered on xhikoenfasis17 by Akukis with type PLAYER, reason ATTACKER, and cancelled false.
[May 05, 2026 00:42:27.236AM UTC]  PlayerReTagEvent was triggered on xhikoenfasis17 by Akukis with type PLAYER and reason ATTACKER.
[May 05, 2026 00:42:27.236AM UTC]  PlayerPreTagEvent was triggered on Akukis by xhikoenfasis17 with type PLAYER, reason ATTACKED, and cancelled false.
[May 05, 2026 00:42:27.236AM UTC]  PlayerReTagEvent was triggered on Akukis by xhikoenfasis17 with type PLAYER and reason ATTACKED.
[May 05, 2026 00:42:27.236AM UTC]  EntityDamageByEntityEvent was triggered by damaged PLAYER Akukis, damager PLAYER xhikoenfasis17 and cancelled false.
[May 05, 2026 00:42:27.937AM UTC]  PlayerPreTagEvent was triggered on xhikoenfasis17 by Akukis with type PLAYER, reason ATTACKER, and cancelled false.
[May 05, 2026 00:42:27.937AM UTC]  PlayerReTagEvent was triggered on xhikoenfasis17 by Akukis with type PLAYER and reason ATTACKER.
[May 05, 2026 00:42:27.937AM UTC]  PlayerPreTagEvent was triggered on Akukis by xhikoenfasis17 with type PLAYER, reason ATTACKED, and cancelled false.
[May 05, 2026 00:42:27.937AM UTC]  PlayerReTagEvent was triggered on Akukis by xhikoenfasis17 with type PLAYER and reason ATTACKED.
[May 05, 2026 00:42:27.937AM UTC]  EntityDamageByEntityEvent was triggered by damaged PLAYER Akukis, damager PLAYER xhikoenfasis17 and cancelled false.
[May 05, 2026 00:42:32.189AM UTC]  PlayerPreTagEvent was triggered on xhikoenfasis17 by Akukis with type PLAYER, reason ATTACKER, and cancelled false.
[May 05, 2026 00:42:32.189AM UTC]  PlayerReTagEvent was triggered on xhikoenfasis17 by Akukis with type PLAYER and reason ATTACKER.
[May 05, 2026 00:42:32.190AM UTC]  PlayerPreTagEvent was triggered on Akukis by xhikoenfasis17 with type PLAYER, reason ATTACKED, and cancelled false.
[May 05, 2026 00:42:32.190AM UTC]  PlayerReTagEvent was triggered on Akukis by xhikoenfasis17 with type PLAYER and reason ATTACKED.
[May 05, 2026 00:42:32.190AM UTC]  EntityDamageByEntityEvent was triggered by damaged PLAYER Akukis, damager PLAYER xhikoenfasis17 and cancelled false.
[May 05, 2026 00:42:32.435AM UTC]  EntityDamageByEntityEvent was triggered by damaged PLAYER xhikoenfasis17, damager ARROW Arrow and cancelled false.
[May 05, 2026 00:42:33.087AM UTC]  PlayerPreTagEvent was triggered on xhikoenfasis17 by Akukis with type PLAYER, reason ATTACKER, and cancelled false.
[May 05, 2026 00:42:33.088AM UTC]  PlayerReTagEvent was triggered on xhikoenfasis17 by Akukis with type PLAYER and reason ATTACKER.
[May 05, 2026 00:42:33.088AM UTC]  PlayerPreTagEvent was triggered on Akukis by xhikoenfasis17 with type PLAYER, reason ATTACKED, and cancelled false.
[May 05, 2026 00:42:33.088AM UTC]  PlayerReTagEvent was triggered on Akukis by xhikoenfasis17 with type PLAYER and reason ATTACKED.
[May 05, 2026 00:42:33.088AM UTC]  EntityDamageByEntityEvent was triggered by damaged PLAYER Akukis, damager PLAYER xhikoenfasis17 and cancelled false.
[May 05, 2026 00:42:33.684AM UTC]  PlayerPreTagEvent was triggered on Akukis by xhikoenfasis17 with type PLAYER, reason ATTACKER, and cancelled false.
[May 05, 2026 00:42:33.684AM UTC]  PlayerReTagEvent was triggered on Akukis by xhikoenfasis17 with type PLAYER and reason ATTACKER.
[May 05, 2026 00:42:33.684AM UTC]  PlayerPreTagEvent was triggered on xhikoenfasis17 by Akukis with type PLAYER, reason ATTACKED, and cancelled false.
[May 05, 2026 00:42:33.684AM UTC]  PlayerReTagEvent was triggered on xhikoenfasis17 by Akukis with type PLAYER and reason ATTACKED.
[May 05, 2026 00:42:33.685AM UTC]  EntityDamageByEntityEvent was triggered by damaged PLAYER xhikoenfasis17, damager PLAYER Akukis and cancelled false.
[May 05, 2026 00:42:34.031AM UTC]  EntityDamageByEntityEvent was triggered by damaged PLAYER Akukis, damager SPIDER Spider and cancelled false.
[May 05, 2026 00:42:35.783AM UTC]  PlayerPreTagEvent was triggered on Akukis by xhikoenfasis17 with type PLAYER, reason ATTACKER, and cancelled false.
[May 05, 2026 00:42:35.783AM UTC]  PlayerReTagEvent was triggered on Akukis by xhikoenfasis17 with type PLAYER and reason ATTACKER.
[May 05, 2026 00:42:35.783AM UTC]  PlayerPreTagEvent was triggered on xhikoenfasis17 by Akukis with type PLAYER, reason ATTACKED, and cancelled false.
[May 05, 2026 00:42:35.783AM UTC]  PlayerReTagEvent was triggered on xhikoenfasis17 by Akukis with type PLAYER and reason ATTACKED.
[May 05, 2026 00:42:35.783AM UTC]  EntityDamageByEntityEvent was triggered by damaged PLAYER xhikoenfasis17, damager PLAYER Akukis and cancelled false.
[May 05, 2026 00:42:36.281AM UTC]  EntityDamageByEntityEvent was triggered by damaged PLAYER Akukis, damager ZOMBIE Zombie and cancelled false.
[May 05, 2026 00:42:45.135AM UTC]  PlayerPreTagEvent was triggered on xhikoenfasis17 by Akukis with type PLAYER, reason ATTACKER, and cancelled false.
[May 05, 2026 00:42:45.135AM UTC]  PlayerReTagEvent was triggered on xhikoenfasis17 by Akukis with type PLAYER and reason ATTACKER.
[May 05, 2026 00:42:45.135AM UTC]  PlayerPreTagEvent was triggered on Akukis by xhikoenfasis17 with type PLAYER, reason ATTACKED, and cancelled false.
[May 05, 2026 00:42:45.135AM UTC]  PlayerReTagEvent was triggered on Akukis by xhikoenfasis17 with type PLAYER and reason ATTACKED.
[May 05, 2026 00:42:45.135AM UTC]  EntityDamageByEntityEvent was triggered by damaged PLAYER Akukis, damager PLAYER xhikoenfasis17 and cancelled false.
[May 05, 2026 00:42:45.635AM UTC]  PlayerPreTagEvent was triggered on xhikoenfasis17 by Akukis with type PLAYER, reason ATTACKER, and cancelled false.
[May 05, 2026 00:42:45.635AM UTC]  PlayerReTagEvent was triggered on xhikoenfasis17 by Akukis with type PLAYER and reason ATTACKER.
[May 05, 2026 00:42:45.635AM UTC]  PlayerPreTagEvent was triggered on Akukis by xhikoenfasis17 with type PLAYER, reason ATTACKED, and cancelled false.
[May 05, 2026 00:42:45.635AM UTC]  PlayerReTagEvent was triggered on Akukis by xhikoenfasis17 with type PLAYER and reason ATTACKED.
[May 05, 2026 00:42:45.635AM UTC]  EntityDamageByEntityEvent was triggered by damaged PLAYER Akukis, damager PLAYER xhikoenfasis17 and cancelled false.
[May 05, 2026 00:42:48.610AM UTC]  PlayerPreTagEvent was triggered on xhikoenfasis17 by Akukis with type PLAYER, reason ATTACKER, and cancelled false.
[May 05, 2026 00:42:48.612AM UTC]  PlayerReTagEvent was triggered on xhikoenfasis17 by Akukis with type PLAYER and reason ATTACKER.
[May 05, 2026 00:42:48.612AM UTC]  PlayerPreTagEvent was triggered on Akukis by xhikoenfasis17 with type PLAYER, reason ATTACKED, and cancelled false.
[May 05, 2026 00:42:48.612AM UTC]  PlayerReTagEvent was triggered on Akukis by xhikoenfasis17 with type PLAYER and reason ATTACKED.
[May 05, 2026 00:42:48.613AM UTC]  EntityDamageByEntityEvent was triggered by damaged PLAYER Akukis, damager PLAYER xhikoenfasis17 and cancelled false.
[May 05, 2026 00:42:50.483AM UTC]  EntityDamageByEntityEvent was triggered by damaged SPIDER Spider, damager ARROW Arrow and cancelled false.
[May 05, 2026 00:42:53.931AM UTC]  EntityDamageByEntityEvent was triggered by damaged SKELETON Skeleton, damager SPIDER Spider and cancelled false.
[May 05, 2026 00:42:55.734AM UTC]  PlayerPreTagEvent was triggered on Akukis by xhikoenfasis17 with type PLAYER, reason ATTACKER, and cancelled false.
[May 05, 2026 00:42:55.734AM UTC]  PlayerReTagEvent was triggered on Akukis by xhikoenfasis17 with type PLAYER and reason ATTACKER.
[May 05, 2026 00:42:55.734AM UTC]  PlayerPreTagEvent was triggered on xhikoenfasis17 by Akukis with type PLAYER, reason ATTACKED, and cancelled false.
[May 05, 2026 00:42:55.735AM UTC]  PlayerReTagEvent was triggered on xhikoenfasis17 by Akukis with type PLAYER and reason ATTACKED.
[May 05, 2026 00:42:55.735AM UTC]  EntityDamageByEntityEvent was triggered by damaged PLAYER xhikoenfasis17, damager PLAYER Akukis and cancelled false.
[May 05, 2026 00:42:56.181AM UTC]  EntityDamageByEntityEvent was triggered by damaged SKELETON Skeleton, damager SPIDER Spider and cancelled false.
[May 05, 2026 00:42:56.683AM UTC]  EntityDamageByEntityEvent was triggered by damaged SPIDER Spider, damager ARROW Arrow and cancelled false.
[May 05, 2026 00:42:56.936AM UTC]  PlayerPreTagEvent was triggered on Akukis by xhikoenfasis17 with type PLAYER, reason ATTACKER, and cancelled false.
[May 05, 2026 00:42:56.936AM UTC]  PlayerReTagEvent was triggered on Akukis by xhikoenfasis17 with type PLAYER and reason ATTACKER.
[May 05, 2026 00:42:56.936AM UTC]  PlayerPreTagEvent was triggered on xhikoenfasis17 by Akukis with type PLAYER, reason ATTACKED, and cancelled false.
[May 05, 2026 00:42:56.936AM UTC]  PlayerReTagEvent was triggered on xhikoenfasis17 by Akukis with type PLAYER and reason ATTACKED.
[May 05, 2026 00:42:56.936AM UTC]  EntityDamageByEntityEvent was triggered by damaged PLAYER xhikoenfasis17, damager PLAYER Akukis and cancelled false.
[May 05, 2026 00:42:57.581AM UTC]  EntityDamageByEntityEvent was triggered by damaged SKELETON Skeleton, damager SPIDER Spider and cancelled false.
[May 05, 2026 00:42:58.084AM UTC]  PlayerPreTagEvent was triggered on Akukis by xhikoenfasis17 with type PLAYER, reason ATTACKER, and cancelled false.
[May 05, 2026 00:42:58.084AM UTC]  PlayerReTagEvent was triggered on Akukis by xhikoenfasis17 with type PLAYER and reason ATTACKER.
[May 05, 2026 00:42:58.084AM UTC]  PlayerPreTagEvent was triggered on xhikoenfasis17 by Akukis with type PLAYER, reason ATTACKED, and cancelled false.
[May 05, 2026 00:42:58.084AM UTC]  PlayerReTagEvent was triggered on xhikoenfasis17 by Akukis with type PLAYER and reason ATTACKED.
[May 05, 2026 00:42:58.084AM UTC]  EntityDamageByEntityEvent was triggered by damaged PLAYER xhikoenfasis17, damager PLAYER Akukis and cancelled false.
[May 05, 2026 00:42:58.331AM UTC]  EntityDamageByEntityEvent was triggered by damaged SKELETON Skeleton, damager SPIDER Spider and cancelled false.
[May 05, 2026 00:42:59.633AM UTC]  EntityDamageByEntityEvent was triggered by damaged SPIDER Spider, damager ARROW Arrow and cancelled false.
[May 05, 2026 00:42:59.685AM UTC]  PlayerPreTagEvent was triggered on Akukis by xhikoenfasis17 with type PLAYER, reason ATTACKER, and cancelled false.
[May 05, 2026 00:42:59.685AM UTC]  PlayerReTagEvent was triggered on Akukis by xhikoenfasis17 with type PLAYER and reason ATTACKER.
[May 05, 2026 00:42:59.685AM UTC]  PlayerPreTagEvent was triggered on xhikoenfasis17 by Akukis with type PLAYER, reason ATTACKED, and cancelled false.
[May 05, 2026 00:42:59.685AM UTC]  PlayerReTagEvent was triggered on xhikoenfasis17 by Akukis with type PLAYER and reason ATTACKED.
[May 05, 2026 00:42:59.685AM UTC]  EntityDamageByEntityEvent was triggered by damaged PLAYER xhikoenfasis17, damager PLAYER Akukis and cancelled false.
[May 05, 2026 00:42:59.885AM UTC]  PlayerPreTagEvent was triggered on xhikoenfasis17 by Akukis with type PLAYER, reason ATTACKER, and cancelled false.
[May 05, 2026 00:42:59.885AM UTC]  PlayerReTagEvent was triggered on xhikoenfasis17 by Akukis with type PLAYER and reason ATTACKER.
[May 05, 2026 00:42:59.885AM UTC]  PlayerPreTagEvent was triggered on Akukis by xhikoenfasis17 with type PLAYER, reason ATTACKED, and cancelled false.
[May 05, 2026 00:42:59.885AM UTC]  PlayerReTagEvent was triggered on Akukis by xhikoenfasis17 with type PLAYER and reason ATTACKED.
[May 05, 2026 00:42:59.885AM UTC]  EntityDamageByEntityEvent was triggered by damaged PLAYER Akukis, damager PLAYER xhikoenfasis17 and cancelled false.
[May 05, 2026 00:43:00.234AM UTC]  PlayerPreTagEvent was triggered on Akukis by xhikoenfasis17 with type PLAYER, reason ATTACKER, and cancelled false.
[May 05, 2026 00:43:00.234AM UTC]  PlayerReTagEvent was triggered on Akukis by xhikoenfasis17 with type PLAYER and reason ATTACKER.
[May 05, 2026 00:43:00.234AM UTC]  PlayerPreTagEvent was triggered on xhikoenfasis17 by Akukis with type PLAYER, reason ATTACKED, and cancelled false.
[May 05, 2026 00:43:00.234AM UTC]  PlayerReTagEvent was triggered on xhikoenfasis17 by Akukis with type PLAYER and reason ATTACKED.
[May 05, 2026 00:43:00.235AM UTC]  EntityDamageByEntityEvent was triggered by damaged PLAYER xhikoenfasis17, damager PLAYER Akukis and cancelled false.
[May 05, 2026 00:43:01.734AM UTC]  PlayerPreTagEvent was triggered on Akukis by xhikoenfasis17 with type PLAYER, reason ATTACKER, and cancelled false.
[May 05, 2026 00:43:01.734AM UTC]  PlayerReTagEvent was triggered on Akukis by xhikoenfasis17 with type PLAYER and reason ATTACKER.
[May 05, 2026 00:43:01.735AM UTC]  PlayerPreTagEvent was triggered on xhikoenfasis17 by Akukis with type PLAYER, reason ATTACKED, and cancelled false.
[May 05, 2026 00:43:01.735AM UTC]  PlayerReTagEvent was triggered on xhikoenfasis17 by Akukis with type PLAYER and reason ATTACKED.
[May 05, 2026 00:43:01.735AM UTC]  EntityDamageByEntityEvent was triggered by damaged PLAYER xhikoenfasis17, damager PLAYER Akukis and cancelled false.
[May 05, 2026 00:43:01.736AM UTC]  PlayerPreTagEvent was triggered on xhikoenfasis17 by Akukis with type PLAYER, reason ATTACKER, and cancelled false.
[May 05, 2026 00:43:01.736AM UTC]  PlayerReTagEvent was triggered on xhikoenfasis17 by Akukis with type PLAYER and reason ATTACKER.
[May 05, 2026 00:43:01.737AM UTC]  PlayerPreTagEvent was triggered on Akukis by xhikoenfasis17 with type PLAYER, reason ATTACKED, and cancelled false.
[May 05, 2026 00:43:01.737AM UTC]  PlayerReTagEvent was triggered on Akukis by xhikoenfasis17 with type PLAYER and reason ATTACKED.
[May 05, 2026 00:43:01.737AM UTC]  EntityDamageByEntityEvent was triggered by damaged PLAYER Akukis, damager PLAYER xhikoenfasis17 and cancelled false.
[May 05, 2026 00:43:01.831AM UTC]  EntityDamageByEntityEvent was triggered by damaged SKELETON Skeleton, damager SPIDER Spider and cancelled false.
[May 05, 2026 00:43:02.633AM UTC]  EntityDamageByEntityEvent was triggered by damaged SPIDER Spider, damager ARROW Arrow and cancelled false.
[May 05, 2026 00:43:02.784AM UTC]  PlayerPreTagEvent was triggered on Akukis by xhikoenfasis17 with type PLAYER, reason ATTACKER, and cancelled false.
[May 05, 2026 00:43:02.784AM UTC]  PlayerReTagEvent was triggered on Akukis by xhikoenfasis17 with type PLAYER and reason ATTACKER.
[May 05, 2026 00:43:02.784AM UTC]  PlayerPreTagEvent was triggered on xhikoenfasis17 by Akukis with type PLAYER, reason ATTACKED, and cancelled false.
[May 05, 2026 00:43:02.784AM UTC]  PlayerReTagEvent was triggered on xhikoenfasis17 by Akukis with type PLAYER and reason ATTACKED.
[May 05, 2026 00:43:02.784AM UTC]  EntityDamageByEntityEvent was triggered by damaged PLAYER xhikoenfasis17, damager PLAYER Akukis and cancelled false.
[May 05, 2026 00:43:03.831AM UTC]  EntityDamageByEntityEvent was triggered by damaged SKELETON Skeleton, damager SPIDER Spider and cancelled false.
[May 05, 2026 00:43:04.185AM UTC]  PlayerPreTagEvent was triggered on xhikoenfasis17 by Akukis with type PLAYER, reason ATTACKER, and cancelled false.
[May 05, 2026 00:43:04.185AM UTC]  PlayerReTagEvent was triggered on xhikoenfasis17 by Akukis with type PLAYER and reason ATTACKER.
[May 05, 2026 00:43:04.185AM UTC]  PlayerPreTagEvent was triggered on Akukis by xhikoenfasis17 with type PLAYER, reason ATTACKED, and cancelled false.
[May 05, 2026 00:43:04.185AM UTC]  PlayerReTagEvent was triggered on Akukis by xhikoenfasis17 with type PLAYER and reason ATTACKED.
[May 05, 2026 00:43:04.185AM UTC]  EntityDamageByEntityEvent was triggered by damaged PLAYER Akukis, damager PLAYER xhikoenfasis17 and cancelled false.
[May 05, 2026 00:43:04.435AM UTC]  PlayerPreTagEvent was triggered on Akukis by xhikoenfasis17 with type PLAYER, reason ATTACKER, and cancelled false.
[May 05, 2026 00:43:04.435AM UTC]  PlayerReTagEvent was triggered on Akukis by xhikoenfasis17 with type PLAYER and reason ATTACKER.
[May 05, 2026 00:43:04.436AM UTC]  PlayerPreTagEvent was triggered on xhikoenfasis17 by Akukis with type PLAYER, reason ATTACKED, and cancelled false.
[May 05, 2026 00:43:04.436AM UTC]  PlayerReTagEvent was triggered on xhikoenfasis17 by Akukis with type PLAYER and reason ATTACKED.
[May 05, 2026 00:43:04.436AM UTC]  EntityDamageByEntityEvent was triggered by damaged PLAYER xhikoenfasis17, damager PLAYER Akukis and cancelled false.
[May 05, 2026 00:43:04.831AM UTC]  EntityDamageByEntityEvent was triggered by damaged SKELETON Skeleton, damager SPIDER Spider and cancelled false.
[May 05, 2026 00:43:04.980AM UTC]  EntityDamageByEntityEvent was triggered by damaged PLAYER Akukis, damager ZOMBIE Zombie and cancelled false.
[May 05, 2026 00:43:04.983AM UTC]  PlayerPreTagEvent was triggered on Akukis by xhikoenfasis17 with type PLAYER, reason ATTACKER, and cancelled false.
[May 05, 2026 00:43:04.983AM UTC]  PlayerReTagEvent was triggered on Akukis by xhikoenfasis17 with type PLAYER and reason ATTACKER.
[May 05, 2026 00:43:04.983AM UTC]  PlayerPreTagEvent was triggered on xhikoenfasis17 by Akukis with type PLAYER, reason ATTACKED, and cancelled false.
[May 05, 2026 00:43:04.983AM UTC]  PlayerReTagEvent was triggered on xhikoenfasis17 by Akukis with type PLAYER and reason ATTACKED.
[May 05, 2026 00:43:04.984AM UTC]  EntityDamageByEntityEvent was triggered by damaged PLAYER xhikoenfasis17, damager PLAYER Akukis and cancelled false.
[May 05, 2026 00:43:04.985AM UTC]  PlayerPunishEvent was triggered on xhikoenfasis17 with reason SELF_DEATH and cancelled true.
[May 05, 2026 00:43:04.985AM UTC]  PlayerUntagEvent was triggered on xhikoenfasis17 with reason SELF_DEATH and expire set to true.
[May 05, 2026 00:43:04.985AM UTC]  PlayerPunishEvent was triggered on Akukis with reason ENEMY_DEATH and cancelled true.
[May 05, 2026 00:43:04.985AM UTC]  PlayerUntagEvent was triggered on Akukis with reason ENEMY_DEATH and expire set to true.
[May 05, 2026 00:43:06.234AM UTC]  EntityDamageByEntityEvent was triggered by damaged SKELETON Skeleton, damager SPIDER Spider and cancelled false.
[May 05, 2026 00:43:07.832AM UTC]  EntityDamageByEntityEvent was triggered by damaged SKELETON Skeleton, damager SPIDER Spider and cancelled false.
[May 05, 2026 00:43:08.633AM UTC]  EntityDamageByEntityEvent was triggered by damaged SPIDER Spider, damager ARROW Arrow and cancelled false.
[May 05, 2026 00:43:17.331AM UTC]  EntityDamageByEntityEvent was triggered by damaged PLAYER Akukis, damager ZOMBIE Zombie and cancelled false.
[May 05, 2026 00:43:18.532AM UTC]  EntityDamageByEntityEvent was triggered by damaged PLAYER Akukis, damager ZOMBIE Zombie and cancelled false.
[May 05, 2026 00:43:20.685AM UTC]  EntityDamageByEntityEvent was triggered by damaged ZOMBIE Zombie, damager PLAYER Akukis and cancelled false.
[May 05, 2026 00:43:21.185AM UTC]  EntityDamageByEntityEvent was triggered by damaged ZOMBIE Zombie, damager PLAYER Akukis and cancelled false.
[May 05, 2026 00:44:06.008AM UTC]  PlayerPreTagEvent was triggered on xhikoenfasis17 by Akukis with type PLAYER, reason ATTACKER, and cancelled false.
[May 05, 2026 00:44:06.009AM UTC]  PlayerTagEvent was triggered on xhikoenfasis17 by Akukis with type PLAYER and reason ATTACKER.
[May 05, 2026 00:44:06.010AM UTC]  PlayerPreTagEvent was triggered on Akukis by xhikoenfasis17 with type PLAYER, reason ATTACKED, and cancelled false.
[May 05, 2026 00:44:06.010AM UTC]  PlayerTagEvent was triggered on Akukis by xhikoenfasis17 with type PLAYER and reason ATTACKED.
[May 05, 2026 00:44:06.011AM UTC]  EntityDamageByEntityEvent was triggered by damaged PLAYER Akukis, damager PLAYER xhikoenfasis17 and cancelled false.
[May 05, 2026 00:44:06.564AM UTC]  PlayerPreTagEvent was triggered on xhikoenfasis17 by Akukis with type PLAYER, reason ATTACKER, and cancelled false.
[May 05, 2026 00:44:06.564AM UTC]  PlayerReTagEvent was triggered on xhikoenfasis17 by Akukis with type PLAYER and reason ATTACKER.
[May 05, 2026 00:44:06.565AM UTC]  PlayerPreTagEvent was triggered on Akukis by xhikoenfasis17 with type PLAYER, reason ATTACKED, and cancelled false.
[May 05, 2026 00:44:06.565AM UTC]  PlayerReTagEvent was triggered on Akukis by xhikoenfasis17 with type PLAYER and reason ATTACKED.
[May 05, 2026 00:44:06.565AM UTC]  EntityDamageByEntityEvent was triggered by damaged PLAYER Akukis, damager PLAYER xhikoenfasis17 and cancelled false.
[May 05, 2026 00:44:07.153AM UTC]  PlayerPreTagEvent was triggered on xhikoenfasis17 by Akukis with type PLAYER, reason ATTACKER, and cancelled false.
[May 05, 2026 00:44:07.153AM UTC]  PlayerReTagEvent was triggered on xhikoenfasis17 by Akukis with type PLAYER and reason ATTACKER.
[May 05, 2026 00:44:07.153AM UTC]  PlayerPreTagEvent was triggered on Akukis by xhikoenfasis17 with type PLAYER, reason ATTACKED, and cancelled false.
[May 05, 2026 00:44:07.154AM UTC]  PlayerReTagEvent was triggered on Akukis by xhikoenfasis17 with type PLAYER and reason ATTACKED.
[May 05, 2026 00:44:07.154AM UTC]  EntityDamageByEntityEvent was triggered by damaged PLAYER Akukis, damager PLAYER xhikoenfasis17 and cancelled false.
[May 05, 2026 00:44:07.757AM UTC]  PlayerPreTagEvent was triggered on xhikoenfasis17 by Akukis with type PLAYER, reason ATTACKER, and cancelled false.
[May 05, 2026 00:44:07.757AM UTC]  PlayerReTagEvent was triggered on xhikoenfasis17 by Akukis with type PLAYER and reason ATTACKER.
[May 05, 2026 00:44:07.757AM UTC]  PlayerPreTagEvent was triggered on Akukis by xhikoenfasis17 with type PLAYER, reason ATTACKED, and cancelled false.
[May 05, 2026 00:44:07.758AM UTC]  PlayerReTagEvent was triggered on Akukis by xhikoenfasis17 with type PLAYER and reason ATTACKED.
[May 05, 2026 00:44:07.758AM UTC]  EntityDamageByEntityEvent was triggered by damaged PLAYER Akukis, damager PLAYER xhikoenfasis17 and cancelled false.
[May 05, 2026 00:44:08.405AM UTC]  PlayerPreTagEvent was triggered on xhikoenfasis17 by Akukis with type PLAYER, reason ATTACKER, and cancelled false.
[May 05, 2026 00:44:08.408AM UTC]  PlayerReTagEvent was triggered on xhikoenfasis17 by Akukis with type PLAYER and reason ATTACKER.
[May 05, 2026 00:44:08.408AM UTC]  PlayerPreTagEvent was triggered on Akukis by xhikoenfasis17 with type PLAYER, reason ATTACKED, and cancelled false.
[May 05, 2026 00:44:08.408AM UTC]  PlayerReTagEvent was triggered on Akukis by xhikoenfasis17 with type PLAYER and reason ATTACKED.
[May 05, 2026 00:44:08.408AM UTC]  EntityDamageByEntityEvent was triggered by damaged PLAYER Akukis, damager PLAYER xhikoenfasis17 and cancelled false.
[May 05, 2026 00:44:14.840AM UTC]  PlayerPreTagEvent was triggered on Akukis by xhikoenfasis17 with type PLAYER, reason ATTACKER, and cancelled false.
[May 05, 2026 00:44:14.840AM UTC]  PlayerReTagEvent was triggered on Akukis by xhikoenfasis17 with type PLAYER and reason ATTACKER.
[May 05, 2026 00:44:14.840AM UTC]  PlayerPreTagEvent was triggered on xhikoenfasis17 by Akukis with type PLAYER, reason ATTACKED, and cancelled false.
[May 05, 2026 00:44:14.840AM UTC]  PlayerReTagEvent was triggered on xhikoenfasis17 by Akukis with type PLAYER and reason ATTACKED.
[May 05, 2026 00:44:14.840AM UTC]  EntityDamageByEntityEvent was triggered by damaged PLAYER xhikoenfasis17, damager PLAYER Akukis and cancelled false.
[May 05, 2026 00:44:24.084AM UTC]  EntityDamageByEntityEvent was triggered by damaged CREEPER Creeper, damager PLAYER xhikoenfasis17 and cancelled false.
[May 05, 2026 00:44:25.280AM UTC]  EntityDamageByEntityEvent was triggered by damaged PLAYER xhikoenfasis17, damager CREEPER Creeper and cancelled false.
[May 05, 2026 00:44:34.923AM UTC]  PlayerPunishEvent was triggered on Akukis with reason EXPIRE and cancelled true.
[May 05, 2026 00:44:34.923AM UTC]  PlayerUntagEvent was triggered on Akukis with reason EXPIRE and expire set to true.
[May 05, 2026 00:44:34.923AM UTC]  PlayerPunishEvent was triggered on xhikoenfasis17 with reason EXPIRE and cancelled true.
[May 05, 2026 00:44:34.923AM UTC]  PlayerUntagEvent was triggered on xhikoenfasis17 with reason EXPIRE and expire set to true.
[May 05, 2026 00:44:45.287AM UTC]  PlayerPreTagEvent was triggered on xhikoenfasis17 by Akukis with type PLAYER, reason ATTACKER, and cancelled false.
[May 05, 2026 00:44:45.288AM UTC]  PlayerTagEvent was triggered on xhikoenfasis17 by Akukis with type PLAYER and reason ATTACKER.
[May 05, 2026 00:44:45.289AM UTC]  PlayerPreTagEvent was triggered on Akukis by xhikoenfasis17 with type PLAYER, reason ATTACKED, and cancelled false.
[May 05, 2026 00:44:45.289AM UTC]  PlayerTagEvent was triggered on Akukis by xhikoenfasis17 with type PLAYER and reason ATTACKED.
[May 05, 2026 00:44:45.289AM UTC]  EntityDamageByEntityEvent was triggered by damaged PLAYER Akukis, damager PLAYER xhikoenfasis17 and cancelled false.
[May 05, 2026 00:44:47.568AM UTC]  PlayerPreTagEvent was triggered on xhikoenfasis17 by Akukis with type PLAYER, reason ATTACKER, and cancelled false.
[May 05, 2026 00:44:47.569AM UTC]  PlayerReTagEvent was triggered on xhikoenfasis17 by Akukis with type PLAYER and reason ATTACKER.
[May 05, 2026 00:44:47.569AM UTC]  PlayerPreTagEvent was triggered on Akukis by xhikoenfasis17 with type PLAYER, reason ATTACKED, and cancelled false.
[May 05, 2026 00:44:47.569AM UTC]  PlayerReTagEvent was triggered on Akukis by xhikoenfasis17 with type PLAYER and reason ATTACKED.
[May 05, 2026 00:44:47.569AM UTC]  EntityDamageByEntityEvent was triggered by damaged PLAYER Akukis, damager PLAYER xhikoenfasis17 and cancelled false.
[May 05, 2026 00:44:48.135AM UTC]  PlayerPreTagEvent was triggered on Akukis by xhikoenfasis17 with type PLAYER, reason ATTACKER, and cancelled false.
[May 05, 2026 00:44:48.135AM UTC]  PlayerReTagEvent was triggered on Akukis by xhikoenfasis17 with type PLAYER and reason ATTACKER.
[May 05, 2026 00:44:48.135AM UTC]  PlayerPreTagEvent was triggered on xhikoenfasis17 by Akukis with type PLAYER, reason ATTACKED, and cancelled false.
[May 05, 2026 00:44:48.135AM UTC]  PlayerReTagEvent was triggered on xhikoenfasis17 by Akukis with type PLAYER and reason ATTACKED.
[May 05, 2026 00:44:48.135AM UTC]  EntityDamageByEntityEvent was triggered by damaged PLAYER xhikoenfasis17, damager PLAYER Akukis and cancelled false.
[May 05, 2026 00:44:48.138AM UTC]  PlayerPunishEvent was triggered on xhikoenfasis17 with reason SELF_DEATH and cancelled true.
[May 05, 2026 00:44:48.138AM UTC]  PlayerUntagEvent was triggered on xhikoenfasis17 with reason SELF_DEATH and expire set to true.
[May 05, 2026 00:44:48.138AM UTC]  PlayerPunishEvent was triggered on Akukis with reason ENEMY_DEATH and cancelled true.
[May 05, 2026 00:44:48.138AM UTC]  PlayerUntagEvent was triggered on Akukis with reason ENEMY_DEATH and expire set to true.
[May 05, 2026 00:45:05.039AM UTC]  EntityDamageByEntityEvent was triggered by damaged COW Cow, damager PLAYER LITTLE_GHOTS and cancelled false.
[May 05, 2026 00:45:42.189AM UTC]  EntityDamageByEntityEvent was triggered by damaged COW Cow, damager PLAYER LITTLE_GHOTS and cancelled false.
[May 05, 2026 00:46:12.942AM UTC]  EntityDamageByEntityEvent was triggered by damaged PLAYER Akukis, damager PLAYER xhikoenfasis17 and cancelled true.
[May 05, 2026 00:46:15.653AM UTC]  PlayerPreTagEvent was triggered on Akukis by xhikoenfasis17 with type PLAYER, reason ATTACKER, and cancelled false.
[May 05, 2026 00:46:15.653AM UTC]  PlayerTagEvent was triggered on Akukis by xhikoenfasis17 with type PLAYER and reason ATTACKER.
[May 05, 2026 00:46:15.654AM UTC]  PlayerPreTagEvent was triggered on xhikoenfasis17 by Akukis with type PLAYER, reason ATTACKED, and cancelled false.
[May 05, 2026 00:46:15.654AM UTC]  PlayerTagEvent was triggered on xhikoenfasis17 by Akukis with type PLAYER and reason ATTACKED.
[May 05, 2026 00:46:15.654AM UTC]  EntityDamageByEntityEvent was triggered by damaged PLAYER xhikoenfasis17, damager PLAYER Akukis and cancelled false.
[May 05, 2026 00:46:35.923AM UTC]  PlayerPunishEvent was triggered on Akukis with reason EXPIRE and cancelled true.
[May 05, 2026 00:46:35.923AM UTC]  PlayerUntagEvent was triggered on Akukis with reason EXPIRE and expire set to true.
[May 05, 2026 00:46:35.923AM UTC]  PlayerPunishEvent was triggered on xhikoenfasis17 with reason EXPIRE and cancelled true.
[May 05, 2026 00:46:35.923AM UTC]  PlayerUntagEvent was triggered on xhikoenfasis17 with reason EXPIRE and expire set to true.
[May 05, 2026 00:46:42.834AM UTC]  PlayerPreTagEvent was triggered on xhikoenfasis17 by Akukis with type PLAYER, reason ATTACKER, and cancelled false.
[May 05, 2026 00:46:42.834AM UTC]  PlayerTagEvent was triggered on xhikoenfasis17 by Akukis with type PLAYER and reason ATTACKER.
[May 05, 2026 00:46:42.834AM UTC]  PlayerPreTagEvent was triggered on Akukis by xhikoenfasis17 with type PLAYER, reason ATTACKED, and cancelled false.
[May 05, 2026 00:46:42.834AM UTC]  PlayerTagEvent was triggered on Akukis by xhikoenfasis17 with type PLAYER and reason ATTACKED.
[May 05, 2026 00:46:42.835AM UTC]  EntityDamageByEntityEvent was triggered by damaged PLAYER Akukis, damager PLAYER xhikoenfasis17 and cancelled false.
[May 05, 2026 00:46:43.483AM UTC]  PlayerPreTagEvent was triggered on xhikoenfasis17 by Akukis with type PLAYER, reason ATTACKER, and cancelled false.
[May 05, 2026 00:46:43.484AM UTC]  PlayerReTagEvent was triggered on xhikoenfasis17 by Akukis with type PLAYER and reason ATTACKER.
[May 05, 2026 00:46:43.484AM UTC]  PlayerPreTagEvent was triggered on Akukis by xhikoenfasis17 with type PLAYER, reason ATTACKED, and cancelled false.
[May 05, 2026 00:46:43.484AM UTC]  PlayerReTagEvent was triggered on Akukis by xhikoenfasis17 with type PLAYER and reason ATTACKED.
[May 05, 2026 00:46:43.484AM UTC]  EntityDamageByEntityEvent was triggered by damaged PLAYER Akukis, damager PLAYER xhikoenfasis17 and cancelled false.
[May 05, 2026 00:46:44.083AM UTC]  PlayerPreTagEvent was triggered on xhikoenfasis17 by Akukis with type PLAYER, reason ATTACKER, and cancelled false.
[May 05, 2026 00:46:44.083AM UTC]  PlayerReTagEvent was triggered on xhikoenfasis17 by Akukis with type PLAYER and reason ATTACKER.
[May 05, 2026 00:46:44.083AM UTC]  PlayerPreTagEvent was triggered on Akukis by xhikoenfasis17 with type PLAYER, reason ATTACKED, and cancelled false.
[May 05, 2026 00:46:44.083AM UTC]  PlayerReTagEvent was triggered on Akukis by xhikoenfasis17 with type PLAYER and reason ATTACKED.
[May 05, 2026 00:46:44.083AM UTC]  EntityDamageByEntityEvent was triggered by damaged PLAYER Akukis, damager PLAYER xhikoenfasis17 and cancelled false.
[May 05, 2026 00:46:44.791AM UTC]  PlayerPreTagEvent was triggered on xhikoenfasis17 by Akukis with type PLAYER, reason ATTACKER, and cancelled false.
[May 05, 2026 00:46:44.792AM UTC]  PlayerReTagEvent was triggered on xhikoenfasis17 by Akukis with type PLAYER and reason ATTACKER.
[May 05, 2026 00:46:44.792AM UTC]  PlayerPreTagEvent was triggered on Akukis by xhikoenfasis17 with type PLAYER, reason ATTACKED, and cancelled false.
[May 05, 2026 00:46:44.792AM UTC]  PlayerReTagEvent was triggered on Akukis by xhikoenfasis17 with type PLAYER and reason ATTACKED.
[May 05, 2026 00:46:44.792AM UTC]  EntityDamageByEntityEvent was triggered by damaged PLAYER Akukis, damager PLAYER xhikoenfasis17 and cancelled false.
[May 05, 2026 00:46:45.434AM UTC]  PlayerPreTagEvent was triggered on xhikoenfasis17 by Akukis with type PLAYER, reason ATTACKER, and cancelled false.
[May 05, 2026 00:46:45.435AM UTC]  PlayerReTagEvent was triggered on xhikoenfasis17 by Akukis with type PLAYER and reason ATTACKER.
[May 05, 2026 00:46:45.435AM UTC]  PlayerPreTagEvent was triggered on Akukis by xhikoenfasis17 with type PLAYER, reason ATTACKED, and cancelled false.
[May 05, 2026 00:46:45.435AM UTC]  PlayerReTagEvent was triggered on Akukis by xhikoenfasis17 with type PLAYER and reason ATTACKED.
[May 05, 2026 00:46:45.435AM UTC]  EntityDamageByEntityEvent was triggered by damaged PLAYER Akukis, damager PLAYER xhikoenfasis17 and cancelled false.
[May 05, 2026 00:46:46.034AM UTC]  PlayerPreTagEvent was triggered on xhikoenfasis17 by Akukis with type PLAYER, reason ATTACKER, and cancelled false.
[May 05, 2026 00:46:46.034AM UTC]  PlayerReTagEvent was triggered on xhikoenfasis17 by Akukis with type PLAYER and reason ATTACKER.
[May 05, 2026 00:46:46.034AM UTC]  PlayerPreTagEvent was triggered on Akukis by xhikoenfasis17 with type PLAYER, reason ATTACKED, and cancelled false.
[May 05, 2026 00:46:46.035AM UTC]  PlayerReTagEvent was triggered on Akukis by xhikoenfasis17 with type PLAYER and reason ATTACKED.
[May 05, 2026 00:46:46.035AM UTC]  EntityDamageByEntityEvent was triggered by damaged PLAYER Akukis, damager PLAYER xhikoenfasis17 and cancelled false.
[May 05, 2026 00:46:46.683AM UTC]  PlayerPreTagEvent was triggered on xhikoenfasis17 by Akukis with type PLAYER, reason ATTACKER, and cancelled false.
[May 05, 2026 00:46:46.683AM UTC]  PlayerReTagEvent was triggered on xhikoenfasis17 by Akukis with type PLAYER and reason ATTACKER.
[May 05, 2026 00:46:46.683AM UTC]  PlayerPreTagEvent was triggered on Akukis by xhikoenfasis17 with type PLAYER, reason ATTACKED, and cancelled false.
[May 05, 2026 00:46:46.683AM UTC]  PlayerReTagEvent was triggered on Akukis by xhikoenfasis17 with type PLAYER and reason ATTACKED.
[May 05, 2026 00:46:46.683AM UTC]  EntityDamageByEntityEvent was triggered by damaged PLAYER Akukis, damager PLAYER xhikoenfasis17 and cancelled false.
[May 05, 2026 00:46:47.844AM UTC]  PlayerPreTagEvent was triggered on xhikoenfasis17 by Akukis with type PLAYER, reason ATTACKER, and cancelled false.
[May 05, 2026 00:46:47.844AM UTC]  PlayerReTagEvent was triggered on xhikoenfasis17 by Akukis with type PLAYER and reason ATTACKER.
[May 05, 2026 00:46:47.844AM UTC]  PlayerPreTagEvent was triggered on Akukis by xhikoenfasis17 with type PLAYER, reason ATTACKED, and cancelled false.
[May 05, 2026 00:46:47.844AM UTC]  PlayerReTagEvent was triggered on Akukis by xhikoenfasis17 with type PLAYER and reason ATTACKED.
[May 05, 2026 00:46:47.844AM UTC]  EntityDamageByEntityEvent was triggered by damaged PLAYER Akukis, damager PLAYER xhikoenfasis17 and cancelled false.
[May 05, 2026 00:46:48.547AM UTC]  PlayerPreTagEvent was triggered on xhikoenfasis17 by Akukis with type PLAYER, reason ATTACKER, and cancelled false.
[May 05, 2026 00:46:48.548AM UTC]  PlayerReTagEvent was triggered on xhikoenfasis17 by Akukis with type PLAYER and reason ATTACKER.
[May 05, 2026 00:46:48.548AM UTC]  PlayerPreTagEvent was triggered on Akukis by xhikoenfasis17 with type PLAYER, reason ATTACKED, and cancelled false.
[May 05, 2026 00:46:48.548AM UTC]  PlayerReTagEvent was triggered on Akukis by xhikoenfasis17 with type PLAYER and reason ATTACKED.
[May 05, 2026 00:46:48.548AM UTC]  EntityDamageByEntityEvent was triggered by damaged PLAYER Akukis, damager PLAYER xhikoenfasis17 and cancelled false.
[May 05, 2026 00:47:08.923AM UTC]  PlayerPunishEvent was triggered on Akukis with reason EXPIRE and cancelled true.
[May 05, 2026 00:47:08.923AM UTC]  PlayerUntagEvent was triggered on Akukis with reason EXPIRE and expire set to true.
[May 05, 2026 00:47:08.923AM UTC]  PlayerPunishEvent was triggered on xhikoenfasis17 with reason EXPIRE and cancelled true.
[May 05, 2026 00:47:08.923AM UTC]  PlayerUntagEvent was triggered on xhikoenfasis17 with reason EXPIRE and expire set to true.
[May 05, 2026 00:47:44.690AM UTC]  EntityDamageByEntityEvent was triggered by damaged SHEEP Sheep, damager PLAYER LITTLE_GHOTS and cancelled false.
[May 05, 2026 00:47:53.133AM UTC]  PlayerPreTagEvent was triggered on xhikoenfasis17 by Akukis with type PLAYER, reason ATTACKER, and cancelled false.
[May 05, 2026 00:47:53.133AM UTC]  PlayerTagEvent was triggered on xhikoenfasis17 by Akukis with type PLAYER and reason ATTACKER.
[May 05, 2026 00:47:53.133AM UTC]  PlayerPreTagEvent was triggered on Akukis by xhikoenfasis17 with type PLAYER, reason ATTACKED, and cancelled false.
[May 05, 2026 00:47:53.133AM UTC]  PlayerTagEvent was triggered on Akukis by xhikoenfasis17 with type PLAYER and reason ATTACKED.
[May 05, 2026 00:47:53.134AM UTC]  EntityDamageByEntityEvent was triggered by damaged PLAYER Akukis, damager PLAYER xhikoenfasis17 and cancelled false.
[May 05, 2026 00:47:53.683AM UTC]  PlayerPreTagEvent was triggered on xhikoenfasis17 by Akukis with type PLAYER, reason ATTACKER, and cancelled false.
[May 05, 2026 00:47:53.684AM UTC]  PlayerReTagEvent was triggered on xhikoenfasis17 by Akukis with type PLAYER and reason ATTACKER.
[May 05, 2026 00:47:53.684AM UTC]  PlayerPreTagEvent was triggered on Akukis by xhikoenfasis17 with type PLAYER, reason ATTACKED, and cancelled false.
[May 05, 2026 00:47:53.684AM UTC]  PlayerReTagEvent was triggered on Akukis by xhikoenfasis17 with type PLAYER and reason ATTACKED.
[May 05, 2026 00:47:53.684AM UTC]  EntityDamageByEntityEvent was triggered by damaged PLAYER Akukis, damager PLAYER xhikoenfasis17 and cancelled false.
[May 05, 2026 00:47:54.334AM UTC]  PlayerPreTagEvent was triggered on xhikoenfasis17 by Akukis with type PLAYER, reason ATTACKER, and cancelled false.
[May 05, 2026 00:47:54.334AM UTC]  PlayerReTagEvent was triggered on xhikoenfasis17 by Akukis with type PLAYER and reason ATTACKER.
[May 05, 2026 00:47:54.334AM UTC]  PlayerPreTagEvent was triggered on Akukis by xhikoenfasis17 with type PLAYER, reason ATTACKED, and cancelled false.
[May 05, 2026 00:47:54.334AM UTC]  PlayerReTagEvent was triggered on Akukis by xhikoenfasis17 with type PLAYER and reason ATTACKED.
[May 05, 2026 00:47:54.334AM UTC]  EntityDamageByEntityEvent was triggered by damaged PLAYER Akukis, damager PLAYER xhikoenfasis17 and cancelled false.
[May 05, 2026 00:47:54.964AM UTC]  PlayerPreTagEvent was triggered on xhikoenfasis17 by Akukis with type PLAYER, reason ATTACKER, and cancelled false.
[May 05, 2026 00:47:54.964AM UTC]  PlayerReTagEvent was triggered on xhikoenfasis17 by Akukis with type PLAYER and reason ATTACKER.
[May 05, 2026 00:47:54.964AM UTC]  PlayerPreTagEvent was triggered on Akukis by xhikoenfasis17 with type PLAYER, reason ATTACKED, and cancelled false.
[May 05, 2026 00:47:54.964AM UTC]  PlayerReTagEvent was triggered on Akukis by xhikoenfasis17 with type PLAYER and reason ATTACKED.
[May 05, 2026 00:47:54.964AM UTC]  EntityDamageByEntityEvent was triggered by damaged PLAYER Akukis, damager PLAYER xhikoenfasis17 and cancelled false.
[May 05, 2026 00:47:55.483AM UTC]  PlayerPreTagEvent was triggered on xhikoenfasis17 by Akukis with type PLAYER, reason ATTACKER, and cancelled false.
[May 05, 2026 00:47:55.483AM UTC]  PlayerReTagEvent was triggered on xhikoenfasis17 by Akukis with type PLAYER and reason ATTACKER.
[May 05, 2026 00:47:55.483AM UTC]  PlayerPreTagEvent was triggered on Akukis by xhikoenfasis17 with type PLAYER, reason ATTACKED, and cancelled false.
[May 05, 2026 00:47:55.483AM UTC]  PlayerReTagEvent was triggered on Akukis by xhikoenfasis17 with type PLAYER and reason ATTACKED.
[May 05, 2026 00:47:55.483AM UTC]  EntityDamageByEntityEvent was triggered by damaged PLAYER Akukis, damager PLAYER xhikoenfasis17 and cancelled false.
[May 05, 2026 00:47:56.090AM UTC]  PlayerPreTagEvent was triggered on xhikoenfasis17 by Akukis with type PLAYER, reason ATTACKER, and cancelled false.
[May 05, 2026 00:47:56.090AM UTC]  PlayerReTagEvent was triggered on xhikoenfasis17 by Akukis with type PLAYER and reason ATTACKER.
[May 05, 2026 00:47:56.091AM UTC]  PlayerPreTagEvent was triggered on Akukis by xhikoenfasis17 with type PLAYER, reason ATTACKED, and cancelled false.
[May 05, 2026 00:47:56.091AM UTC]  PlayerReTagEvent was triggered on Akukis by xhikoenfasis17 with type PLAYER and reason ATTACKED.
[May 05, 2026 00:47:56.091AM UTC]  EntityDamageByEntityEvent was triggered by damaged PLAYER Akukis, damager PLAYER xhikoenfasis17 and cancelled false.
[May 05, 2026 00:47:56.683AM UTC]  PlayerPreTagEvent was triggered on xhikoenfasis17 by Akukis with type PLAYER, reason ATTACKER, and cancelled false.
[May 05, 2026 00:47:56.684AM UTC]  PlayerReTagEvent was triggered on xhikoenfasis17 by Akukis with type PLAYER and reason ATTACKER.
[May 05, 2026 00:47:56.684AM UTC]  PlayerPreTagEvent was triggered on Akukis by xhikoenfasis17 with type PLAYER, reason ATTACKED, and cancelled false.
[May 05, 2026 00:47:56.684AM UTC]  PlayerReTagEvent was triggered on Akukis by xhikoenfasis17 with type PLAYER and reason ATTACKED.
[May 05, 2026 00:47:56.684AM UTC]  EntityDamageByEntityEvent was triggered by damaged PLAYER Akukis, damager PLAYER xhikoenfasis17 and cancelled false.
[May 05, 2026 00:47:56.821AM UTC]  PlayerPreTagEvent was triggered on Akukis by xhikoenfasis17 with type PLAYER, reason ATTACKER, and cancelled false.
[May 05, 2026 00:47:56.821AM UTC]  PlayerReTagEvent was triggered on Akukis by xhikoenfasis17 with type PLAYER and reason ATTACKER.
[May 05, 2026 00:47:56.821AM UTC]  PlayerPreTagEvent was triggered on xhikoenfasis17 by Akukis with type PLAYER, reason ATTACKED, and cancelled false.
[May 05, 2026 00:47:56.821AM UTC]  PlayerReTagEvent was triggered on xhikoenfasis17 by Akukis with type PLAYER and reason ATTACKED.
[May 05, 2026 00:47:56.821AM UTC]  EntityDamageByEntityEvent was triggered by damaged PLAYER xhikoenfasis17, damager PLAYER Akukis and cancelled false.
[May 05, 2026 00:47:56.823AM UTC]  PlayerPunishEvent was triggered on xhikoenfasis17 with reason SELF_DEATH and cancelled true.
[May 05, 2026 00:47:56.823AM UTC]  PlayerUntagEvent was triggered on xhikoenfasis17 with reason SELF_DEATH and expire set to true.
[May 05, 2026 00:47:56.823AM UTC]  PlayerPunishEvent was triggered on Akukis with reason ENEMY_DEATH and cancelled true.
[May 05, 2026 00:47:56.823AM UTC]  PlayerUntagEvent was triggered on Akukis with reason ENEMY_DEATH and expire set to true.
[May 05, 2026 00:49:54.286AM UTC]  EntityDamageByEntityEvent was triggered by damaged COW Cow, damager PLAYER LITTLE_GHOTS and cancelled false.
[May 05, 2026 00:50:41.735AM UTC]  EntityDamageByEntityEvent was triggered by damaged COW Cow, damager PLAYER LITTLE_GHOTS and cancelled false.
[May 05, 2026 00:53:52.934AM UTC]  EntityDamageByEntityEvent was triggered by damaged PLAYER LITTLE_GHOTS, damager TRIDENT Trident and cancelled false.
[May 05, 2026 00:53:52.935AM UTC]  EntityDamageByEntityEvent was triggered by damaged DROWNED Drowned, damager PLAYER LITTLE_GHOTS and cancelled false.
[May 05, 2026 00:54:12.113AM UTC]  PlayerPreTagEvent was triggered on Akukis by LITTLE_GHOTS with type PLAYER, reason ATTACKER, and cancelled true.
[May 05, 2026 00:54:12.114AM UTC]  PlayerPreTagEvent was triggered on LITTLE_GHOTS by Akukis with type PLAYER, reason ATTACKED, and cancelled true.
[May 05, 2026 00:54:12.114AM UTC]  EntityDamageByEntityEvent was triggered by damaged PLAYER LITTLE_GHOTS, damager PLAYER Akukis and cancelled false.
[May 05, 2026 00:55:06.380AM UTC]  EntityDamageByEntityEvent was triggered by damaged ITEM Dirt, damager TNT Primed TNT and cancelled false.
[May 05, 2026 00:55:06.380AM UTC]  EntityDamageByEntityEvent was triggered by damaged ITEM TNT, damager TNT Primed TNT and cancelled false.
[May 05, 2026 00:55:06.381AM UTC]  EntityDamageByEntityEvent was triggered by damaged ITEM Brown Bed, damager TNT Primed TNT and cancelled false.
[May 05, 2026 00:55:06.381AM UTC]  EntityDamageByEntityEvent was triggered by damaged ITEM Purple Bed, damager TNT Primed TNT and cancelled false.
[May 05, 2026 00:55:06.381AM UTC]  EntityDamageByEntityEvent was triggered by damaged ITEM Leaf Litter, damager TNT Primed TNT and cancelled false.
[May 05, 2026 00:55:06.381AM UTC]  EntityDamageByEntityEvent was triggered by damaged ITEM Rotten Flesh, damager TNT Primed TNT and cancelled false.
[May 05, 2026 00:55:06.381AM UTC]  EntityDamageByEntityEvent was triggered by damaged PLAYER LITTLE_GHOTS, damager TNT Primed TNT and cancelled false.
[May 05, 2026 00:55:13.234AM UTC]  EntityDamageByEntityEvent was triggered by damaged DROWNED Drowned, damager PLAYER LITTLE_GHOTS and cancelled false.
[May 05, 2026 00:55:13.734AM UTC]  EntityDamageByEntityEvent was triggered by damaged DROWNED Drowned, damager PLAYER LITTLE_GHOTS and cancelled false.
[May 05, 2026 00:55:15.837AM UTC]  EntityDamageByEntityEvent was triggered by damaged DROWNED Drowned, damager PLAYER LITTLE_GHOTS and cancelled false.
[May 05, 2026 00:55:39.286AM UTC]  EntityDamageByEntityEvent was triggered by damaged COW Cow, damager PLAYER LITTLE_GHOTS and cancelled false.
[May 05, 2026 00:55:53.463AM UTC]  EntityDamageByEntityEvent was triggered by damaged PLAYER emi4553, damager PLAYER Akukis and cancelled true.
[May 05, 2026 00:55:54.062AM UTC]  EntityDamageByEntityEvent was triggered by damaged PLAYER emi4553, damager PLAYER Akukis and cancelled true.
[May 05, 2026 00:55:54.316AM UTC]  EntityDamageByEntityEvent was triggered by damaged PLAYER emi4553, damager PLAYER Akukis and cancelled true.
[May 05, 2026 00:56:00.662AM UTC]  PlayerPreTagEvent was triggered on Akukis by emi4553 with type PLAYER, reason ATTACKER, and cancelled true.
[May 05, 2026 00:56:00.662AM UTC]  PlayerPreTagEvent was triggered on emi4553 by Akukis with type PLAYER, reason ATTACKED, and cancelled true.
[May 05, 2026 00:56:00.663AM UTC]  EntityDamageByEntityEvent was triggered by damaged PLAYER emi4553, damager PLAYER Akukis and cancelled false.
[May 05, 2026 00:56:46.882AM UTC]  EntityDamageByEntityEvent was triggered by damaged ITEM Cobblestone, damager TNT Primed TNT and cancelled false.
[May 05, 2026 00:56:46.882AM UTC]  EntityDamageByEntityEvent was triggered by damaged ITEM Dirt, damager TNT Primed TNT and cancelled false.
[May 05, 2026 00:56:57.681AM UTC]  EntityDamageByEntityEvent was triggered by damaged ITEM Dirt, damager TNT Primed TNT and cancelled false.
[May 05, 2026 00:56:57.682AM UTC]  EntityDamageByEntityEvent was triggered by damaged ITEM Cobblestone, damager TNT Primed TNT and cancelled false.
[May 05, 2026 00:56:57.682AM UTC]  EntityDamageByEntityEvent was triggered by damaged ITEM Coal, damager TNT Primed TNT and cancelled false.
[May 05, 2026 00:56:57.682AM UTC]  EntityDamageByEntityEvent was triggered by damaged ITEM Wheat Seeds, damager TNT Primed TNT and cancelled false.
[May 05, 2026 00:57:00.432AM UTC]  EntityDamageByEntityEvent was triggered by damaged ITEM Dirt, damager TNT Primed TNT and cancelled false.
[May 05, 2026 00:57:00.432AM UTC]  EntityDamageByEntityEvent was triggered by damaged ITEM Dirt, damager TNT Primed TNT and cancelled false.
[May 05, 2026 00:58:46.936AM UTC]  EntityDamageByEntityEvent was triggered by damaged COW Cow, damager PLAYER LITTLE_GHOTS and cancelled false.
[May 05, 2026 00:58:48.736AM UTC]  EntityDamageByEntityEvent was triggered by damaged COW Cow, damager PLAYER LITTLE_GHOTS and cancelled false.
[May 05, 2026 01:01:14.880AM UTC]  EntityDamageByEntityEvent was triggered by damaged PLAYER LITTLE_GHOTS, damager SPIDER Spider and cancelled false.
[May 05, 2026 01:01:14.881AM UTC]  EntityDamageByEntityEvent was triggered by damaged SPIDER Spider, damager PLAYER LITTLE_GHOTS and cancelled false.
[May 05, 2026 01:01:21.361AM UTC]  EntityDamageByEntityEvent was triggered by damaged SHEEP Sheep, damager PLAYER LITTLE_GHOTS and cancelled false.
[May 05, 2026 01:01:24.832AM UTC]  EntityDamageByEntityEvent was triggered by damaged SHEEP Sheep, damager WOLF Wolf and cancelled false.
[May 05, 2026 01:01:26.930AM UTC]  EntityDamageByEntityEvent was triggered by damaged SHEEP Sheep, damager WOLF Wolf and cancelled false.
[May 05, 2026 01:01:28.830AM UTC]  EntityDamageByEntityEvent was triggered by damaged SHEEP Sheep, damager WOLF Wolf and cancelled false.
[May 05, 2026 01:01:29.830AM UTC]  EntityDamageByEntityEvent was triggered by damaged SHEEP Sheep, damager WOLF Wolf and cancelled false.
[May 05, 2026 01:01:57.806AM UTC]  EntityDamageByEntityEvent was triggered by damaged PLAYER LITTLE_GHOTS, damager PLAYER Akukis and cancelled true.
[May 05, 2026 01:01:58.408AM UTC]  EntityDamageByEntityEvent was triggered by damaged PLAYER LITTLE_GHOTS, damager PLAYER Akukis and cancelled true.
[May 05, 2026 01:01:59.657AM UTC]  PlayerPreTagEvent was triggered on Akukis by LITTLE_GHOTS with type PLAYER, reason ATTACKER, and cancelled true.
[May 05, 2026 01:01:59.658AM UTC]  PlayerPreTagEvent was triggered on LITTLE_GHOTS by Akukis with type PLAYER, reason ATTACKED, and cancelled true.
[May 05, 2026 01:01:59.658AM UTC]  EntityDamageByEntityEvent was triggered by damaged PLAYER LITTLE_GHOTS, damager PLAYER Akukis and cancelled false.
[May 05, 2026 01:02:00.206AM UTC]  PlayerPreTagEvent was triggered on Akukis by LITTLE_GHOTS with type PLAYER, reason ATTACKER, and cancelled true.
[May 05, 2026 01:02:00.206AM UTC]  PlayerPreTagEvent was triggered on LITTLE_GHOTS by Akukis with type PLAYER, reason ATTACKED, and cancelled true.
[May 05, 2026 01:02:00.206AM UTC]  EntityDamageByEntityEvent was triggered by damaged PLAYER LITTLE_GHOTS, damager PLAYER Akukis and cancelled false.
[May 05, 2026 01:02:22.385AM UTC]  EntityDamageByEntityEvent was triggered by damaged PLAYER LITTLE_GHOTS, damager SPIDER Spider and cancelled false.
[May 05, 2026 01:02:22.385AM UTC]  EntityDamageByEntityEvent was triggered by damaged SPIDER Spider, damager PLAYER LITTLE_GHOTS and cancelled false.
[May 05, 2026 01:03:58.530AM UTC]  EntityDamageByEntityEvent was triggered by damaged GLOW_SQUID Glow Squid, damager AXOLOTL Axolotl and cancelled false.
[May 05, 2026 01:03:59.579AM UTC]  EntityDamageByEntityEvent was triggered by damaged GLOW_SQUID Glow Squid, damager AXOLOTL Axolotl and cancelled false.
[May 05, 2026 01:04:00.629AM UTC]  EntityDamageByEntityEvent was triggered by damaged GLOW_SQUID Glow Squid, damager AXOLOTL Axolotl and cancelled false.
[May 05, 2026 01:04:01.680AM UTC]  EntityDamageByEntityEvent was triggered by damaged GLOW_SQUID Glow Squid, damager AXOLOTL Axolotl and cancelled false.
[May 05, 2026 01:04:03.782AM UTC]  EntityDamageByEntityEvent was triggered by damaged GLOW_SQUID Glow Squid, damager AXOLOTL Axolotl and cancelled false.
[May 05, 2026 01:30:35.333AM UTC]  EntityDamageByEntityEvent was triggered by damaged SHEEP Sheep, damager WOLF Wolf and cancelled false.
[May 05, 2026 01:30:37.333AM UTC]  EntityDamageByEntityEvent was triggered by damaged SHEEP Sheep, damager WOLF Wolf and cancelled false.
[May 05, 2026 01:54:23.025AM UTC]  EntityDamageByEntityEvent was triggered by damaged ZOMBIE Zombie, damager LLAMA_SPIT Llama Spit and cancelled false.
[May 05, 2026 01:54:25.476AM UTC]  EntityDamageByEntityEvent was triggered by damaged TRADER_LLAMA Trader Llama, damager LLAMA_SPIT Llama Spit and cancelled false.
[May 05, 2026 01:54:27.476AM UTC]  EntityDamageByEntityEvent was triggered by damaged TRADER_LLAMA Trader Llama, damager LLAMA_SPIT Llama Spit and cancelled false.
[May 05, 2026 01:54:28.026AM UTC]  EntityDamageByEntityEvent was triggered by damaged TRADER_LLAMA Trader Llama, damager ZOMBIE Zombie and cancelled false.
[May 05, 2026 01:54:29.525AM UTC]  EntityDamageByEntityEvent was triggered by damaged ZOMBIE Zombie, damager LLAMA_SPIT Llama Spit and cancelled false.
[May 05, 2026 01:54:34.275AM UTC]  EntityDamageByEntityEvent was triggered by damaged TRADER_LLAMA Trader Llama, damager ZOMBIE Zombie and cancelled false.
[May 05, 2026 01:54:35.276AM UTC]  EntityDamageByEntityEvent was triggered by damaged TRADER_LLAMA Trader Llama, damager ZOMBIE Zombie and cancelled false.
[May 05, 2026 01:54:38.426AM UTC]  EntityDamageByEntityEvent was triggered by damaged TRADER_LLAMA Trader Llama, damager ZOMBIE Zombie and cancelled false.
[May 05, 2026 01:54:38.976AM UTC]  EntityDamageByEntityEvent was triggered by damaged TRADER_LLAMA Trader Llama, damager ZOMBIE Zombie and cancelled false.
[May 05, 2026 01:54:39.977AM UTC]  EntityDamageByEntityEvent was triggered by damaged TRADER_LLAMA Trader Llama, damager ZOMBIE Zombie and cancelled false.
[May 05, 2026 01:54:40.975AM UTC]  EntityDamageByEntityEvent was triggered by damaged TRADER_LLAMA Trader Llama, damager ZOMBIE Zombie and cancelled false.
[May 05, 2026 01:54:42.976AM UTC]  EntityDamageByEntityEvent was triggered by damaged TRADER_LLAMA Trader Llama, damager ZOMBIE Zombie and cancelled false.
[May 05, 2026 01:54:52.125AM UTC]  EntityDamageByEntityEvent was triggered by damaged ZOMBIE Zombie, damager LLAMA_SPIT Llama Spit and cancelled false.
[May 05, 2026 01:54:57.876AM UTC]  EntityDamageByEntityEvent was triggered by damaged ZOMBIE Zombie, damager LLAMA_SPIT Llama Spit and cancelled false.
[May 05, 2026 01:54:59.875AM UTC]  EntityDamageByEntityEvent was triggered by damaged ZOMBIE Zombie, damager LLAMA_SPIT Llama Spit and cancelled false.
[May 05, 2026 01:55:01.875AM UTC]  EntityDamageByEntityEvent was triggered by damaged ZOMBIE Zombie, damager LLAMA_SPIT Llama Spit and cancelled false.
[May 05, 2026 01:55:03.825AM UTC]  EntityDamageByEntityEvent was triggered by damaged ZOMBIE Zombie, damager LLAMA_SPIT Llama Spit and cancelled false.
[May 05, 2026 01:55:07.275AM UTC]  EntityDamageByEntityEvent was triggered by damaged TRADER_LLAMA Trader Llama, damager ZOMBIE Zombie and cancelled false.
[May 05, 2026 01:55:13.175AM UTC]  EntityDamageByEntityEvent was triggered by damaged TRADER_LLAMA Trader Llama, damager ZOMBIE Zombie and cancelled false.
[May 05, 2026 01:55:14.175AM UTC]  EntityDamageByEntityEvent was triggered by damaged TRADER_LLAMA Trader Llama, damager ZOMBIE Zombie and cancelled false.
[May 05, 2026 01:55:20.675AM UTC]  EntityDamageByEntityEvent was triggered by damaged TRADER_LLAMA Trader Llama, damager ZOMBIE Zombie and cancelled false.
[May 05, 2026 01:55:21.275AM UTC]  EntityDamageByEntityEvent was triggered by damaged TRADER_LLAMA Trader Llama, damager ZOMBIE Zombie and cancelled false.
[May 05, 2026 01:55:22.275AM UTC]  EntityDamageByEntityEvent was triggered by damaged TRADER_LLAMA Trader Llama, damager ZOMBIE Zombie and cancelled false.
[May 05, 2026 01:55:23.275AM UTC]  EntityDamageByEntityEvent was triggered by damaged TRADER_LLAMA Trader Llama, damager ZOMBIE Zombie and cancelled false.
