[April 24, 2026 02:14:36.900AM UTC]  EntityDamageByEntityEvent was triggered by damaged ZOMBIE Zombie, damager IRON_GOLEM Iron Golem and cancelled false.
[April 24, 2026 02:14:37.478AM UTC]  EntityDamageByEntityEvent was triggered by damaged VILLAGER Villager, damager ZOMBIE Zombie and cancelled false.
[April 24, 2026 02:14:37.742AM UTC]  EntityDamageByEntityEvent was triggered by damaged IRON_GOLEM Iron Golem, damager ZOMBIE Zombie and cancelled false.
[April 24, 2026 02:14:37.888AM UTC]  EntityDamageByEntityEvent was triggered by damaged ZOMBIE Zombie, damager IRON_GOLEM Iron Golem and cancelled false.
[April 24, 2026 02:14:38.680AM UTC]  EntityDamageByEntityEvent was triggered by damaged VILLAGER Villager, damager ZOMBIE Zombie and cancelled false.
[April 24, 2026 02:14:38.932AM UTC]  EntityDamageByEntityEvent was triggered by damaged ZOMBIE Zombie, damager IRON_GOLEM Iron Golem and cancelled false.
[April 24, 2026 02:14:39.779AM UTC]  EntityDamageByEntityEvent was triggered by damaged VILLAGER Villager, damager ZOMBIE Zombie and cancelled false.
[April 24, 2026 02:14:40.778AM UTC]  EntityDamageByEntityEvent was triggered by damaged VILLAGER Villager, damager ZOMBIE Zombie and cancelled false.
[April 24, 2026 02:14:42.131AM UTC]  EntityDamageByEntityEvent was triggered by damaged VILLAGER Villager, damager ZOMBIE Zombie and cancelled false.
[April 24, 2026 02:14:42.826AM UTC]  EntityDamageByEntityEvent was triggered by damaged VILLAGER Villager, damager ZOMBIE Zombie and cancelled false.
[April 24, 2026 02:14:43.528AM UTC]  EntityDamageByEntityEvent was triggered by damaged VILLAGER Villager, damager ZOMBIE Zombie and cancelled false.
[April 24, 2026 02:14:44.029AM UTC]  EntityDamageByEntityEvent was triggered by damaged VILLAGER Villager, damager ZOMBIE Zombie and cancelled false.
[April 24, 2026 02:14:44.726AM UTC]  EntityDamageByEntityEvent was triggered by damaged ZOMBIE Zombie, damager IRON_GOLEM Iron Golem and cancelled false.
[April 24, 2026 02:14:44.777AM UTC]  EntityDamageByEntityEvent was triggered by damaged IRON_GOLEM Iron Golem, damager ZOMBIE Zombie and cancelled false.
[April 24, 2026 02:14:44.826AM UTC]  EntityDamageByEntityEvent was triggered by damaged VILLAGER Villager, damager ZOMBIE Zombie and cancelled false.
[April 24, 2026 02:14:45.328AM UTC]  EntityDamageByEntityEvent was triggered by damaged VILLAGER Villager, damager ZOMBIE Zombie and cancelled false.
[April 24, 2026 02:14:45.729AM UTC]  EntityDamageByEntityEvent was triggered by damaged ZOMBIE Zombie, damager IRON_GOLEM Iron Golem and cancelled false.
[April 24, 2026 02:14:46.680AM UTC]  EntityDamageByEntityEvent was triggered by damaged VILLAGER Villager, damager ZOMBIE Zombie and cancelled false.
[April 24, 2026 02:14:50.178AM UTC]  EntityDamageByEntityEvent was triggered by damaged IRON_GOLEM Iron Golem, damager ZOMBIE Zombie and cancelled false.
[April 24, 2026 02:14:50.227AM UTC]  EntityDamageByEntityEvent was triggered by damaged ZOMBIE Zombie, damager IRON_GOLEM Iron Golem and cancelled false.
[April 24, 2026 02:14:51.180AM UTC]  EntityDamageByEntityEvent was triggered by damaged IRON_GOLEM Iron Golem, damager ZOMBIE Zombie and cancelled false.
[April 24, 2026 02:14:51.227AM UTC]  EntityDamageByEntityEvent was triggered by damaged ZOMBIE Zombie, damager IRON_GOLEM Iron Golem and cancelled false.
[April 24, 2026 02:14:53.068AM UTC]  EntityDamageByEntityEvent was triggered by damaged COW Cow, damager PLAYER Akukis and cancelled false.
[April 24, 2026 02:14:55.260AM UTC]  EntityDamageByEntityEvent was triggered by damaged HORSE Horse, damager PLAYER Akukis and cancelled false.
[April 24, 2026 02:14:55.807AM UTC]  EntityDamageByEntityEvent was triggered by damaged HORSE Horse, damager PLAYER Akukis and cancelled false.
[April 24, 2026 02:14:56.957AM UTC]  EntityDamageByEntityEvent was triggered by damaged HORSE Horse, damager PLAYER Akukis and cancelled false.
[April 24, 2026 02:14:57.517AM UTC]  EntityDamageByEntityEvent was triggered by damaged HORSE Horse, damager PLAYER Akukis and cancelled false.
[April 24, 2026 02:14:58.060AM UTC]  EntityDamageByEntityEvent was triggered by damaged HORSE Horse, damager PLAYER Akukis and cancelled false.
[April 24, 2026 02:14:58.609AM UTC]  EntityDamageByEntityEvent was triggered by damaged HORSE Horse, damager PLAYER Akukis and cancelled false.
[April 24, 2026 02:14:58.778AM UTC]  EntityDamageByEntityEvent was triggered by damaged VILLAGER Shepherd, damager ZOMBIE Zombie and cancelled false.
[April 24, 2026 02:15:00.228AM UTC]  EntityDamageByEntityEvent was triggered by damaged ZOMBIE Zombie, damager IRON_GOLEM Iron Golem and cancelled false.
[April 24, 2026 02:15:00.232AM UTC]  EntityDamageByEntityEvent was triggered by damaged IRON_GOLEM Iron Golem, damager ZOMBIE Zombie and cancelled false.
[April 24, 2026 02:15:01.278AM UTC]  EntityDamageByEntityEvent was triggered by damaged IRON_GOLEM Iron Golem, damager ZOMBIE Zombie and cancelled false.
[April 24, 2026 02:15:01.326AM UTC]  EntityDamageByEntityEvent was triggered by damaged ZOMBIE Zombie, damager IRON_GOLEM Iron Golem and cancelled false.
[April 24, 2026 02:15:07.389AM UTC]  EntityDamageByEntityEvent was triggered by damaged IRON_GOLEM Iron Golem, damager ARROW Arrow and cancelled false.
[April 24, 2026 02:15:09.730AM UTC]  EntityDamageByEntityEvent was triggered by damaged IRON_GOLEM Iron Golem, damager ARROW Arrow and cancelled false.
[April 24, 2026 02:15:10.083AM UTC]  EntityDamageByEntityEvent was triggered by damaged IRON_GOLEM Iron Golem, damager ARROW Arrow and cancelled false.
[April 24, 2026 02:15:10.228AM UTC]  EntityDamageByEntityEvent was triggered by damaged SKELETON Skeleton, damager IRON_GOLEM Iron Golem and cancelled false.
[April 24, 2026 02:15:11.226AM UTC]  EntityDamageByEntityEvent was triggered by damaged SKELETON Skeleton, damager IRON_GOLEM Iron Golem and cancelled false.
[April 24, 2026 02:15:14.381AM UTC]  EntityDamageByEntityEvent was triggered by damaged IRON_GOLEM Iron Golem, damager ARROW Arrow and cancelled false.
[April 24, 2026 02:15:15.978AM UTC]  EntityDamageByEntityEvent was triggered by damaged IRON_GOLEM Iron Golem, damager ZOMBIE Zombie and cancelled false.
[April 24, 2026 02:15:16.928AM UTC]  EntityDamageByEntityEvent was triggered by damaged IRON_GOLEM Iron Golem, damager ZOMBIE Zombie and cancelled false.
[April 24, 2026 02:15:17.279AM UTC]  EntityDamageByEntityEvent was triggered by damaged IRON_GOLEM Iron Golem, damager ARROW Arrow and cancelled false.
[April 24, 2026 02:15:17.476AM UTC]  EntityDamageByEntityEvent was triggered by damaged VILLAGER Villager, damager ZOMBIE Zombie and cancelled false.
[April 24, 2026 02:15:18.427AM UTC]  EntityDamageByEntityEvent was triggered by damaged VILLAGER Villager, damager ZOMBIE Zombie and cancelled false.
[April 24, 2026 02:15:20.230AM UTC]  EntityDamageByEntityEvent was triggered by damaged IRON_GOLEM Iron Golem, damager ARROW Arrow and cancelled false.
[April 24, 2026 02:15:20.727AM UTC]  EntityDamageByEntityEvent was triggered by damaged IRON_GOLEM Iron Golem, damager ZOMBIE Zombie and cancelled false.
[April 24, 2026 02:15:21.727AM UTC]  EntityDamageByEntityEvent was triggered by damaged IRON_GOLEM Iron Golem, damager ZOMBIE Zombie and cancelled false.
[April 24, 2026 02:15:22.727AM UTC]  EntityDamageByEntityEvent was triggered by damaged IRON_GOLEM Iron Golem, damager ZOMBIE Zombie and cancelled false.
[April 24, 2026 02:15:24.027AM UTC]  EntityDamageByEntityEvent was triggered by damaged IRON_GOLEM Iron Golem, damager ZOMBIE Zombie and cancelled false.
[April 24, 2026 02:15:25.027AM UTC]  EntityDamageByEntityEvent was triggered by damaged IRON_GOLEM Iron Golem, damager ZOMBIE Zombie and cancelled false.
[April 24, 2026 02:15:26.028AM UTC]  EntityDamageByEntityEvent was triggered by damaged IRON_GOLEM Iron Golem, damager ZOMBIE Zombie and cancelled false.
[April 24, 2026 02:15:27.126AM UTC]  EntityDamageByEntityEvent was triggered by damaged SKELETON Skeleton, damager IRON_GOLEM Iron Golem and cancelled false.
[April 24, 2026 02:15:27.276AM UTC]  EntityDamageByEntityEvent was triggered by damaged IRON_GOLEM Iron Golem, damager ZOMBIE Zombie and cancelled false.
[April 24, 2026 02:15:28.126AM UTC]  EntityDamageByEntityEvent was triggered by damaged SKELETON Skeleton, damager IRON_GOLEM Iron Golem and cancelled false.
[April 24, 2026 02:15:28.276AM UTC]  EntityDamageByEntityEvent was triggered by damaged IRON_GOLEM Iron Golem, damager ZOMBIE Zombie and cancelled false.
[April 24, 2026 02:15:29.225AM UTC]  EntityDamageByEntityEvent was triggered by damaged ZOMBIE Zombie, damager IRON_GOLEM Iron Golem and cancelled false.
[April 24, 2026 02:15:29.326AM UTC]  EntityDamageByEntityEvent was triggered by damaged IRON_GOLEM Iron Golem, damager ZOMBIE Zombie and cancelled false.
[April 24, 2026 02:15:30.276AM UTC]  EntityDamageByEntityEvent was triggered by damaged ZOMBIE Zombie, damager IRON_GOLEM Iron Golem and cancelled false.
[April 24, 2026 02:15:32.927AM UTC]  EntityDamageByEntityEvent was triggered by damaged PLAYER Akukis, damager ZOMBIE Zombie and cancelled false.
[April 24, 2026 02:15:33.709AM UTC]  EntityDamageByEntityEvent was triggered by damaged ZOMBIE Zombie, damager PLAYER Akukis and cancelled false.
[April 24, 2026 02:15:33.726AM UTC]  EntityDamageByEntityEvent was triggered by damaged PLAYER Akukis, damager ZOMBIE Zombie and cancelled false.
[April 24, 2026 02:15:34.726AM UTC]  EntityDamageByEntityEvent was triggered by damaged PLAYER Akukis, damager ZOMBIE Zombie and cancelled false.
[April 24, 2026 02:15:34.758AM UTC]  EntityDamageByEntityEvent was triggered by damaged ZOMBIE Zombie, damager PLAYER Akukis and cancelled false.
[April 24, 2026 02:15:35.258AM UTC]  EntityDamageByEntityEvent was triggered by damaged ZOMBIE Zombie, damager PLAYER Akukis and cancelled false.
[April 24, 2026 02:15:36.775AM UTC]  EntityDamageByEntityEvent was triggered by damaged VILLAGER Villager, damager ZOMBIE Zombie and cancelled false.
[April 24, 2026 02:15:39.157AM UTC]  EntityDamageByEntityEvent was triggered by damaged ZOMBIE Zombie, damager PLAYER Akukis and cancelled false.
[April 24, 2026 02:15:40.408AM UTC]  EntityDamageByEntityEvent was triggered by damaged ZOMBIE Zombie, damager PLAYER Akukis and cancelled false.
[April 24, 2026 02:15:41.657AM UTC]  EntityDamageByEntityEvent was triggered by damaged ZOMBIE Zombie, damager PLAYER Akukis and cancelled false.
[April 24, 2026 02:15:43.407AM UTC]  EntityDamageByEntityEvent was triggered by damaged ZOMBIE Zombie, damager PLAYER Akukis and cancelled false.
[April 24, 2026 02:15:44.926AM UTC]  EntityDamageByEntityEvent was triggered by damaged PLAYER Akukis, damager ZOMBIE Zombie and cancelled false.
[April 24, 2026 02:15:45.108AM UTC]  EntityDamageByEntityEvent was triggered by damaged ZOMBIE Zombie, damager PLAYER Akukis and cancelled false.
[April 24, 2026 02:15:45.908AM UTC]  EntityDamageByEntityEvent was triggered by damaged ZOMBIE Zombie, damager PLAYER Akukis and cancelled false.
[April 24, 2026 02:15:46.857AM UTC]  EntityDamageByEntityEvent was triggered by damaged ZOMBIE Zombie, damager PLAYER Akukis and cancelled false.
[April 24, 2026 02:15:48.258AM UTC]  EntityDamageByEntityEvent was triggered by damaged ZOMBIE Zombie, damager PLAYER Akukis and cancelled false.
[April 24, 2026 02:15:49.059AM UTC]  EntityDamageByEntityEvent was triggered by damaged ZOMBIE Zombie, damager PLAYER Akukis and cancelled false.
[April 24, 2026 02:15:49.127AM UTC]  EntityDamageByEntityEvent was triggered by damaged PLAYER Akukis, damager ZOMBIE Zombie and cancelled false.
[April 24, 2026 02:15:49.506AM UTC]  EntityDamageByEntityEvent was triggered by damaged ZOMBIE Zombie, damager PLAYER Akukis and cancelled false.
[April 24, 2026 02:15:51.777AM UTC]  EntityDamageByEntityEvent was triggered by damaged IRON_GOLEM Iron Golem, damager ARROW Arrow and cancelled false.
[April 24, 2026 02:15:52.676AM UTC]  EntityDamageByEntityEvent was triggered by damaged SKELETON Skeleton, damager IRON_GOLEM Iron Golem and cancelled false.
[April 24, 2026 02:15:53.256AM UTC]  EntityDamageByEntityEvent was triggered by damaged ZOMBIE Zombie, damager PLAYER Akukis and cancelled false.
[April 24, 2026 02:15:53.675AM UTC]  EntityDamageByEntityEvent was triggered by damaged SPIDER Spider, damager IRON_GOLEM Iron Golem and cancelled false.
[April 24, 2026 02:15:54.580AM UTC]  EntityDamageByEntityEvent was triggered by damaged IRON_GOLEM Iron Golem, damager ARROW Arrow and cancelled false.
[April 24, 2026 02:15:54.676AM UTC]  EntityDamageByEntityEvent was triggered by damaged SKELETON Skeleton, damager IRON_GOLEM Iron Golem and cancelled false.
[April 24, 2026 02:15:55.458AM UTC]  EntityDamageByEntityEvent was triggered by damaged ZOMBIE Zombie, damager PLAYER Akukis and cancelled false.
[April 24, 2026 02:15:55.726AM UTC]  EntityDamageByEntityEvent was triggered by damaged SPIDER Spider, damager IRON_GOLEM Iron Golem and cancelled false.
[April 24, 2026 02:15:56.009AM UTC]  EntityDamageByEntityEvent was triggered by damaged ZOMBIE Zombie, damager PLAYER Akukis and cancelled false.
[April 24, 2026 02:15:56.907AM UTC]  EntityDamageByEntityEvent was triggered by damaged ZOMBIE Zombie, damager PLAYER Akukis and cancelled false.
[April 24, 2026 02:16:04.407AM UTC]  EntityDamageByEntityEvent was triggered by damaged COW Cow, damager PLAYER Akukis and cancelled false.
[April 24, 2026 02:16:05.307AM UTC]  EntityDamageByEntityEvent was triggered by damaged COW Cow, damager PLAYER Akukis and cancelled false.
[April 24, 2026 02:16:08.675AM UTC]  EntityDamageByEntityEvent was triggered by damaged IRON_GOLEM Iron Golem, damager ZOMBIE Zombie and cancelled false.
[April 24, 2026 02:16:08.726AM UTC]  EntityDamageByEntityEvent was triggered by damaged ZOMBIE Zombie, damager IRON_GOLEM Iron Golem and cancelled false.
[April 24, 2026 02:16:09.176AM UTC]  EntityDamageByEntityEvent was triggered by damaged IRON_GOLEM Iron Golem, damager ZOMBIE Zombie and cancelled false.
[April 24, 2026 02:16:09.726AM UTC]  EntityDamageByEntityEvent was triggered by damaged ZOMBIE Zombie, damager IRON_GOLEM Iron Golem and cancelled false.
[April 24, 2026 02:16:09.726AM UTC]  EntityDamageByEntityEvent was triggered by damaged IRON_GOLEM Iron Golem, damager ZOMBIE Zombie and cancelled false.
[April 24, 2026 02:16:10.725AM UTC]  EntityDamageByEntityEvent was triggered by damaged ZOMBIE Zombie, damager IRON_GOLEM Iron Golem and cancelled false.
[April 24, 2026 02:16:10.726AM UTC]  EntityDamageByEntityEvent was triggered by damaged IRON_GOLEM Iron Golem, damager ZOMBIE Zombie and cancelled false.
[April 24, 2026 02:16:11.575AM UTC]  EntityDamageByEntityEvent was triggered by damaged ZOMBIE Zombie, damager IRON_GOLEM Iron Golem and cancelled false.
[April 24, 2026 02:16:11.725AM UTC]  EntityDamageByEntityEvent was triggered by damaged ZOMBIE Zombie, damager IRON_GOLEM Iron Golem and cancelled false.
[April 24, 2026 02:16:12.025AM UTC]  EntityDamageByEntityEvent was triggered by damaged IRON_GOLEM Iron Golem, damager ZOMBIE Zombie and cancelled false.
[April 24, 2026 02:16:12.529AM UTC]  EntityDamageByEntityEvent was triggered by damaged IRON_GOLEM Iron Golem, damager ARROW Arrow and cancelled false.
[April 24, 2026 02:16:12.625AM UTC]  EntityDamageByEntityEvent was triggered by damaged ZOMBIE Zombie, damager IRON_GOLEM Iron Golem and cancelled false.
[April 24, 2026 02:16:12.826AM UTC]  EntityDamageByEntityEvent was triggered by damaged ZOMBIE Zombie, damager IRON_GOLEM Iron Golem and cancelled false.
[April 24, 2026 02:16:13.625AM UTC]  EntityDamageByEntityEvent was triggered by damaged ZOMBIE Zombie, damager IRON_GOLEM Iron Golem and cancelled false.
[April 24, 2026 02:16:13.875AM UTC]  EntityDamageByEntityEvent was triggered by damaged ZOMBIE Zombie, damager IRON_GOLEM Iron Golem and cancelled false.
[April 24, 2026 02:16:15.125AM UTC]  EntityDamageByEntityEvent was triggered by damaged DROWNED Drowned, damager IRON_GOLEM Iron Golem and cancelled false.
[April 24, 2026 02:16:15.428AM UTC]  EntityDamageByEntityEvent was triggered by damaged IRON_GOLEM Iron Golem, damager ARROW Arrow and cancelled false.
[April 24, 2026 02:16:16.325AM UTC]  EntityDamageByEntityEvent was triggered by damaged DROWNED Drowned, damager IRON_GOLEM Iron Golem and cancelled false.
[April 24, 2026 02:16:49.807AM UTC]  EntityDamageByEntityEvent was triggered by damaged ZOMBIE Zombie, damager PLAYER Akukis and cancelled false.
[April 24, 2026 02:16:49.827AM UTC]  EntityDamageByEntityEvent was triggered by damaged PLAYER Akukis, damager ZOMBIE Zombie and cancelled false.
[April 24, 2026 02:16:51.108AM UTC]  EntityDamageByEntityEvent was triggered by damaged ZOMBIE Zombie, damager PLAYER Akukis and cancelled false.
[April 24, 2026 02:16:52.206AM UTC]  EntityDamageByEntityEvent was triggered by damaged ZOMBIE Zombie, damager PLAYER Akukis and cancelled false.
[April 24, 2026 02:16:52.757AM UTC]  EntityDamageByEntityEvent was triggered by damaged ZOMBIE Zombie, damager PLAYER Akukis and cancelled false.
[April 24, 2026 02:16:52.825AM UTC]  EntityDamageByEntityEvent was triggered by damaged ZOMBIE Zombie, damager IRON_GOLEM Iron Golem and cancelled false.
[April 24, 2026 02:16:52.827AM UTC]  EntityDamageByEntityEvent was triggered by damaged IRON_GOLEM Iron Golem, damager ZOMBIE Zombie and cancelled false.
[April 24, 2026 02:16:53.825AM UTC]  EntityDamageByEntityEvent was triggered by damaged ZOMBIE Zombie, damager IRON_GOLEM Iron Golem and cancelled false.
[April 24, 2026 02:16:54.533AM UTC]  EntityDamageByEntityEvent was triggered by damaged PLAYER Akukis, damager ZOMBIE Zombie and cancelled false.
[April 24, 2026 02:16:54.809AM UTC]  EntityDamageByEntityEvent was triggered by damaged ZOMBIE Zombie, damager PLAYER Akukis and cancelled false.
[April 24, 2026 02:16:55.407AM UTC]  EntityDamageByEntityEvent was triggered by damaged ZOMBIE Zombie, damager PLAYER Akukis and cancelled false.
[April 24, 2026 02:16:55.907AM UTC]  EntityDamageByEntityEvent was triggered by damaged ZOMBIE Zombie, damager PLAYER Akukis and cancelled false.
[April 24, 2026 02:16:56.459AM UTC]  EntityDamageByEntityEvent was triggered by damaged ZOMBIE Zombie, damager PLAYER Akukis and cancelled false.
[April 24, 2026 02:16:58.009AM UTC]  EntityDamageByEntityEvent was triggered by damaged ZOMBIE Zombie, damager PLAYER Akukis and cancelled false.
[April 24, 2026 02:16:58.606AM UTC]  EntityDamageByEntityEvent was triggered by damaged ZOMBIE Zombie, damager PLAYER Akukis and cancelled false.
[April 24, 2026 02:16:59.258AM UTC]  EntityDamageByEntityEvent was triggered by damaged ZOMBIE Zombie, damager PLAYER Akukis and cancelled false.
[April 24, 2026 02:17:03.526AM UTC]  EntityDamageByEntityEvent was triggered by damaged ZOMBIE Zombie, damager IRON_GOLEM Iron Golem and cancelled false.
[April 24, 2026 02:17:03.529AM UTC]  EntityDamageByEntityEvent was triggered by damaged IRON_GOLEM Iron Golem, damager ZOMBIE Zombie and cancelled false.
[April 24, 2026 02:17:04.526AM UTC]  EntityDamageByEntityEvent was triggered by damaged ZOMBIE Zombie, damager IRON_GOLEM Iron Golem and cancelled false.
[April 24, 2026 02:17:28.934AM UTC]  EntityDamageByEntityEvent was triggered by damaged PLAYER Akukis, damager CREEPER Creeper and cancelled false.
[April 24, 2026 02:17:28.935AM UTC]  EntityDamageByEntityEvent was triggered by damaged ITEM Dirt, damager CREEPER Creeper and cancelled false.
[April 24, 2026 02:17:28.935AM UTC]  EntityDamageByEntityEvent was triggered by damaged ITEM Dirt, damager CREEPER Creeper and cancelled false.
[April 24, 2026 02:18:05.177AM UTC]  EntityDamageByEntityEvent was triggered by damaged PLAYER Akukis, damager ARROW Arrow and cancelled false.
[April 24, 2026 02:18:17.708AM UTC]  EntityDamageByEntityEvent was triggered by damaged ZOMBIE Zombie, damager PLAYER Akukis and cancelled false.
[April 24, 2026 02:18:18.578AM UTC]  EntityDamageByEntityEvent was triggered by damaged PLAYER Akukis, damager ZOMBIE Zombie and cancelled false.
[April 24, 2026 02:18:18.907AM UTC]  EntityDamageByEntityEvent was triggered by damaged ZOMBIE Zombie, damager PLAYER Akukis and cancelled false.
[April 24, 2026 02:18:48.177AM UTC]  EntityDamageByEntityEvent was triggered by damaged VILLAGER Shepherd, damager ZOMBIE Zombie and cancelled false.
[April 24, 2026 02:18:49.227AM UTC]  EntityDamageByEntityEvent was triggered by damaged VILLAGER Shepherd, damager ZOMBIE Zombie and cancelled false.
[April 24, 2026 02:18:56.109AM UTC]  EntityDamageByEntityEvent was triggered by damaged SPIDER Spider, damager PLAYER Akukis and cancelled false.
[April 24, 2026 02:18:56.957AM UTC]  EntityDamageByEntityEvent was triggered by damaged SPIDER Spider, damager PLAYER Akukis and cancelled false.
[April 24, 2026 02:18:56.976AM UTC]  EntityDamageByEntityEvent was triggered by damaged PLAYER Akukis, damager SPIDER Spider and cancelled false.
[April 24, 2026 02:19:00.606AM UTC]  EntityDamageByEntityEvent was triggered by damaged SPIDER Spider, damager PLAYER Akukis and cancelled false.
[April 24, 2026 02:19:02.110AM UTC]  EntityDamageByEntityEvent was triggered by damaged SPIDER Spider, damager PLAYER Akukis and cancelled false.
[April 24, 2026 02:19:04.008AM UTC]  EntityDamageByEntityEvent was triggered by damaged SPIDER Spider, damager PLAYER Akukis and cancelled false.
[April 24, 2026 02:19:05.726AM UTC]  EntityDamageByEntityEvent was triggered by damaged PLAYER Akukis, damager SPIDER Spider and cancelled false.
[April 24, 2026 02:19:07.377AM UTC]  EntityDamageByEntityEvent was triggered by damaged PLAYER Akukis, damager SPIDER Spider and cancelled false.
[April 24, 2026 02:19:19.528AM UTC]  EntityDamageByEntityEvent was triggered by damaged PLAYER Akukis, damager ARROW Arrow and cancelled false.
[April 24, 2026 02:19:27.530AM UTC]  EntityDamageByEntityEvent was triggered by damaged PLAYER Akukis, damager ARROW Arrow and cancelled false.
[April 24, 2026 02:19:31.030AM UTC]  EntityDamageByEntityEvent was triggered by damaged PLAYER Akukis, damager ARROW Arrow and cancelled false.
[April 24, 2026 02:20:00.727AM UTC]  EntityDamageByEntityEvent was triggered by damaged IRON_GOLEM Iron Golem, damager ZOMBIE Zombie and cancelled false.
[April 24, 2026 02:20:13.528AM UTC]  EntityDamageByEntityEvent was triggered by damaged PLAYER Akukis, damager SPIDER Spider and cancelled false.
[April 24, 2026 02:20:13.658AM UTC]  EntityDamageByEntityEvent was triggered by damaged SPIDER Spider, damager PLAYER Akukis and cancelled false.
[April 24, 2026 02:20:33.389AM UTC]  EntityDamageByEntityEvent was triggered by damaged PLAYER Akukis, damager ARROW Arrow and cancelled false.
[April 24, 2026 02:20:46.333AM UTC]  EntityDamageByEntityEvent was triggered by damaged PLAYER Akukis, damager CREEPER Creeper and cancelled false.
[April 24, 2026 02:22:27.207AM UTC]  EntityDamageByEntityEvent was triggered by damaged HORSE Horse, damager PLAYER Akukis and cancelled false.
[April 24, 2026 02:22:27.806AM UTC]  EntityDamageByEntityEvent was triggered by damaged HORSE Horse, damager PLAYER Akukis and cancelled false.
[April 24, 2026 02:22:51.757AM UTC]  EntityDamageByEntityEvent was triggered by damaged CREEPER Creeper, damager PLAYER Akukis and cancelled false.
[April 24, 2026 02:23:10.729AM UTC]  EntityDamageByEntityEvent was triggered by damaged ITEM Dirt, damager CREEPER Creeper and cancelled false.
[April 24, 2026 02:23:10.729AM UTC]  EntityDamageByEntityEvent was triggered by damaged ITEM Dirt, damager CREEPER Creeper and cancelled false.
[April 24, 2026 02:23:10.730AM UTC]  EntityDamageByEntityEvent was triggered by damaged ITEM Gravel, damager CREEPER Creeper and cancelled false.
[April 24, 2026 02:23:10.730AM UTC]  EntityDamageByEntityEvent was triggered by damaged PLAYER Akukis, damager CREEPER Creeper and cancelled false.
[April 24, 2026 02:23:36.729AM UTC]  EntityDamageByEntityEvent was triggered by damaged PLAYER Akukis, damager ARROW Arrow and cancelled false.
[April 24, 2026 02:23:51.978AM UTC]  EntityDamageByEntityEvent was triggered by damaged PLAYER Akukis, damager ARROW Arrow and cancelled false.
[April 24, 2026 02:23:54.908AM UTC]  EntityDamageByEntityEvent was triggered by damaged SKELETON Skeleton, damager PLAYER Akukis and cancelled false.
[April 24, 2026 02:23:54.930AM UTC]  EntityDamageByEntityEvent was triggered by damaged PLAYER Akukis, damager ARROW Arrow and cancelled false.
[April 24, 2026 02:23:57.507AM UTC]  EntityDamageByEntityEvent was triggered by damaged SKELETON Skeleton, damager PLAYER Akukis and cancelled false.
[April 24, 2026 02:23:59.006AM UTC]  EntityDamageByEntityEvent was triggered by damaged SKELETON Skeleton, damager PLAYER Akukis and cancelled false.
[April 24, 2026 02:24:11.207AM UTC]  EntityDamageByEntityEvent was triggered by damaged CHICKEN Chicken, damager PLAYER Akukis and cancelled false.
[April 24, 2026 02:26:51.708AM UTC]  EntityDamageByEntityEvent was triggered by damaged VILLAGER Librarian, damager PLAYER Akukis and cancelled false.
[April 24, 2026 02:27:25.311AM UTC]  PlayerPreTagEvent was triggered on Akukis by Daniel498 with type PLAYER, reason ATTACKER, and cancelled false.
[April 24, 2026 02:27:25.316AM UTC]  PlayerTagEvent was triggered on Akukis by Daniel498 with type PLAYER and reason ATTACKER.
[April 24, 2026 02:27:25.334AM UTC]  PlayerPreTagEvent was triggered on Daniel498 by Akukis with type PLAYER, reason ATTACKED, and cancelled false.
[April 24, 2026 02:27:25.335AM UTC]  PlayerTagEvent was triggered on Daniel498 by Akukis with type PLAYER and reason ATTACKED.
[April 24, 2026 02:27:25.367AM UTC]  EntityDamageByEntityEvent was triggered by damaged PLAYER Daniel498, damager PLAYER Akukis and cancelled false.
[April 24, 2026 02:27:45.678AM UTC]  PlayerPunishEvent was triggered on Akukis with reason EXPIRE and cancelled true.
[April 24, 2026 02:27:45.679AM UTC]  PlayerUntagEvent was triggered on Akukis with reason EXPIRE and expire set to true.
[April 24, 2026 02:27:45.679AM UTC]  PlayerPunishEvent was triggered on Daniel498 with reason EXPIRE and cancelled true.
[April 24, 2026 02:27:45.679AM UTC]  PlayerUntagEvent was triggered on Daniel498 with reason EXPIRE and expire set to true.
[April 24, 2026 02:28:00.615AM UTC]  EntityDamageByEntityEvent was triggered by damaged SHEEP Sheep, damager PLAYER Daniel498 and cancelled false.
[April 24, 2026 02:28:17.639AM UTC]  EntityDamageByEntityEvent was triggered by damaged SHEEP Sheep, damager PLAYER Daniel498 and cancelled false.
[April 24, 2026 02:28:41.895AM UTC]  EntityDamageByEntityEvent was triggered by damaged SHEEP Sheep, damager PLAYER Daniel498 and cancelled false.
[April 24, 2026 02:31:15.363AM UTC]  EntityDamageByEntityEvent was triggered by damaged COW Cow, damager PLAYER Emilio100 and cancelled false.
[April 24, 2026 02:33:38.129AM UTC]  EntityDamageByEntityEvent was triggered by damaged PLAYER Emilio100, damager CREEPER Creeper and cancelled false.
[April 24, 2026 02:33:44.080AM UTC]  EntityDamageByEntityEvent was triggered by damaged PLAYER Emilio100, damager ARROW Arrow and cancelled false.
[April 24, 2026 02:33:47.578AM UTC]  EntityDamageByEntityEvent was triggered by damaged PLAYER Emilio100, damager CREEPER Creeper and cancelled false.
[April 24, 2026 02:33:58.930AM UTC]  EntityDamageByEntityEvent was triggered by damaged HORSE Horse, damager PLAYER Akukis and cancelled false.
[April 24, 2026 02:34:02.054AM UTC]  EntityDamageByEntityEvent was triggered by damaged SHEEP Sheep, damager PLAYER Akukis and cancelled false.
[April 24, 2026 02:34:04.196AM UTC]  EntityDamageByEntityEvent was triggered by damaged SHEEP Sheep, damager PLAYER Akukis and cancelled false.
[April 24, 2026 02:34:06.450AM UTC]  EntityDamageByEntityEvent was triggered by damaged HORSE Horse, damager PLAYER Akukis and cancelled false.
[April 24, 2026 02:34:07.469AM UTC]  EntityDamageByEntityEvent was triggered by damaged HORSE Horse, damager PLAYER Akukis and cancelled false.
[April 24, 2026 02:34:10.431AM UTC]  EntityDamageByEntityEvent was triggered by damaged HORSE Horse, damager PLAYER Akukis and cancelled false.
[April 24, 2026 02:34:14.907AM UTC]  EntityDamageByEntityEvent was triggered by damaged HORSE Horse, damager PLAYER Akukis and cancelled false.
[April 24, 2026 02:34:16.259AM UTC]  EntityDamageByEntityEvent was triggered by damaged HORSE Horse, damager PLAYER Akukis and cancelled false.
[April 24, 2026 02:35:27.007AM UTC]  EntityDamageByEntityEvent was triggered by damaged SPIDER Spider, damager PLAYER Akukis and cancelled false.
[April 24, 2026 02:35:27.506AM UTC]  EntityDamageByEntityEvent was triggered by damaged SPIDER Spider, damager PLAYER Akukis and cancelled false.
[April 24, 2026 02:35:28.207AM UTC]  EntityDamageByEntityEvent was triggered by damaged SPIDER Spider, damager PLAYER Akukis and cancelled false.
[April 24, 2026 02:35:37.658AM UTC]  EntityDamageByEntityEvent was triggered by damaged COW Cow, damager PLAYER Akukis and cancelled false.
[April 24, 2026 02:35:42.094AM UTC]  EntityDamageByEntityEvent was triggered by damaged COW Cow, damager PLAYER Daniel498 and cancelled false.
[April 24, 2026 02:35:45.038AM UTC]  EntityDamageByEntityEvent was triggered by damaged COW Cow, damager PLAYER Daniel498 and cancelled false.
[April 24, 2026 02:35:50.598AM UTC]  EntityDamageByEntityEvent was triggered by damaged COW Cow, damager PLAYER Daniel498 and cancelled false.
[April 24, 2026 02:35:52.445AM UTC]  EntityDamageByEntityEvent was triggered by damaged COW Cow, damager PLAYER Daniel498 and cancelled false.
[April 24, 2026 02:40:06.037AM UTC]  EntityDamageByEntityEvent was triggered by damaged ZOMBIE Zombie, damager PLAYER Daniel498 and cancelled false.
[April 24, 2026 02:40:07.178AM UTC]  EntityDamageByEntityEvent was triggered by damaged PLAYER Daniel498, damager ZOMBIE Zombie and cancelled false.
[April 24, 2026 02:40:07.196AM UTC]  EntityDamageByEntityEvent was triggered by damaged ZOMBIE Zombie, damager PLAYER Daniel498 and cancelled false.
[April 24, 2026 02:40:08.284AM UTC]  EntityDamageByEntityEvent was triggered by damaged ZOMBIE Zombie, damager PLAYER Daniel498 and cancelled false.
[April 24, 2026 02:44:53.452AM UTC]  EntityDamageByEntityEvent was triggered by damaged ZOMBIE Zombie, damager PLAYER srcapiii and cancelled false.
[April 24, 2026 02:44:53.478AM UTC]  EntityDamageByEntityEvent was triggered by damaged PLAYER srcapiii, damager ZOMBIE Zombie and cancelled false.
[April 24, 2026 02:44:54.678AM UTC]  EntityDamageByEntityEvent was triggered by damaged PLAYER srcapiii, damager ZOMBIE Zombie and cancelled false.
[April 24, 2026 02:44:54.756AM UTC]  EntityDamageByEntityEvent was triggered by damaged ZOMBIE Zombie, damager PLAYER srcapiii and cancelled false.
[April 24, 2026 02:44:56.429AM UTC]  EntityDamageByEntityEvent was triggered by damaged PLAYER srcapiii, damager ZOMBIE Zombie and cancelled false.
[April 24, 2026 02:44:56.548AM UTC]  EntityDamageByEntityEvent was triggered by damaged ZOMBIE Zombie, damager PLAYER srcapiii and cancelled false.
[April 24, 2026 02:44:57.878AM UTC]  EntityDamageByEntityEvent was triggered by damaged PLAYER srcapiii, damager ZOMBIE Zombie and cancelled false.
[April 24, 2026 02:44:58.083AM UTC]  EntityDamageByEntityEvent was triggered by damaged ZOMBIE Zombie, damager PLAYER srcapiii and cancelled false.
[April 24, 2026 02:45:10.468AM UTC]  EntityDamageByEntityEvent was triggered by damaged SHEEP Sheep, damager PLAYER Algorth and cancelled false.
[April 24, 2026 02:45:18.706AM UTC]  EntityDamageByEntityEvent was triggered by damaged PIG Pig, damager PLAYER Algorth and cancelled false.
[April 24, 2026 02:45:19.514AM UTC]  EntityDamageByEntityEvent was triggered by damaged PIG Pig, damager PLAYER Algorth and cancelled false.
[April 24, 2026 02:45:32.963AM UTC]  EntityDamageByEntityEvent was triggered by damaged ZOMBIE Zombie, damager PLAYER Algorth and cancelled false.
[April 24, 2026 02:45:33.660AM UTC]  EntityDamageByEntityEvent was triggered by damaged ZOMBIE Zombie, damager PLAYER Algorth and cancelled false.
[April 24, 2026 02:45:34.301AM UTC]  EntityDamageByEntityEvent was triggered by damaged ZOMBIE Zombie, damager PLAYER Algorth and cancelled false.
[April 24, 2026 02:45:47.828AM UTC]  EntityDamageByEntityEvent was triggered by damaged PLAYER Algorth, damager SPIDER Spider and cancelled false.
[April 24, 2026 02:45:48.828AM UTC]  EntityDamageByEntityEvent was triggered by damaged PLAYER Algorth, damager SPIDER Spider and cancelled false.
[April 24, 2026 02:45:49.829AM UTC]  EntityDamageByEntityEvent was triggered by damaged PLAYER Algorth, damager SPIDER Spider and cancelled false.
[April 24, 2026 02:45:50.406AM UTC]  EntityDamageByEntityEvent was triggered by damaged SPIDER Spider, damager PLAYER Akukis and cancelled false.
[April 24, 2026 02:45:51.412AM UTC]  PlayerPreTagEvent was triggered on Algorth by Akukis with type PLAYER, reason ATTACKER, and cancelled false.
[April 24, 2026 02:45:51.415AM UTC]  PlayerTagEvent was triggered on Algorth by Akukis with type PLAYER and reason ATTACKER.
[April 24, 2026 02:45:51.417AM UTC]  PlayerPreTagEvent was triggered on Akukis by Algorth with type PLAYER, reason ATTACKED, and cancelled false.
[April 24, 2026 02:45:51.417AM UTC]  PlayerTagEvent was triggered on Akukis by Algorth with type PLAYER and reason ATTACKED.
[April 24, 2026 02:45:51.418AM UTC]  EntityDamageByEntityEvent was triggered by damaged PLAYER Akukis, damager PLAYER Algorth and cancelled false.
[April 24, 2026 02:45:51.505AM UTC]  EntityDamageByEntityEvent was triggered by damaged SPIDER Spider, damager PLAYER Akukis and cancelled false.
[April 24, 2026 02:45:52.028AM UTC]  EntityDamageByEntityEvent was triggered by damaged PLAYER Akukis, damager SPIDER Spider and cancelled false.
[April 24, 2026 02:45:52.056AM UTC]  EntityDamageByEntityEvent was triggered by damaged SPIDER Spider, damager PLAYER Akukis and cancelled false.
[April 24, 2026 02:45:52.656AM UTC]  EntityDamageByEntityEvent was triggered by damaged SPIDER Spider, damager PLAYER Akukis and cancelled false.
[April 24, 2026 02:45:53.278AM UTC]  EntityDamageByEntityEvent was triggered by damaged PLAYER Akukis, damager SPIDER Spider and cancelled false.
[April 24, 2026 02:45:54.156AM UTC]  EntityDamageByEntityEvent was triggered by damaged SPIDER Spider, damager PLAYER Akukis and cancelled false.
[April 24, 2026 02:45:54.278AM UTC]  EntityDamageByEntityEvent was triggered by damaged PLAYER Akukis, damager SPIDER Spider and cancelled false.
[April 24, 2026 02:45:55.556AM UTC]  EntityDamageByEntityEvent was triggered by damaged SPIDER Spider, damager PLAYER Akukis and cancelled false.
[April 24, 2026 02:45:56.508AM UTC]  EntityDamageByEntityEvent was triggered by damaged SPIDER Spider, damager PLAYER Akukis and cancelled false.
[April 24, 2026 02:45:59.078AM UTC]  EntityDamageByEntityEvent was triggered by damaged PLAYER Akukis, damager SPIDER Spider and cancelled false.
[April 24, 2026 02:45:59.756AM UTC]  EntityDamageByEntityEvent was triggered by damaged SPIDER Spider, damager PLAYER Akukis and cancelled false.
[April 24, 2026 02:46:02.204AM UTC]  EntityDamageByEntityEvent was triggered by damaged SPIDER Spider, damager PLAYER Akukis and cancelled false.
[April 24, 2026 02:46:02.928AM UTC]  EntityDamageByEntityEvent was triggered by damaged PLAYER Akukis, damager SPIDER Spider and cancelled false.
[April 24, 2026 02:46:06.744AM UTC]  EntityDamageByEntityEvent was triggered by damaged SPIDER Spider, damager PLAYER bnx_xz and cancelled false.
[April 24, 2026 02:46:11.673AM UTC]  PlayerPunishEvent was triggered on Akukis with reason EXPIRE and cancelled true.
[April 24, 2026 02:46:11.673AM UTC]  PlayerUntagEvent was triggered on Akukis with reason EXPIRE and expire set to true.
[April 24, 2026 02:46:11.678AM UTC]  PlayerPunishEvent was triggered on Algorth with reason EXPIRE and cancelled true.
[April 24, 2026 02:46:11.678AM UTC]  PlayerUntagEvent was triggered on Algorth with reason EXPIRE and expire set to true.
[April 24, 2026 02:46:53.642AM UTC]  EntityDamageByEntityEvent was triggered by damaged VILLAGER Farmer, damager PLAYER aqhez_ and cancelled false.
[April 24, 2026 02:47:18.539AM UTC]  EntityDamageByEntityEvent was triggered by damaged CREEPER Creeper, damager PLAYER aqhez_ and cancelled false.
[April 24, 2026 02:47:21.236AM UTC]  EntityDamageByEntityEvent was triggered by damaged CREEPER Creeper, damager PLAYER aqhez_ and cancelled false.
[April 24, 2026 02:47:23.293AM UTC]  EntityDamageByEntityEvent was triggered by damaged CREEPER Creeper, damager PLAYER aqhez_ and cancelled false.
[April 24, 2026 02:47:25.443AM UTC]  EntityDamageByEntityEvent was triggered by damaged CREEPER Creeper, damager PLAYER aqhez_ and cancelled false.
[April 24, 2026 02:47:25.634AM UTC]  EntityDamageByEntityEvent was triggered by damaged SKELETON Skeleton, damager WOLF Wolf and cancelled false.
[April 24, 2026 02:47:26.333AM UTC]  EntityDamageByEntityEvent was triggered by damaged SKELETON Skeleton, damager WOLF Wolf and cancelled false.
[April 24, 2026 02:47:42.041AM UTC]  EntityDamageByEntityEvent was triggered by damaged SKELETON Skeleton, damager PLAYER Daniel498 and cancelled false.
[April 24, 2026 02:47:44.143AM UTC]  EntityDamageByEntityEvent was triggered by damaged PLAYER Daniel498, damager ARROW Arrow and cancelled false.
[April 24, 2026 02:47:44.646AM UTC]  EntityDamageByEntityEvent was triggered by damaged SKELETON Skeleton, damager PLAYER Daniel498 and cancelled false.
[April 24, 2026 02:47:45.510AM UTC]  EntityDamageByEntityEvent was triggered by damaged SKELETON Skeleton, damager PLAYER Daniel498 and cancelled false.
[April 24, 2026 02:48:01.835AM UTC]  EntityDamageByEntityEvent was triggered by damaged PLAYER Emilio100, damager ARROW Arrow and cancelled false.
[April 24, 2026 02:48:01.971AM UTC]  EntityDamageByEntityEvent was triggered by damaged BOGGED Bogged, damager PLAYER Emilio100 and cancelled false.
[April 24, 2026 02:48:02.585AM UTC]  EntityDamageByEntityEvent was triggered by damaged PLAYER Emilio100, damager ARROW Arrow and cancelled false.
[April 24, 2026 02:48:07.335AM UTC]  EntityDamageByEntityEvent was triggered by damaged PLAYER Emilio100, damager ARROW Arrow and cancelled false.
[April 24, 2026 02:48:16.942AM UTC]  EntityDamageByEntityEvent was triggered by damaged CREEPER Creeper, damager PLAYER Daniel498 and cancelled false.
[April 24, 2026 02:48:19.303AM UTC]  EntityDamageByEntityEvent was triggered by damaged CREEPER Creeper, damager PLAYER Daniel498 and cancelled false.
[April 24, 2026 02:48:21.846AM UTC]  EntityDamageByEntityEvent was triggered by damaged CREEPER Creeper, damager PLAYER Daniel498 and cancelled false.
[April 24, 2026 02:48:22.932AM UTC]  EntityDamageByEntityEvent was triggered by damaged PLAYER Daniel498, damager CREEPER Creeper and cancelled false.
[April 24, 2026 02:48:22.932AM UTC]  EntityDamageByEntityEvent was triggered by damaged ITEM String, damager CREEPER Creeper and cancelled false.
[April 24, 2026 02:48:26.490AM UTC]  EntityDamageByEntityEvent was triggered by damaged CREEPER Creeper, damager PLAYER aqhez_ and cancelled false.
[April 24, 2026 02:48:27.683AM UTC]  EntityDamageByEntityEvent was triggered by damaged ITEM Wheat Seeds, damager CREEPER Creeper and cancelled false.
[April 24, 2026 02:48:53.637AM UTC]  EntityDamageByEntityEvent was triggered by damaged BOGGED Bogged, damager PLAYER Emilio100 and cancelled false.
[April 24, 2026 02:48:54.185AM UTC]  EntityDamageByEntityEvent was triggered by damaged PLAYER Akukis, damager ARROW Arrow and cancelled false.
[April 24, 2026 02:48:55.438AM UTC]  EntityDamageByEntityEvent was triggered by damaged BOGGED Bogged, damager PLAYER Emilio100 and cancelled false.
[April 24, 2026 02:48:56.555AM UTC]  EntityDamageByEntityEvent was triggered by damaged BOGGED Bogged, damager PLAYER Akukis and cancelled false.
[April 24, 2026 02:48:58.007AM UTC]  EntityDamageByEntityEvent was triggered by damaged BOGGED Bogged, damager PLAYER Akukis and cancelled false.
[April 24, 2026 02:49:04.938AM UTC]  EntityDamageByEntityEvent was triggered by damaged PLAYER Akukis, damager ARROW Arrow and cancelled false.
[April 24, 2026 02:49:06.655AM UTC]  EntityDamageByEntityEvent was triggered by damaged BOGGED Bogged, damager PLAYER Akukis and cancelled false.
[April 24, 2026 02:49:12.187AM UTC]  EntityDamageByEntityEvent was triggered by damaged PLAYER Emilio100, damager ARROW Arrow and cancelled false.
[April 24, 2026 02:49:25.337AM UTC]  EntityDamageByEntityEvent was triggered by damaged BOGGED Bogged, damager PLAYER Emilio100 and cancelled false.
[April 24, 2026 02:49:28.769AM UTC]  EntityDamageByEntityEvent was triggered by damaged BOGGED Bogged, damager PLAYER Emilio100 and cancelled false.
[April 24, 2026 02:49:34.553AM UTC]  EntityDamageByEntityEvent was triggered by damaged BOGGED Bogged, damager PLAYER Akukis and cancelled false.
[April 24, 2026 02:49:35.384AM UTC]  EntityDamageByEntityEvent was triggered by damaged BOGGED Bogged, damager ARROW Arrow and cancelled false.
[April 24, 2026 02:49:37.941AM UTC]  EntityDamageByEntityEvent was triggered by damaged BOGGED Bogged, damager ARROW Arrow and cancelled false.
[April 24, 2026 02:49:47.936AM UTC]  EntityDamageByEntityEvent was triggered by damaged BOGGED Bogged, damager ARROW Arrow and cancelled false.
[April 24, 2026 02:49:51.036AM UTC]  EntityDamageByEntityEvent was triggered by damaged BOGGED Bogged, damager PLAYER Emilio100 and cancelled false.
[April 24, 2026 02:49:52.536AM UTC]  EntityDamageByEntityEvent was triggered by damaged PLAYER Emilio100, damager ARROW Arrow and cancelled false.
[April 24, 2026 02:49:53.987AM UTC]  EntityDamageByEntityEvent was triggered by damaged BOGGED Bogged, damager PLAYER Emilio100 and cancelled false.
[April 24, 2026 02:49:55.236AM UTC]  EntityDamageByEntityEvent was triggered by damaged PLAYER Emilio100, damager ARROW Arrow and cancelled false.
[April 24, 2026 02:49:56.336AM UTC]  EntityDamageByEntityEvent was triggered by damaged BOGGED Bogged, damager PLAYER Emilio100 and cancelled false.
[April 24, 2026 02:49:59.487AM UTC]  EntityDamageByEntityEvent was triggered by damaged PLAYER Emilio100, damager ARROW Arrow and cancelled false.
[April 24, 2026 02:50:00.989AM UTC]  EntityDamageByEntityEvent was triggered by damaged BOGGED Bogged, damager PLAYER Emilio100 and cancelled false.
[April 24, 2026 02:50:13.240AM UTC]  EntityDamageByEntityEvent was triggered by damaged ZOMBIE Zombie, damager PLAYER aqhez_ and cancelled false.
[April 24, 2026 02:50:14.539AM UTC]  EntityDamageByEntityEvent was triggered by damaged ZOMBIE Zombie, damager PLAYER aqhez_ and cancelled false.
[April 24, 2026 02:50:15.640AM UTC]  EntityDamageByEntityEvent was triggered by damaged ZOMBIE Zombie, damager PLAYER aqhez_ and cancelled false.
[April 24, 2026 02:50:16.689AM UTC]  EntityDamageByEntityEvent was triggered by damaged ZOMBIE Zombie, damager PLAYER aqhez_ and cancelled false.
[April 24, 2026 02:50:18.787AM UTC]  EntityDamageByEntityEvent was triggered by damaged PLAYER Emilio100, damager ARROW Arrow and cancelled false.
[April 24, 2026 02:50:19.636AM UTC]  EntityDamageByEntityEvent was triggered by damaged PLAYER Emilio100, damager ARROW Arrow and cancelled false.
[April 24, 2026 02:50:20.887AM UTC]  EntityDamageByEntityEvent was triggered by damaged PLAYER Emilio100, damager ARROW Arrow and cancelled false.
[April 24, 2026 02:50:31.505AM UTC]  EntityDamageByEntityEvent was triggered by damaged BOGGED Bogged, damager PLAYER Akukis and cancelled false.
[April 24, 2026 02:50:57.507AM UTC]  EntityDamageByEntityEvent was triggered by damaged COW Cow, damager PLAYER bnx_xz and cancelled false.
[April 24, 2026 02:51:00.506AM UTC]  EntityDamageByEntityEvent was triggered by damaged COW Cow, damager PLAYER bnx_xz and cancelled false.
[April 24, 2026 02:51:01.357AM UTC]  EntityDamageByEntityEvent was triggered by damaged COW Cow, damager PLAYER bnx_xz and cancelled false.
[April 24, 2026 02:51:10.186AM UTC]  EntityDamageByEntityEvent was triggered by damaged SKELETON Skeleton, damager PLAYER aqhez_ and cancelled false.
[April 24, 2026 02:51:10.435AM UTC]  EntityDamageByEntityEvent was triggered by damaged PLAYER aqhez_, damager ARROW Arrow and cancelled false.
[April 24, 2026 02:51:12.043AM UTC]  EntityDamageByEntityEvent was triggered by damaged SKELETON Skeleton, damager PLAYER aqhez_ and cancelled false.
[April 24, 2026 02:51:12.592AM UTC]  EntityDamageByEntityEvent was triggered by damaged SKELETON Skeleton, damager PLAYER aqhez_ and cancelled false.
[April 24, 2026 02:51:13.142AM UTC]  EntityDamageByEntityEvent was triggered by damaged SKELETON Skeleton, damager PLAYER aqhez_ and cancelled false.
[April 24, 2026 02:51:13.335AM UTC]  EntityDamageByEntityEvent was triggered by damaged PLAYER aqhez_, damager ARROW Arrow and cancelled false.
[April 24, 2026 02:51:13.692AM UTC]  EntityDamageByEntityEvent was triggered by damaged SKELETON Skeleton, damager PLAYER aqhez_ and cancelled false.
[April 24, 2026 02:51:28.889AM UTC]  EntityDamageByEntityEvent was triggered by damaged PLAYER Akukis, damager SLIME Slime and cancelled false.
[April 24, 2026 02:51:31.887AM UTC]  EntityDamageByEntityEvent was triggered by damaged PLAYER Emilio100, damager ARROW Arrow and cancelled false.
[April 24, 2026 02:51:32.837AM UTC]  EntityDamageByEntityEvent was triggered by damaged BOGGED Bogged, damager PLAYER Emilio100 and cancelled false.
[April 24, 2026 02:51:35.389AM UTC]  EntityDamageByEntityEvent was triggered by damaged BOGGED Bogged, damager PLAYER Emilio100 and cancelled false.
[April 24, 2026 02:51:36.489AM UTC]  EntityDamageByEntityEvent was triggered by damaged BOGGED Bogged, damager ARROW Arrow and cancelled false.
[April 24, 2026 02:51:37.843AM UTC]  EntityDamageByEntityEvent was triggered by damaged BOGGED Bogged, damager PLAYER Emilio100 and cancelled false.
[April 24, 2026 02:51:37.888AM UTC]  EntityDamageByEntityEvent was triggered by damaged PLAYER Emilio100, damager ARROW Arrow and cancelled false.
[April 24, 2026 02:51:37.955AM UTC]  EntityDamageByEntityEvent was triggered by damaged SPIDER Spider, damager PLAYER bnx_xz and cancelled false.
[April 24, 2026 02:51:37.983AM UTC]  EntityDamageByEntityEvent was triggered by damaged PLAYER bnx_xz, damager SPIDER Spider and cancelled false.
[April 24, 2026 02:51:39.452AM UTC]  EntityDamageByEntityEvent was triggered by damaged SPIDER Spider, damager PLAYER bnx_xz and cancelled false.
[April 24, 2026 02:51:40.351AM UTC]  EntityDamageByEntityEvent was triggered by damaged SPIDER Spider, damager PLAYER bnx_xz and cancelled false.
[April 24, 2026 02:51:45.786AM UTC]  EntityDamageByEntityEvent was triggered by damaged PLAYER Emilio100, damager ARROW Arrow and cancelled false.
[April 24, 2026 02:51:50.335AM UTC]  EntityDamageByEntityEvent was triggered by damaged BOGGED Bogged, damager ARROW Arrow and cancelled false.
[April 24, 2026 02:51:50.485AM UTC]  EntityDamageByEntityEvent was triggered by damaged BOGGED Bogged, damager ARROW Arrow and cancelled false.
[April 24, 2026 02:51:54.941AM UTC]  EntityDamageByEntityEvent was triggered by damaged BOGGED Bogged, damager ARROW Arrow and cancelled false.
[April 24, 2026 02:51:55.085AM UTC]  EntityDamageByEntityEvent was triggered by damaged BOGGED Bogged, damager ARROW Arrow and cancelled false.
[April 24, 2026 02:52:15.843AM UTC]  EntityDamageByEntityEvent was triggered by damaged BOGGED Bogged, damager PLAYER Emilio100 and cancelled false.
[April 24, 2026 02:52:16.787AM UTC]  EntityDamageByEntityEvent was triggered by damaged PLAYER Emilio100, damager ARROW Arrow and cancelled false.
[April 24, 2026 02:52:20.087AM UTC]  EntityDamageByEntityEvent was triggered by damaged BOGGED Bogged, damager ARROW Arrow and cancelled false.
[April 24, 2026 02:52:21.287AM UTC]  EntityDamageByEntityEvent was triggered by damaged PLAYER Emilio100, damager ARROW Arrow and cancelled false.
[April 24, 2026 02:52:21.642AM UTC]  EntityDamageByEntityEvent was triggered by damaged BOGGED Bogged, damager ARROW Arrow and cancelled false.
[April 24, 2026 02:52:23.288AM UTC]  EntityDamageByEntityEvent was triggered by damaged BOGGED Bogged, damager ARROW Arrow and cancelled false.
[April 24, 2026 02:52:36.385AM UTC]  EntityDamageByEntityEvent was triggered by damaged BOGGED Bogged, damager ARROW Arrow and cancelled false.
[April 24, 2026 02:52:37.136AM UTC]  EntityDamageByEntityEvent was triggered by damaged COW Cow, damager PLAYER Mrjorge0124 and cancelled false.
[April 24, 2026 02:52:37.723AM UTC]  EntityDamageByEntityEvent was triggered by damaged COW Cow, damager PLAYER Mrjorge0124 and cancelled false.
[April 24, 2026 02:52:43.471AM UTC]  EntityDamageByEntityEvent was triggered by damaged COW Cow, damager PLAYER Mrjorge0124 and cancelled false.
[April 24, 2026 02:52:44.416AM UTC]  EntityDamageByEntityEvent was triggered by damaged COW Cow, damager PLAYER Mrjorge0124 and cancelled false.
[April 24, 2026 02:52:46.934AM UTC]  EntityDamageByEntityEvent was triggered by damaged PLAYER Emilio100, damager ARROW Arrow and cancelled false.
[April 24, 2026 02:53:00.209AM UTC]  EntityDamageByEntityEvent was triggered by damaged COW Cow, damager PLAYER bnx_xz and cancelled false.
[April 24, 2026 02:53:11.718AM UTC]  EntityDamageByEntityEvent was triggered by damaged COW Cow, damager PLAYER Mrjorge0124 and cancelled false.
[April 24, 2026 02:53:12.415AM UTC]  EntityDamageByEntityEvent was triggered by damaged COW Cow, damager PLAYER Mrjorge0124 and cancelled false.
[April 24, 2026 02:53:14.234AM UTC]  EntityDamageByEntityEvent was triggered by damaged CHICKEN Chicken, damager PLAYER Mrjorge0124 and cancelled false.
[April 24, 2026 02:53:18.513AM UTC]  EntityDamageByEntityEvent was triggered by damaged CHICKEN Chicken, damager PLAYER Mrjorge0124 and cancelled false.
[April 24, 2026 02:53:31.037AM UTC]  EntityDamageByEntityEvent was triggered by damaged BOGGED Bogged, damager PLAYER Emilio100 and cancelled false.
[April 24, 2026 02:53:31.235AM UTC]  EntityDamageByEntityEvent was triggered by damaged PLAYER Emilio100, damager ARROW Arrow and cancelled false.
[April 24, 2026 02:53:33.286AM UTC]  EntityDamageByEntityEvent was triggered by damaged BOGGED Bogged, damager PLAYER Emilio100 and cancelled false.
[April 24, 2026 02:54:48.995AM UTC]  EntityDamageByEntityEvent was triggered by damaged PIG Pig, damager PLAYER aqhez_ and cancelled false.
[April 24, 2026 02:54:53.643AM UTC]  EntityDamageByEntityEvent was triggered by damaged PIG Pig, damager PLAYER aqhez_ and cancelled false.
[April 24, 2026 02:54:54.292AM UTC]  EntityDamageByEntityEvent was triggered by damaged PIG Pig, damager PLAYER aqhez_ and cancelled false.
[April 24, 2026 02:54:54.893AM UTC]  EntityDamageByEntityEvent was triggered by damaged PIG Pig, damager PLAYER aqhez_ and cancelled false.
[April 24, 2026 02:54:55.647AM UTC]  EntityDamageByEntityEvent was triggered by damaged PLAYER Emilio100, damager ARROW Arrow and cancelled false.
[April 24, 2026 02:54:56.897AM UTC]  EntityDamageByEntityEvent was triggered by damaged BOGGED Bogged, damager PLAYER Emilio100 and cancelled false.
[April 24, 2026 02:54:58.958AM UTC]  EntityDamageByEntityEvent was triggered by damaged BOGGED Bogged, damager PLAYER Emilio100 and cancelled false.
[April 24, 2026 02:55:03.952AM UTC]  EntityDamageByEntityEvent was triggered by damaged COW Cow, damager PLAYER bnx_xz and cancelled false.
[April 24, 2026 02:55:04.601AM UTC]  EntityDamageByEntityEvent was triggered by damaged COW Cow, damager PLAYER bnx_xz and cancelled false.
[April 24, 2026 02:55:06.399AM UTC]  EntityDamageByEntityEvent was triggered by damaged COW Cow, damager PLAYER bnx_xz and cancelled false.
[April 24, 2026 02:55:07.000AM UTC]  EntityDamageByEntityEvent was triggered by damaged COW Cow, damager PLAYER bnx_xz and cancelled false.
[April 24, 2026 02:55:08.637AM UTC]  EntityDamageByEntityEvent was triggered by damaged PLAYER Emilio100, damager ARROW Arrow and cancelled false.
[April 24, 2026 02:55:09.741AM UTC]  EntityDamageByEntityEvent was triggered by damaged BOGGED Bogged, damager PLAYER Emilio100 and cancelled false.
[April 24, 2026 02:55:11.011AM UTC]  EntityDamageByEntityEvent was triggered by damaged COW Cow, damager PLAYER bnx_xz and cancelled false.
[April 24, 2026 02:55:11.611AM UTC]  EntityDamageByEntityEvent was triggered by damaged COW Cow, damager PLAYER bnx_xz and cancelled false.
[April 24, 2026 02:55:17.197AM UTC]  EntityDamageByEntityEvent was triggered by damaged PLAYER Emilio100, damager ARROW Arrow and cancelled false.
[April 24, 2026 02:55:19.107AM UTC]  EntityDamageByEntityEvent was triggered by damaged COW Cow, damager PLAYER bnx_xz and cancelled false.
[April 24, 2026 02:55:19.654AM UTC]  EntityDamageByEntityEvent was triggered by damaged COW Cow, damager PLAYER bnx_xz and cancelled false.
[April 24, 2026 02:55:19.689AM UTC]  EntityDamageByEntityEvent was triggered by damaged BOGGED Bogged, damager PLAYER Emilio100 and cancelled false.
[April 24, 2026 02:55:21.784AM UTC]  EntityDamageByEntityEvent was triggered by damaged PLAYER Emilio100, damager ARROW Arrow and cancelled false.
[April 24, 2026 02:55:22.688AM UTC]  EntityDamageByEntityEvent was triggered by damaged BOGGED Bogged, damager PLAYER Emilio100 and cancelled false.
[April 24, 2026 02:55:26.191AM UTC]  EntityDamageByEntityEvent was triggered by damaged PLAYER Emilio100, damager ARROW Arrow and cancelled false.
[April 24, 2026 02:55:28.186AM UTC]  EntityDamageByEntityEvent was triggered by damaged BOGGED Bogged, damager PLAYER Emilio100 and cancelled false.
[April 24, 2026 02:55:38.186AM UTC]  EntityDamageByEntityEvent was triggered by damaged PLAYER Emilio100, damager ARROW Arrow and cancelled false.
[April 24, 2026 02:55:39.447AM UTC]  EntityDamageByEntityEvent was triggered by damaged BOGGED Bogged, damager PLAYER Emilio100 and cancelled false.
[April 24, 2026 02:55:45.441AM UTC]  EntityDamageByEntityEvent was triggered by damaged BOGGED Bogged, damager PLAYER Emilio100 and cancelled false.
[April 24, 2026 02:55:46.635AM UTC]  EntityDamageByEntityEvent was triggered by damaged PLAYER Emilio100, damager ARROW Arrow and cancelled false.
[April 24, 2026 02:55:47.786AM UTC]  EntityDamageByEntityEvent was triggered by damaged BOGGED Bogged, damager PLAYER Emilio100 and cancelled false.
[April 24, 2026 02:55:50.995AM UTC]  EntityDamageByEntityEvent was triggered by damaged BOGGED Bogged, damager PLAYER Emilio100 and cancelled false.
[April 24, 2026 02:55:51.037AM UTC]  EntityDamageByEntityEvent was triggered by damaged PLAYER Emilio100, damager ARROW Arrow and cancelled false.
[April 24, 2026 02:55:54.799AM UTC]  EntityDamageByEntityEvent was triggered by damaged SHEEP Sheep, damager PLAYER Mrjorge0124 and cancelled false.
[April 24, 2026 02:55:55.416AM UTC]  EntityDamageByEntityEvent was triggered by damaged SHEEP Sheep, damager PLAYER Mrjorge0124 and cancelled false.
[April 24, 2026 02:55:59.290AM UTC]  EntityDamageByEntityEvent was triggered by damaged SHEEP Sheep, damager PLAYER Mrjorge0124 and cancelled false.
[April 24, 2026 02:56:00.137AM UTC]  EntityDamageByEntityEvent was triggered by damaged SHEEP Sheep, damager PLAYER Mrjorge0124 and cancelled false.
[April 24, 2026 02:56:06.817AM UTC]  EntityDamageByEntityEvent was triggered by damaged SHEEP Sheep, damager PLAYER Mrjorge0124 and cancelled false.
[April 24, 2026 02:56:08.171AM UTC]  EntityDamageByEntityEvent was triggered by damaged SHEEP Sheep, damager PLAYER Mrjorge0124 and cancelled false.
[April 24, 2026 02:56:08.738AM UTC]  EntityDamageByEntityEvent was triggered by damaged PLAYER Emilio100, damager ARROW Arrow and cancelled false.
[April 24, 2026 02:56:09.237AM UTC]  EntityDamageByEntityEvent was triggered by damaged BOGGED Bogged, damager PLAYER Emilio100 and cancelled false.
[April 24, 2026 02:56:10.037AM UTC]  EntityDamageByEntityEvent was triggered by damaged BOGGED Bogged, damager PLAYER Emilio100 and cancelled false.
[April 24, 2026 02:56:10.336AM UTC]  EntityDamageByEntityEvent was triggered by damaged BOGGED Bogged, damager ARROW Arrow and cancelled false.
[April 24, 2026 02:56:19.236AM UTC]  EntityDamageByEntityEvent was triggered by damaged PLAYER Emilio100, damager ARROW Arrow and cancelled false.
[April 24, 2026 02:56:21.336AM UTC]  EntityDamageByEntityEvent was triggered by damaged BOGGED Bogged, damager ARROW Arrow and cancelled false.
[April 24, 2026 02:56:22.401AM UTC]  EntityDamageByEntityEvent was triggered by damaged BOGGED Bogged, damager PLAYER Emilio100 and cancelled false.
[April 24, 2026 02:56:27.116AM UTC]  EntityDamageByEntityEvent was triggered by damaged COW Cow, damager PLAYER Mrjorge0124 and cancelled false.
[April 24, 2026 02:56:27.587AM UTC]  EntityDamageByEntityEvent was triggered by damaged COW Cow, damager PLAYER Mrjorge0124 and cancelled false.
[April 24, 2026 02:56:28.137AM UTC]  EntityDamageByEntityEvent was triggered by damaged COW Cow, damager PLAYER Mrjorge0124 and cancelled false.
[April 24, 2026 02:56:57.373AM UTC]  EntityDamageByEntityEvent was triggered by damaged PIG Pig, damager PLAYER Mrjorge0124 and cancelled false.
[April 24, 2026 02:56:58.320AM UTC]  EntityDamageByEntityEvent was triggered by damaged PIG Pig, damager PLAYER Mrjorge0124 and cancelled false.
[April 24, 2026 02:56:59.496AM UTC]  EntityDamageByEntityEvent was triggered by damaged PIG Pig, damager PLAYER aqhez_ and cancelled false.
[April 24, 2026 02:57:00.698AM UTC]  EntityDamageByEntityEvent was triggered by damaged PIG Pig, damager PLAYER aqhez_ and cancelled false.
[April 24, 2026 02:57:04.519AM UTC]  EntityDamageByEntityEvent was triggered by damaged COW Cow, damager PLAYER Mrjorge0124 and cancelled false.
[April 24, 2026 02:57:05.260AM UTC]  EntityDamageByEntityEvent was triggered by damaged COW Cow, damager PLAYER Mrjorge0124 and cancelled false.
[April 24, 2026 02:57:08.439AM UTC]  EntityDamageByEntityEvent was triggered by damaged PLAYER Emilio100, damager ARROW Arrow and cancelled false.
[April 24, 2026 02:57:08.500AM UTC]  EntityDamageByEntityEvent was triggered by damaged BOGGED Bogged, damager PLAYER Emilio100 and cancelled false.
[April 24, 2026 02:57:08.638AM UTC]  EntityDamageByEntityEvent was triggered by damaged COW Cow, damager PLAYER Mrjorge0124 and cancelled false.
[April 24, 2026 02:57:09.193AM UTC]  EntityDamageByEntityEvent was triggered by damaged COW Cow, damager PLAYER Mrjorge0124 and cancelled false.
[April 24, 2026 02:57:11.037AM UTC]  EntityDamageByEntityEvent was triggered by damaged COW Cow, damager PLAYER Mrjorge0124 and cancelled false.
[April 24, 2026 02:57:12.111AM UTC]  EntityDamageByEntityEvent was triggered by damaged HORSE Horse, damager PLAYER Daniel498 and cancelled false.
[April 24, 2026 02:57:13.312AM UTC]  EntityDamageByEntityEvent was triggered by damaged HORSE Horse, damager PLAYER Daniel498 and cancelled false.
[April 24, 2026 02:57:13.487AM UTC]  EntityDamageByEntityEvent was triggered by damaged PLAYER Emilio100, damager ARROW Arrow and cancelled false.
[April 24, 2026 02:57:14.560AM UTC]  EntityDamageByEntityEvent was triggered by damaged HORSE Horse, damager PLAYER Daniel498 and cancelled false.
[April 24, 2026 02:57:14.987AM UTC]  EntityDamageByEntityEvent was triggered by damaged COW Cow, damager PLAYER Mrjorge0124 and cancelled false.
[April 24, 2026 02:57:16.716AM UTC]  EntityDamageByEntityEvent was triggered by damaged COW Cow, damager PLAYER Mrjorge0124 and cancelled false.
[April 24, 2026 02:57:16.936AM UTC]  EntityDamageByEntityEvent was triggered by damaged PLAYER Emilio100, damager ARROW Arrow and cancelled false.
[April 24, 2026 02:57:18.036AM UTC]  EntityDamageByEntityEvent was triggered by damaged PLAYER Emilio100, damager ARROW Arrow and cancelled false.
[April 24, 2026 02:57:23.156AM UTC]  EntityDamageByEntityEvent was triggered by damaged COW Cow, damager PLAYER julioyutuve2 and cancelled false.
[April 24, 2026 02:57:23.803AM UTC]  EntityDamageByEntityEvent was triggered by damaged COW Cow, damager PLAYER julioyutuve2 and cancelled false.
[April 24, 2026 02:57:24.941AM UTC]  EntityDamageByEntityEvent was triggered by damaged PIG Pig, damager PLAYER Emilio100 and cancelled false.
[April 24, 2026 02:57:29.702AM UTC]  EntityDamageByEntityEvent was triggered by damaged COW Cow, damager PLAYER julioyutuve2 and cancelled false.
[April 24, 2026 02:57:30.305AM UTC]  EntityDamageByEntityEvent was triggered by damaged COW Cow, damager PLAYER julioyutuve2 and cancelled false.
[April 24, 2026 02:57:31.136AM UTC]  EntityDamageByEntityEvent was triggered by damaged COW Cow, damager PLAYER julioyutuve2 and cancelled false.
[April 24, 2026 02:57:31.704AM UTC]  EntityDamageByEntityEvent was triggered by damaged COW Cow, damager PLAYER julioyutuve2 and cancelled false.
[April 24, 2026 02:57:34.516AM UTC]  EntityDamageByEntityEvent was triggered by damaged SHEEP Sheep, damager PLAYER Mrjorge0124 and cancelled false.
[April 24, 2026 02:57:35.786AM UTC]  EntityDamageByEntityEvent was triggered by damaged SHEEP Sheep, damager PLAYER Mrjorge0124 and cancelled false.
[April 24, 2026 02:57:38.170AM UTC]  EntityDamageByEntityEvent was triggered by damaged SHEEP Sheep, damager PLAYER Mrjorge0124 and cancelled false.
[April 24, 2026 02:57:39.022AM UTC]  EntityDamageByEntityEvent was triggered by damaged SHEEP Sheep, damager PLAYER Mrjorge0124 and cancelled false.
[April 24, 2026 02:57:39.023AM UTC]  EntityDamageByEntityEvent was triggered by damaged SHEEP Sheep, damager PLAYER Mrjorge0124 and cancelled false.
[April 24, 2026 02:57:39.888AM UTC]  EntityDamageByEntityEvent was triggered by damaged SHEEP Sheep, damager PLAYER Mrjorge0124 and cancelled false.
[April 24, 2026 02:57:39.889AM UTC]  EntityDamageByEntityEvent was triggered by damaged SHEEP Sheep, damager PLAYER Mrjorge0124 and cancelled false.
[April 24, 2026 02:57:40.036AM UTC]  EntityDamageByEntityEvent was triggered by damaged PLAYER Emilio100, damager ARROW Arrow and cancelled false.
[April 24, 2026 02:57:40.055AM UTC]  EntityDamageByEntityEvent was triggered by damaged BOGGED Bogged, damager PLAYER Emilio100 and cancelled false.
[April 24, 2026 02:57:40.588AM UTC]  EntityDamageByEntityEvent was triggered by damaged PLAYER Emilio100, damager ARROW Arrow and cancelled false.
[April 24, 2026 02:57:40.938AM UTC]  EntityDamageByEntityEvent was triggered by damaged SHEEP Sheep, damager PLAYER Mrjorge0124 and cancelled false.
[April 24, 2026 02:57:41.767AM UTC]  EntityDamageByEntityEvent was triggered by damaged SHEEP Sheep, damager PLAYER Mrjorge0124 and cancelled false.
[April 24, 2026 02:57:42.615AM UTC]  EntityDamageByEntityEvent was triggered by damaged SHEEP Sheep, damager PLAYER Mrjorge0124 and cancelled false.
[April 24, 2026 02:57:42.836AM UTC]  EntityDamageByEntityEvent was triggered by damaged BOGGED Bogged, damager ARROW Arrow and cancelled false.
[April 24, 2026 02:57:44.594AM UTC]  EntityDamageByEntityEvent was triggered by damaged PLAYER Emilio100, damager ARROW Arrow and cancelled false.
[April 24, 2026 02:57:45.190AM UTC]  EntityDamageByEntityEvent was triggered by damaged BOGGED Bogged, damager ARROW Arrow and cancelled false.
[April 24, 2026 02:57:45.465AM UTC]  EntityDamageByEntityEvent was triggered by damaged SHEEP Sheep, damager PLAYER Mrjorge0124 and cancelled false.
[April 24, 2026 02:57:46.769AM UTC]  EntityDamageByEntityEvent was triggered by damaged SHEEP Sheep, damager PLAYER Mrjorge0124 and cancelled false.
[April 24, 2026 02:57:47.037AM UTC]  EntityDamageByEntityEvent was triggered by damaged PLAYER Emilio100, damager ARROW Arrow and cancelled false.
[April 24, 2026 02:57:50.316AM UTC]  EntityDamageByEntityEvent was triggered by damaged SHEEP Sheep, damager PLAYER Mrjorge0124 and cancelled false.
[April 24, 2026 02:57:51.270AM UTC]  EntityDamageByEntityEvent was triggered by damaged SHEEP Sheep, damager PLAYER Mrjorge0124 and cancelled false.
[April 24, 2026 02:57:58.286AM UTC]  EntityDamageByEntityEvent was triggered by damaged BOGGED Bogged, damager ARROW Arrow and cancelled false.
[April 24, 2026 02:57:58.971AM UTC]  EntityDamageByEntityEvent was triggered by damaged SHEEP Sheep, damager PLAYER Mrjorge0124 and cancelled false.
[April 24, 2026 02:58:00.587AM UTC]  EntityDamageByEntityEvent was triggered by damaged SHEEP Sheep, damager PLAYER Mrjorge0124 and cancelled false.
[April 24, 2026 02:58:02.463AM UTC]  EntityDamageByEntityEvent was triggered by damaged CHICKEN Chicken, damager PLAYER Mrjorge0124 and cancelled false.
[April 24, 2026 02:58:02.735AM UTC]  EntityDamageByEntityEvent was triggered by damaged BOGGED Bogged, damager ARROW Arrow and cancelled false.
[April 24, 2026 02:58:06.485AM UTC]  EntityDamageByEntityEvent was triggered by damaged BOGGED Bogged, damager ARROW Arrow and cancelled false.
[April 24, 2026 02:58:06.736AM UTC]  EntityDamageByEntityEvent was triggered by damaged CHICKEN Chicken, damager PLAYER Mrjorge0124 and cancelled false.
[April 24, 2026 02:58:07.134AM UTC]  EntityDamageByEntityEvent was triggered by damaged BOGGED Bogged, damager ARROW Arrow and cancelled false.
[April 24, 2026 02:58:08.369AM UTC]  EntityDamageByEntityEvent was triggered by damaged CHICKEN Chicken, damager PLAYER Mrjorge0124 and cancelled false.
[April 24, 2026 02:58:08.685AM UTC]  EntityDamageByEntityEvent was triggered by damaged BOGGED Bogged, damager ARROW Arrow and cancelled false.
[April 24, 2026 02:58:10.266AM UTC]  EntityDamageByEntityEvent was triggered by damaged CHICKEN Chicken, damager PLAYER Mrjorge0124 and cancelled false.
[April 24, 2026 02:58:12.485AM UTC]  EntityDamageByEntityEvent was triggered by damaged BOGGED Bogged, damager ARROW Arrow and cancelled false.
[April 24, 2026 02:58:12.936AM UTC]  EntityDamageByEntityEvent was triggered by damaged BOGGED Bogged, damager ARROW Arrow and cancelled false.
[April 24, 2026 02:58:13.387AM UTC]  EntityDamageByEntityEvent was triggered by damaged CHICKEN Chicken, damager PLAYER Mrjorge0124 and cancelled false.
[April 24, 2026 02:58:23.063AM UTC]  EntityDamageByEntityEvent was triggered by damaged PIG Pig, damager PLAYER Mrjorge0124 and cancelled false.
[April 24, 2026 02:58:24.958AM UTC]  EntityDamageByEntityEvent was triggered by damaged PIG Pig, damager PLAYER Mrjorge0124 and cancelled false.
[April 24, 2026 02:58:26.587AM UTC]  EntityDamageByEntityEvent was triggered by damaged PIG Pig, damager PLAYER Mrjorge0124 and cancelled false.
[April 24, 2026 02:58:27.196AM UTC]  EntityDamageByEntityEvent was triggered by damaged PIG Pig, damager PLAYER aqhez_ and cancelled false.
[April 24, 2026 02:58:27.888AM UTC]  EntityDamageByEntityEvent was triggered by damaged PIG Pig, damager PLAYER Mrjorge0124 and cancelled false.
[April 24, 2026 02:58:28.443AM UTC]  EntityDamageByEntityEvent was triggered by damaged PIG Pig, damager PLAYER aqhez_ and cancelled false.
[April 24, 2026 02:58:30.287AM UTC]  EntityDamageByEntityEvent was triggered by damaged PIG Pig, damager PLAYER Mrjorge0124 and cancelled false.
[April 24, 2026 02:58:30.938AM UTC]  EntityDamageByEntityEvent was triggered by damaged PIG Pig, damager PLAYER Mrjorge0124 and cancelled false.
[April 24, 2026 02:58:33.320AM UTC]  EntityDamageByEntityEvent was triggered by damaged PIG Pig, damager PLAYER Mrjorge0124 and cancelled false.
[April 24, 2026 02:58:34.686AM UTC]  EntityDamageByEntityEvent was triggered by damaged PIG Pig, damager PLAYER Mrjorge0124 and cancelled false.
[April 24, 2026 02:58:35.352AM UTC]  EntityDamageByEntityEvent was triggered by damaged COW Cow, damager PLAYER Mrjorge0124 and cancelled false.
[April 24, 2026 02:58:35.988AM UTC]  EntityDamageByEntityEvent was triggered by damaged COW Cow, damager PLAYER Mrjorge0124 and cancelled false.
[April 24, 2026 02:58:37.853AM UTC]  EntityDamageByEntityEvent was triggered by damaged PIG Pig, damager PLAYER julioyutuve2 and cancelled false.
[April 24, 2026 02:58:38.412AM UTC]  EntityDamageByEntityEvent was triggered by damaged PIG Pig, damager PLAYER julioyutuve2 and cancelled false.
[April 24, 2026 02:58:38.622AM UTC]  EntityDamageByEntityEvent was triggered by damaged PIG Pig, damager PLAYER Mrjorge0124 and cancelled false.
[April 24, 2026 02:58:38.888AM UTC]  EntityDamageByEntityEvent was triggered by damaged PLAYER Emilio100, damager ARROW Arrow and cancelled false.
[April 24, 2026 02:58:39.913AM UTC]  EntityDamageByEntityEvent was triggered by damaged PIG Pig, damager PLAYER Mrjorge0124 and cancelled false.
[April 24, 2026 02:58:44.090AM UTC]  EntityDamageByEntityEvent was triggered by damaged PLAYER Emilio100, damager ARROW Arrow and cancelled false.
[April 24, 2026 02:58:46.338AM UTC]  EntityDamageByEntityEvent was triggered by damaged PIG Pig, damager PLAYER Mrjorge0124 and cancelled false.
[April 24, 2026 02:58:46.918AM UTC]  EntityDamageByEntityEvent was triggered by damaged PIG Pig, damager PLAYER julioyutuve2 and cancelled false.
[April 24, 2026 02:58:47.736AM UTC]  EntityDamageByEntityEvent was triggered by damaged PLAYER Emilio100, damager ARROW Arrow and cancelled false.
[April 24, 2026 02:58:48.585AM UTC]  EntityDamageByEntityEvent was triggered by damaged PLAYER Emilio100, damager ARROW Arrow and cancelled false.
[April 24, 2026 02:58:48.638AM UTC]  EntityDamageByEntityEvent was triggered by damaged PLAYER Emilio100, damager ARROW Arrow and cancelled false.
[April 24, 2026 02:58:49.036AM UTC]  EntityDamageByEntityEvent was triggered by damaged PIG Pig, damager PLAYER Mrjorge0124 and cancelled false.
[April 24, 2026 02:58:49.636AM UTC]  EntityDamageByEntityEvent was triggered by damaged BOGGED Bogged, damager PLAYER Emilio100 and cancelled false.
[April 24, 2026 02:58:50.934AM UTC]  EntityDamageByEntityEvent was triggered by damaged PLAYER Emilio100, damager ARROW Arrow and cancelled false.
[April 24, 2026 02:58:51.689AM UTC]  EntityDamageByEntityEvent was triggered by damaged BOGGED Bogged, damager PLAYER Emilio100 and cancelled false.
[April 24, 2026 02:58:53.035AM UTC]  EntityDamageByEntityEvent was triggered by damaged PLAYER Emilio100, damager ARROW Arrow and cancelled false.
[April 24, 2026 02:58:53.286AM UTC]  EntityDamageByEntityEvent was triggered by damaged PLAYER Emilio100, damager ARROW Arrow and cancelled false.
[April 24, 2026 02:58:53.385AM UTC]  EntityDamageByEntityEvent was triggered by damaged BOGGED Bogged, damager ARROW Arrow and cancelled false.
[April 24, 2026 02:58:53.904AM UTC]  EntityDamageByEntityEvent was triggered by damaged BOGGED Bogged, damager PLAYER Emilio100 and cancelled false.
[April 24, 2026 02:58:56.908AM UTC]  EntityDamageByEntityEvent was triggered by damaged PIG Pig, damager PLAYER julioyutuve2 and cancelled false.
[April 24, 2026 02:58:57.635AM UTC]  EntityDamageByEntityEvent was triggered by damaged PLAYER Emilio100, damager ARROW Arrow and cancelled false.
[April 24, 2026 02:58:57.936AM UTC]  EntityDamageByEntityEvent was triggered by damaged PLAYER Emilio100, damager ARROW Arrow and cancelled false.
[April 24, 2026 02:59:02.139AM UTC]  EntityDamageByEntityEvent was triggered by damaged PLAYER Emilio100, damager ARROW Arrow and cancelled false.
[April 24, 2026 02:59:03.888AM UTC]  EntityDamageByEntityEvent was triggered by damaged BOGGED Bogged, damager PLAYER Emilio100 and cancelled false.
[April 24, 2026 02:59:06.636AM UTC]  EntityDamageByEntityEvent was triggered by damaged PLAYER Emilio100, damager ARROW Arrow and cancelled false.
[April 24, 2026 02:59:06.937AM UTC]  EntityDamageByEntityEvent was triggered by damaged PLAYER Emilio100, damager ARROW Arrow and cancelled false.
[April 24, 2026 02:59:07.987AM UTC]  EntityDamageByEntityEvent was triggered by damaged BOGGED Bogged, damager PLAYER Emilio100 and cancelled false.
[April 24, 2026 02:59:11.386AM UTC]  EntityDamageByEntityEvent was triggered by damaged PLAYER Emilio100, damager ARROW Arrow and cancelled false.
[April 24, 2026 02:59:12.487AM UTC]  EntityDamageByEntityEvent was triggered by damaged BOGGED Bogged, damager PLAYER Emilio100 and cancelled false.
[April 24, 2026 02:59:40.191AM UTC]  PlayerPreTagEvent was triggered on zocratesxp by Akukis with type PLAYER, reason ATTACKER, and cancelled false.
[April 24, 2026 02:59:40.193AM UTC]  PlayerTagEvent was triggered on zocratesxp by Akukis with type PLAYER and reason ATTACKER.
[April 24, 2026 02:59:40.203AM UTC]  PlayerPreTagEvent was triggered on Akukis by zocratesxp with type PLAYER, reason ATTACKED, and cancelled false.
[April 24, 2026 02:59:40.203AM UTC]  PlayerTagEvent was triggered on Akukis by zocratesxp with type PLAYER and reason ATTACKED.
[April 24, 2026 02:59:40.204AM UTC]  EntityDamageByEntityEvent was triggered by damaged PLAYER Akukis, damager PLAYER zocratesxp and cancelled false.
[April 24, 2026 02:59:41.093AM UTC]  PlayerPreTagEvent was triggered on zocratesxp by Akukis with type PLAYER, reason ATTACKER, and cancelled false.
[April 24, 2026 02:59:41.094AM UTC]  PlayerReTagEvent was triggered on zocratesxp by Akukis with type PLAYER and reason ATTACKER.
[April 24, 2026 02:59:41.095AM UTC]  PlayerPreTagEvent was triggered on Akukis by zocratesxp with type PLAYER, reason ATTACKED, and cancelled false.
[April 24, 2026 02:59:41.095AM UTC]  PlayerReTagEvent was triggered on Akukis by zocratesxp with type PLAYER and reason ATTACKED.
[April 24, 2026 02:59:41.095AM UTC]  EntityDamageByEntityEvent was triggered by damaged PLAYER Akukis, damager PLAYER zocratesxp and cancelled false.
[April 24, 2026 02:59:41.637AM UTC]  PlayerPreTagEvent was triggered on zocratesxp by Akukis with type PLAYER, reason ATTACKER, and cancelled false.
[April 24, 2026 02:59:41.637AM UTC]  PlayerReTagEvent was triggered on zocratesxp by Akukis with type PLAYER and reason ATTACKER.
[April 24, 2026 02:59:41.638AM UTC]  PlayerPreTagEvent was triggered on Akukis by zocratesxp with type PLAYER, reason ATTACKED, and cancelled false.
[April 24, 2026 02:59:41.638AM UTC]  PlayerReTagEvent was triggered on Akukis by zocratesxp with type PLAYER and reason ATTACKED.
[April 24, 2026 02:59:41.638AM UTC]  EntityDamageByEntityEvent was triggered by damaged PLAYER Akukis, damager PLAYER zocratesxp and cancelled false.
[April 24, 2026 02:59:42.004AM UTC]  PlayerPreTagEvent was triggered on Akukis by zocratesxp with type PLAYER, reason ATTACKER, and cancelled false.
[April 24, 2026 02:59:42.005AM UTC]  PlayerReTagEvent was triggered on Akukis by zocratesxp with type PLAYER and reason ATTACKER.
[April 24, 2026 02:59:42.005AM UTC]  PlayerPreTagEvent was triggered on zocratesxp by Akukis with type PLAYER, reason ATTACKED, and cancelled false.
[April 24, 2026 02:59:42.005AM UTC]  PlayerReTagEvent was triggered on zocratesxp by Akukis with type PLAYER and reason ATTACKED.
[April 24, 2026 02:59:42.005AM UTC]  EntityDamageByEntityEvent was triggered by damaged PLAYER zocratesxp, damager PLAYER Akukis and cancelled false.
[April 24, 2026 02:59:42.887AM UTC]  PlayerPreTagEvent was triggered on zocratesxp by Akukis with type PLAYER, reason ATTACKER, and cancelled false.
[April 24, 2026 02:59:42.888AM UTC]  PlayerReTagEvent was triggered on zocratesxp by Akukis with type PLAYER and reason ATTACKER.
[April 24, 2026 02:59:42.888AM UTC]  PlayerPreTagEvent was triggered on Akukis by zocratesxp with type PLAYER, reason ATTACKED, and cancelled false.
[April 24, 2026 02:59:42.888AM UTC]  PlayerReTagEvent was triggered on Akukis by zocratesxp with type PLAYER and reason ATTACKED.
[April 24, 2026 02:59:42.889AM UTC]  EntityDamageByEntityEvent was triggered by damaged PLAYER Akukis, damager PLAYER zocratesxp and cancelled false.
[April 24, 2026 02:59:42.897AM UTC]  PlayerPunishEvent was triggered on zocratesxp with reason ENEMY_DEATH and cancelled true.
[April 24, 2026 02:59:42.898AM UTC]  PlayerUntagEvent was triggered on zocratesxp with reason ENEMY_DEATH and expire set to true.
[April 24, 2026 02:59:42.899AM UTC]  PlayerPunishEvent was triggered on Akukis with reason SELF_DEATH and cancelled true.
[April 24, 2026 02:59:42.899AM UTC]  PlayerUntagEvent was triggered on Akukis with reason SELF_DEATH and expire set to true.
[April 24, 2026 02:59:52.440AM UTC]  EntityDamageByEntityEvent was triggered by damaged PLAYER Emilio100, damager ARROW Arrow and cancelled false.
[April 24, 2026 02:59:57.851AM UTC]  EntityDamageByEntityEvent was triggered by damaged HORSE Horse, damager PLAYER aqhez_ and cancelled false.
[April 24, 2026 02:59:58.446AM UTC]  EntityDamageByEntityEvent was triggered by damaged HORSE Horse, damager PLAYER aqhez_ and cancelled false.
[April 24, 2026 02:59:59.748AM UTC]  EntityDamageByEntityEvent was triggered by damaged HORSE Horse, damager PLAYER aqhez_ and cancelled false.
[April 24, 2026 03:00:12.605AM UTC]  PlayerPreTagEvent was triggered on Akukis by zocratesxp with type PLAYER, reason ATTACKER, and cancelled false.
[April 24, 2026 03:00:12.605AM UTC]  PlayerTagEvent was triggered on Akukis by zocratesxp with type PLAYER and reason ATTACKER.
[April 24, 2026 03:00:12.606AM UTC]  PlayerPreTagEvent was triggered on zocratesxp by Akukis with type PLAYER, reason ATTACKED, and cancelled false.
[April 24, 2026 03:00:12.606AM UTC]  PlayerTagEvent was triggered on zocratesxp by Akukis with type PLAYER and reason ATTACKED.
[April 24, 2026 03:00:12.607AM UTC]  EntityDamageByEntityEvent was triggered by damaged PLAYER zocratesxp, damager PLAYER Akukis and cancelled false.
[April 24, 2026 03:00:12.737AM UTC]  PlayerPreTagEvent was triggered on zocratesxp by Akukis with type PLAYER, reason ATTACKER, and cancelled false.
[April 24, 2026 03:00:12.737AM UTC]  PlayerReTagEvent was triggered on zocratesxp by Akukis with type PLAYER and reason ATTACKER.
[April 24, 2026 03:00:12.737AM UTC]  PlayerPreTagEvent was triggered on Akukis by zocratesxp with type PLAYER, reason ATTACKED, and cancelled false.
[April 24, 2026 03:00:12.737AM UTC]  PlayerReTagEvent was triggered on Akukis by zocratesxp with type PLAYER and reason ATTACKED.
[April 24, 2026 03:00:12.738AM UTC]  EntityDamageByEntityEvent was triggered by damaged PLAYER Akukis, damager PLAYER zocratesxp and cancelled false.
[April 24, 2026 03:00:13.291AM UTC]  PlayerPreTagEvent was triggered on zocratesxp by Akukis with type PLAYER, reason ATTACKER, and cancelled false.
[April 24, 2026 03:00:13.291AM UTC]  PlayerReTagEvent was triggered on zocratesxp by Akukis with type PLAYER and reason ATTACKER.
[April 24, 2026 03:00:13.291AM UTC]  PlayerPreTagEvent was triggered on Akukis by zocratesxp with type PLAYER, reason ATTACKED, and cancelled false.
[April 24, 2026 03:00:13.291AM UTC]  PlayerReTagEvent was triggered on Akukis by zocratesxp with type PLAYER and reason ATTACKED.
[April 24, 2026 03:00:13.292AM UTC]  EntityDamageByEntityEvent was triggered by damaged PLAYER Akukis, damager PLAYER zocratesxp and cancelled false.
[April 24, 2026 03:00:14.438AM UTC]  PlayerPreTagEvent was triggered on zocratesxp by Akukis with type PLAYER, reason ATTACKER, and cancelled false.
[April 24, 2026 03:00:14.439AM UTC]  PlayerReTagEvent was triggered on zocratesxp by Akukis with type PLAYER and reason ATTACKER.
[April 24, 2026 03:00:14.439AM UTC]  PlayerPreTagEvent was triggered on Akukis by zocratesxp with type PLAYER, reason ATTACKED, and cancelled false.
[April 24, 2026 03:00:14.439AM UTC]  PlayerReTagEvent was triggered on Akukis by zocratesxp with type PLAYER and reason ATTACKED.
[April 24, 2026 03:00:14.439AM UTC]  EntityDamageByEntityEvent was triggered by damaged PLAYER Akukis, damager PLAYER zocratesxp and cancelled false.
[April 24, 2026 03:00:14.553AM UTC]  PlayerPreTagEvent was triggered on Akukis by zocratesxp with type PLAYER, reason ATTACKER, and cancelled false.
[April 24, 2026 03:00:14.553AM UTC]  PlayerReTagEvent was triggered on Akukis by zocratesxp with type PLAYER and reason ATTACKER.
[April 24, 2026 03:00:14.554AM UTC]  PlayerPreTagEvent was triggered on zocratesxp by Akukis with type PLAYER, reason ATTACKED, and cancelled false.
[April 24, 2026 03:00:14.554AM UTC]  PlayerReTagEvent was triggered on zocratesxp by Akukis with type PLAYER and reason ATTACKED.
[April 24, 2026 03:00:14.554AM UTC]  EntityDamageByEntityEvent was triggered by damaged PLAYER zocratesxp, damager PLAYER Akukis and cancelled false.
[April 24, 2026 03:00:16.289AM UTC]  PlayerPreTagEvent was triggered on zocratesxp by Akukis with type PLAYER, reason ATTACKER, and cancelled false.
[April 24, 2026 03:00:16.289AM UTC]  PlayerReTagEvent was triggered on zocratesxp by Akukis with type PLAYER and reason ATTACKER.
[April 24, 2026 03:00:16.289AM UTC]  PlayerPreTagEvent was triggered on Akukis by zocratesxp with type PLAYER, reason ATTACKED, and cancelled false.
[April 24, 2026 03:00:16.289AM UTC]  PlayerReTagEvent was triggered on Akukis by zocratesxp with type PLAYER and reason ATTACKED.
[April 24, 2026 03:00:16.290AM UTC]  EntityDamageByEntityEvent was triggered by damaged PLAYER Akukis, damager PLAYER zocratesxp and cancelled false.
[April 24, 2026 03:00:16.455AM UTC]  PlayerPreTagEvent was triggered on Akukis by zocratesxp with type PLAYER, reason ATTACKER, and cancelled false.
[April 24, 2026 03:00:16.456AM UTC]  PlayerReTagEvent was triggered on Akukis by zocratesxp with type PLAYER and reason ATTACKER.
[April 24, 2026 03:00:16.456AM UTC]  PlayerPreTagEvent was triggered on zocratesxp by Akukis with type PLAYER, reason ATTACKED, and cancelled false.
[April 24, 2026 03:00:16.456AM UTC]  PlayerReTagEvent was triggered on zocratesxp by Akukis with type PLAYER and reason ATTACKED.
[April 24, 2026 03:00:16.456AM UTC]  EntityDamageByEntityEvent was triggered by damaged PLAYER zocratesxp, damager PLAYER Akukis and cancelled false.
[April 24, 2026 03:00:17.589AM UTC]  PlayerPreTagEvent was triggered on zocratesxp by Akukis with type PLAYER, reason ATTACKER, and cancelled false.
[April 24, 2026 03:00:17.590AM UTC]  PlayerReTagEvent was triggered on zocratesxp by Akukis with type PLAYER and reason ATTACKER.
[April 24, 2026 03:00:17.590AM UTC]  PlayerPreTagEvent was triggered on Akukis by zocratesxp with type PLAYER, reason ATTACKED, and cancelled false.
[April 24, 2026 03:00:17.590AM UTC]  PlayerReTagEvent was triggered on Akukis by zocratesxp with type PLAYER and reason ATTACKED.
[April 24, 2026 03:00:17.590AM UTC]  EntityDamageByEntityEvent was triggered by damaged PLAYER Akukis, damager PLAYER zocratesxp and cancelled false.
[April 24, 2026 03:00:17.594AM UTC]  PlayerPunishEvent was triggered on zocratesxp with reason ENEMY_DEATH and cancelled true.
[April 24, 2026 03:00:17.594AM UTC]  PlayerUntagEvent was triggered on zocratesxp with reason ENEMY_DEATH and expire set to true.
[April 24, 2026 03:00:17.594AM UTC]  PlayerPunishEvent was triggered on Akukis with reason SELF_DEATH and cancelled true.
[April 24, 2026 03:00:17.594AM UTC]  PlayerUntagEvent was triggered on Akukis with reason SELF_DEATH and expire set to true.
[April 24, 2026 03:00:20.811AM UTC]  EntityDamageByEntityEvent was triggered by damaged HORSE Horse, damager PLAYER bnx_xz and cancelled false.
[April 24, 2026 03:00:22.009AM UTC]  EntityDamageByEntityEvent was triggered by damaged HORSE Horse, damager PLAYER bnx_xz and cancelled false.
[April 24, 2026 03:00:23.963AM UTC]  EntityDamageByEntityEvent was triggered by damaged HORSE Horse, damager PLAYER bnx_xz and cancelled false.
[April 24, 2026 03:00:24.606AM UTC]  EntityDamageByEntityEvent was triggered by damaged HORSE Horse, damager PLAYER bnx_xz and cancelled false.
[April 24, 2026 03:00:46.843AM UTC]  EntityDamageByEntityEvent was triggered by damaged SHEEP Sheep, damager PLAYER zocratesxp and cancelled false.
[April 24, 2026 03:00:47.442AM UTC]  EntityDamageByEntityEvent was triggered by damaged SHEEP Sheep, damager PLAYER zocratesxp and cancelled false.
[April 24, 2026 03:00:50.838AM UTC]  EntityDamageByEntityEvent was triggered by damaged SHEEP Sheep, damager PLAYER zocratesxp and cancelled false.
[April 24, 2026 03:00:51.441AM UTC]  EntityDamageByEntityEvent was triggered by damaged SHEEP Sheep, damager PLAYER zocratesxp and cancelled false.
[April 24, 2026 03:00:53.644AM UTC]  EntityDamageByEntityEvent was triggered by damaged PIG Pig, damager PLAYER zocratesxp and cancelled false.
[April 24, 2026 03:00:54.187AM UTC]  EntityDamageByEntityEvent was triggered by damaged PIG Pig, damager PLAYER zocratesxp and cancelled false.
[April 24, 2026 03:00:54.742AM UTC]  EntityDamageByEntityEvent was triggered by damaged PIG Pig, damager PLAYER zocratesxp and cancelled false.
[April 24, 2026 03:01:03.853AM UTC]  PlayerPreTagEvent was triggered on bnx_xz by zocratesxp with type PLAYER, reason ATTACKER, and cancelled false.
[April 24, 2026 03:01:03.854AM UTC]  PlayerTagEvent was triggered on bnx_xz by zocratesxp with type PLAYER and reason ATTACKER.
[April 24, 2026 03:01:03.854AM UTC]  PlayerPreTagEvent was triggered on zocratesxp by bnx_xz with type PLAYER, reason ATTACKED, and cancelled false.
[April 24, 2026 03:01:03.855AM UTC]  PlayerTagEvent was triggered on zocratesxp by bnx_xz with type PLAYER and reason ATTACKED.
[April 24, 2026 03:01:03.855AM UTC]  EntityDamageByEntityEvent was triggered by damaged PLAYER zocratesxp, damager PLAYER bnx_xz and cancelled false.
[April 24, 2026 03:01:24.173AM UTC]  PlayerPunishEvent was triggered on zocratesxp with reason EXPIRE and cancelled true.
[April 24, 2026 03:01:24.173AM UTC]  PlayerUntagEvent was triggered on zocratesxp with reason EXPIRE and expire set to true.
[April 24, 2026 03:01:24.174AM UTC]  PlayerPunishEvent was triggered on bnx_xz with reason EXPIRE and cancelled true.
[April 24, 2026 03:01:24.174AM UTC]  PlayerUntagEvent was triggered on bnx_xz with reason EXPIRE and expire set to true.
[April 24, 2026 03:01:29.215AM UTC]  EntityDamageByEntityEvent was triggered by damaged IRON_GOLEM Iron Golem, damager PLAYER ElotakuN14 and cancelled false.
[April 24, 2026 03:01:32.509AM UTC]  EntityDamageByEntityEvent was triggered by damaged IRON_GOLEM Iron Golem, damager PLAYER ElotakuN14 and cancelled false.
[April 24, 2026 03:01:33.854AM UTC]  EntityDamageByEntityEvent was triggered by damaged IRON_GOLEM Iron Golem, damager PLAYER ElotakuN14 and cancelled false.
[April 24, 2026 03:01:34.960AM UTC]  EntityDamageByEntityEvent was triggered by damaged IRON_GOLEM Iron Golem, damager PLAYER ElotakuN14 and cancelled false.
[April 24, 2026 03:01:36.206AM UTC]  EntityDamageByEntityEvent was triggered by damaged IRON_GOLEM Iron Golem, damager PLAYER ElotakuN14 and cancelled false.
[April 24, 2026 03:01:38.609AM UTC]  EntityDamageByEntityEvent was triggered by damaged IRON_GOLEM Iron Golem, damager PLAYER ElotakuN14 and cancelled false.
[April 24, 2026 03:01:39.758AM UTC]  EntityDamageByEntityEvent was triggered by damaged IRON_GOLEM Iron Golem, damager PLAYER ElotakuN14 and cancelled false.
[April 24, 2026 03:01:41.958AM UTC]  EntityDamageByEntityEvent was triggered by damaged IRON_GOLEM Iron Golem, damager PLAYER ElotakuN14 and cancelled false.
[April 24, 2026 03:01:42.908AM UTC]  EntityDamageByEntityEvent was triggered by damaged IRON_GOLEM Iron Golem, damager PLAYER ElotakuN14 and cancelled false.
[April 24, 2026 03:01:43.959AM UTC]  EntityDamageByEntityEvent was triggered by damaged IRON_GOLEM Iron Golem, damager PLAYER ElotakuN14 and cancelled false.
[April 24, 2026 03:01:57.786AM UTC]  PlayerPreTagEvent was triggered on ElotakuN14 by Algorth with type PLAYER, reason ATTACKER, and cancelled false.
[April 24, 2026 03:01:57.787AM UTC]  PlayerTagEvent was triggered on ElotakuN14 by Algorth with type PLAYER and reason ATTACKER.
[April 24, 2026 03:01:57.788AM UTC]  PlayerPreTagEvent was triggered on Algorth by ElotakuN14 with type PLAYER, reason ATTACKED, and cancelled false.
[April 24, 2026 03:01:57.788AM UTC]  PlayerTagEvent was triggered on Algorth by ElotakuN14 with type PLAYER and reason ATTACKED.
[April 24, 2026 03:01:57.788AM UTC]  EntityDamageByEntityEvent was triggered by damaged PLAYER Algorth, damager PLAYER ElotakuN14 and cancelled false.
[April 24, 2026 03:01:58.038AM UTC]  EntityDamageByEntityEvent was triggered by damaged SHEEP Sheep, damager PLAYER Mrjorge0124 and cancelled false.
[April 24, 2026 03:01:58.988AM UTC]  PlayerPreTagEvent was triggered on ElotakuN14 by Algorth with type PLAYER, reason ATTACKER, and cancelled false.
[April 24, 2026 03:01:58.989AM UTC]  PlayerReTagEvent was triggered on ElotakuN14 by Algorth with type PLAYER and reason ATTACKER.
[April 24, 2026 03:01:58.989AM UTC]  PlayerPreTagEvent was triggered on Algorth by ElotakuN14 with type PLAYER, reason ATTACKED, and cancelled false.
[April 24, 2026 03:01:58.989AM UTC]  PlayerReTagEvent was triggered on Algorth by ElotakuN14 with type PLAYER and reason ATTACKED.
[April 24, 2026 03:01:58.990AM UTC]  EntityDamageByEntityEvent was triggered by damaged PLAYER Algorth, damager PLAYER ElotakuN14 and cancelled false.
[April 24, 2026 03:01:58.993AM UTC]  PlayerPunishEvent was triggered on ElotakuN14 with reason ENEMY_DEATH and cancelled true.
[April 24, 2026 03:01:58.993AM UTC]  PlayerUntagEvent was triggered on ElotakuN14 with reason ENEMY_DEATH and expire set to true.
[April 24, 2026 03:01:58.993AM UTC]  PlayerPunishEvent was triggered on Algorth with reason SELF_DEATH and cancelled true.
[April 24, 2026 03:01:58.994AM UTC]  PlayerUntagEvent was triggered on Algorth with reason SELF_DEATH and expire set to true.
[April 24, 2026 03:02:00.517AM UTC]  EntityDamageByEntityEvent was triggered by damaged SHEEP Sheep, damager PLAYER Mrjorge0124 and cancelled false.
[April 24, 2026 03:02:02.653AM UTC]  EntityDamageByEntityEvent was triggered by damaged SHEEP Sheep, damager PLAYER Mrjorge0124 and cancelled false.
[April 24, 2026 03:02:03.350AM UTC]  EntityDamageByEntityEvent was triggered by damaged SHEEP Sheep, damager PLAYER Mrjorge0124 and cancelled false.
[April 24, 2026 03:02:07.693AM UTC]  EntityDamageByEntityEvent was triggered by damaged SHEEP Sheep, damager PLAYER Mrjorge0124 and cancelled false.
[April 24, 2026 03:02:08.864AM UTC]  EntityDamageByEntityEvent was triggered by damaged SHEEP Sheep, damager PLAYER Mrjorge0124 and cancelled false.
[April 24, 2026 03:02:09.497AM UTC]  EntityDamageByEntityEvent was triggered by damaged PIG Pig, damager PLAYER aqhez_ and cancelled false.
[April 24, 2026 03:02:12.399AM UTC]  EntityDamageByEntityEvent was triggered by damaged SHEEP Sheep, damager PLAYER Mrjorge0124 and cancelled false.
[April 24, 2026 03:02:12.965AM UTC]  EntityDamageByEntityEvent was triggered by damaged SHEEP Sheep, damager PLAYER Mrjorge0124 and cancelled false.
[April 24, 2026 03:02:17.595AM UTC]  PlayerPreTagEvent was triggered on Algorth by ElotakuN14 with type PLAYER, reason ATTACKER, and cancelled false.
[April 24, 2026 03:02:17.597AM UTC]  PlayerTagEvent was triggered on Algorth by ElotakuN14 with type PLAYER and reason ATTACKER.
[April 24, 2026 03:02:17.599AM UTC]  PlayerPreTagEvent was triggered on ElotakuN14 by Algorth with type PLAYER, reason ATTACKED, and cancelled false.
[April 24, 2026 03:02:17.600AM UTC]  PlayerTagEvent was triggered on ElotakuN14 by Algorth with type PLAYER and reason ATTACKED.
[April 24, 2026 03:02:17.601AM UTC]  EntityDamageByEntityEvent was triggered by damaged PLAYER ElotakuN14, damager PLAYER Algorth and cancelled false.
[April 24, 2026 03:02:18.198AM UTC]  PlayerPreTagEvent was triggered on Algorth by ElotakuN14 with type PLAYER, reason ATTACKER, and cancelled false.
[April 24, 2026 03:02:18.199AM UTC]  PlayerReTagEvent was triggered on Algorth by ElotakuN14 with type PLAYER and reason ATTACKER.
[April 24, 2026 03:02:18.199AM UTC]  PlayerPreTagEvent was triggered on ElotakuN14 by Algorth with type PLAYER, reason ATTACKED, and cancelled false.
[April 24, 2026 03:02:18.199AM UTC]  PlayerReTagEvent was triggered on ElotakuN14 by Algorth with type PLAYER and reason ATTACKED.
[April 24, 2026 03:02:18.199AM UTC]  EntityDamageByEntityEvent was triggered by damaged PLAYER ElotakuN14, damager PLAYER Algorth and cancelled false.
[April 24, 2026 03:02:18.589AM UTC]  PlayerPreTagEvent was triggered on ElotakuN14 by Algorth with type PLAYER, reason ATTACKER, and cancelled false.
[April 24, 2026 03:02:18.590AM UTC]  PlayerReTagEvent was triggered on ElotakuN14 by Algorth with type PLAYER and reason ATTACKER.
[April 24, 2026 03:02:18.590AM UTC]  PlayerPreTagEvent was triggered on Algorth by ElotakuN14 with type PLAYER, reason ATTACKED, and cancelled false.
[April 24, 2026 03:02:18.590AM UTC]  PlayerReTagEvent was triggered on Algorth by ElotakuN14 with type PLAYER and reason ATTACKED.
[April 24, 2026 03:02:18.590AM UTC]  EntityDamageByEntityEvent was triggered by damaged PLAYER Algorth, damager PLAYER ElotakuN14 and cancelled false.
[April 24, 2026 03:02:18.741AM UTC]  PlayerPreTagEvent was triggered on Algorth by ElotakuN14 with type PLAYER, reason ATTACKER, and cancelled false.
[April 24, 2026 03:02:18.742AM UTC]  PlayerReTagEvent was triggered on Algorth by ElotakuN14 with type PLAYER and reason ATTACKER.
[April 24, 2026 03:02:18.742AM UTC]  PlayerPreTagEvent was triggered on ElotakuN14 by Algorth with type PLAYER, reason ATTACKED, and cancelled false.
[April 24, 2026 03:02:18.742AM UTC]  PlayerReTagEvent was triggered on ElotakuN14 by Algorth with type PLAYER and reason ATTACKED.
[April 24, 2026 03:02:18.742AM UTC]  EntityDamageByEntityEvent was triggered by damaged PLAYER ElotakuN14, damager PLAYER Algorth and cancelled false.
[April 24, 2026 03:02:19.169AM UTC]  PlayerPreTagEvent was triggered on ElotakuN14 by Algorth with type PLAYER, reason ATTACKER, and cancelled false.
[April 24, 2026 03:02:19.169AM UTC]  PlayerReTagEvent was triggered on ElotakuN14 by Algorth with type PLAYER and reason ATTACKER.
[April 24, 2026 03:02:19.169AM UTC]  PlayerPreTagEvent was triggered on Algorth by ElotakuN14 with type PLAYER, reason ATTACKED, and cancelled false.
[April 24, 2026 03:02:19.169AM UTC]  PlayerReTagEvent was triggered on Algorth by ElotakuN14 with type PLAYER and reason ATTACKED.
[April 24, 2026 03:02:19.170AM UTC]  EntityDamageByEntityEvent was triggered by damaged PLAYER Algorth, damager PLAYER ElotakuN14 and cancelled false.
[April 24, 2026 03:02:19.218AM UTC]  EntityDamageByEntityEvent was triggered by damaged PIG Pig, damager PLAYER Mrjorge0124 and cancelled false.
[April 24, 2026 03:02:19.690AM UTC]  PlayerPreTagEvent was triggered on ElotakuN14 by Algorth with type PLAYER, reason ATTACKER, and cancelled false.
[April 24, 2026 03:02:19.691AM UTC]  PlayerReTagEvent was triggered on ElotakuN14 by Algorth with type PLAYER and reason ATTACKER.
[April 24, 2026 03:02:19.691AM UTC]  PlayerPreTagEvent was triggered on Algorth by ElotakuN14 with type PLAYER, reason ATTACKED, and cancelled false.
[April 24, 2026 03:02:19.691AM UTC]  PlayerReTagEvent was triggered on Algorth by ElotakuN14 with type PLAYER and reason ATTACKED.
[April 24, 2026 03:02:19.691AM UTC]  EntityDamageByEntityEvent was triggered by damaged PLAYER Algorth, damager PLAYER ElotakuN14 and cancelled false.
[April 24, 2026 03:02:19.862AM UTC]  EntityDamageByEntityEvent was triggered by damaged PIG Pig, damager PLAYER Mrjorge0124 and cancelled false.
[April 24, 2026 03:02:20.315AM UTC]  PlayerPreTagEvent was triggered on ElotakuN14 by Algorth with type PLAYER, reason ATTACKER, and cancelled false.
[April 24, 2026 03:02:20.315AM UTC]  PlayerReTagEvent was triggered on ElotakuN14 by Algorth with type PLAYER and reason ATTACKER.
[April 24, 2026 03:02:20.315AM UTC]  PlayerPreTagEvent was triggered on Algorth by ElotakuN14 with type PLAYER, reason ATTACKED, and cancelled false.
[April 24, 2026 03:02:20.316AM UTC]  PlayerReTagEvent was triggered on Algorth by ElotakuN14 with type PLAYER and reason ATTACKED.
[April 24, 2026 03:02:20.316AM UTC]  EntityDamageByEntityEvent was triggered by damaged PLAYER Algorth, damager PLAYER ElotakuN14 and cancelled false.
[April 24, 2026 03:02:20.316AM UTC]  PlayerPreTagEvent was triggered on ElotakuN14 by Akukis with type PLAYER, reason ATTACKER, and cancelled false.
[April 24, 2026 03:02:20.316AM UTC]  PlayerReTagEvent was triggered on ElotakuN14 by Akukis with type PLAYER and reason ATTACKER.
[April 24, 2026 03:02:20.317AM UTC]  PlayerPreTagEvent was triggered on Akukis by ElotakuN14 with type PLAYER, reason ATTACKED, and cancelled false.
[April 24, 2026 03:02:20.317AM UTC]  PlayerTagEvent was triggered on Akukis by ElotakuN14 with type PLAYER and reason ATTACKED.
[April 24, 2026 03:02:20.317AM UTC]  EntityDamageByEntityEvent was triggered by damaged PLAYER Akukis, damager PLAYER ElotakuN14 and cancelled false.
[April 24, 2026 03:02:20.604AM UTC]  PlayerPreTagEvent was triggered on Akukis by ElotakuN14 with type PLAYER, reason ATTACKER, and cancelled false.
[April 24, 2026 03:02:20.604AM UTC]  PlayerReTagEvent was triggered on Akukis by ElotakuN14 with type PLAYER and reason ATTACKER.
[April 24, 2026 03:02:20.605AM UTC]  PlayerPreTagEvent was triggered on ElotakuN14 by Akukis with type PLAYER, reason ATTACKED, and cancelled false.
[April 24, 2026 03:02:20.605AM UTC]  PlayerReTagEvent was triggered on ElotakuN14 by Akukis with type PLAYER and reason ATTACKED.
[April 24, 2026 03:02:20.605AM UTC]  EntityDamageByEntityEvent was triggered by damaged PLAYER ElotakuN14, damager PLAYER Akukis and cancelled false.
[April 24, 2026 03:02:20.909AM UTC]  PlayerPreTagEvent was triggered on ElotakuN14 by Akukis with type PLAYER, reason ATTACKER, and cancelled false.
[April 24, 2026 03:02:20.909AM UTC]  PlayerReTagEvent was triggered on ElotakuN14 by Akukis with type PLAYER and reason ATTACKER.
[April 24, 2026 03:02:20.909AM UTC]  PlayerPreTagEvent was triggered on Akukis by ElotakuN14 with type PLAYER, reason ATTACKED, and cancelled false.
[April 24, 2026 03:02:20.909AM UTC]  PlayerReTagEvent was triggered on Akukis by ElotakuN14 with type PLAYER and reason ATTACKED.
[April 24, 2026 03:02:20.910AM UTC]  EntityDamageByEntityEvent was triggered by damaged PLAYER Akukis, damager PLAYER ElotakuN14 and cancelled false.
[April 24, 2026 03:02:21.206AM UTC]  PlayerPreTagEvent was triggered on Akukis by ElotakuN14 with type PLAYER, reason ATTACKER, and cancelled false.
[April 24, 2026 03:02:21.206AM UTC]  PlayerReTagEvent was triggered on Akukis by ElotakuN14 with type PLAYER and reason ATTACKER.
[April 24, 2026 03:02:21.207AM UTC]  PlayerPreTagEvent was triggered on ElotakuN14 by Akukis with type PLAYER, reason ATTACKED, and cancelled false.
[April 24, 2026 03:02:21.207AM UTC]  PlayerReTagEvent was triggered on ElotakuN14 by Akukis with type PLAYER and reason ATTACKED.
[April 24, 2026 03:02:21.207AM UTC]  EntityDamageByEntityEvent was triggered by damaged PLAYER ElotakuN14, damager PLAYER Akukis and cancelled false.
[April 24, 2026 03:02:21.804AM UTC]  PlayerPreTagEvent was triggered on Akukis by ElotakuN14 with type PLAYER, reason ATTACKER, and cancelled false.
[April 24, 2026 03:02:21.804AM UTC]  PlayerReTagEvent was triggered on Akukis by ElotakuN14 with type PLAYER and reason ATTACKER.
[April 24, 2026 03:02:21.804AM UTC]  PlayerPreTagEvent was triggered on ElotakuN14 by Akukis with type PLAYER, reason ATTACKED, and cancelled false.
[April 24, 2026 03:02:21.805AM UTC]  PlayerReTagEvent was triggered on ElotakuN14 by Akukis with type PLAYER and reason ATTACKED.
[April 24, 2026 03:02:21.805AM UTC]  EntityDamageByEntityEvent was triggered by damaged PLAYER ElotakuN14, damager PLAYER Akukis and cancelled false.
[April 24, 2026 03:02:22.404AM UTC]  PlayerPreTagEvent was triggered on Akukis by ElotakuN14 with type PLAYER, reason ATTACKER, and cancelled false.
[April 24, 2026 03:02:22.404AM UTC]  PlayerReTagEvent was triggered on Akukis by ElotakuN14 with type PLAYER and reason ATTACKER.
[April 24, 2026 03:02:22.404AM UTC]  PlayerPreTagEvent was triggered on ElotakuN14 by Akukis with type PLAYER, reason ATTACKED, and cancelled false.
[April 24, 2026 03:02:22.404AM UTC]  PlayerReTagEvent was triggered on ElotakuN14 by Akukis with type PLAYER and reason ATTACKED.
[April 24, 2026 03:02:22.405AM UTC]  EntityDamageByEntityEvent was triggered by damaged PLAYER ElotakuN14, damager PLAYER Akukis and cancelled false.
[April 24, 2026 03:02:22.408AM UTC]  PlayerPunishEvent was triggered on Akukis with reason ENEMY_DEATH and cancelled true.
[April 24, 2026 03:02:22.409AM UTC]  PlayerUntagEvent was triggered on Akukis with reason ENEMY_DEATH and expire set to true.
[April 24, 2026 03:02:22.409AM UTC]  PlayerPunishEvent was triggered on Algorth with reason ENEMY_DEATH and cancelled true.
[April 24, 2026 03:02:22.409AM UTC]  PlayerUntagEvent was triggered on Algorth with reason ENEMY_DEATH and expire set to true.
[April 24, 2026 03:02:22.409AM UTC]  PlayerPunishEvent was triggered on ElotakuN14 with reason SELF_DEATH and cancelled true.
[April 24, 2026 03:02:22.410AM UTC]  PlayerUntagEvent was triggered on ElotakuN14 with reason SELF_DEATH and expire set to true.
[April 24, 2026 03:02:32.453AM UTC]  PlayerPreTagEvent was triggered on ElotakuN14 by srcapiii with type PLAYER, reason ATTACKER, and cancelled false.
[April 24, 2026 03:02:32.453AM UTC]  PlayerTagEvent was triggered on ElotakuN14 by srcapiii with type PLAYER and reason ATTACKER.
[April 24, 2026 03:02:32.454AM UTC]  PlayerPreTagEvent was triggered on srcapiii by ElotakuN14 with type PLAYER, reason ATTACKED, and cancelled false.
[April 24, 2026 03:02:32.454AM UTC]  PlayerTagEvent was triggered on srcapiii by ElotakuN14 with type PLAYER and reason ATTACKED.
[April 24, 2026 03:02:32.454AM UTC]  EntityDamageByEntityEvent was triggered by damaged PLAYER srcapiii, damager PLAYER ElotakuN14 and cancelled false.
[April 24, 2026 03:02:33.003AM UTC]  PlayerPreTagEvent was triggered on ElotakuN14 by srcapiii with type PLAYER, reason ATTACKER, and cancelled false.
[April 24, 2026 03:02:33.003AM UTC]  PlayerReTagEvent was triggered on ElotakuN14 by srcapiii with type PLAYER and reason ATTACKER.
[April 24, 2026 03:02:33.004AM UTC]  PlayerPreTagEvent was triggered on srcapiii by ElotakuN14 with type PLAYER, reason ATTACKED, and cancelled false.
[April 24, 2026 03:02:33.004AM UTC]  PlayerReTagEvent was triggered on srcapiii by ElotakuN14 with type PLAYER and reason ATTACKED.
[April 24, 2026 03:02:33.004AM UTC]  EntityDamageByEntityEvent was triggered by damaged PLAYER srcapiii, damager PLAYER ElotakuN14 and cancelled false.
[April 24, 2026 03:02:33.354AM UTC]  PlayerPreTagEvent was triggered on Akukis by ElotakuN14 with type PLAYER, reason ATTACKER, and cancelled false.
[April 24, 2026 03:02:33.354AM UTC]  PlayerTagEvent was triggered on Akukis by ElotakuN14 with type PLAYER and reason ATTACKER.
[April 24, 2026 03:02:33.355AM UTC]  PlayerPreTagEvent was triggered on ElotakuN14 by Akukis with type PLAYER, reason ATTACKED, and cancelled false.
[April 24, 2026 03:02:33.355AM UTC]  PlayerReTagEvent was triggered on ElotakuN14 by Akukis with type PLAYER and reason ATTACKED.
[April 24, 2026 03:02:33.355AM UTC]  EntityDamageByEntityEvent was triggered by damaged PLAYER ElotakuN14, damager PLAYER Akukis and cancelled false.
[April 24, 2026 03:02:33.906AM UTC]  PlayerPreTagEvent was triggered on Akukis by ElotakuN14 with type PLAYER, reason ATTACKER, and cancelled false.
[April 24, 2026 03:02:33.907AM UTC]  PlayerReTagEvent was triggered on Akukis by ElotakuN14 with type PLAYER and reason ATTACKER.
[April 24, 2026 03:02:33.907AM UTC]  PlayerPreTagEvent was triggered on ElotakuN14 by Akukis with type PLAYER, reason ATTACKED, and cancelled false.
[April 24, 2026 03:02:33.907AM UTC]  PlayerReTagEvent was triggered on ElotakuN14 by Akukis with type PLAYER and reason ATTACKED.
[April 24, 2026 03:02:33.907AM UTC]  EntityDamageByEntityEvent was triggered by damaged PLAYER ElotakuN14, damager PLAYER Akukis and cancelled false.
[April 24, 2026 03:02:34.953AM UTC]  PlayerPreTagEvent was triggered on Akukis by ElotakuN14 with type PLAYER, reason ATTACKER, and cancelled false.
[April 24, 2026 03:02:34.953AM UTC]  PlayerReTagEvent was triggered on Akukis by ElotakuN14 with type PLAYER and reason ATTACKER.
[April 24, 2026 03:02:34.953AM UTC]  PlayerPreTagEvent was triggered on ElotakuN14 by Akukis with type PLAYER, reason ATTACKED, and cancelled false.
[April 24, 2026 03:02:34.954AM UTC]  PlayerReTagEvent was triggered on ElotakuN14 by Akukis with type PLAYER and reason ATTACKED.
[April 24, 2026 03:02:34.954AM UTC]  EntityDamageByEntityEvent was triggered by damaged PLAYER ElotakuN14, damager PLAYER Akukis and cancelled false.
[April 24, 2026 03:02:36.305AM UTC]  PlayerPreTagEvent was triggered on Akukis by ElotakuN14 with type PLAYER, reason ATTACKER, and cancelled false.
[April 24, 2026 03:02:36.305AM UTC]  PlayerReTagEvent was triggered on Akukis by ElotakuN14 with type PLAYER and reason ATTACKER.
[April 24, 2026 03:02:36.306AM UTC]  PlayerPreTagEvent was triggered on ElotakuN14 by Akukis with type PLAYER, reason ATTACKED, and cancelled false.
[April 24, 2026 03:02:36.306AM UTC]  PlayerReTagEvent was triggered on ElotakuN14 by Akukis with type PLAYER and reason ATTACKED.
[April 24, 2026 03:02:36.306AM UTC]  EntityDamageByEntityEvent was triggered by damaged PLAYER ElotakuN14, damager PLAYER Akukis and cancelled false.
[April 24, 2026 03:02:37.255AM UTC]  PlayerPreTagEvent was triggered on Akukis by ElotakuN14 with type PLAYER, reason ATTACKER, and cancelled false.
[April 24, 2026 03:02:37.255AM UTC]  PlayerReTagEvent was triggered on Akukis by ElotakuN14 with type PLAYER and reason ATTACKER.
[April 24, 2026 03:02:37.255AM UTC]  PlayerPreTagEvent was triggered on ElotakuN14 by Akukis with type PLAYER, reason ATTACKED, and cancelled false.
[April 24, 2026 03:02:37.255AM UTC]  PlayerReTagEvent was triggered on ElotakuN14 by Akukis with type PLAYER and reason ATTACKED.
[April 24, 2026 03:02:37.256AM UTC]  EntityDamageByEntityEvent was triggered by damaged PLAYER ElotakuN14, damager PLAYER Akukis and cancelled false.
[April 24, 2026 03:02:37.258AM UTC]  PlayerPunishEvent was triggered on Akukis with reason ENEMY_DEATH and cancelled true.
[April 24, 2026 03:02:37.258AM UTC]  PlayerUntagEvent was triggered on Akukis with reason ENEMY_DEATH and expire set to true.
[April 24, 2026 03:02:37.259AM UTC]  PlayerPunishEvent was triggered on srcapiii with reason ENEMY_DEATH and cancelled true.
[April 24, 2026 03:02:37.259AM UTC]  PlayerUntagEvent was triggered on srcapiii with reason ENEMY_DEATH and expire set to true.
[April 24, 2026 03:02:37.259AM UTC]  PlayerPunishEvent was triggered on ElotakuN14 with reason SELF_DEATH and cancelled true.
[April 24, 2026 03:02:37.259AM UTC]  PlayerUntagEvent was triggered on ElotakuN14 with reason SELF_DEATH and expire set to true.
[April 24, 2026 03:02:58.688AM UTC]  EntityDamageByEntityEvent was triggered by damaged SHEEP Sheep, damager WOLF Wolf and cancelled false.
[April 24, 2026 03:02:59.041AM UTC]  EntityDamageByEntityEvent was triggered by damaged SHEEP Sheep, damager WOLF Wolf and cancelled false.
[April 24, 2026 03:02:59.687AM UTC]  EntityDamageByEntityEvent was triggered by damaged SHEEP Sheep, damager WOLF Wolf and cancelled false.
[April 24, 2026 03:02:59.743AM UTC]  EntityDamageByEntityEvent was triggered by damaged SHEEP Sheep, damager WOLF Wolf and cancelled false.
[April 24, 2026 03:03:00.739AM UTC]  EntityDamageByEntityEvent was triggered by damaged SHEEP Sheep, damager WOLF Wolf and cancelled false.
[April 24, 2026 03:03:01.188AM UTC]  EntityDamageByEntityEvent was triggered by damaged SHEEP Sheep, damager WOLF Wolf and cancelled false.
[April 24, 2026 03:03:01.604AM UTC]  EntityDamageByEntityEvent was triggered by damaged COW Cow, damager PLAYER bnx_xz and cancelled false.
[April 24, 2026 03:03:02.096AM UTC]  EntityDamageByEntityEvent was triggered by damaged SHEEP Sheep, damager WOLF Wolf and cancelled false.
[April 24, 2026 03:03:02.487AM UTC]  EntityDamageByEntityEvent was triggered by damaged SHEEP Sheep, damager WOLF Wolf and cancelled false.
[April 24, 2026 03:03:03.036AM UTC]  EntityDamageByEntityEvent was triggered by damaged SHEEP Sheep, damager WOLF Wolf and cancelled false.
[April 24, 2026 03:03:03.336AM UTC]  EntityDamageByEntityEvent was triggered by damaged SHEEP Sheep, damager WOLF Wolf and cancelled false.
[April 24, 2026 03:03:03.836AM UTC]  EntityDamageByEntityEvent was triggered by damaged SHEEP Sheep, damager WOLF Wolf and cancelled false.
[April 24, 2026 03:03:04.036AM UTC]  EntityDamageByEntityEvent was triggered by damaged SHEEP Sheep, damager WOLF Wolf and cancelled false.
[April 24, 2026 03:03:06.216AM UTC]  EntityDamageByEntityEvent was triggered by damaged COW Cow, damager PLAYER bnx_xz and cancelled false.
[April 24, 2026 03:03:06.301AM UTC]  PlayerPreTagEvent was triggered on aqhez_ by Akukis with type PLAYER, reason ATTACKER, and cancelled false.
[April 24, 2026 03:03:06.301AM UTC]  PlayerTagEvent was triggered on aqhez_ by Akukis with type PLAYER and reason ATTACKER.
[April 24, 2026 03:03:06.304AM UTC]  PlayerPreTagEvent was triggered on Akukis by aqhez_ with type PLAYER, reason ATTACKED, and cancelled false.
[April 24, 2026 03:03:06.304AM UTC]  PlayerTagEvent was triggered on Akukis by aqhez_ with type PLAYER and reason ATTACKED.
[April 24, 2026 03:03:06.305AM UTC]  EntityDamageByEntityEvent was triggered by damaged PLAYER Akukis, damager PLAYER aqhez_ and cancelled false.
[April 24, 2026 03:03:06.895AM UTC]  PlayerPreTagEvent was triggered on aqhez_ by Akukis with type PLAYER, reason ATTACKER, and cancelled false.
[April 24, 2026 03:03:06.895AM UTC]  PlayerReTagEvent was triggered on aqhez_ by Akukis with type PLAYER and reason ATTACKER.
[April 24, 2026 03:03:06.895AM UTC]  PlayerPreTagEvent was triggered on Akukis by aqhez_ with type PLAYER, reason ATTACKED, and cancelled false.
[April 24, 2026 03:03:06.895AM UTC]  PlayerReTagEvent was triggered on Akukis by aqhez_ with type PLAYER and reason ATTACKED.
[April 24, 2026 03:03:06.896AM UTC]  EntityDamageByEntityEvent was triggered by damaged PLAYER Akukis, damager PLAYER aqhez_ and cancelled false.
[April 24, 2026 03:03:08.006AM UTC]  PlayerPreTagEvent was triggered on Akukis by aqhez_ with type PLAYER, reason ATTACKER, and cancelled false.
[April 24, 2026 03:03:08.006AM UTC]  PlayerReTagEvent was triggered on Akukis by aqhez_ with type PLAYER and reason ATTACKER.
[April 24, 2026 03:03:08.006AM UTC]  PlayerPreTagEvent was triggered on aqhez_ by Akukis with type PLAYER, reason ATTACKED, and cancelled false.
[April 24, 2026 03:03:08.006AM UTC]  PlayerReTagEvent was triggered on aqhez_ by Akukis with type PLAYER and reason ATTACKED.
[April 24, 2026 03:03:08.006AM UTC]  EntityDamageByEntityEvent was triggered by damaged PLAYER aqhez_, damager PLAYER Akukis and cancelled false.
[April 24, 2026 03:03:09.504AM UTC]  PlayerPreTagEvent was triggered on Akukis by aqhez_ with type PLAYER, reason ATTACKER, and cancelled false.
[April 24, 2026 03:03:09.504AM UTC]  PlayerReTagEvent was triggered on Akukis by aqhez_ with type PLAYER and reason ATTACKER.
[April 24, 2026 03:03:09.505AM UTC]  PlayerPreTagEvent was triggered on aqhez_ by Akukis with type PLAYER, reason ATTACKED, and cancelled false.
[April 24, 2026 03:03:09.505AM UTC]  PlayerReTagEvent was triggered on aqhez_ by Akukis with type PLAYER and reason ATTACKED.
[April 24, 2026 03:03:09.505AM UTC]  EntityDamageByEntityEvent was triggered by damaged PLAYER aqhez_, damager PLAYER Akukis and cancelled false.
[April 24, 2026 03:03:09.610AM UTC]  PlayerPreTagEvent was triggered on aqhez_ by Akukis with type PLAYER, reason ATTACKER, and cancelled false.
[April 24, 2026 03:03:09.610AM UTC]  PlayerReTagEvent was triggered on aqhez_ by Akukis with type PLAYER and reason ATTACKER.
[April 24, 2026 03:03:09.610AM UTC]  PlayerPreTagEvent was triggered on Akukis by aqhez_ with type PLAYER, reason ATTACKED, and cancelled false.
[April 24, 2026 03:03:09.610AM UTC]  PlayerReTagEvent was triggered on Akukis by aqhez_ with type PLAYER and reason ATTACKED.
[April 24, 2026 03:03:09.611AM UTC]  EntityDamageByEntityEvent was triggered by damaged PLAYER Akukis, damager PLAYER aqhez_ and cancelled false.
[April 24, 2026 03:03:09.618AM UTC]  PlayerPunishEvent was triggered on aqhez_ with reason ENEMY_DEATH and cancelled true.
[April 24, 2026 03:03:09.618AM UTC]  PlayerUntagEvent was triggered on aqhez_ with reason ENEMY_DEATH and expire set to true.
[April 24, 2026 03:03:09.618AM UTC]  PlayerPunishEvent was triggered on Akukis with reason SELF_DEATH and cancelled true.
[April 24, 2026 03:03:09.619AM UTC]  PlayerUntagEvent was triggered on Akukis with reason SELF_DEATH and expire set to true.
[April 24, 2026 03:03:16.139AM UTC]  PlayerPreTagEvent was triggered on Daniel498 by bnx_xz with type PLAYER, reason ATTACKER, and cancelled false.
[April 24, 2026 03:03:16.140AM UTC]  PlayerTagEvent was triggered on Daniel498 by bnx_xz with type PLAYER and reason ATTACKER.
[April 24, 2026 03:03:16.140AM UTC]  PlayerPreTagEvent was triggered on bnx_xz by Daniel498 with type PLAYER, reason ATTACKED, and cancelled false.
[April 24, 2026 03:03:16.140AM UTC]  PlayerTagEvent was triggered on bnx_xz by Daniel498 with type PLAYER and reason ATTACKED.
[April 24, 2026 03:03:16.141AM UTC]  EntityDamageByEntityEvent was triggered by damaged PLAYER bnx_xz, damager PLAYER Daniel498 and cancelled false.
[April 24, 2026 03:03:16.538AM UTC]  EntityDamageByEntityEvent was triggered by damaged HORSE Horse, damager PLAYER bnx_xz and cancelled false.
[April 24, 2026 03:03:22.789AM UTC]  EntityDamageByEntityEvent was triggered by damaged HORSE Horse, damager PLAYER bnx_xz and cancelled false.
[April 24, 2026 03:03:22.942AM UTC]  PlayerPreTagEvent was triggered on bnx_xz by Daniel498 with type PLAYER, reason ATTACKER, and cancelled false.
[April 24, 2026 03:03:22.943AM UTC]  PlayerReTagEvent was triggered on bnx_xz by Daniel498 with type PLAYER and reason ATTACKER.
[April 24, 2026 03:03:22.943AM UTC]  PlayerPreTagEvent was triggered on Daniel498 by bnx_xz with type PLAYER, reason ATTACKED, and cancelled false.
[April 24, 2026 03:03:22.943AM UTC]  PlayerReTagEvent was triggered on Daniel498 by bnx_xz with type PLAYER and reason ATTACKED.
[April 24, 2026 03:03:22.943AM UTC]  EntityDamageByEntityEvent was triggered by damaged PLAYER Daniel498, damager PLAYER bnx_xz and cancelled false.
[April 24, 2026 03:03:25.905AM UTC]  EntityDamageByEntityEvent was triggered by damaged VILLAGER Villager, damager PLAYER Daniel498 and cancelled false.
[April 24, 2026 03:03:27.289AM UTC]  EntityDamageByEntityEvent was triggered by damaged VILLAGER Villager, damager PLAYER bnx_xz and cancelled false.
[April 24, 2026 03:03:27.390AM UTC]  EntityDamageByEntityEvent was triggered by damaged VILLAGER Villager, damager PLAYER bnx_xz and cancelled false.
[April 24, 2026 03:03:28.358AM UTC]  PlayerPreTagEvent was triggered on Akukis by aqhez_ with type PLAYER, reason ATTACKER, and cancelled false.
[April 24, 2026 03:03:28.359AM UTC]  PlayerTagEvent was triggered on Akukis by aqhez_ with type PLAYER and reason ATTACKER.
[April 24, 2026 03:03:28.359AM UTC]  PlayerPreTagEvent was triggered on aqhez_ by Akukis with type PLAYER, reason ATTACKED, and cancelled false.
[April 24, 2026 03:03:28.360AM UTC]  PlayerTagEvent was triggered on aqhez_ by Akukis with type PLAYER and reason ATTACKED.
[April 24, 2026 03:03:28.360AM UTC]  EntityDamageByEntityEvent was triggered by damaged PLAYER aqhez_, damager PLAYER Akukis and cancelled false.
[April 24, 2026 03:03:28.953AM UTC]  PlayerPreTagEvent was triggered on Akukis by aqhez_ with type PLAYER, reason ATTACKER, and cancelled false.
[April 24, 2026 03:03:28.953AM UTC]  PlayerReTagEvent was triggered on Akukis by aqhez_ with type PLAYER and reason ATTACKER.
[April 24, 2026 03:03:28.953AM UTC]  PlayerPreTagEvent was triggered on aqhez_ by Akukis with type PLAYER, reason ATTACKED, and cancelled false.
[April 24, 2026 03:03:28.953AM UTC]  PlayerReTagEvent was triggered on aqhez_ by Akukis with type PLAYER and reason ATTACKED.
[April 24, 2026 03:03:28.954AM UTC]  EntityDamageByEntityEvent was triggered by damaged PLAYER aqhez_, damager PLAYER Akukis and cancelled false.
[April 24, 2026 03:03:29.552AM UTC]  PlayerPreTagEvent was triggered on Akukis by aqhez_ with type PLAYER, reason ATTACKER, and cancelled false.
[April 24, 2026 03:03:29.553AM UTC]  PlayerReTagEvent was triggered on Akukis by aqhez_ with type PLAYER and reason ATTACKER.
[April 24, 2026 03:03:29.553AM UTC]  PlayerPreTagEvent was triggered on aqhez_ by Akukis with type PLAYER, reason ATTACKED, and cancelled false.
[April 24, 2026 03:03:29.553AM UTC]  PlayerReTagEvent was triggered on aqhez_ by Akukis with type PLAYER and reason ATTACKED.
[April 24, 2026 03:03:29.553AM UTC]  EntityDamageByEntityEvent was triggered by damaged PLAYER aqhez_, damager PLAYER Akukis and cancelled false.
[April 24, 2026 03:03:29.565AM UTC]  PlayerPreTagEvent was triggered on Daniel498 by bnx_xz with type PLAYER, reason ATTACKER, and cancelled false.
[April 24, 2026 03:03:29.565AM UTC]  PlayerReTagEvent was triggered on Daniel498 by bnx_xz with type PLAYER and reason ATTACKER.
[April 24, 2026 03:03:29.565AM UTC]  PlayerPreTagEvent was triggered on bnx_xz by Daniel498 with type PLAYER, reason ATTACKED, and cancelled false.
[April 24, 2026 03:03:29.566AM UTC]  PlayerReTagEvent was triggered on bnx_xz by Daniel498 with type PLAYER and reason ATTACKED.
[April 24, 2026 03:03:29.566AM UTC]  EntityDamageByEntityEvent was triggered by damaged PLAYER bnx_xz, damager PLAYER Daniel498 and cancelled false.
[April 24, 2026 03:03:30.593AM UTC]  PlayerPreTagEvent was triggered on srcapiii by aqhez_ with type PLAYER, reason ATTACKER, and cancelled false.
[April 24, 2026 03:03:30.593AM UTC]  PlayerTagEvent was triggered on srcapiii by aqhez_ with type PLAYER and reason ATTACKER.
[April 24, 2026 03:03:30.593AM UTC]  PlayerPreTagEvent was triggered on aqhez_ by srcapiii with type PLAYER, reason ATTACKED, and cancelled false.
[April 24, 2026 03:03:30.594AM UTC]  PlayerReTagEvent was triggered on aqhez_ by srcapiii with type PLAYER and reason ATTACKED.
[April 24, 2026 03:03:30.594AM UTC]  EntityDamageByEntityEvent was triggered by damaged PLAYER aqhez_, damager PLAYER srcapiii and cancelled false.
[April 24, 2026 03:03:30.596AM UTC]  PlayerPunishEvent was triggered on Akukis with reason ENEMY_DEATH and cancelled true.
[April 24, 2026 03:03:30.596AM UTC]  PlayerUntagEvent was triggered on Akukis with reason ENEMY_DEATH and expire set to true.
[April 24, 2026 03:03:30.597AM UTC]  PlayerPunishEvent was triggered on srcapiii with reason ENEMY_DEATH and cancelled true.
[April 24, 2026 03:03:30.597AM UTC]  PlayerUntagEvent was triggered on srcapiii with reason ENEMY_DEATH and expire set to true.
[April 24, 2026 03:03:30.597AM UTC]  PlayerPunishEvent was triggered on aqhez_ with reason SELF_DEATH and cancelled true.
[April 24, 2026 03:03:30.597AM UTC]  PlayerUntagEvent was triggered on aqhez_ with reason SELF_DEATH and expire set to true.
[April 24, 2026 03:03:34.291AM UTC]  PlayerPreTagEvent was triggered on bnx_xz by Daniel498 with type PLAYER, reason ATTACKER, and cancelled false.
[April 24, 2026 03:03:34.291AM UTC]  PlayerReTagEvent was triggered on bnx_xz by Daniel498 with type PLAYER and reason ATTACKER.
[April 24, 2026 03:03:34.291AM UTC]  PlayerPreTagEvent was triggered on Daniel498 by bnx_xz with type PLAYER, reason ATTACKED, and cancelled false.
[April 24, 2026 03:03:34.291AM UTC]  PlayerReTagEvent was triggered on Daniel498 by bnx_xz with type PLAYER and reason ATTACKED.
[April 24, 2026 03:03:34.292AM UTC]  EntityDamageByEntityEvent was triggered by damaged PLAYER Daniel498, damager PLAYER bnx_xz and cancelled false.
[April 24, 2026 03:03:34.294AM UTC]  PlayerPunishEvent was triggered on bnx_xz with reason ENEMY_DEATH and cancelled true.
[April 24, 2026 03:03:34.294AM UTC]  PlayerUntagEvent was triggered on bnx_xz with reason ENEMY_DEATH and expire set to true.
[April 24, 2026 03:03:34.294AM UTC]  PlayerPunishEvent was triggered on Daniel498 with reason SELF_DEATH and cancelled true.
[April 24, 2026 03:03:34.294AM UTC]  PlayerUntagEvent was triggered on Daniel498 with reason SELF_DEATH and expire set to true.
[April 24, 2026 03:04:01.361AM UTC]  PlayerPreTagEvent was triggered on julioyutuve2 by aqhez_ with type PLAYER, reason ATTACKER, and cancelled false.
[April 24, 2026 03:04:01.361AM UTC]  PlayerTagEvent was triggered on julioyutuve2 by aqhez_ with type PLAYER and reason ATTACKER.
[April 24, 2026 03:04:01.362AM UTC]  PlayerPreTagEvent was triggered on aqhez_ by julioyutuve2 with type PLAYER, reason ATTACKED, and cancelled false.
[April 24, 2026 03:04:01.362AM UTC]  PlayerTagEvent was triggered on aqhez_ by julioyutuve2 with type PLAYER and reason ATTACKED.
[April 24, 2026 03:04:01.363AM UTC]  EntityDamageByEntityEvent was triggered by damaged PLAYER aqhez_, damager PLAYER julioyutuve2 and cancelled false.
[April 24, 2026 03:04:21.673AM UTC]  PlayerPunishEvent was triggered on aqhez_ with reason EXPIRE and cancelled true.
[April 24, 2026 03:04:21.673AM UTC]  PlayerUntagEvent was triggered on aqhez_ with reason EXPIRE and expire set to true.
[April 24, 2026 03:04:21.673AM UTC]  PlayerPunishEvent was triggered on julioyutuve2 with reason EXPIRE and cancelled true.
[April 24, 2026 03:04:21.674AM UTC]  PlayerUntagEvent was triggered on julioyutuve2 with reason EXPIRE and expire set to true.
[April 24, 2026 03:04:34.870AM UTC]  PlayerPreTagEvent was triggered on julioyutuve2 by aqhez_ with type PLAYER, reason ATTACKER, and cancelled false.
[April 24, 2026 03:04:34.870AM UTC]  PlayerTagEvent was triggered on julioyutuve2 by aqhez_ with type PLAYER and reason ATTACKER.
[April 24, 2026 03:04:34.871AM UTC]  PlayerPreTagEvent was triggered on aqhez_ by julioyutuve2 with type PLAYER, reason ATTACKED, and cancelled false.
[April 24, 2026 03:04:34.871AM UTC]  PlayerTagEvent was triggered on aqhez_ by julioyutuve2 with type PLAYER and reason ATTACKED.
[April 24, 2026 03:04:34.872AM UTC]  EntityDamageByEntityEvent was triggered by damaged PLAYER aqhez_, damager PLAYER julioyutuve2 and cancelled false.
[April 24, 2026 03:04:38.105AM UTC]  PlayerPreTagEvent was triggered on Akukis by julioyutuve2 with type PLAYER, reason ATTACKER, and cancelled false.
[April 24, 2026 03:04:38.105AM UTC]  PlayerTagEvent was triggered on Akukis by julioyutuve2 with type PLAYER and reason ATTACKER.
[April 24, 2026 03:04:38.106AM UTC]  PlayerPreTagEvent was triggered on julioyutuve2 by Akukis with type PLAYER, reason ATTACKED, and cancelled false.
[April 24, 2026 03:04:38.106AM UTC]  PlayerReTagEvent was triggered on julioyutuve2 by Akukis with type PLAYER and reason ATTACKED.
[April 24, 2026 03:04:38.106AM UTC]  EntityDamageByEntityEvent was triggered by damaged PLAYER julioyutuve2, damager PLAYER Akukis and cancelled false.
[April 24, 2026 03:04:38.706AM UTC]  PlayerPreTagEvent was triggered on Akukis by julioyutuve2 with type PLAYER, reason ATTACKER, and cancelled false.
[April 24, 2026 03:04:38.706AM UTC]  PlayerReTagEvent was triggered on Akukis by julioyutuve2 with type PLAYER and reason ATTACKER.
[April 24, 2026 03:04:38.706AM UTC]  PlayerPreTagEvent was triggered on julioyutuve2 by Akukis with type PLAYER, reason ATTACKED, and cancelled false.
[April 24, 2026 03:04:38.707AM UTC]  PlayerReTagEvent was triggered on julioyutuve2 by Akukis with type PLAYER and reason ATTACKED.
[April 24, 2026 03:04:38.707AM UTC]  EntityDamageByEntityEvent was triggered by damaged PLAYER julioyutuve2, damager PLAYER Akukis and cancelled false.
[April 24, 2026 03:04:44.904AM UTC]  PlayerPreTagEvent was triggered on Akukis by julioyutuve2 with type PLAYER, reason ATTACKER, and cancelled false.
[April 24, 2026 03:04:44.905AM UTC]  PlayerReTagEvent was triggered on Akukis by julioyutuve2 with type PLAYER and reason ATTACKER.
[April 24, 2026 03:04:44.905AM UTC]  PlayerPreTagEvent was triggered on julioyutuve2 by Akukis with type PLAYER, reason ATTACKED, and cancelled false.
[April 24, 2026 03:04:44.905AM UTC]  PlayerReTagEvent was triggered on julioyutuve2 by Akukis with type PLAYER and reason ATTACKED.
[April 24, 2026 03:04:44.905AM UTC]  EntityDamageByEntityEvent was triggered by damaged PLAYER julioyutuve2, damager PLAYER Akukis and cancelled false.
[April 24, 2026 03:04:45.503AM UTC]  PlayerPreTagEvent was triggered on Akukis by julioyutuve2 with type PLAYER, reason ATTACKER, and cancelled false.
[April 24, 2026 03:04:45.504AM UTC]  PlayerReTagEvent was triggered on Akukis by julioyutuve2 with type PLAYER and reason ATTACKER.
[April 24, 2026 03:04:45.504AM UTC]  PlayerPreTagEvent was triggered on julioyutuve2 by Akukis with type PLAYER, reason ATTACKED, and cancelled false.
[April 24, 2026 03:04:45.504AM UTC]  PlayerReTagEvent was triggered on julioyutuve2 by Akukis with type PLAYER and reason ATTACKED.
[April 24, 2026 03:04:45.504AM UTC]  EntityDamageByEntityEvent was triggered by damaged PLAYER julioyutuve2, damager PLAYER Akukis and cancelled false.
[April 24, 2026 03:04:46.605AM UTC]  PlayerPreTagEvent was triggered on Akukis by julioyutuve2 with type PLAYER, reason ATTACKER, and cancelled false.
[April 24, 2026 03:04:46.606AM UTC]  PlayerReTagEvent was triggered on Akukis by julioyutuve2 with type PLAYER and reason ATTACKER.
[April 24, 2026 03:04:46.606AM UTC]  PlayerPreTagEvent was triggered on julioyutuve2 by Akukis with type PLAYER, reason ATTACKED, and cancelled false.
[April 24, 2026 03:04:46.606AM UTC]  PlayerReTagEvent was triggered on julioyutuve2 by Akukis with type PLAYER and reason ATTACKED.
[April 24, 2026 03:04:46.606AM UTC]  EntityDamageByEntityEvent was triggered by damaged PLAYER julioyutuve2, damager PLAYER Akukis and cancelled false.
[April 24, 2026 03:04:46.663AM UTC]  PlayerPreTagEvent was triggered on julioyutuve2 by Akukis with type PLAYER, reason ATTACKER, and cancelled false.
[April 24, 2026 03:04:46.663AM UTC]  PlayerReTagEvent was triggered on julioyutuve2 by Akukis with type PLAYER and reason ATTACKER.
[April 24, 2026 03:04:46.664AM UTC]  PlayerPreTagEvent was triggered on Akukis by julioyutuve2 with type PLAYER, reason ATTACKED, and cancelled false.
[April 24, 2026 03:04:46.664AM UTC]  PlayerReTagEvent was triggered on Akukis by julioyutuve2 with type PLAYER and reason ATTACKED.
[April 24, 2026 03:04:46.664AM UTC]  EntityDamageByEntityEvent was triggered by damaged PLAYER Akukis, damager PLAYER julioyutuve2 and cancelled false.
[April 24, 2026 03:04:49.138AM UTC]  PlayerPreTagEvent was triggered on julioyutuve2 by Akukis with type PLAYER, reason ATTACKER, and cancelled false.
[April 24, 2026 03:04:49.138AM UTC]  PlayerReTagEvent was triggered on julioyutuve2 by Akukis with type PLAYER and reason ATTACKER.
[April 24, 2026 03:04:49.138AM UTC]  PlayerPreTagEvent was triggered on Akukis by julioyutuve2 with type PLAYER, reason ATTACKED, and cancelled false.
[April 24, 2026 03:04:49.138AM UTC]  PlayerReTagEvent was triggered on Akukis by julioyutuve2 with type PLAYER and reason ATTACKED.
[April 24, 2026 03:04:49.139AM UTC]  EntityDamageByEntityEvent was triggered by damaged PLAYER Akukis, damager PLAYER julioyutuve2 and cancelled false.
[April 24, 2026 03:04:51.287AM UTC]  PlayerPreTagEvent was triggered on julioyutuve2 by Akukis with type PLAYER, reason ATTACKER, and cancelled false.
[April 24, 2026 03:04:51.288AM UTC]  PlayerReTagEvent was triggered on julioyutuve2 by Akukis with type PLAYER and reason ATTACKER.
[April 24, 2026 03:04:51.288AM UTC]  PlayerPreTagEvent was triggered on Akukis by julioyutuve2 with type PLAYER, reason ATTACKED, and cancelled false.
[April 24, 2026 03:04:51.288AM UTC]  PlayerReTagEvent was triggered on Akukis by julioyutuve2 with type PLAYER and reason ATTACKED.
[April 24, 2026 03:04:51.288AM UTC]  EntityDamageByEntityEvent was triggered by damaged PLAYER Akukis, damager PLAYER julioyutuve2 and cancelled false.
[April 24, 2026 03:04:52.004AM UTC]  PlayerPreTagEvent was triggered on Akukis by julioyutuve2 with type PLAYER, reason ATTACKER, and cancelled false.
[April 24, 2026 03:04:52.005AM UTC]  PlayerReTagEvent was triggered on Akukis by julioyutuve2 with type PLAYER and reason ATTACKER.
[April 24, 2026 03:04:52.005AM UTC]  PlayerPreTagEvent was triggered on julioyutuve2 by Akukis with type PLAYER, reason ATTACKED, and cancelled false.
[April 24, 2026 03:04:52.005AM UTC]  PlayerReTagEvent was triggered on julioyutuve2 by Akukis with type PLAYER and reason ATTACKED.
[April 24, 2026 03:04:52.005AM UTC]  EntityDamageByEntityEvent was triggered by damaged PLAYER julioyutuve2, damager PLAYER Akukis and cancelled false.
[April 24, 2026 03:04:52.859AM UTC]  PlayerPreTagEvent was triggered on julioyutuve2 by Akukis with type PLAYER, reason ATTACKER, and cancelled false.
[April 24, 2026 03:04:52.860AM UTC]  PlayerReTagEvent was triggered on julioyutuve2 by Akukis with type PLAYER and reason ATTACKER.
[April 24, 2026 03:04:52.860AM UTC]  PlayerPreTagEvent was triggered on Akukis by julioyutuve2 with type PLAYER, reason ATTACKED, and cancelled false.
[April 24, 2026 03:04:52.860AM UTC]  PlayerReTagEvent was triggered on Akukis by julioyutuve2 with type PLAYER and reason ATTACKED.
[April 24, 2026 03:04:52.860AM UTC]  EntityDamageByEntityEvent was triggered by damaged PLAYER Akukis, damager PLAYER julioyutuve2 and cancelled false.
[April 24, 2026 03:04:53.006AM UTC]  PlayerPreTagEvent was triggered on Akukis by julioyutuve2 with type PLAYER, reason ATTACKER, and cancelled false.
[April 24, 2026 03:04:53.006AM UTC]  PlayerReTagEvent was triggered on Akukis by julioyutuve2 with type PLAYER and reason ATTACKER.
[April 24, 2026 03:04:53.007AM UTC]  PlayerPreTagEvent was triggered on julioyutuve2 by Akukis with type PLAYER, reason ATTACKED, and cancelled false.
[April 24, 2026 03:04:53.007AM UTC]  PlayerReTagEvent was triggered on julioyutuve2 by Akukis with type PLAYER and reason ATTACKED.
[April 24, 2026 03:04:53.008AM UTC]  EntityDamageByEntityEvent was triggered by damaged PLAYER julioyutuve2, damager PLAYER Akukis and cancelled false.
[April 24, 2026 03:04:55.173AM UTC]  PlayerPunishEvent was triggered on aqhez_ with reason EXPIRE and cancelled true.
[April 24, 2026 03:04:55.173AM UTC]  PlayerUntagEvent was triggered on aqhez_ with reason EXPIRE and expire set to true.
[April 24, 2026 03:04:58.536AM UTC]  EntityDamageByEntityEvent was triggered by damaged PLAYER Emilio100, damager ARROW Arrow and cancelled false.
[April 24, 2026 03:05:03.710AM UTC]  PlayerPreTagEvent was triggered on julioyutuve2 by Akukis with type PLAYER, reason ATTACKER, and cancelled false.
[April 24, 2026 03:05:03.711AM UTC]  PlayerReTagEvent was triggered on julioyutuve2 by Akukis with type PLAYER and reason ATTACKER.
[April 24, 2026 03:05:03.711AM UTC]  PlayerPreTagEvent was triggered on Akukis by julioyutuve2 with type PLAYER, reason ATTACKED, and cancelled false.
[April 24, 2026 03:05:03.711AM UTC]  PlayerReTagEvent was triggered on Akukis by julioyutuve2 with type PLAYER and reason ATTACKED.
[April 24, 2026 03:05:03.711AM UTC]  EntityDamageByEntityEvent was triggered by damaged PLAYER Akukis, damager PLAYER julioyutuve2 and cancelled false.
[April 24, 2026 03:05:03.714AM UTC]  PlayerPunishEvent was triggered on julioyutuve2 with reason ENEMY_DEATH and cancelled true.
[April 24, 2026 03:05:03.714AM UTC]  PlayerUntagEvent was triggered on julioyutuve2 with reason ENEMY_DEATH and expire set to true.
[April 24, 2026 03:05:03.715AM UTC]  PlayerPunishEvent was triggered on Akukis with reason SELF_DEATH and cancelled true.
[April 24, 2026 03:05:03.715AM UTC]  PlayerUntagEvent was triggered on Akukis with reason SELF_DEATH and expire set to true.
[April 24, 2026 03:05:08.489AM UTC]  EntityDamageByEntityEvent was triggered by damaged BOGGED Bogged, damager PLAYER Emilio100 and cancelled false.
[April 24, 2026 03:05:08.788AM UTC]  PlayerPreTagEvent was triggered on julioyutuve2 by srcapiii with type PLAYER, reason ATTACKER, and cancelled false.
[April 24, 2026 03:05:08.789AM UTC]  PlayerTagEvent was triggered on julioyutuve2 by srcapiii with type PLAYER and reason ATTACKER.
[April 24, 2026 03:05:08.789AM UTC]  PlayerPreTagEvent was triggered on srcapiii by julioyutuve2 with type PLAYER, reason ATTACKED, and cancelled false.
[April 24, 2026 03:05:08.790AM UTC]  PlayerTagEvent was triggered on srcapiii by julioyutuve2 with type PLAYER and reason ATTACKED.
[April 24, 2026 03:05:08.790AM UTC]  EntityDamageByEntityEvent was triggered by damaged PLAYER srcapiii, damager PLAYER julioyutuve2 and cancelled false.
[April 24, 2026 03:05:09.690AM UTC]  EntityDamageByEntityEvent was triggered by damaged BOGGED Bogged, damager PLAYER Emilio100 and cancelled false.
[April 24, 2026 03:05:10.263AM UTC]  PlayerPreTagEvent was triggered on julioyutuve2 by srcapiii with type PLAYER, reason ATTACKER, and cancelled false.
[April 24, 2026 03:05:10.263AM UTC]  PlayerReTagEvent was triggered on julioyutuve2 by srcapiii with type PLAYER and reason ATTACKER.
[April 24, 2026 03:05:10.263AM UTC]  PlayerPreTagEvent was triggered on srcapiii by julioyutuve2 with type PLAYER, reason ATTACKED, and cancelled false.
[April 24, 2026 03:05:10.263AM UTC]  PlayerReTagEvent was triggered on srcapiii by julioyutuve2 with type PLAYER and reason ATTACKED.
[April 24, 2026 03:05:10.263AM UTC]  EntityDamageByEntityEvent was triggered by damaged PLAYER srcapiii, damager PLAYER julioyutuve2 and cancelled false.
[April 24, 2026 03:05:12.039AM UTC]  EntityDamageByEntityEvent was triggered by damaged SPIDER Spider, damager PLAYER julioyutuve2 and cancelled false.
[April 24, 2026 03:05:12.742AM UTC]  PlayerPreTagEvent was triggered on julioyutuve2 by srcapiii with type PLAYER, reason ATTACKER, and cancelled false.
[April 24, 2026 03:05:12.742AM UTC]  PlayerReTagEvent was triggered on julioyutuve2 by srcapiii with type PLAYER and reason ATTACKER.
[April 24, 2026 03:05:12.743AM UTC]  PlayerPreTagEvent was triggered on srcapiii by julioyutuve2 with type PLAYER, reason ATTACKED, and cancelled false.
[April 24, 2026 03:05:12.743AM UTC]  PlayerReTagEvent was triggered on srcapiii by julioyutuve2 with type PLAYER and reason ATTACKED.
[April 24, 2026 03:05:12.743AM UTC]  EntityDamageByEntityEvent was triggered by damaged PLAYER srcapiii, damager PLAYER julioyutuve2 and cancelled false.
[April 24, 2026 03:05:12.746AM UTC]  PlayerPunishEvent was triggered on julioyutuve2 with reason ENEMY_DEATH and cancelled true.
[April 24, 2026 03:05:12.746AM UTC]  PlayerUntagEvent was triggered on julioyutuve2 with reason ENEMY_DEATH and expire set to true.
[April 24, 2026 03:05:12.747AM UTC]  PlayerPunishEvent was triggered on srcapiii with reason SELF_DEATH and cancelled true.
[April 24, 2026 03:05:12.747AM UTC]  PlayerUntagEvent was triggered on srcapiii with reason SELF_DEATH and expire set to true.
[April 24, 2026 03:05:13.938AM UTC]  EntityDamageByEntityEvent was triggered by damaged SPIDER Spider, damager PLAYER julioyutuve2 and cancelled false.
[April 24, 2026 03:05:14.187AM UTC]  EntityDamageByEntityEvent was triggered by damaged PLAYER julioyutuve2, damager SPIDER Spider and cancelled false.
[April 24, 2026 03:05:15.487AM UTC]  EntityDamageByEntityEvent was triggered by damaged PLAYER julioyutuve2, damager SPIDER Spider and cancelled false.
[April 24, 2026 03:05:16.388AM UTC]  EntityDamageByEntityEvent was triggered by damaged SPIDER Spider, damager PLAYER julioyutuve2 and cancelled false.
[April 24, 2026 03:05:17.440AM UTC]  EntityDamageByEntityEvent was triggered by damaged SLIME Slime, damager PLAYER Emilio100 and cancelled false.
[April 24, 2026 03:05:18.438AM UTC]  EntityDamageByEntityEvent was triggered by damaged PLAYER Emilio100, damager ARROW Arrow and cancelled false.
[April 24, 2026 03:05:18.587AM UTC]  EntityDamageByEntityEvent was triggered by damaged BOGGED Bogged, damager ARROW Arrow and cancelled false.
[April 24, 2026 03:05:23.041AM UTC]  EntityDamageByEntityEvent was triggered by damaged BOGGED Bogged, damager PLAYER Emilio100 and cancelled false.
[April 24, 2026 03:05:28.890AM UTC]  EntityDamageByEntityEvent was triggered by damaged PLAYER Emilio100, damager ARROW Arrow and cancelled false.
[April 24, 2026 03:05:30.401AM UTC]  EntityDamageByEntityEvent was triggered by damaged BOGGED Bogged, damager PLAYER Emilio100 and cancelled false.
[April 24, 2026 03:05:32.232AM UTC]  EntityDamageByEntityEvent was triggered by damaged BOGGED Bogged, damager PLAYER Emilio100 and cancelled false.
[April 24, 2026 03:05:33.207AM UTC]  PlayerPreTagEvent was triggered on Akukis by julioyutuve2 with type PLAYER, reason ATTACKER, and cancelled false.
[April 24, 2026 03:05:33.208AM UTC]  PlayerTagEvent was triggered on Akukis by julioyutuve2 with type PLAYER and reason ATTACKER.
[April 24, 2026 03:05:33.208AM UTC]  PlayerPreTagEvent was triggered on julioyutuve2 by Akukis with type PLAYER, reason ATTACKED, and cancelled false.
[April 24, 2026 03:05:33.208AM UTC]  PlayerTagEvent was triggered on julioyutuve2 by Akukis with type PLAYER and reason ATTACKED.
[April 24, 2026 03:05:33.212AM UTC]  EntityDamageByEntityEvent was triggered by damaged PLAYER julioyutuve2, damager PLAYER Akukis and cancelled false.
[April 24, 2026 03:05:33.786AM UTC]  PlayerPreTagEvent was triggered on Akukis by julioyutuve2 with type PLAYER, reason ATTACKER, and cancelled false.
[April 24, 2026 03:05:33.786AM UTC]  PlayerReTagEvent was triggered on Akukis by julioyutuve2 with type PLAYER and reason ATTACKER.
[April 24, 2026 03:05:33.786AM UTC]  PlayerPreTagEvent was triggered on julioyutuve2 by Akukis with type PLAYER, reason ATTACKED, and cancelled false.
[April 24, 2026 03:05:33.786AM UTC]  PlayerReTagEvent was triggered on julioyutuve2 by Akukis with type PLAYER and reason ATTACKED.
[April 24, 2026 03:05:33.787AM UTC]  EntityDamageByEntityEvent was triggered by damaged PLAYER julioyutuve2, damager PLAYER Akukis and cancelled false.
[April 24, 2026 03:05:34.363AM UTC]  PlayerPreTagEvent was triggered on Akukis by julioyutuve2 with type PLAYER, reason ATTACKER, and cancelled false.
[April 24, 2026 03:05:34.363AM UTC]  PlayerReTagEvent was triggered on Akukis by julioyutuve2 with type PLAYER and reason ATTACKER.
[April 24, 2026 03:05:34.363AM UTC]  PlayerPreTagEvent was triggered on julioyutuve2 by Akukis with type PLAYER, reason ATTACKED, and cancelled false.
[April 24, 2026 03:05:34.363AM UTC]  PlayerReTagEvent was triggered on julioyutuve2 by Akukis with type PLAYER and reason ATTACKED.
[April 24, 2026 03:05:34.364AM UTC]  EntityDamageByEntityEvent was triggered by damaged PLAYER julioyutuve2, damager PLAYER Akukis and cancelled false.
[April 24, 2026 03:05:41.609AM UTC]  PlayerPreTagEvent was triggered on julioyutuve2 by uwu990604 with type PLAYER, reason ATTACKER, and cancelled false.
[April 24, 2026 03:05:41.609AM UTC]  PlayerReTagEvent was triggered on julioyutuve2 by uwu990604 with type PLAYER and reason ATTACKER.
[April 24, 2026 03:05:41.609AM UTC]  PlayerPreTagEvent was triggered on uwu990604 by julioyutuve2 with type PLAYER, reason ATTACKED, and cancelled false.
[April 24, 2026 03:05:41.610AM UTC]  PlayerTagEvent was triggered on uwu990604 by julioyutuve2 with type PLAYER and reason ATTACKED.
[April 24, 2026 03:05:41.610AM UTC]  EntityDamageByEntityEvent was triggered by damaged PLAYER uwu990604, damager PLAYER julioyutuve2 and cancelled false.
[April 24, 2026 03:05:42.555AM UTC]  PlayerPreTagEvent was triggered on Akukis by julioyutuve2 with type PLAYER, reason ATTACKER, and cancelled false.
[April 24, 2026 03:05:42.555AM UTC]  PlayerReTagEvent was triggered on Akukis by julioyutuve2 with type PLAYER and reason ATTACKER.
[April 24, 2026 03:05:42.556AM UTC]  PlayerPreTagEvent was triggered on julioyutuve2 by Akukis with type PLAYER, reason ATTACKED, and cancelled false.
[April 24, 2026 03:05:42.556AM UTC]  PlayerReTagEvent was triggered on julioyutuve2 by Akukis with type PLAYER and reason ATTACKED.
[April 24, 2026 03:05:42.556AM UTC]  EntityDamageByEntityEvent was triggered by damaged PLAYER julioyutuve2, damager PLAYER Akukis and cancelled false.
[April 24, 2026 03:05:42.757AM UTC]  PlayerPreTagEvent was triggered on julioyutuve2 by uwu990604 with type PLAYER, reason ATTACKER, and cancelled false.
[April 24, 2026 03:05:42.757AM UTC]  PlayerReTagEvent was triggered on julioyutuve2 by uwu990604 with type PLAYER and reason ATTACKER.
[April 24, 2026 03:05:42.757AM UTC]  PlayerPreTagEvent was triggered on uwu990604 by julioyutuve2 with type PLAYER, reason ATTACKED, and cancelled false.
[April 24, 2026 03:05:42.757AM UTC]  PlayerReTagEvent was triggered on uwu990604 by julioyutuve2 with type PLAYER and reason ATTACKED.
[April 24, 2026 03:05:42.758AM UTC]  EntityDamageByEntityEvent was triggered by damaged PLAYER uwu990604, damager PLAYER julioyutuve2 and cancelled false.
[April 24, 2026 03:05:43.104AM UTC]  PlayerPreTagEvent was triggered on Akukis by julioyutuve2 with type PLAYER, reason ATTACKER, and cancelled false.
[April 24, 2026 03:05:43.104AM UTC]  PlayerReTagEvent was triggered on Akukis by julioyutuve2 with type PLAYER and reason ATTACKER.
[April 24, 2026 03:05:43.105AM UTC]  PlayerPreTagEvent was triggered on julioyutuve2 by Akukis with type PLAYER, reason ATTACKED, and cancelled false.
[April 24, 2026 03:05:43.105AM UTC]  PlayerReTagEvent was triggered on julioyutuve2 by Akukis with type PLAYER and reason ATTACKED.
[April 24, 2026 03:05:43.105AM UTC]  EntityDamageByEntityEvent was triggered by damaged PLAYER julioyutuve2, damager PLAYER Akukis and cancelled false.
[April 24, 2026 03:05:44.109AM UTC]  PlayerPreTagEvent was triggered on julioyutuve2 by Akukis with type PLAYER, reason ATTACKER, and cancelled false.
[April 24, 2026 03:05:44.109AM UTC]  PlayerReTagEvent was triggered on julioyutuve2 by Akukis with type PLAYER and reason ATTACKER.
[April 24, 2026 03:05:44.110AM UTC]  PlayerPreTagEvent was triggered on Akukis by julioyutuve2 with type PLAYER, reason ATTACKED, and cancelled false.
[April 24, 2026 03:05:44.110AM UTC]  PlayerReTagEvent was triggered on Akukis by julioyutuve2 with type PLAYER and reason ATTACKED.
[April 24, 2026 03:05:44.110AM UTC]  EntityDamageByEntityEvent was triggered by damaged PLAYER Akukis, damager PLAYER julioyutuve2 and cancelled false.
[April 24, 2026 03:05:45.304AM UTC]  PlayerPreTagEvent was triggered on Akukis by julioyutuve2 with type PLAYER, reason ATTACKER, and cancelled false.
[April 24, 2026 03:05:45.305AM UTC]  PlayerReTagEvent was triggered on Akukis by julioyutuve2 with type PLAYER and reason ATTACKER.
[April 24, 2026 03:05:45.305AM UTC]  PlayerPreTagEvent was triggered on julioyutuve2 by Akukis with type PLAYER, reason ATTACKED, and cancelled false.
[April 24, 2026 03:05:45.305AM UTC]  PlayerReTagEvent was triggered on julioyutuve2 by Akukis with type PLAYER and reason ATTACKED.
[April 24, 2026 03:05:45.305AM UTC]  EntityDamageByEntityEvent was triggered by damaged PLAYER julioyutuve2, damager PLAYER Akukis and cancelled false.
[April 24, 2026 03:05:45.855AM UTC]  PlayerPreTagEvent was triggered on Akukis by julioyutuve2 with type PLAYER, reason ATTACKER, and cancelled false.
[April 24, 2026 03:05:45.856AM UTC]  PlayerReTagEvent was triggered on Akukis by julioyutuve2 with type PLAYER and reason ATTACKER.
[April 24, 2026 03:05:45.856AM UTC]  PlayerPreTagEvent was triggered on julioyutuve2 by Akukis with type PLAYER, reason ATTACKED, and cancelled false.
[April 24, 2026 03:05:45.856AM UTC]  PlayerReTagEvent was triggered on julioyutuve2 by Akukis with type PLAYER and reason ATTACKED.
[April 24, 2026 03:05:45.857AM UTC]  EntityDamageByEntityEvent was triggered by damaged PLAYER julioyutuve2, damager PLAYER Akukis and cancelled false.
[April 24, 2026 03:05:46.441AM UTC]  EntityDamageByEntityEvent was triggered by damaged CHICKEN Chicken, damager ARROW Arrow and cancelled false.
[April 24, 2026 03:05:48.154AM UTC]  PlayerPreTagEvent was triggered on Akukis by julioyutuve2 with type PLAYER, reason ATTACKER, and cancelled false.
[April 24, 2026 03:05:48.154AM UTC]  PlayerReTagEvent was triggered on Akukis by julioyutuve2 with type PLAYER and reason ATTACKER.
[April 24, 2026 03:05:48.154AM UTC]  PlayerPreTagEvent was triggered on julioyutuve2 by Akukis with type PLAYER, reason ATTACKED, and cancelled false.
[April 24, 2026 03:05:48.155AM UTC]  PlayerReTagEvent was triggered on julioyutuve2 by Akukis with type PLAYER and reason ATTACKED.
[April 24, 2026 03:05:48.155AM UTC]  EntityDamageByEntityEvent was triggered by damaged PLAYER julioyutuve2, damager PLAYER Akukis and cancelled false.
[April 24, 2026 03:05:49.449AM UTC]  EntityDamageByEntityEvent was triggered by damaged PLAYER julioyutuve2, damager ARROW Arrow and cancelled false.
[April 24, 2026 03:05:50.503AM UTC]  PlayerPreTagEvent was triggered on Akukis by julioyutuve2 with type PLAYER, reason ATTACKER, and cancelled false.
[April 24, 2026 03:05:50.504AM UTC]  PlayerReTagEvent was triggered on Akukis by julioyutuve2 with type PLAYER and reason ATTACKER.
[April 24, 2026 03:05:50.504AM UTC]  PlayerPreTagEvent was triggered on julioyutuve2 by Akukis with type PLAYER, reason ATTACKED, and cancelled false.
[April 24, 2026 03:05:50.504AM UTC]  PlayerReTagEvent was triggered on julioyutuve2 by Akukis with type PLAYER and reason ATTACKED.
[April 24, 2026 03:05:50.504AM UTC]  EntityDamageByEntityEvent was triggered by damaged PLAYER julioyutuve2, damager PLAYER Akukis and cancelled false.
[April 24, 2026 03:05:51.103AM UTC]  PlayerPreTagEvent was triggered on Akukis by julioyutuve2 with type PLAYER, reason ATTACKER, and cancelled false.
[April 24, 2026 03:05:51.103AM UTC]  PlayerReTagEvent was triggered on Akukis by julioyutuve2 with type PLAYER and reason ATTACKER.
[April 24, 2026 03:05:51.103AM UTC]  PlayerPreTagEvent was triggered on julioyutuve2 by Akukis with type PLAYER, reason ATTACKED, and cancelled false.
[April 24, 2026 03:05:51.103AM UTC]  PlayerReTagEvent was triggered on julioyutuve2 by Akukis with type PLAYER and reason ATTACKED.
[April 24, 2026 03:05:51.104AM UTC]  EntityDamageByEntityEvent was triggered by damaged PLAYER julioyutuve2, damager PLAYER Akukis and cancelled false.
[April 24, 2026 03:05:51.705AM UTC]  PlayerPreTagEvent was triggered on Akukis by julioyutuve2 with type PLAYER, reason ATTACKER, and cancelled false.
[April 24, 2026 03:05:51.706AM UTC]  PlayerReTagEvent was triggered on Akukis by julioyutuve2 with type PLAYER and reason ATTACKER.
[April 24, 2026 03:05:51.706AM UTC]  PlayerPreTagEvent was triggered on julioyutuve2 by Akukis with type PLAYER, reason ATTACKED, and cancelled false.
[April 24, 2026 03:05:51.706AM UTC]  PlayerReTagEvent was triggered on julioyutuve2 by Akukis with type PLAYER and reason ATTACKED.
[April 24, 2026 03:05:51.707AM UTC]  EntityDamageByEntityEvent was triggered by damaged PLAYER julioyutuve2, damager PLAYER Akukis and cancelled false.
[April 24, 2026 03:05:52.786AM UTC]  EntityDamageByEntityEvent was triggered by damaged ZOMBIE Zombie, damager IRON_GOLEM Iron Golem and cancelled false.
[April 24, 2026 03:05:52.855AM UTC]  PlayerPreTagEvent was triggered on Akukis by julioyutuve2 with type PLAYER, reason ATTACKER, and cancelled false.
[April 24, 2026 03:05:52.856AM UTC]  PlayerReTagEvent was triggered on Akukis by julioyutuve2 with type PLAYER and reason ATTACKER.
[April 24, 2026 03:05:52.856AM UTC]  PlayerPreTagEvent was triggered on julioyutuve2 by Akukis with type PLAYER, reason ATTACKED, and cancelled false.
[April 24, 2026 03:05:52.856AM UTC]  PlayerReTagEvent was triggered on julioyutuve2 by Akukis with type PLAYER and reason ATTACKED.
[April 24, 2026 03:05:52.856AM UTC]  EntityDamageByEntityEvent was triggered by damaged PLAYER julioyutuve2, damager PLAYER Akukis and cancelled false.
[April 24, 2026 03:05:53.201AM UTC]  EntityDamageByEntityEvent was triggered by damaged SKELETON Skeleton, damager PLAYER aqhez_ and cancelled false.
[April 24, 2026 03:05:53.405AM UTC]  PlayerPreTagEvent was triggered on Akukis by julioyutuve2 with type PLAYER, reason ATTACKER, and cancelled false.
[April 24, 2026 03:05:53.405AM UTC]  PlayerReTagEvent was triggered on Akukis by julioyutuve2 with type PLAYER and reason ATTACKER.
[April 24, 2026 03:05:53.406AM UTC]  PlayerPreTagEvent was triggered on julioyutuve2 by Akukis with type PLAYER, reason ATTACKED, and cancelled false.
[April 24, 2026 03:05:53.406AM UTC]  PlayerReTagEvent was triggered on julioyutuve2 by Akukis with type PLAYER and reason ATTACKED.
[April 24, 2026 03:05:53.406AM UTC]  EntityDamageByEntityEvent was triggered by damaged PLAYER julioyutuve2, damager PLAYER Akukis and cancelled false.
[April 24, 2026 03:05:53.795AM UTC]  EntityDamageByEntityEvent was triggered by damaged SKELETON Skeleton, damager PLAYER aqhez_ and cancelled false.
[April 24, 2026 03:05:54.089AM UTC]  EntityDamageByEntityEvent was triggered by damaged IRON_GOLEM Iron Golem, damager ZOMBIE Zombie and cancelled false.
[April 24, 2026 03:05:54.133AM UTC]  EntityDamageByEntityEvent was triggered by damaged ZOMBIE Zombie, damager IRON_GOLEM Iron Golem and cancelled false.
[April 24, 2026 03:05:55.039AM UTC]  EntityDamageByEntityEvent was triggered by damaged PLAYER aqhez_, damager ARROW Arrow and cancelled false.
[April 24, 2026 03:05:55.089AM UTC]  EntityDamageByEntityEvent was triggered by damaged IRON_GOLEM Iron Golem, damager ZOMBIE Zombie and cancelled false.
[April 24, 2026 03:05:55.133AM UTC]  EntityDamageByEntityEvent was triggered by damaged ZOMBIE Zombie, damager IRON_GOLEM Iron Golem and cancelled false.
[April 24, 2026 03:05:55.195AM UTC]  EntityDamageByEntityEvent was triggered by damaged SKELETON Skeleton, damager PLAYER aqhez_ and cancelled false.
[April 24, 2026 03:05:55.887AM UTC]  EntityDamageByEntityEvent was triggered by damaged SPIDER Spider, damager IRON_GOLEM Iron Golem and cancelled false.
[April 24, 2026 03:05:56.566AM UTC]  EntityDamageByEntityEvent was triggered by damaged SKELETON Skeleton, damager PLAYER aqhez_ and cancelled false.
[April 24, 2026 03:05:58.669AM UTC]  PlayerPreTagEvent was triggered on julioyutuve2 by Akukis with type PLAYER, reason ATTACKER, and cancelled false.
[April 24, 2026 03:05:58.670AM UTC]  PlayerReTagEvent was triggered on julioyutuve2 by Akukis with type PLAYER and reason ATTACKER.
[April 24, 2026 03:05:58.670AM UTC]  PlayerPreTagEvent was triggered on Akukis by julioyutuve2 with type PLAYER, reason ATTACKED, and cancelled false.
[April 24, 2026 03:05:58.670AM UTC]  PlayerReTagEvent was triggered on Akukis by julioyutuve2 with type PLAYER and reason ATTACKED.
[April 24, 2026 03:05:58.670AM UTC]  EntityDamageByEntityEvent was triggered by damaged PLAYER Akukis, damager PLAYER julioyutuve2 and cancelled false.
[April 24, 2026 03:06:00.287AM UTC]  PlayerPreTagEvent was triggered on julioyutuve2 by Akukis with type PLAYER, reason ATTACKER, and cancelled false.
[April 24, 2026 03:06:00.288AM UTC]  PlayerReTagEvent was triggered on julioyutuve2 by Akukis with type PLAYER and reason ATTACKER.
[April 24, 2026 03:06:00.288AM UTC]  PlayerPreTagEvent was triggered on Akukis by julioyutuve2 with type PLAYER, reason ATTACKED, and cancelled false.
[April 24, 2026 03:06:00.288AM UTC]  PlayerReTagEvent was triggered on Akukis by julioyutuve2 with type PLAYER and reason ATTACKED.
[April 24, 2026 03:06:00.288AM UTC]  EntityDamageByEntityEvent was triggered by damaged PLAYER Akukis, damager PLAYER julioyutuve2 and cancelled false.
[April 24, 2026 03:06:00.915AM UTC]  PlayerPreTagEvent was triggered on julioyutuve2 by Akukis with type PLAYER, reason ATTACKER, and cancelled false.
[April 24, 2026 03:06:00.915AM UTC]  PlayerReTagEvent was triggered on julioyutuve2 by Akukis with type PLAYER and reason ATTACKER.
[April 24, 2026 03:06:00.915AM UTC]  PlayerPreTagEvent was triggered on Akukis by julioyutuve2 with type PLAYER, reason ATTACKED, and cancelled false.
[April 24, 2026 03:06:00.915AM UTC]  PlayerReTagEvent was triggered on Akukis by julioyutuve2 with type PLAYER and reason ATTACKED.
[April 24, 2026 03:06:00.916AM UTC]  EntityDamageByEntityEvent was triggered by damaged PLAYER Akukis, damager PLAYER julioyutuve2 and cancelled false.
[April 24, 2026 03:06:01.203AM UTC]  PlayerPreTagEvent was triggered on Akukis by julioyutuve2 with type PLAYER, reason ATTACKER, and cancelled false.
[April 24, 2026 03:06:01.204AM UTC]  PlayerReTagEvent was triggered on Akukis by julioyutuve2 with type PLAYER and reason ATTACKER.
[April 24, 2026 03:06:01.204AM UTC]  PlayerPreTagEvent was triggered on julioyutuve2 by Akukis with type PLAYER, reason ATTACKED, and cancelled false.
[April 24, 2026 03:06:01.204AM UTC]  PlayerReTagEvent was triggered on julioyutuve2 by Akukis with type PLAYER and reason ATTACKED.
[April 24, 2026 03:06:01.204AM UTC]  EntityDamageByEntityEvent was triggered by damaged PLAYER julioyutuve2, damager PLAYER Akukis and cancelled false.
[April 24, 2026 03:06:01.705AM UTC]  PlayerPreTagEvent was triggered on Akukis by julioyutuve2 with type PLAYER, reason ATTACKER, and cancelled false.
[April 24, 2026 03:06:01.705AM UTC]  PlayerReTagEvent was triggered on Akukis by julioyutuve2 with type PLAYER and reason ATTACKER.
[April 24, 2026 03:06:01.705AM UTC]  PlayerPreTagEvent was triggered on julioyutuve2 by Akukis with type PLAYER, reason ATTACKED, and cancelled false.
[April 24, 2026 03:06:01.705AM UTC]  PlayerReTagEvent was triggered on julioyutuve2 by Akukis with type PLAYER and reason ATTACKED.
[April 24, 2026 03:06:01.706AM UTC]  EntityDamageByEntityEvent was triggered by damaged PLAYER julioyutuve2, damager PLAYER Akukis and cancelled false.
[April 24, 2026 03:06:02.142AM UTC]  EntityDamageByEntityEvent was triggered by damaged BOGGED Bogged, damager PLAYER Emilio100 and cancelled false.
[April 24, 2026 03:06:02.313AM UTC]  PlayerPreTagEvent was triggered on julioyutuve2 by Akukis with type PLAYER, reason ATTACKER, and cancelled false.
[April 24, 2026 03:06:02.314AM UTC]  PlayerReTagEvent was triggered on julioyutuve2 by Akukis with type PLAYER and reason ATTACKER.
[April 24, 2026 03:06:02.314AM UTC]  PlayerPreTagEvent was triggered on Akukis by julioyutuve2 with type PLAYER, reason ATTACKED, and cancelled false.
[April 24, 2026 03:06:02.314AM UTC]  PlayerReTagEvent was triggered on Akukis by julioyutuve2 with type PLAYER and reason ATTACKED.
[April 24, 2026 03:06:02.314AM UTC]  EntityDamageByEntityEvent was triggered by damaged PLAYER Akukis, damager PLAYER julioyutuve2 and cancelled false.
[April 24, 2026 03:06:02.354AM UTC]  PlayerPreTagEvent was triggered on Akukis by julioyutuve2 with type PLAYER, reason ATTACKER, and cancelled false.
[April 24, 2026 03:06:02.354AM UTC]  PlayerReTagEvent was triggered on Akukis by julioyutuve2 with type PLAYER and reason ATTACKER.
[April 24, 2026 03:06:02.354AM UTC]  PlayerPreTagEvent was triggered on julioyutuve2 by Akukis with type PLAYER, reason ATTACKED, and cancelled false.
[April 24, 2026 03:06:02.354AM UTC]  PlayerReTagEvent was triggered on julioyutuve2 by Akukis with type PLAYER and reason ATTACKED.
[April 24, 2026 03:06:02.355AM UTC]  EntityDamageByEntityEvent was triggered by damaged PLAYER julioyutuve2, damager PLAYER Akukis and cancelled false.
[April 24, 2026 03:06:02.773AM UTC]  PlayerPunishEvent was triggered on uwu990604 with reason EXPIRE and cancelled true.
[April 24, 2026 03:06:02.773AM UTC]  PlayerUntagEvent was triggered on uwu990604 with reason EXPIRE and expire set to true.
[April 24, 2026 03:06:02.987AM UTC]  PlayerPreTagEvent was triggered on julioyutuve2 by Akukis with type PLAYER, reason ATTACKER, and cancelled false.
[April 24, 2026 03:06:02.987AM UTC]  PlayerReTagEvent was triggered on julioyutuve2 by Akukis with type PLAYER and reason ATTACKER.
[April 24, 2026 03:06:02.987AM UTC]  PlayerPreTagEvent was triggered on Akukis by julioyutuve2 with type PLAYER, reason ATTACKED, and cancelled false.
[April 24, 2026 03:06:02.987AM UTC]  PlayerReTagEvent was triggered on Akukis by julioyutuve2 with type PLAYER and reason ATTACKED.
[April 24, 2026 03:06:02.987AM UTC]  EntityDamageByEntityEvent was triggered by damaged PLAYER Akukis, damager PLAYER julioyutuve2 and cancelled false.
[April 24, 2026 03:06:03.788AM UTC]  PlayerPreTagEvent was triggered on julioyutuve2 by Akukis with type PLAYER, reason ATTACKER, and cancelled false.
[April 24, 2026 03:06:03.788AM UTC]  PlayerReTagEvent was triggered on julioyutuve2 by Akukis with type PLAYER and reason ATTACKER.
[April 24, 2026 03:06:03.788AM UTC]  PlayerPreTagEvent was triggered on Akukis by julioyutuve2 with type PLAYER, reason ATTACKED, and cancelled false.
[April 24, 2026 03:06:03.788AM UTC]  PlayerReTagEvent was triggered on Akukis by julioyutuve2 with type PLAYER and reason ATTACKED.
[April 24, 2026 03:06:03.788AM UTC]  EntityDamageByEntityEvent was triggered by damaged PLAYER Akukis, damager PLAYER julioyutuve2 and cancelled false.
[April 24, 2026 03:06:03.791AM UTC]  PlayerPunishEvent was triggered on julioyutuve2 with reason ENEMY_DEATH and cancelled true.
[April 24, 2026 03:06:03.791AM UTC]  PlayerUntagEvent was triggered on julioyutuve2 with reason ENEMY_DEATH and expire set to true.
[April 24, 2026 03:06:03.792AM UTC]  PlayerPunishEvent was triggered on Akukis with reason SELF_DEATH and cancelled true.
[April 24, 2026 03:06:03.792AM UTC]  PlayerUntagEvent was triggered on Akukis with reason SELF_DEATH and expire set to true.
[April 24, 2026 03:06:05.793AM UTC]  EntityDamageByEntityEvent was triggered by damaged PLAYER Emilio100, damager ARROW Arrow and cancelled false.
[April 24, 2026 03:06:06.036AM UTC]  EntityDamageByEntityEvent was triggered by damaged PLAYER julioyutuve2, damager ZOMBIE Zombie and cancelled false.
[April 24, 2026 03:06:06.637AM UTC]  EntityDamageByEntityEvent was triggered by damaged PLAYER julioyutuve2, damager ZOMBIE Zombie and cancelled false.
[April 24, 2026 03:06:07.289AM UTC]  EntityDamageByEntityEvent was triggered by damaged BOGGED Bogged, damager PLAYER Emilio100 and cancelled false.
[April 24, 2026 03:06:07.437AM UTC]  EntityDamageByEntityEvent was triggered by damaged PLAYER julioyutuve2, damager ZOMBIE Zombie and cancelled false.
[April 24, 2026 03:06:07.492AM UTC]  EntityDamageByEntityEvent was triggered by damaged ZOMBIE Zombie, damager PLAYER julioyutuve2 and cancelled false.
[April 24, 2026 03:06:08.063AM UTC]  EntityDamageByEntityEvent was triggered by damaged ZOMBIE Zombie, damager PLAYER julioyutuve2 and cancelled false.
[April 24, 2026 03:06:08.191AM UTC]  PlayerPreTagEvent was triggered on aqhez_ by julioyutuve2 with type PLAYER, reason ATTACKER, and cancelled false.
[April 24, 2026 03:06:08.191AM UTC]  PlayerTagEvent was triggered on aqhez_ by julioyutuve2 with type PLAYER and reason ATTACKER.
[April 24, 2026 03:06:08.192AM UTC]  PlayerPreTagEvent was triggered on julioyutuve2 by aqhez_ with type PLAYER, reason ATTACKED, and cancelled false.
[April 24, 2026 03:06:08.192AM UTC]  PlayerTagEvent was triggered on julioyutuve2 by aqhez_ with type PLAYER and reason ATTACKED.
[April 24, 2026 03:06:08.192AM UTC]  EntityDamageByEntityEvent was triggered by damaged PLAYER julioyutuve2, damager PLAYER aqhez_ and cancelled false.
[April 24, 2026 03:06:08.587AM UTC]  EntityDamageByEntityEvent was triggered by damaged PLAYER aqhez_, damager ARROW Arrow and cancelled false.
[April 24, 2026 03:06:08.695AM UTC]  PlayerPreTagEvent was triggered on aqhez_ by julioyutuve2 with type PLAYER, reason ATTACKER, and cancelled false.
[April 24, 2026 03:06:08.695AM UTC]  PlayerReTagEvent was triggered on aqhez_ by julioyutuve2 with type PLAYER and reason ATTACKER.
[April 24, 2026 03:06:08.695AM UTC]  PlayerPreTagEvent was triggered on julioyutuve2 by aqhez_ with type PLAYER, reason ATTACKED, and cancelled false.
[April 24, 2026 03:06:08.696AM UTC]  PlayerReTagEvent was triggered on julioyutuve2 by aqhez_ with type PLAYER and reason ATTACKED.
[April 24, 2026 03:06:08.696AM UTC]  EntityDamageByEntityEvent was triggered by damaged PLAYER julioyutuve2, damager PLAYER aqhez_ and cancelled false.
[April 24, 2026 03:06:09.153AM UTC]  PlayerPreTagEvent was triggered on uwu990604 by aqhez_ with type PLAYER, reason ATTACKER, and cancelled false.
[April 24, 2026 03:06:09.153AM UTC]  PlayerTagEvent was triggered on uwu990604 by aqhez_ with type PLAYER and reason ATTACKER.
[April 24, 2026 03:06:09.153AM UTC]  PlayerPreTagEvent was triggered on aqhez_ by uwu990604 with type PLAYER, reason ATTACKED, and cancelled false.
[April 24, 2026 03:06:09.154AM UTC]  PlayerReTagEvent was triggered on aqhez_ by uwu990604 with type PLAYER and reason ATTACKED.
[April 24, 2026 03:06:09.154AM UTC]  EntityDamageByEntityEvent was triggered by damaged PLAYER aqhez_, damager PLAYER uwu990604 and cancelled false.
[April 24, 2026 03:06:09.385AM UTC]  EntityDamageByEntityEvent was triggered by damaged PLAYER julioyutuve2, damager ZOMBIE Zombie and cancelled false.
[April 24, 2026 03:06:10.937AM UTC]  EntityDamageByEntityEvent was triggered by damaged PLAYER julioyutuve2, damager ARROW Arrow and cancelled false.
[April 24, 2026 03:06:12.552AM UTC]  PlayerPreTagEvent was triggered on aqhez_ by julioyutuve2 with type PLAYER, reason ATTACKER, and cancelled false.
[April 24, 2026 03:06:12.553AM UTC]  PlayerReTagEvent was triggered on aqhez_ by julioyutuve2 with type PLAYER and reason ATTACKER.
[April 24, 2026 03:06:12.553AM UTC]  PlayerPreTagEvent was triggered on julioyutuve2 by aqhez_ with type PLAYER, reason ATTACKED, and cancelled false.
[April 24, 2026 03:06:12.553AM UTC]  PlayerReTagEvent was triggered on julioyutuve2 by aqhez_ with type PLAYER and reason ATTACKED.
[April 24, 2026 03:06:12.553AM UTC]  EntityDamageByEntityEvent was triggered by damaged PLAYER julioyutuve2, damager PLAYER aqhez_ and cancelled false.
[April 24, 2026 03:06:14.197AM UTC]  PlayerPreTagEvent was triggered on aqhez_ by julioyutuve2 with type PLAYER, reason ATTACKER, and cancelled false.
[April 24, 2026 03:06:14.197AM UTC]  PlayerReTagEvent was triggered on aqhez_ by julioyutuve2 with type PLAYER and reason ATTACKER.
[April 24, 2026 03:06:14.197AM UTC]  PlayerPreTagEvent was triggered on julioyutuve2 by aqhez_ with type PLAYER, reason ATTACKED, and cancelled false.
[April 24, 2026 03:06:14.198AM UTC]  PlayerReTagEvent was triggered on julioyutuve2 by aqhez_ with type PLAYER and reason ATTACKED.
[April 24, 2026 03:06:14.198AM UTC]  EntityDamageByEntityEvent was triggered by damaged PLAYER julioyutuve2, damager PLAYER aqhez_ and cancelled false.
[April 24, 2026 03:06:14.407AM UTC]  PlayerPreTagEvent was triggered on julioyutuve2 by aqhez_ with type PLAYER, reason ATTACKER, and cancelled false.
[April 24, 2026 03:06:14.407AM UTC]  PlayerReTagEvent was triggered on julioyutuve2 by aqhez_ with type PLAYER and reason ATTACKER.
[April 24, 2026 03:06:14.408AM UTC]  PlayerPreTagEvent was triggered on aqhez_ by julioyutuve2 with type PLAYER, reason ATTACKED, and cancelled false.
[April 24, 2026 03:06:14.408AM UTC]  PlayerReTagEvent was triggered on aqhez_ by julioyutuve2 with type PLAYER and reason ATTACKED.
[April 24, 2026 03:06:14.408AM UTC]  EntityDamageByEntityEvent was triggered by damaged PLAYER aqhez_, damager PLAYER julioyutuve2 and cancelled false.
[April 24, 2026 03:06:15.500AM UTC]  PlayerPreTagEvent was triggered on aqhez_ by julioyutuve2 with type PLAYER, reason ATTACKER, and cancelled false.
[April 24, 2026 03:06:15.500AM UTC]  PlayerReTagEvent was triggered on aqhez_ by julioyutuve2 with type PLAYER and reason ATTACKER.
[April 24, 2026 03:06:15.500AM UTC]  PlayerPreTagEvent was triggered on julioyutuve2 by aqhez_ with type PLAYER, reason ATTACKED, and cancelled false.
[April 24, 2026 03:06:15.501AM UTC]  PlayerReTagEvent was triggered on julioyutuve2 by aqhez_ with type PLAYER and reason ATTACKED.
[April 24, 2026 03:06:15.501AM UTC]  EntityDamageByEntityEvent was triggered by damaged PLAYER julioyutuve2, damager PLAYER aqhez_ and cancelled false.
[April 24, 2026 03:06:15.539AM UTC]  PlayerPreTagEvent was triggered on julioyutuve2 by aqhez_ with type PLAYER, reason ATTACKER, and cancelled false.
[April 24, 2026 03:06:15.539AM UTC]  PlayerReTagEvent was triggered on julioyutuve2 by aqhez_ with type PLAYER and reason ATTACKER.
[April 24, 2026 03:06:15.539AM UTC]  PlayerPreTagEvent was triggered on aqhez_ by julioyutuve2 with type PLAYER, reason ATTACKED, and cancelled false.
[April 24, 2026 03:06:15.539AM UTC]  PlayerReTagEvent was triggered on aqhez_ by julioyutuve2 with type PLAYER and reason ATTACKED.
[April 24, 2026 03:06:15.539AM UTC]  EntityDamageByEntityEvent was triggered by damaged PLAYER aqhez_, damager PLAYER julioyutuve2 and cancelled false.
[April 24, 2026 03:06:15.984AM UTC]  EntityDamageByEntityEvent was triggered by damaged PLAYER julioyutuve2, damager ZOMBIE Zombie and cancelled false.
[April 24, 2026 03:06:17.053AM UTC]  PlayerPreTagEvent was triggered on aqhez_ by julioyutuve2 with type PLAYER, reason ATTACKER, and cancelled false.
[April 24, 2026 03:06:17.053AM UTC]  PlayerReTagEvent was triggered on aqhez_ by julioyutuve2 with type PLAYER and reason ATTACKER.
[April 24, 2026 03:06:17.054AM UTC]  PlayerPreTagEvent was triggered on julioyutuve2 by aqhez_ with type PLAYER, reason ATTACKED, and cancelled false.
[April 24, 2026 03:06:17.054AM UTC]  PlayerReTagEvent was triggered on julioyutuve2 by aqhez_ with type PLAYER and reason ATTACKED.
[April 24, 2026 03:06:17.054AM UTC]  EntityDamageByEntityEvent was triggered by damaged PLAYER julioyutuve2, damager PLAYER aqhez_ and cancelled false.
[April 24, 2026 03:06:17.237AM UTC]  EntityDamageByEntityEvent was triggered by damaged PLAYER Emilio100, damager ARROW Arrow and cancelled false.
[April 24, 2026 03:06:18.142AM UTC]  EntityDamageByEntityEvent was triggered by damaged ZOMBIE Zombie, damager PLAYER uwu990604 and cancelled false.
[April 24, 2026 03:06:18.407AM UTC]  PlayerPreTagEvent was triggered on uwu990604 by julioyutuve2 with type PLAYER, reason ATTACKER, and cancelled false.
[April 24, 2026 03:06:18.408AM UTC]  PlayerReTagEvent was triggered on uwu990604 by julioyutuve2 with type PLAYER and reason ATTACKER.
[April 24, 2026 03:06:18.408AM UTC]  PlayerPreTagEvent was triggered on julioyutuve2 by uwu990604 with type PLAYER, reason ATTACKED, and cancelled false.
[April 24, 2026 03:06:18.408AM UTC]  PlayerReTagEvent was triggered on julioyutuve2 by uwu990604 with type PLAYER and reason ATTACKED.
[April 24, 2026 03:06:18.409AM UTC]  EntityDamageByEntityEvent was triggered by damaged PLAYER julioyutuve2, damager PLAYER uwu990604 and cancelled false.
[April 24, 2026 03:06:18.808AM UTC]  EntityDamageByEntityEvent was triggered by damaged BOGGED Bogged, damager PLAYER Emilio100 and cancelled false.
[April 24, 2026 03:06:19.884AM UTC]  EntityDamageByEntityEvent was triggered by damaged ZOMBIE Zombie, damager IRON_GOLEM Iron Golem and cancelled false.
[April 24, 2026 03:06:19.889AM UTC]  EntityDamageByEntityEvent was triggered by damaged IRON_GOLEM Iron Golem, damager ZOMBIE Zombie and cancelled false.
[April 24, 2026 03:06:20.883AM UTC]  EntityDamageByEntityEvent was triggered by damaged ZOMBIE Zombie, damager IRON_GOLEM Iron Golem and cancelled false.
[April 24, 2026 03:06:27.404AM UTC]  PlayerPreTagEvent was triggered on bnx_xz by zocratesxp with type PLAYER, reason ATTACKER, and cancelled false.
[April 24, 2026 03:06:27.405AM UTC]  PlayerTagEvent was triggered on bnx_xz by zocratesxp with type PLAYER and reason ATTACKER.
[April 24, 2026 03:06:27.405AM UTC]  PlayerPreTagEvent was triggered on zocratesxp by bnx_xz with type PLAYER, reason ATTACKED, and cancelled false.
[April 24, 2026 03:06:27.405AM UTC]  PlayerTagEvent was triggered on zocratesxp by bnx_xz with type PLAYER and reason ATTACKED.
[April 24, 2026 03:06:27.406AM UTC]  EntityDamageByEntityEvent was triggered by damaged PLAYER zocratesxp, damager PLAYER bnx_xz and cancelled false.
[April 24, 2026 03:06:28.837AM UTC]  EntityDamageByEntityEvent was triggered by damaged PLAYER uwu990604, damager ARROW Arrow and cancelled false.
[April 24, 2026 03:06:33.636AM UTC]  EntityDamageByEntityEvent was triggered by damaged PLAYER Emilio100, damager ARROW Arrow and cancelled false.
[April 24, 2026 03:06:34.643AM UTC]  EntityDamageByEntityEvent was triggered by damaged BOGGED Bogged, damager PLAYER Emilio100 and cancelled false.
[April 24, 2026 03:06:36.011AM UTC]  PlayerPreTagEvent was triggered on bnx_xz by zocratesxp with type PLAYER, reason ATTACKER, and cancelled false.
[April 24, 2026 03:06:36.011AM UTC]  PlayerReTagEvent was triggered on bnx_xz by zocratesxp with type PLAYER and reason ATTACKER.
[April 24, 2026 03:06:36.012AM UTC]  PlayerPreTagEvent was triggered on zocratesxp by bnx_xz with type PLAYER, reason ATTACKED, and cancelled false.
[April 24, 2026 03:06:36.012AM UTC]  PlayerReTagEvent was triggered on zocratesxp by bnx_xz with type PLAYER and reason ATTACKED.
[April 24, 2026 03:06:36.012AM UTC]  EntityDamageByEntityEvent was triggered by damaged PLAYER zocratesxp, damager PLAYER bnx_xz and cancelled false.
[April 24, 2026 03:06:36.213AM UTC]  PlayerPreTagEvent was triggered on bnx_xz by zocratesxp with type PLAYER, reason ATTACKER, and cancelled false.
[April 24, 2026 03:06:36.213AM UTC]  PlayerReTagEvent was triggered on bnx_xz by zocratesxp with type PLAYER and reason ATTACKER.
[April 24, 2026 03:06:36.213AM UTC]  PlayerPreTagEvent was triggered on zocratesxp by bnx_xz with type PLAYER, reason ATTACKED, and cancelled false.
[April 24, 2026 03:06:36.213AM UTC]  PlayerReTagEvent was triggered on zocratesxp by bnx_xz with type PLAYER and reason ATTACKED.
[April 24, 2026 03:06:36.213AM UTC]  EntityDamageByEntityEvent was triggered by damaged PLAYER zocratesxp, damager PLAYER bnx_xz and cancelled false.
[April 24, 2026 03:06:36.561AM UTC]  PlayerPreTagEvent was triggered on bnx_xz by zocratesxp with type PLAYER, reason ATTACKER, and cancelled false.
[April 24, 2026 03:06:36.561AM UTC]  PlayerReTagEvent was triggered on bnx_xz by zocratesxp with type PLAYER and reason ATTACKER.
[April 24, 2026 03:06:36.561AM UTC]  PlayerPreTagEvent was triggered on zocratesxp by bnx_xz with type PLAYER, reason ATTACKED, and cancelled false.
[April 24, 2026 03:06:36.562AM UTC]  PlayerReTagEvent was triggered on zocratesxp by bnx_xz with type PLAYER and reason ATTACKED.
[April 24, 2026 03:06:36.562AM UTC]  EntityDamageByEntityEvent was triggered by damaged PLAYER zocratesxp, damager PLAYER bnx_xz and cancelled false.
[April 24, 2026 03:06:36.714AM UTC]  PlayerPreTagEvent was triggered on bnx_xz by zocratesxp with type PLAYER, reason ATTACKER, and cancelled false.
[April 24, 2026 03:06:36.714AM UTC]  PlayerReTagEvent was triggered on bnx_xz by zocratesxp with type PLAYER and reason ATTACKER.
[April 24, 2026 03:06:36.714AM UTC]  PlayerPreTagEvent was triggered on zocratesxp by bnx_xz with type PLAYER, reason ATTACKED, and cancelled false.
[April 24, 2026 03:06:36.714AM UTC]  PlayerReTagEvent was triggered on zocratesxp by bnx_xz with type PLAYER and reason ATTACKED.
[April 24, 2026 03:06:36.714AM UTC]  EntityDamageByEntityEvent was triggered by damaged PLAYER zocratesxp, damager PLAYER bnx_xz and cancelled false.
[April 24, 2026 03:06:36.951AM UTC]  PlayerPunishEvent was triggered on aqhez_ with reason SELF_DEATH and cancelled true.
[April 24, 2026 03:06:36.951AM UTC]  PlayerUntagEvent was triggered on aqhez_ with reason SELF_DEATH and expire set to true.
[April 24, 2026 03:06:37.118AM UTC]  PlayerPreTagEvent was triggered on bnx_xz by zocratesxp with type PLAYER, reason ATTACKER, and cancelled false.
[April 24, 2026 03:06:37.118AM UTC]  PlayerReTagEvent was triggered on bnx_xz by zocratesxp with type PLAYER and reason ATTACKER.
[April 24, 2026 03:06:37.118AM UTC]  PlayerPreTagEvent was triggered on zocratesxp by bnx_xz with type PLAYER, reason ATTACKED, and cancelled false.
[April 24, 2026 03:06:37.118AM UTC]  PlayerReTagEvent was triggered on zocratesxp by bnx_xz with type PLAYER and reason ATTACKED.
[April 24, 2026 03:06:37.119AM UTC]  EntityDamageByEntityEvent was triggered by damaged PLAYER zocratesxp, damager PLAYER bnx_xz and cancelled false.
[April 24, 2026 03:06:37.662AM UTC]  PlayerPreTagEvent was triggered on bnx_xz by zocratesxp with type PLAYER, reason ATTACKER, and cancelled false.
[April 24, 2026 03:06:37.662AM UTC]  PlayerReTagEvent was triggered on bnx_xz by zocratesxp with type PLAYER and reason ATTACKER.
[April 24, 2026 03:06:37.662AM UTC]  PlayerPreTagEvent was triggered on zocratesxp by bnx_xz with type PLAYER, reason ATTACKED, and cancelled false.
[April 24, 2026 03:06:37.662AM UTC]  PlayerReTagEvent was triggered on zocratesxp by bnx_xz with type PLAYER and reason ATTACKED.
[April 24, 2026 03:06:37.663AM UTC]  EntityDamageByEntityEvent was triggered by damaged PLAYER zocratesxp, damager PLAYER bnx_xz and cancelled false.
[April 24, 2026 03:06:37.772AM UTC]  EntityDamageByEntityEvent was triggered by damaged BOGGED Bogged, damager PLAYER Emilio100 and cancelled false.
[April 24, 2026 03:06:38.160AM UTC]  PlayerPreTagEvent was triggered on bnx_xz by zocratesxp with type PLAYER, reason ATTACKER, and cancelled false.
[April 24, 2026 03:06:38.161AM UTC]  PlayerReTagEvent was triggered on bnx_xz by zocratesxp with type PLAYER and reason ATTACKER.
[April 24, 2026 03:06:38.161AM UTC]  PlayerPreTagEvent was triggered on zocratesxp by bnx_xz with type PLAYER, reason ATTACKED, and cancelled false.
[April 24, 2026 03:06:38.161AM UTC]  PlayerReTagEvent was triggered on zocratesxp by bnx_xz with type PLAYER and reason ATTACKED.
[April 24, 2026 03:06:38.161AM UTC]  EntityDamageByEntityEvent was triggered by damaged PLAYER zocratesxp, damager PLAYER bnx_xz and cancelled false.
[April 24, 2026 03:06:38.773AM UTC]  PlayerPunishEvent was triggered on julioyutuve2 with reason EXPIRE and cancelled true.
[April 24, 2026 03:06:38.773AM UTC]  PlayerUntagEvent was triggered on julioyutuve2 with reason EXPIRE and expire set to true.
[April 24, 2026 03:06:38.773AM UTC]  PlayerPunishEvent was triggered on uwu990604 with reason EXPIRE and cancelled true.
[April 24, 2026 03:06:38.773AM UTC]  PlayerUntagEvent was triggered on uwu990604 with reason EXPIRE and expire set to true.
[April 24, 2026 03:06:40.242AM UTC]  EntityDamageByEntityEvent was triggered by damaged BOGGED Bogged, damager PLAYER Emilio100 and cancelled false.
[April 24, 2026 03:06:42.686AM UTC]  EntityDamageByEntityEvent was triggered by damaged PLAYER Emilio100, damager ARROW Arrow and cancelled false.
[April 24, 2026 03:06:43.546AM UTC]  EntityDamageByEntityEvent was triggered by damaged BOGGED Bogged, damager PLAYER Emilio100 and cancelled false.
[April 24, 2026 03:06:58.273AM UTC]  PlayerPunishEvent was triggered on zocratesxp with reason EXPIRE and cancelled true.
[April 24, 2026 03:06:58.273AM UTC]  PlayerUntagEvent was triggered on zocratesxp with reason EXPIRE and expire set to true.
[April 24, 2026 03:06:58.274AM UTC]  PlayerPunishEvent was triggered on bnx_xz with reason EXPIRE and cancelled true.
[April 24, 2026 03:06:58.274AM UTC]  PlayerUntagEvent was triggered on bnx_xz with reason EXPIRE and expire set to true.
[April 24, 2026 03:06:58.619AM UTC]  PlayerPreTagEvent was triggered on zocratesxp by bnx_xz with type PLAYER, reason ATTACKER, and cancelled false.
[April 24, 2026 03:06:58.620AM UTC]  PlayerTagEvent was triggered on zocratesxp by bnx_xz with type PLAYER and reason ATTACKER.
[April 24, 2026 03:06:58.620AM UTC]  PlayerPreTagEvent was triggered on bnx_xz by zocratesxp with type PLAYER, reason ATTACKED, and cancelled false.
[April 24, 2026 03:06:58.620AM UTC]  PlayerTagEvent was triggered on bnx_xz by zocratesxp with type PLAYER and reason ATTACKED.
[April 24, 2026 03:06:58.620AM UTC]  EntityDamageByEntityEvent was triggered by damaged PLAYER bnx_xz, damager PLAYER zocratesxp and cancelled false.
[April 24, 2026 03:06:59.505AM UTC]  PlayerPreTagEvent was triggered on bnx_xz by zocratesxp with type PLAYER, reason ATTACKER, and cancelled false.
[April 24, 2026 03:06:59.506AM UTC]  PlayerReTagEvent was triggered on bnx_xz by zocratesxp with type PLAYER and reason ATTACKER.
[April 24, 2026 03:06:59.506AM UTC]  PlayerPreTagEvent was triggered on zocratesxp by bnx_xz with type PLAYER, reason ATTACKED, and cancelled false.
[April 24, 2026 03:06:59.506AM UTC]  PlayerReTagEvent was triggered on zocratesxp by bnx_xz with type PLAYER and reason ATTACKED.
[April 24, 2026 03:06:59.506AM UTC]  EntityDamageByEntityEvent was triggered by damaged PLAYER zocratesxp, damager PLAYER bnx_xz and cancelled false.
[April 24, 2026 03:06:59.671AM UTC]  PlayerPreTagEvent was triggered on zocratesxp by bnx_xz with type PLAYER, reason ATTACKER, and cancelled false.
[April 24, 2026 03:06:59.671AM UTC]  PlayerReTagEvent was triggered on zocratesxp by bnx_xz with type PLAYER and reason ATTACKER.
[April 24, 2026 03:06:59.671AM UTC]  PlayerPreTagEvent was triggered on bnx_xz by zocratesxp with type PLAYER, reason ATTACKED, and cancelled false.
[April 24, 2026 03:06:59.672AM UTC]  PlayerReTagEvent was triggered on bnx_xz by zocratesxp with type PLAYER and reason ATTACKED.
[April 24, 2026 03:06:59.672AM UTC]  EntityDamageByEntityEvent was triggered by damaged PLAYER bnx_xz, damager PLAYER zocratesxp and cancelled false.
[April 24, 2026 03:07:00.205AM UTC]  PlayerPreTagEvent was triggered on bnx_xz by zocratesxp with type PLAYER, reason ATTACKER, and cancelled false.
[April 24, 2026 03:07:00.205AM UTC]  PlayerReTagEvent was triggered on bnx_xz by zocratesxp with type PLAYER and reason ATTACKER.
[April 24, 2026 03:07:00.205AM UTC]  PlayerPreTagEvent was triggered on zocratesxp by bnx_xz with type PLAYER, reason ATTACKED, and cancelled false.
[April 24, 2026 03:07:00.205AM UTC]  PlayerReTagEvent was triggered on zocratesxp by bnx_xz with type PLAYER and reason ATTACKED.
[April 24, 2026 03:07:00.206AM UTC]  EntityDamageByEntityEvent was triggered by damaged PLAYER zocratesxp, damager PLAYER bnx_xz and cancelled false.
[April 24, 2026 03:07:00.805AM UTC]  PlayerPreTagEvent was triggered on bnx_xz by zocratesxp with type PLAYER, reason ATTACKER, and cancelled false.
[April 24, 2026 03:07:00.806AM UTC]  PlayerReTagEvent was triggered on bnx_xz by zocratesxp with type PLAYER and reason ATTACKER.
[April 24, 2026 03:07:00.806AM UTC]  PlayerPreTagEvent was triggered on zocratesxp by bnx_xz with type PLAYER, reason ATTACKED, and cancelled false.
[April 24, 2026 03:07:00.806AM UTC]  PlayerReTagEvent was triggered on zocratesxp by bnx_xz with type PLAYER and reason ATTACKED.
[April 24, 2026 03:07:00.806AM UTC]  EntityDamageByEntityEvent was triggered by damaged PLAYER zocratesxp, damager PLAYER bnx_xz and cancelled false.
[April 24, 2026 03:07:00.820AM UTC]  PlayerPreTagEvent was triggered on zocratesxp by bnx_xz with type PLAYER, reason ATTACKER, and cancelled false.
[April 24, 2026 03:07:00.820AM UTC]  PlayerReTagEvent was triggered on zocratesxp by bnx_xz with type PLAYER and reason ATTACKER.
[April 24, 2026 03:07:00.821AM UTC]  PlayerPreTagEvent was triggered on bnx_xz by zocratesxp with type PLAYER, reason ATTACKED, and cancelled false.
[April 24, 2026 03:07:00.821AM UTC]  PlayerReTagEvent was triggered on bnx_xz by zocratesxp with type PLAYER and reason ATTACKED.
[April 24, 2026 03:07:00.821AM UTC]  EntityDamageByEntityEvent was triggered by damaged PLAYER bnx_xz, damager PLAYER zocratesxp and cancelled false.
[April 24, 2026 03:07:01.153AM UTC]  PlayerPreTagEvent was triggered on bnx_xz by zocratesxp with type PLAYER, reason ATTACKER, and cancelled false.
[April 24, 2026 03:07:01.153AM UTC]  PlayerReTagEvent was triggered on bnx_xz by zocratesxp with type PLAYER and reason ATTACKER.
[April 24, 2026 03:07:01.154AM UTC]  PlayerPreTagEvent was triggered on zocratesxp by bnx_xz with type PLAYER, reason ATTACKED, and cancelled false.
[April 24, 2026 03:07:01.154AM UTC]  PlayerReTagEvent was triggered on zocratesxp by bnx_xz with type PLAYER and reason ATTACKED.
[April 24, 2026 03:07:01.154AM UTC]  EntityDamageByEntityEvent was triggered by damaged PLAYER zocratesxp, damager PLAYER bnx_xz and cancelled false.
[April 24, 2026 03:07:01.305AM UTC]  PlayerPreTagEvent was triggered on bnx_xz by zocratesxp with type PLAYER, reason ATTACKER, and cancelled false.
[April 24, 2026 03:07:01.305AM UTC]  PlayerReTagEvent was triggered on bnx_xz by zocratesxp with type PLAYER and reason ATTACKER.
[April 24, 2026 03:07:01.305AM UTC]  PlayerPreTagEvent was triggered on zocratesxp by bnx_xz with type PLAYER, reason ATTACKED, and cancelled false.
[April 24, 2026 03:07:01.306AM UTC]  PlayerReTagEvent was triggered on zocratesxp by bnx_xz with type PLAYER and reason ATTACKED.
[April 24, 2026 03:07:01.306AM UTC]  EntityDamageByEntityEvent was triggered by damaged PLAYER zocratesxp, damager PLAYER bnx_xz and cancelled false.
[April 24, 2026 03:07:01.888AM UTC]  PlayerPreTagEvent was triggered on zocratesxp by bnx_xz with type PLAYER, reason ATTACKER, and cancelled false.
[April 24, 2026 03:07:01.888AM UTC]  PlayerReTagEvent was triggered on zocratesxp by bnx_xz with type PLAYER and reason ATTACKER.
[April 24, 2026 03:07:01.889AM UTC]  PlayerPreTagEvent was triggered on bnx_xz by zocratesxp with type PLAYER, reason ATTACKED, and cancelled false.
[April 24, 2026 03:07:01.889AM UTC]  PlayerReTagEvent was triggered on bnx_xz by zocratesxp with type PLAYER and reason ATTACKED.
[April 24, 2026 03:07:01.889AM UTC]  EntityDamageByEntityEvent was triggered by damaged PLAYER bnx_xz, damager PLAYER zocratesxp and cancelled false.
[April 24, 2026 03:07:02.771AM UTC]  PlayerPreTagEvent was triggered on zocratesxp by bnx_xz with type PLAYER, reason ATTACKER, and cancelled false.
[April 24, 2026 03:07:02.771AM UTC]  PlayerReTagEvent was triggered on zocratesxp by bnx_xz with type PLAYER and reason ATTACKER.
[April 24, 2026 03:07:02.771AM UTC]  PlayerPreTagEvent was triggered on bnx_xz by zocratesxp with type PLAYER, reason ATTACKED, and cancelled false.
[April 24, 2026 03:07:02.771AM UTC]  PlayerReTagEvent was triggered on bnx_xz by zocratesxp with type PLAYER and reason ATTACKED.
[April 24, 2026 03:07:02.772AM UTC]  EntityDamageByEntityEvent was triggered by damaged PLAYER bnx_xz, damager PLAYER zocratesxp and cancelled false.
[April 24, 2026 03:07:02.818AM UTC]  PlayerPreTagEvent was triggered on bnx_xz by zocratesxp with type PLAYER, reason ATTACKER, and cancelled false.
[April 24, 2026 03:07:02.819AM UTC]  PlayerReTagEvent was triggered on bnx_xz by zocratesxp with type PLAYER and reason ATTACKER.
[April 24, 2026 03:07:02.819AM UTC]  PlayerPreTagEvent was triggered on zocratesxp by bnx_xz with type PLAYER, reason ATTACKED, and cancelled false.
[April 24, 2026 03:07:02.819AM UTC]  PlayerReTagEvent was triggered on zocratesxp by bnx_xz with type PLAYER and reason ATTACKED.
[April 24, 2026 03:07:02.819AM UTC]  EntityDamageByEntityEvent was triggered by damaged PLAYER zocratesxp, damager PLAYER bnx_xz and cancelled false.
[April 24, 2026 03:07:02.822AM UTC]  PlayerPunishEvent was triggered on bnx_xz with reason ENEMY_DEATH and cancelled true.
[April 24, 2026 03:07:02.822AM UTC]  PlayerUntagEvent was triggered on bnx_xz with reason ENEMY_DEATH and expire set to true.
[April 24, 2026 03:07:02.822AM UTC]  PlayerPunishEvent was triggered on zocratesxp with reason SELF_DEATH and cancelled true.
[April 24, 2026 03:07:02.823AM UTC]  PlayerUntagEvent was triggered on zocratesxp with reason SELF_DEATH and expire set to true.
[April 24, 2026 03:07:09.039AM UTC]  EntityDamageByEntityEvent was triggered by damaged PLAYER Emilio100, damager HUSK Husk and cancelled false.
[April 24, 2026 03:07:10.089AM UTC]  EntityDamageByEntityEvent was triggered by damaged PLAYER Emilio100, damager HUSK Husk and cancelled false.
[April 24, 2026 03:07:10.346AM UTC]  EntityDamageByEntityEvent was triggered by damaged HUSK Husk, damager PLAYER Emilio100 and cancelled false.
[April 24, 2026 03:07:10.643AM UTC]  EntityDamageByEntityEvent was triggered by damaged HUSK Husk, damager PLAYER Emilio100 and cancelled false.
[April 24, 2026 03:07:16.438AM UTC]  EntityDamageByEntityEvent was triggered by damaged PLAYER Emilio100, damager HUSK Husk and cancelled false.
[April 24, 2026 03:07:17.943AM UTC]  EntityDamageByEntityEvent was triggered by damaged HUSK Husk, damager PLAYER Emilio100 and cancelled false.
[April 24, 2026 03:07:19.738AM UTC]  EntityDamageByEntityEvent was triggered by damaged PLAYER Emilio100, damager HUSK Husk and cancelled false.
[April 24, 2026 03:07:20.588AM UTC]  EntityDamageByEntityEvent was triggered by damaged HUSK Husk, damager BREEZE_WIND_CHARGE Wind Charge and cancelled false.
[April 24, 2026 03:07:20.645AM UTC]  EntityDamageByEntityEvent was triggered by damaged PLAYER Emilio100, damager HUSK Husk and cancelled false.
[April 24, 2026 03:07:22.936AM UTC]  EntityDamageByEntityEvent was triggered by damaged PLAYER Algorth, damager CREEPER Creeper and cancelled false.
[April 24, 2026 03:07:22.937AM UTC]  EntityDamageByEntityEvent was triggered by damaged SPIDER Spider, damager CREEPER Creeper and cancelled false.
[April 24, 2026 03:07:23.848AM UTC]  EntityDamageByEntityEvent was triggered by damaged PLAYER Algorth, damager SPIDER Spider and cancelled false.
[April 24, 2026 03:07:24.836AM UTC]  EntityDamageByEntityEvent was triggered by damaged PLAYER Algorth, damager SPIDER Spider and cancelled false.
[April 24, 2026 03:07:28.689AM UTC]  PlayerPreTagEvent was triggered on zocratesxp by bnx_xz with type PLAYER, reason ATTACKER, and cancelled false.
[April 24, 2026 03:07:28.689AM UTC]  PlayerTagEvent was triggered on zocratesxp by bnx_xz with type PLAYER and reason ATTACKER.
[April 24, 2026 03:07:28.690AM UTC]  PlayerPreTagEvent was triggered on bnx_xz by zocratesxp with type PLAYER, reason ATTACKED, and cancelled false.
[April 24, 2026 03:07:28.690AM UTC]  PlayerTagEvent was triggered on bnx_xz by zocratesxp with type PLAYER and reason ATTACKED.
[April 24, 2026 03:07:28.690AM UTC]  EntityDamageByEntityEvent was triggered by damaged PLAYER bnx_xz, damager PLAYER zocratesxp and cancelled false.
[April 24, 2026 03:07:29.437AM UTC]  EntityDamageByEntityEvent was triggered by damaged VILLAGER Villager, damager ZOMBIE Zombie and cancelled false.
[April 24, 2026 03:07:29.772AM UTC]  PlayerPreTagEvent was triggered on zocratesxp by bnx_xz with type PLAYER, reason ATTACKER, and cancelled false.
[April 24, 2026 03:07:29.773AM UTC]  PlayerReTagEvent was triggered on zocratesxp by bnx_xz with type PLAYER and reason ATTACKER.
[April 24, 2026 03:07:29.773AM UTC]  PlayerPreTagEvent was triggered on bnx_xz by zocratesxp with type PLAYER, reason ATTACKED, and cancelled false.
[April 24, 2026 03:07:29.773AM UTC]  PlayerReTagEvent was triggered on bnx_xz by zocratesxp with type PLAYER and reason ATTACKED.
[April 24, 2026 03:07:29.773AM UTC]  EntityDamageByEntityEvent was triggered by damaged PLAYER bnx_xz, damager PLAYER zocratesxp and cancelled false.
[April 24, 2026 03:07:30.993AM UTC]  PlayerPreTagEvent was triggered on zocratesxp by bnx_xz with type PLAYER, reason ATTACKER, and cancelled false.
[April 24, 2026 03:07:30.994AM UTC]  PlayerReTagEvent was triggered on zocratesxp by bnx_xz with type PLAYER and reason ATTACKER.
[April 24, 2026 03:07:30.994AM UTC]  PlayerPreTagEvent was triggered on bnx_xz by zocratesxp with type PLAYER, reason ATTACKED, and cancelled false.
[April 24, 2026 03:07:30.994AM UTC]  PlayerReTagEvent was triggered on bnx_xz by zocratesxp with type PLAYER and reason ATTACKED.
[April 24, 2026 03:07:30.994AM UTC]  EntityDamageByEntityEvent was triggered by damaged PLAYER bnx_xz, damager PLAYER zocratesxp and cancelled false.
[April 24, 2026 03:07:30.997AM UTC]  PlayerPunishEvent was triggered on zocratesxp with reason ENEMY_DEATH and cancelled true.
[April 24, 2026 03:07:30.997AM UTC]  PlayerUntagEvent was triggered on zocratesxp with reason ENEMY_DEATH and expire set to true.
[April 24, 2026 03:07:30.997AM UTC]  PlayerPunishEvent was triggered on bnx_xz with reason SELF_DEATH and cancelled true.
[April 24, 2026 03:07:30.998AM UTC]  PlayerUntagEvent was triggered on bnx_xz with reason SELF_DEATH and expire set to true.
[April 24, 2026 03:07:43.586AM UTC]  EntityDamageByEntityEvent was triggered by damaged PLAYER Emilio100, damager HUSK Husk and cancelled false.
[April 24, 2026 03:07:43.963AM UTC]  EntityDamageByEntityEvent was triggered by damaged HUSK Husk, damager PLAYER Emilio100 and cancelled false.
[April 24, 2026 03:07:46.440AM UTC]  EntityDamageByEntityEvent was triggered by damaged PLAYER bnx_xz, damager PLAYER zocratesxp and cancelled true.
[April 24, 2026 03:07:47.743AM UTC]  EntityDamageByEntityEvent was triggered by damaged HUSK Husk, damager PLAYER Emilio100 and cancelled false.
[April 24, 2026 03:07:48.839AM UTC]  PlayerPreTagEvent was triggered on zocratesxp by bnx_xz with type PLAYER, reason ATTACKER, and cancelled false.
[April 24, 2026 03:07:48.840AM UTC]  PlayerTagEvent was triggered on zocratesxp by bnx_xz with type PLAYER and reason ATTACKER.
[April 24, 2026 03:07:48.840AM UTC]  PlayerPreTagEvent was triggered on bnx_xz by zocratesxp with type PLAYER, reason ATTACKED, and cancelled false.
[April 24, 2026 03:07:48.840AM UTC]  PlayerTagEvent was triggered on bnx_xz by zocratesxp with type PLAYER and reason ATTACKED.
[April 24, 2026 03:07:48.841AM UTC]  EntityDamageByEntityEvent was triggered by damaged PLAYER bnx_xz, damager PLAYER zocratesxp and cancelled false.
[April 24, 2026 03:07:49.195AM UTC]  EntityDamageByEntityEvent was triggered by damaged HUSK Husk, damager PLAYER Emilio100 and cancelled false.
[April 24, 2026 03:07:49.337AM UTC]  EntityDamageByEntityEvent was triggered by damaged PLAYER Akukis, damager SPIDER Spider and cancelled false.
[April 24, 2026 03:07:50.492AM UTC]  EntityDamageByEntityEvent was triggered by damaged HUSK Husk, damager PLAYER Emilio100 and cancelled false.
[April 24, 2026 03:07:50.537AM UTC]  EntityDamageByEntityEvent was triggered by damaged PLAYER Akukis, damager SPIDER Spider and cancelled false.
[April 24, 2026 03:07:50.988AM UTC]  EntityDamageByEntityEvent was triggered by damaged PLAYER Emilio100, damager HUSK Husk and cancelled false.
[April 24, 2026 03:07:51.746AM UTC]  EntityDamageByEntityEvent was triggered by damaged HUSK Husk, damager PLAYER Emilio100 and cancelled false.
[April 24, 2026 03:07:54.637AM UTC]  EntityDamageByEntityEvent was triggered by damaged PLAYER Emilio100, damager HUSK Husk and cancelled false.
[April 24, 2026 03:07:54.687AM UTC]  EntityDamageByEntityEvent was triggered by damaged PLAYER Emilio100, damager HUSK Husk and cancelled false.
[April 24, 2026 03:07:54.893AM UTC]  EntityDamageByEntityEvent was triggered by damaged IRON_GOLEM Iron Golem, damager SPIDER Spider and cancelled false.
[April 24, 2026 03:07:54.938AM UTC]  EntityDamageByEntityEvent was triggered by damaged SPIDER Spider, damager IRON_GOLEM Iron Golem and cancelled false.
[April 24, 2026 03:07:55.249AM UTC]  EntityDamageByEntityEvent was triggered by damaged HUSK Husk, damager PLAYER Emilio100 and cancelled false.
[April 24, 2026 03:07:56.238AM UTC]  EntityDamageByEntityEvent was triggered by damaged PLAYER zocratesxp, damager ZOMBIE Zombie and cancelled false.
[April 24, 2026 03:07:56.243AM UTC]  EntityDamageByEntityEvent was triggered by damaged ZOMBIE Zombie, damager PLAYER zocratesxp and cancelled false.
[April 24, 2026 03:07:56.408AM UTC]  PlayerPreTagEvent was triggered on julioyutuve2 by Akukis with type PLAYER, reason ATTACKER, and cancelled false.
[April 24, 2026 03:07:56.409AM UTC]  PlayerTagEvent was triggered on julioyutuve2 by Akukis with type PLAYER and reason ATTACKER.
[April 24, 2026 03:07:56.409AM UTC]  PlayerPreTagEvent was triggered on Akukis by julioyutuve2 with type PLAYER, reason ATTACKED, and cancelled false.
[April 24, 2026 03:07:56.409AM UTC]  PlayerTagEvent was triggered on Akukis by julioyutuve2 with type PLAYER and reason ATTACKED.
[April 24, 2026 03:07:56.409AM UTC]  EntityDamageByEntityEvent was triggered by damaged PLAYER Akukis, damager PLAYER julioyutuve2 and cancelled false.
[April 24, 2026 03:07:57.008AM UTC]  PlayerPreTagEvent was triggered on julioyutuve2 by Akukis with type PLAYER, reason ATTACKER, and cancelled false.
[April 24, 2026 03:07:57.009AM UTC]  PlayerReTagEvent was triggered on julioyutuve2 by Akukis with type PLAYER and reason ATTACKER.
[April 24, 2026 03:07:57.009AM UTC]  PlayerPreTagEvent was triggered on Akukis by julioyutuve2 with type PLAYER, reason ATTACKED, and cancelled false.
[April 24, 2026 03:07:57.009AM UTC]  PlayerReTagEvent was triggered on Akukis by julioyutuve2 with type PLAYER and reason ATTACKED.
[April 24, 2026 03:07:57.009AM UTC]  EntityDamageByEntityEvent was triggered by damaged PLAYER Akukis, damager PLAYER julioyutuve2 and cancelled false.
[April 24, 2026 03:07:57.093AM UTC]  EntityDamageByEntityEvent was triggered by damaged ZOMBIE Zombie, damager PLAYER zocratesxp and cancelled false.
[April 24, 2026 03:07:57.612AM UTC]  PlayerPreTagEvent was triggered on julioyutuve2 by Akukis with type PLAYER, reason ATTACKER, and cancelled false.
[April 24, 2026 03:07:57.613AM UTC]  PlayerReTagEvent was triggered on julioyutuve2 by Akukis with type PLAYER and reason ATTACKER.
[April 24, 2026 03:07:57.613AM UTC]  PlayerPreTagEvent was triggered on Akukis by julioyutuve2 with type PLAYER, reason ATTACKED, and cancelled false.
[April 24, 2026 03:07:57.613AM UTC]  PlayerReTagEvent was triggered on Akukis by julioyutuve2 with type PLAYER and reason ATTACKED.
[April 24, 2026 03:07:57.613AM UTC]  EntityDamageByEntityEvent was triggered by damaged PLAYER Akukis, damager PLAYER julioyutuve2 and cancelled false.
[April 24, 2026 03:07:57.616AM UTC]  PlayerPunishEvent was triggered on julioyutuve2 with reason ENEMY_DEATH and cancelled true.
[April 24, 2026 03:07:57.616AM UTC]  PlayerUntagEvent was triggered on julioyutuve2 with reason ENEMY_DEATH and expire set to true.
[April 24, 2026 03:07:57.617AM UTC]  PlayerPunishEvent was triggered on Akukis with reason SELF_DEATH and cancelled true.
[April 24, 2026 03:07:57.617AM UTC]  PlayerUntagEvent was triggered on Akukis with reason SELF_DEATH and expire set to true.
[April 24, 2026 03:07:57.643AM UTC]  EntityDamageByEntityEvent was triggered by damaged HUSK Husk, damager PLAYER Emilio100 and cancelled false.
[April 24, 2026 03:07:57.800AM UTC]  EntityDamageByEntityEvent was triggered by damaged ZOMBIE Zombie, damager PLAYER zocratesxp and cancelled false.
[April 24, 2026 03:07:58.234AM UTC]  EntityDamageByEntityEvent was triggered by damaged SHEEP Sheep, damager WOLF Wolf and cancelled false.
[April 24, 2026 03:07:58.491AM UTC]  EntityDamageByEntityEvent was triggered by damaged ZOMBIE Zombie, damager PLAYER zocratesxp and cancelled false.
[April 24, 2026 03:07:59.236AM UTC]  EntityDamageByEntityEvent was triggered by damaged SHEEP Sheep, damager WOLF Wolf and cancelled false.
[April 24, 2026 03:07:59.462AM UTC]  EntityDamageByEntityEvent was triggered by damaged HUSK Husk, damager PLAYER Emilio100 and cancelled false.
[April 24, 2026 03:07:59.637AM UTC]  EntityDamageByEntityEvent was triggered by damaged PLAYER julioyutuve2, damager SPIDER Spider and cancelled false.
[April 24, 2026 03:08:00.241AM UTC]  PlayerPreTagEvent was triggered on zocratesxp by bnx_xz with type PLAYER, reason ATTACKER, and cancelled false.
[April 24, 2026 03:08:00.242AM UTC]  PlayerReTagEvent was triggered on zocratesxp by bnx_xz with type PLAYER and reason ATTACKER.
[April 24, 2026 03:08:00.242AM UTC]  PlayerPreTagEvent was triggered on bnx_xz by zocratesxp with type PLAYER, reason ATTACKED, and cancelled false.
[April 24, 2026 03:08:00.242AM UTC]  PlayerReTagEvent was triggered on bnx_xz by zocratesxp with type PLAYER and reason ATTACKED.
[April 24, 2026 03:08:00.242AM UTC]  EntityDamageByEntityEvent was triggered by damaged PLAYER bnx_xz, damager PLAYER zocratesxp and cancelled false.
[April 24, 2026 03:08:00.636AM UTC]  EntityDamageByEntityEvent was triggered by damaged PLAYER julioyutuve2, damager SPIDER Spider and cancelled false.
[April 24, 2026 03:08:00.796AM UTC]  EntityDamageByEntityEvent was triggered by damaged HUSK Husk, damager PLAYER Emilio100 and cancelled false.
[April 24, 2026 03:08:01.710AM UTC]  EntityDamageByEntityEvent was triggered by damaged SPIDER Spider, damager PLAYER julioyutuve2 and cancelled false.
[April 24, 2026 03:08:01.736AM UTC]  EntityDamageByEntityEvent was triggered by damaged PLAYER julioyutuve2, damager SPIDER Spider and cancelled false.
[April 24, 2026 03:08:02.191AM UTC]  PlayerPreTagEvent was triggered on zocratesxp by bnx_xz with type PLAYER, reason ATTACKER, and cancelled false.
[April 24, 2026 03:08:02.192AM UTC]  PlayerReTagEvent was triggered on zocratesxp by bnx_xz with type PLAYER and reason ATTACKER.
[April 24, 2026 03:08:02.192AM UTC]  PlayerPreTagEvent was triggered on bnx_xz by zocratesxp with type PLAYER, reason ATTACKED, and cancelled false.
[April 24, 2026 03:08:02.192AM UTC]  PlayerReTagEvent was triggered on bnx_xz by zocratesxp with type PLAYER and reason ATTACKED.
[April 24, 2026 03:08:02.192AM UTC]  EntityDamageByEntityEvent was triggered by damaged PLAYER bnx_xz, damager PLAYER zocratesxp and cancelled false.
[April 24, 2026 03:08:02.738AM UTC]  EntityDamageByEntityEvent was triggered by damaged PLAYER julioyutuve2, damager SPIDER Spider and cancelled false.
[April 24, 2026 03:08:02.807AM UTC]  EntityDamageByEntityEvent was triggered by damaged SPIDER Spider, damager PLAYER julioyutuve2 and cancelled false.
[April 24, 2026 03:08:03.392AM UTC]  EntityDamageByEntityEvent was triggered by damaged HUSK Husk, damager PLAYER Emilio100 and cancelled false.
[April 24, 2026 03:08:03.792AM UTC]  PlayerPreTagEvent was triggered on zocratesxp by bnx_xz with type PLAYER, reason ATTACKER, and cancelled false.
[April 24, 2026 03:08:03.793AM UTC]  PlayerReTagEvent was triggered on zocratesxp by bnx_xz with type PLAYER and reason ATTACKER.
[April 24, 2026 03:08:03.793AM UTC]  PlayerPreTagEvent was triggered on bnx_xz by zocratesxp with type PLAYER, reason ATTACKED, and cancelled false.
[April 24, 2026 03:08:03.793AM UTC]  PlayerReTagEvent was triggered on bnx_xz by zocratesxp with type PLAYER and reason ATTACKED.
[April 24, 2026 03:08:03.793AM UTC]  EntityDamageByEntityEvent was triggered by damaged PLAYER bnx_xz, damager PLAYER zocratesxp and cancelled false.
[April 24, 2026 03:08:04.061AM UTC]  PlayerPreTagEvent was triggered on bnx_xz by zocratesxp with type PLAYER, reason ATTACKER, and cancelled false.
[April 24, 2026 03:08:04.061AM UTC]  PlayerReTagEvent was triggered on bnx_xz by zocratesxp with type PLAYER and reason ATTACKER.
[April 24, 2026 03:08:04.061AM UTC]  PlayerPreTagEvent was triggered on zocratesxp by bnx_xz with type PLAYER, reason ATTACKED, and cancelled false.
[April 24, 2026 03:08:04.062AM UTC]  PlayerReTagEvent was triggered on zocratesxp by bnx_xz with type PLAYER and reason ATTACKED.
[April 24, 2026 03:08:04.062AM UTC]  EntityDamageByEntityEvent was triggered by damaged PLAYER zocratesxp, damager PLAYER bnx_xz and cancelled false.
[April 24, 2026 03:08:04.120AM UTC]  EntityDamageByEntityEvent was triggered by damaged SPIDER Spider, damager PLAYER julioyutuve2 and cancelled false.
[April 24, 2026 03:08:05.387AM UTC]  EntityDamageByEntityEvent was triggered by damaged PLAYER srcapiii, damager ZOMBIE Zombie and cancelled false.
[April 24, 2026 03:08:05.393AM UTC]  EntityDamageByEntityEvent was triggered by damaged ZOMBIE Zombie, damager PLAYER srcapiii and cancelled false.
[April 24, 2026 03:08:05.493AM UTC]  PlayerPreTagEvent was triggered on zocratesxp by bnx_xz with type PLAYER, reason ATTACKER, and cancelled false.
[April 24, 2026 03:08:05.493AM UTC]  PlayerReTagEvent was triggered on zocratesxp by bnx_xz with type PLAYER and reason ATTACKER.
[April 24, 2026 03:08:05.493AM UTC]  PlayerPreTagEvent was triggered on bnx_xz by zocratesxp with type PLAYER, reason ATTACKED, and cancelled false.
[April 24, 2026 03:08:05.494AM UTC]  PlayerReTagEvent was triggered on bnx_xz by zocratesxp with type PLAYER and reason ATTACKED.
[April 24, 2026 03:08:05.494AM UTC]  EntityDamageByEntityEvent was triggered by damaged PLAYER bnx_xz, damager PLAYER zocratesxp and cancelled false.
[April 24, 2026 03:08:05.496AM UTC]  PlayerPunishEvent was triggered on zocratesxp with reason ENEMY_DEATH and cancelled true.
[April 24, 2026 03:08:05.496AM UTC]  PlayerUntagEvent was triggered on zocratesxp with reason ENEMY_DEATH and expire set to true.
[April 24, 2026 03:08:05.496AM UTC]  PlayerPunishEvent was triggered on bnx_xz with reason SELF_DEATH and cancelled true.
[April 24, 2026 03:08:05.496AM UTC]  PlayerUntagEvent was triggered on bnx_xz with reason SELF_DEATH and expire set to true.
[April 24, 2026 03:08:05.743AM UTC]  EntityDamageByEntityEvent was triggered by damaged HUSK Husk, damager PLAYER Emilio100 and cancelled false.
[April 24, 2026 03:08:06.487AM UTC]  EntityDamageByEntityEvent was triggered by damaged PLAYER srcapiii, damager ZOMBIE Zombie and cancelled false.
[April 24, 2026 03:08:07.039AM UTC]  EntityDamageByEntityEvent was triggered by damaged PLAYER zocratesxp, damager ARROW Arrow and cancelled false.
[April 24, 2026 03:08:07.557AM UTC]  EntityDamageByEntityEvent was triggered by damaged ZOMBIE Zombie, damager PLAYER srcapiii and cancelled false.
[April 24, 2026 03:08:07.915AM UTC]  EntityDamageByEntityEvent was triggered by damaged HUSK Husk, damager PLAYER Emilio100 and cancelled false.
[April 24, 2026 03:08:08.834AM UTC]  EntityDamageByEntityEvent was triggered by damaged PLAYER srcapiii, damager ZOMBIE Zombie and cancelled false.
[April 24, 2026 03:08:08.892AM UTC]  EntityDamageByEntityEvent was triggered by damaged HUSK Husk, damager PLAYER Emilio100 and cancelled false.
[April 24, 2026 03:08:09.252AM UTC]  EntityDamageByEntityEvent was triggered by damaged ZOMBIE Zombie, damager PLAYER srcapiii and cancelled false.
[April 24, 2026 03:08:09.842AM UTC]  EntityDamageByEntityEvent was triggered by damaged HUSK Husk, damager PLAYER Emilio100 and cancelled false.
[April 24, 2026 03:08:09.891AM UTC]  EntityDamageByEntityEvent was triggered by damaged PLAYER Emilio100, damager HUSK Husk and cancelled false.
[April 24, 2026 03:08:10.703AM UTC]  EntityDamageByEntityEvent was triggered by damaged ZOMBIE Zombie, damager PLAYER srcapiii and cancelled false.
[April 24, 2026 03:08:16.442AM UTC]  EntityDamageByEntityEvent was triggered by damaged HUSK Husk, damager PLAYER Emilio100 and cancelled false.
[April 24, 2026 03:08:17.745AM UTC]  EntityDamageByEntityEvent was triggered by damaged HUSK Husk, damager PLAYER Emilio100 and cancelled false.
[April 24, 2026 03:08:20.841AM UTC]  EntityDamageByEntityEvent was triggered by damaged HUSK Husk, damager PLAYER Emilio100 and cancelled false.
[April 24, 2026 03:08:21.310AM UTC]  PlayerPreTagEvent was triggered on bnx_xz by zocratesxp with type PLAYER, reason ATTACKER, and cancelled false.
[April 24, 2026 03:08:21.310AM UTC]  PlayerTagEvent was triggered on bnx_xz by zocratesxp with type PLAYER and reason ATTACKER.
[April 24, 2026 03:08:21.310AM UTC]  PlayerPreTagEvent was triggered on zocratesxp by bnx_xz with type PLAYER, reason ATTACKED, and cancelled false.
[April 24, 2026 03:08:21.311AM UTC]  PlayerTagEvent was triggered on zocratesxp by bnx_xz with type PLAYER and reason ATTACKED.
[April 24, 2026 03:08:21.311AM UTC]  EntityDamageByEntityEvent was triggered by damaged PLAYER zocratesxp, damager PLAYER bnx_xz and cancelled false.
[April 24, 2026 03:08:21.738AM UTC]  EntityDamageByEntityEvent was triggered by damaged PLAYER julioyutuve2, damager ARROW Arrow and cancelled false.
[April 24, 2026 03:08:22.517AM UTC]  EntityDamageByEntityEvent was triggered by damaged SKELETON Skeleton, damager PLAYER julioyutuve2 and cancelled false.
[April 24, 2026 03:08:22.708AM UTC]  PlayerPreTagEvent was triggered on bnx_xz by zocratesxp with type PLAYER, reason ATTACKER, and cancelled false.
[April 24, 2026 03:08:22.709AM UTC]  PlayerReTagEvent was triggered on bnx_xz by zocratesxp with type PLAYER and reason ATTACKER.
[April 24, 2026 03:08:22.709AM UTC]  PlayerPreTagEvent was triggered on zocratesxp by bnx_xz with type PLAYER, reason ATTACKED, and cancelled false.
[April 24, 2026 03:08:22.709AM UTC]  PlayerReTagEvent was triggered on zocratesxp by bnx_xz with type PLAYER and reason ATTACKED.
[April 24, 2026 03:08:22.709AM UTC]  EntityDamageByEntityEvent was triggered by damaged PLAYER zocratesxp, damager PLAYER bnx_xz and cancelled false.
[April 24, 2026 03:08:22.910AM UTC]  PlayerPreTagEvent was triggered on bnx_xz by zocratesxp with type PLAYER, reason ATTACKER, and cancelled false.
[April 24, 2026 03:08:22.910AM UTC]  PlayerReTagEvent was triggered on bnx_xz by zocratesxp with type PLAYER and reason ATTACKER.
[April 24, 2026 03:08:22.910AM UTC]  PlayerPreTagEvent was triggered on zocratesxp by bnx_xz with type PLAYER, reason ATTACKED, and cancelled false.
[April 24, 2026 03:08:22.910AM UTC]  PlayerReTagEvent was triggered on zocratesxp by bnx_xz with type PLAYER and reason ATTACKED.
[April 24, 2026 03:08:22.911AM UTC]  EntityDamageByEntityEvent was triggered by damaged PLAYER zocratesxp, damager PLAYER bnx_xz and cancelled false.
[April 24, 2026 03:08:22.942AM UTC]  PlayerPreTagEvent was triggered on zocratesxp by bnx_xz with type PLAYER, reason ATTACKER, and cancelled false.
[April 24, 2026 03:08:22.942AM UTC]  PlayerReTagEvent was triggered on zocratesxp by bnx_xz with type PLAYER and reason ATTACKER.
[April 24, 2026 03:08:22.942AM UTC]  PlayerPreTagEvent was triggered on bnx_xz by zocratesxp with type PLAYER, reason ATTACKED, and cancelled false.
[April 24, 2026 03:08:22.942AM UTC]  PlayerReTagEvent was triggered on bnx_xz by zocratesxp with type PLAYER and reason ATTACKED.
[April 24, 2026 03:08:22.942AM UTC]  EntityDamageByEntityEvent was triggered by damaged PLAYER bnx_xz, damager PLAYER zocratesxp and cancelled false.
[April 24, 2026 03:08:23.118AM UTC]  EntityDamageByEntityEvent was triggered by damaged SKELETON Skeleton, damager PLAYER julioyutuve2 and cancelled false.
[April 24, 2026 03:08:24.038AM UTC]  EntityDamageByEntityEvent was triggered by damaged PLAYER Emilio100, damager HUSK Husk and cancelled false.
[April 24, 2026 03:08:24.410AM UTC]  PlayerPreTagEvent was triggered on bnx_xz by zocratesxp with type PLAYER, reason ATTACKER, and cancelled false.
[April 24, 2026 03:08:24.410AM UTC]  PlayerReTagEvent was triggered on bnx_xz by zocratesxp with type PLAYER and reason ATTACKER.
[April 24, 2026 03:08:24.410AM UTC]  PlayerPreTagEvent was triggered on zocratesxp by bnx_xz with type PLAYER, reason ATTACKED, and cancelled false.
[April 24, 2026 03:08:24.410AM UTC]  PlayerReTagEvent was triggered on zocratesxp by bnx_xz with type PLAYER and reason ATTACKED.
[April 24, 2026 03:08:24.411AM UTC]  EntityDamageByEntityEvent was triggered by damaged PLAYER zocratesxp, damager PLAYER bnx_xz and cancelled false.
[April 24, 2026 03:08:24.608AM UTC]  PlayerPreTagEvent was triggered on bnx_xz by zocratesxp with type PLAYER, reason ATTACKER, and cancelled false.
[April 24, 2026 03:08:24.609AM UTC]  PlayerReTagEvent was triggered on bnx_xz by zocratesxp with type PLAYER and reason ATTACKER.
[April 24, 2026 03:08:24.609AM UTC]  PlayerPreTagEvent was triggered on zocratesxp by bnx_xz with type PLAYER, reason ATTACKED, and cancelled false.
[April 24, 2026 03:08:24.609AM UTC]  PlayerReTagEvent was triggered on zocratesxp by bnx_xz with type PLAYER and reason ATTACKED.
[April 24, 2026 03:08:24.609AM UTC]  EntityDamageByEntityEvent was triggered by damaged PLAYER zocratesxp, damager PLAYER bnx_xz and cancelled false.
[April 24, 2026 03:08:24.691AM UTC]  EntityDamageByEntityEvent was triggered by damaged PLAYER julioyutuve2, damager ARROW Arrow and cancelled false.
[April 24, 2026 03:08:24.693AM UTC]  EntityDamageByEntityEvent was triggered by damaged HUSK Husk, damager PLAYER Emilio100 and cancelled false.
[April 24, 2026 03:08:24.840AM UTC]  EntityDamageByEntityEvent was triggered by damaged PLAYER bnx_xz, damager ARROW Arrow and cancelled false.
[April 24, 2026 03:08:24.841AM UTC]  PlayerPreTagEvent was triggered on zocratesxp by bnx_xz with type PLAYER, reason ATTACKER, and cancelled false.
[April 24, 2026 03:08:24.842AM UTC]  PlayerReTagEvent was triggered on zocratesxp by bnx_xz with type PLAYER and reason ATTACKER.
[April 24, 2026 03:08:24.842AM UTC]  PlayerPreTagEvent was triggered on bnx_xz by zocratesxp with type PLAYER, reason ATTACKED, and cancelled false.
[April 24, 2026 03:08:24.842AM UTC]  PlayerReTagEvent was triggered on bnx_xz by zocratesxp with type PLAYER and reason ATTACKED.
[April 24, 2026 03:08:24.842AM UTC]  EntityDamageByEntityEvent was triggered by damaged PLAYER bnx_xz, damager PLAYER zocratesxp and cancelled false.
[April 24, 2026 03:08:25.172AM UTC]  EntityDamageByEntityEvent was triggered by damaged SKELETON Skeleton, damager PLAYER julioyutuve2 and cancelled false.
[April 24, 2026 03:08:25.258AM UTC]  PlayerPreTagEvent was triggered on bnx_xz by zocratesxp with type PLAYER, reason ATTACKER, and cancelled false.
[April 24, 2026 03:08:25.258AM UTC]  PlayerReTagEvent was triggered on bnx_xz by zocratesxp with type PLAYER and reason ATTACKER.
[April 24, 2026 03:08:25.259AM UTC]  PlayerPreTagEvent was triggered on zocratesxp by bnx_xz with type PLAYER, reason ATTACKED, and cancelled false.
[April 24, 2026 03:08:25.259AM UTC]  PlayerReTagEvent was triggered on zocratesxp by bnx_xz with type PLAYER and reason ATTACKED.
[April 24, 2026 03:08:25.259AM UTC]  EntityDamageByEntityEvent was triggered by damaged PLAYER zocratesxp, damager PLAYER bnx_xz and cancelled false.
[April 24, 2026 03:08:25.492AM UTC]  PlayerPreTagEvent was triggered on zocratesxp by bnx_xz with type PLAYER, reason ATTACKER, and cancelled false.
[April 24, 2026 03:08:25.492AM UTC]  PlayerReTagEvent was triggered on zocratesxp by bnx_xz with type PLAYER and reason ATTACKER.
[April 24, 2026 03:08:25.492AM UTC]  PlayerPreTagEvent was triggered on bnx_xz by zocratesxp with type PLAYER, reason ATTACKED, and cancelled false.
[April 24, 2026 03:08:25.492AM UTC]  PlayerReTagEvent was triggered on bnx_xz by zocratesxp with type PLAYER and reason ATTACKED.
[April 24, 2026 03:08:25.492AM UTC]  EntityDamageByEntityEvent was triggered by damaged PLAYER bnx_xz, damager PLAYER zocratesxp and cancelled false.
[April 24, 2026 03:08:26.586AM UTC]  EntityDamageByEntityEvent was triggered by damaged PLAYER Emilio100, damager HUSK Husk and cancelled false.
[April 24, 2026 03:08:27.573AM UTC]  PlayerPreTagEvent was triggered on bnx_xz by zocratesxp with type PLAYER, reason ATTACKER, and cancelled false.
[April 24, 2026 03:08:27.573AM UTC]  PlayerReTagEvent was triggered on bnx_xz by zocratesxp with type PLAYER and reason ATTACKER.
[April 24, 2026 03:08:27.573AM UTC]  PlayerPreTagEvent was triggered on zocratesxp by bnx_xz with type PLAYER, reason ATTACKED, and cancelled false.
[April 24, 2026 03:08:27.573AM UTC]  PlayerReTagEvent was triggered on zocratesxp by bnx_xz with type PLAYER and reason ATTACKED.
[April 24, 2026 03:08:27.573AM UTC]  EntityDamageByEntityEvent was triggered by damaged PLAYER zocratesxp, damager PLAYER bnx_xz and cancelled false.
[April 24, 2026 03:08:27.721AM UTC]  PlayerPreTagEvent was triggered on bnx_xz by zocratesxp with type PLAYER, reason ATTACKER, and cancelled false.
[April 24, 2026 03:08:27.721AM UTC]  PlayerReTagEvent was triggered on bnx_xz by zocratesxp with type PLAYER and reason ATTACKER.
[April 24, 2026 03:08:27.721AM UTC]  PlayerPreTagEvent was triggered on zocratesxp by bnx_xz with type PLAYER, reason ATTACKED, and cancelled false.
[April 24, 2026 03:08:27.721AM UTC]  PlayerReTagEvent was triggered on zocratesxp by bnx_xz with type PLAYER and reason ATTACKED.
[April 24, 2026 03:08:27.722AM UTC]  EntityDamageByEntityEvent was triggered by damaged PLAYER zocratesxp, damager PLAYER bnx_xz and cancelled false.
[April 24, 2026 03:08:27.873AM UTC]  PlayerPreTagEvent was triggered on bnx_xz by zocratesxp with type PLAYER, reason ATTACKER, and cancelled false.
[April 24, 2026 03:08:27.873AM UTC]  PlayerReTagEvent was triggered on bnx_xz by zocratesxp with type PLAYER and reason ATTACKER.
[April 24, 2026 03:08:27.873AM UTC]  PlayerPreTagEvent was triggered on zocratesxp by bnx_xz with type PLAYER, reason ATTACKED, and cancelled false.
[April 24, 2026 03:08:27.873AM UTC]  PlayerReTagEvent was triggered on zocratesxp by bnx_xz with type PLAYER and reason ATTACKED.
[April 24, 2026 03:08:27.874AM UTC]  EntityDamageByEntityEvent was triggered by damaged PLAYER zocratesxp, damager PLAYER bnx_xz and cancelled false.
[April 24, 2026 03:08:27.891AM UTC]  EntityDamageByEntityEvent was triggered by damaged PLAYER zocratesxp, damager ARROW Arrow and cancelled false.
[April 24, 2026 03:08:27.893AM UTC]  PlayerPreTagEvent was triggered on zocratesxp by bnx_xz with type PLAYER, reason ATTACKER, and cancelled false.
[April 24, 2026 03:08:27.893AM UTC]  PlayerReTagEvent was triggered on zocratesxp by bnx_xz with type PLAYER and reason ATTACKER.
[April 24, 2026 03:08:27.893AM UTC]  PlayerPreTagEvent was triggered on bnx_xz by zocratesxp with type PLAYER, reason ATTACKED, and cancelled false.
[April 24, 2026 03:08:27.893AM UTC]  PlayerReTagEvent was triggered on bnx_xz by zocratesxp with type PLAYER and reason ATTACKED.
[April 24, 2026 03:08:27.894AM UTC]  EntityDamageByEntityEvent was triggered by damaged PLAYER bnx_xz, damager PLAYER zocratesxp and cancelled false.
[April 24, 2026 03:08:27.895AM UTC]  PlayerPunishEvent was triggered on zocratesxp with reason ENEMY_DEATH and cancelled true.
[April 24, 2026 03:08:27.895AM UTC]  PlayerUntagEvent was triggered on zocratesxp with reason ENEMY_DEATH and expire set to true.
[April 24, 2026 03:08:27.896AM UTC]  PlayerPunishEvent was triggered on bnx_xz with reason SELF_DEATH and cancelled true.
[April 24, 2026 03:08:27.896AM UTC]  PlayerUntagEvent was triggered on bnx_xz with reason SELF_DEATH and expire set to true.
[April 24, 2026 03:08:29.437AM UTC]  EntityDamageByEntityEvent was triggered by damaged PLAYER zocratesxp, damager SPIDER Spider and cancelled false.
[April 24, 2026 03:08:31.091AM UTC]  EntityDamageByEntityEvent was triggered by damaged SPIDER Spider, damager ARROW Arrow and cancelled false.
[April 24, 2026 03:08:34.236AM UTC]  EntityDamageByEntityEvent was triggered by damaged SKELETON Skeleton, damager SPIDER Spider and cancelled false.
[April 24, 2026 03:08:34.389AM UTC]  EntityDamageByEntityEvent was triggered by damaged SPIDER Spider, damager ARROW Arrow and cancelled false.
[April 24, 2026 03:08:35.498AM UTC]  EntityDamageByEntityEvent was triggered by damaged PIG Pig, damager PLAYER aqhez_ and cancelled false.
[April 24, 2026 03:08:35.735AM UTC]  EntityDamageByEntityEvent was triggered by damaged SKELETON Skeleton, damager SPIDER Spider and cancelled false.
[April 24, 2026 03:08:36.100AM UTC]  EntityDamageByEntityEvent was triggered by damaged PIG Pig, damager PLAYER aqhez_ and cancelled false.
[April 24, 2026 03:08:36.694AM UTC]  EntityDamageByEntityEvent was triggered by damaged PIG Pig, damager PLAYER aqhez_ and cancelled false.
[April 24, 2026 03:08:36.740AM UTC]  EntityDamageByEntityEvent was triggered by damaged SKELETON Skeleton, damager SPIDER Spider and cancelled false.
[April 24, 2026 03:08:37.441AM UTC]  EntityDamageByEntityEvent was triggered by damaged SPIDER Spider, damager ARROW Arrow and cancelled false.
[April 24, 2026 03:08:37.942AM UTC]  EntityDamageByEntityEvent was triggered by damaged SHEEP Sheep, damager PLAYER zocratesxp and cancelled false.
[April 24, 2026 03:08:38.540AM UTC]  EntityDamageByEntityEvent was triggered by damaged SHEEP Sheep, damager PLAYER zocratesxp and cancelled false.
[April 24, 2026 03:08:38.735AM UTC]  EntityDamageByEntityEvent was triggered by damaged SKELETON Skeleton, damager SPIDER Spider and cancelled false.
[April 24, 2026 03:08:39.737AM UTC]  EntityDamageByEntityEvent was triggered by damaged SKELETON Skeleton, damager SPIDER Spider and cancelled false.
[April 24, 2026 03:08:40.886AM UTC]  EntityDamageByEntityEvent was triggered by damaged SKELETON Skeleton, damager SPIDER Spider and cancelled false.
[April 24, 2026 03:08:41.734AM UTC]  EntityDamageByEntityEvent was triggered by damaged SKELETON Skeleton, damager SPIDER Spider and cancelled false.
[April 24, 2026 03:08:42.734AM UTC]  EntityDamageByEntityEvent was triggered by damaged SKELETON Skeleton, damager SPIDER Spider and cancelled false.
[April 24, 2026 03:08:43.391AM UTC]  EntityDamageByEntityEvent was triggered by damaged SPIDER Spider, damager ARROW Arrow and cancelled false.
[April 24, 2026 03:08:43.471AM UTC]  PlayerPreTagEvent was triggered on julioyutuve2 by uwu990604 with type PLAYER, reason ATTACKER, and cancelled false.
[April 24, 2026 03:08:43.472AM UTC]  PlayerTagEvent was triggered on julioyutuve2 by uwu990604 with type PLAYER and reason ATTACKER.
[April 24, 2026 03:08:43.472AM UTC]  PlayerPreTagEvent was triggered on uwu990604 by julioyutuve2 with type PLAYER, reason ATTACKED, and cancelled false.
[April 24, 2026 03:08:43.473AM UTC]  PlayerTagEvent was triggered on uwu990604 by julioyutuve2 with type PLAYER and reason ATTACKED.
[April 24, 2026 03:08:43.473AM UTC]  EntityDamageByEntityEvent was triggered by damaged PLAYER uwu990604, damager PLAYER julioyutuve2 and cancelled false.
[April 24, 2026 03:08:44.117AM UTC]  PlayerPreTagEvent was triggered on julioyutuve2 by uwu990604 with type PLAYER, reason ATTACKER, and cancelled false.
[April 24, 2026 03:08:44.117AM UTC]  PlayerReTagEvent was triggered on julioyutuve2 by uwu990604 with type PLAYER and reason ATTACKER.
[April 24, 2026 03:08:44.118AM UTC]  PlayerPreTagEvent was triggered on uwu990604 by julioyutuve2 with type PLAYER, reason ATTACKED, and cancelled false.
[April 24, 2026 03:08:44.118AM UTC]  PlayerReTagEvent was triggered on uwu990604 by julioyutuve2 with type PLAYER and reason ATTACKED.
[April 24, 2026 03:08:44.118AM UTC]  EntityDamageByEntityEvent was triggered by damaged PLAYER uwu990604, damager PLAYER julioyutuve2 and cancelled false.
[April 24, 2026 03:08:44.120AM UTC]  PlayerPunishEvent was triggered on julioyutuve2 with reason ENEMY_DEATH and cancelled true.
[April 24, 2026 03:08:44.120AM UTC]  PlayerUntagEvent was triggered on julioyutuve2 with reason ENEMY_DEATH and expire set to true.
[April 24, 2026 03:08:44.120AM UTC]  PlayerPunishEvent was triggered on uwu990604 with reason SELF_DEATH and cancelled true.
[April 24, 2026 03:08:44.120AM UTC]  PlayerUntagEvent was triggered on uwu990604 with reason SELF_DEATH and expire set to true.
[April 24, 2026 03:08:44.936AM UTC]  EntityDamageByEntityEvent was triggered by damaged SKELETON Skeleton, damager SPIDER Spider and cancelled false.
[April 24, 2026 03:08:46.087AM UTC]  EntityDamageByEntityEvent was triggered by damaged SKELETON Skeleton, damager SPIDER Spider and cancelled false.
[April 24, 2026 03:08:46.887AM UTC]  EntityDamageByEntityEvent was triggered by damaged PLAYER julioyutuve2, damager CREEPER Creeper and cancelled false.
[April 24, 2026 03:08:46.888AM UTC]  EntityDamageByEntityEvent was triggered by damaged ITEM Stone Pickaxe, damager CREEPER Creeper and cancelled false.
[April 24, 2026 03:08:46.888AM UTC]  EntityDamageByEntityEvent was triggered by damaged ITEM Diamond Shovel, damager CREEPER Creeper and cancelled false.
[April 24, 2026 03:08:46.888AM UTC]  EntityDamageByEntityEvent was triggered by damaged ITEM Wheat Seeds, damager CREEPER Creeper and cancelled false.
[April 24, 2026 03:08:46.889AM UTC]  EntityDamageByEntityEvent was triggered by damaged ITEM Diamond Pickaxe, damager CREEPER Creeper and cancelled false.
[April 24, 2026 03:08:46.889AM UTC]  EntityDamageByEntityEvent was triggered by damaged ITEM Leather Cap, damager CREEPER Creeper and cancelled false.
[April 24, 2026 03:08:52.840AM UTC]  EntityDamageByEntityEvent was triggered by damaged PLAYER zocratesxp, damager ZOMBIE Zombie and cancelled false.
[April 24, 2026 03:08:53.635AM UTC]  EntityDamageByEntityEvent was triggered by damaged PLAYER zocratesxp, damager ZOMBIE Zombie and cancelled false.
[April 24, 2026 03:08:56.336AM UTC]  EntityDamageByEntityEvent was triggered by damaged PLAYER zocratesxp, damager ZOMBIE Zombie and cancelled false.
[April 24, 2026 03:08:56.440AM UTC]  EntityDamageByEntityEvent was triggered by damaged HUSK Husk, damager PLAYER Emilio100 and cancelled false.
[April 24, 2026 03:08:56.871AM UTC]  PlayerPreTagEvent was triggered on uwu990604 by Akukis with type PLAYER, reason ATTACKER, and cancelled false.
[April 24, 2026 03:08:56.872AM UTC]  PlayerTagEvent was triggered on uwu990604 by Akukis with type PLAYER and reason ATTACKER.
[April 24, 2026 03:08:56.872AM UTC]  PlayerPreTagEvent was triggered on Akukis by uwu990604 with type PLAYER, reason ATTACKED, and cancelled false.
[April 24, 2026 03:08:56.872AM UTC]  PlayerTagEvent was triggered on Akukis by uwu990604 with type PLAYER and reason ATTACKED.
[April 24, 2026 03:08:56.873AM UTC]  EntityDamageByEntityEvent was triggered by damaged PLAYER Akukis, damager PLAYER uwu990604 and cancelled false.
[April 24, 2026 03:08:57.535AM UTC]  EntityDamageByEntityEvent was triggered by damaged PLAYER zocratesxp, damager ZOMBIE Zombie and cancelled false.
[April 24, 2026 03:08:57.586AM UTC]  EntityDamageByEntityEvent was triggered by damaged PLAYER Emilio100, damager HUSK Husk and cancelled false.
[April 24, 2026 03:08:57.742AM UTC]  EntityDamageByEntityEvent was triggered by damaged HUSK Husk, damager PLAYER Emilio100 and cancelled false.
[April 24, 2026 03:08:58.555AM UTC]  PlayerPreTagEvent was triggered on Akukis by uwu990604 with type PLAYER, reason ATTACKER, and cancelled false.
[April 24, 2026 03:08:58.555AM UTC]  PlayerReTagEvent was triggered on Akukis by uwu990604 with type PLAYER and reason ATTACKER.
[April 24, 2026 03:08:58.555AM UTC]  PlayerPreTagEvent was triggered on uwu990604 by Akukis with type PLAYER, reason ATTACKED, and cancelled false.
[April 24, 2026 03:08:58.555AM UTC]  PlayerReTagEvent was triggered on uwu990604 by Akukis with type PLAYER and reason ATTACKED.
[April 24, 2026 03:08:58.556AM UTC]  EntityDamageByEntityEvent was triggered by damaged PLAYER uwu990604, damager PLAYER Akukis and cancelled false.
[April 24, 2026 03:08:59.143AM UTC]  EntityDamageByEntityEvent was triggered by damaged HUSK Husk, damager PLAYER Emilio100 and cancelled false.
[April 24, 2026 03:08:59.157AM UTC]  PlayerPreTagEvent was triggered on Akukis by uwu990604 with type PLAYER, reason ATTACKER, and cancelled false.
[April 24, 2026 03:08:59.157AM UTC]  PlayerReTagEvent was triggered on Akukis by uwu990604 with type PLAYER and reason ATTACKER.
[April 24, 2026 03:08:59.157AM UTC]  PlayerPreTagEvent was triggered on uwu990604 by Akukis with type PLAYER, reason ATTACKED, and cancelled false.
[April 24, 2026 03:08:59.158AM UTC]  PlayerReTagEvent was triggered on uwu990604 by Akukis with type PLAYER and reason ATTACKED.
[April 24, 2026 03:08:59.158AM UTC]  EntityDamageByEntityEvent was triggered by damaged PLAYER uwu990604, damager PLAYER Akukis and cancelled false.
[April 24, 2026 03:09:00.685AM UTC]  EntityDamageByEntityEvent was triggered by damaged PLAYER Emilio100, damager HUSK Husk and cancelled false.
[April 24, 2026 03:09:02.637AM UTC]  EntityDamageByEntityEvent was triggered by damaged PLAYER Emilio100, damager HUSK Husk and cancelled false.
[April 24, 2026 03:09:02.840AM UTC]  EntityDamageByEntityEvent was triggered by damaged HUSK Husk, damager PLAYER Emilio100 and cancelled false.
[April 24, 2026 03:09:15.060AM UTC]  PlayerPreTagEvent was triggered on bnx_xz by zocratesxp with type PLAYER, reason ATTACKER, and cancelled false.
[April 24, 2026 03:09:15.060AM UTC]  PlayerTagEvent was triggered on bnx_xz by zocratesxp with type PLAYER and reason ATTACKER.
[April 24, 2026 03:09:15.061AM UTC]  PlayerPreTagEvent was triggered on zocratesxp by bnx_xz with type PLAYER, reason ATTACKED, and cancelled false.
[April 24, 2026 03:09:15.061AM UTC]  PlayerTagEvent was triggered on zocratesxp by bnx_xz with type PLAYER and reason ATTACKED.
[April 24, 2026 03:09:15.061AM UTC]  EntityDamageByEntityEvent was triggered by damaged PLAYER zocratesxp, damager PLAYER bnx_xz and cancelled false.
[April 24, 2026 03:09:16.233AM UTC]  EntityDamageByEntityEvent was triggered by damaged SKELETON Skeleton, damager WOLF Wolf and cancelled false.
[April 24, 2026 03:09:17.890AM UTC]  PlayerPreTagEvent was triggered on zocratesxp by bnx_xz with type PLAYER, reason ATTACKER, and cancelled false.
[April 24, 2026 03:09:17.890AM UTC]  PlayerReTagEvent was triggered on zocratesxp by bnx_xz with type PLAYER and reason ATTACKER.
[April 24, 2026 03:09:17.890AM UTC]  PlayerPreTagEvent was triggered on bnx_xz by zocratesxp with type PLAYER, reason ATTACKED, and cancelled false.
[April 24, 2026 03:09:17.891AM UTC]  PlayerReTagEvent was triggered on bnx_xz by zocratesxp with type PLAYER and reason ATTACKED.
[April 24, 2026 03:09:17.891AM UTC]  EntityDamageByEntityEvent was triggered by damaged PLAYER bnx_xz, damager PLAYER zocratesxp and cancelled false.
[April 24, 2026 03:09:18.491AM UTC]  PlayerPreTagEvent was triggered on zocratesxp by bnx_xz with type PLAYER, reason ATTACKER, and cancelled false.
[April 24, 2026 03:09:18.491AM UTC]  PlayerReTagEvent was triggered on zocratesxp by bnx_xz with type PLAYER and reason ATTACKER.
[April 24, 2026 03:09:18.491AM UTC]  PlayerPreTagEvent was triggered on bnx_xz by zocratesxp with type PLAYER, reason ATTACKED, and cancelled false.
[April 24, 2026 03:09:18.491AM UTC]  PlayerReTagEvent was triggered on bnx_xz by zocratesxp with type PLAYER and reason ATTACKED.
[April 24, 2026 03:09:18.492AM UTC]  EntityDamageByEntityEvent was triggered by damaged PLAYER bnx_xz, damager PLAYER zocratesxp and cancelled false.
[April 24, 2026 03:09:19.088AM UTC]  PlayerPreTagEvent was triggered on zocratesxp by bnx_xz with type PLAYER, reason ATTACKER, and cancelled false.
[April 24, 2026 03:09:19.089AM UTC]  PlayerReTagEvent was triggered on zocratesxp by bnx_xz with type PLAYER and reason ATTACKER.
[April 24, 2026 03:09:19.089AM UTC]  PlayerPreTagEvent was triggered on bnx_xz by zocratesxp with type PLAYER, reason ATTACKED, and cancelled false.
[April 24, 2026 03:09:19.089AM UTC]  PlayerReTagEvent was triggered on bnx_xz by zocratesxp with type PLAYER and reason ATTACKED.
[April 24, 2026 03:09:19.089AM UTC]  EntityDamageByEntityEvent was triggered by damaged PLAYER bnx_xz, damager PLAYER zocratesxp and cancelled false.
[April 24, 2026 03:09:19.093AM UTC]  PlayerPunishEvent was triggered on zocratesxp with reason ENEMY_DEATH and cancelled true.
[April 24, 2026 03:09:19.093AM UTC]  PlayerUntagEvent was triggered on zocratesxp with reason ENEMY_DEATH and expire set to true.
[April 24, 2026 03:09:19.094AM UTC]  PlayerPunishEvent was triggered on bnx_xz with reason SELF_DEATH and cancelled true.
[April 24, 2026 03:09:19.094AM UTC]  PlayerUntagEvent was triggered on bnx_xz with reason SELF_DEATH and expire set to true.
[April 24, 2026 03:09:19.273AM UTC]  PlayerPunishEvent was triggered on Akukis with reason EXPIRE and cancelled true.
[April 24, 2026 03:09:19.273AM UTC]  PlayerUntagEvent was triggered on Akukis with reason EXPIRE and expire set to true.
[April 24, 2026 03:09:19.273AM UTC]  PlayerPunishEvent was triggered on uwu990604 with reason EXPIRE and cancelled true.
[April 24, 2026 03:09:19.273AM UTC]  PlayerUntagEvent was triggered on uwu990604 with reason EXPIRE and expire set to true.
[April 24, 2026 03:09:22.332AM UTC]  EntityDamageByEntityEvent was triggered by damaged SHEEP Sheep, damager WOLF Wolf and cancelled false.
[April 24, 2026 03:09:23.333AM UTC]  EntityDamageByEntityEvent was triggered by damaged SHEEP Sheep, damager WOLF Wolf and cancelled false.
[April 24, 2026 03:09:24.265AM UTC]  PlayerPreTagEvent was triggered on julioyutuve2 by Algorth with type PLAYER, reason ATTACKER, and cancelled false.
[April 24, 2026 03:09:24.265AM UTC]  PlayerTagEvent was triggered on julioyutuve2 by Algorth with type PLAYER and reason ATTACKER.
[April 24, 2026 03:09:24.265AM UTC]  PlayerPreTagEvent was triggered on Algorth by julioyutuve2 with type PLAYER, reason ATTACKED, and cancelled false.
[April 24, 2026 03:09:24.267AM UTC]  PlayerTagEvent was triggered on Algorth by julioyutuve2 with type PLAYER and reason ATTACKED.
[April 24, 2026 03:09:24.267AM UTC]  EntityDamageByEntityEvent was triggered by damaged PLAYER Algorth, damager PLAYER julioyutuve2 and cancelled false.
[April 24, 2026 03:09:24.271AM UTC]  PlayerPunishEvent was triggered on julioyutuve2 with reason ENEMY_DEATH and cancelled true.
[April 24, 2026 03:09:24.271AM UTC]  PlayerUntagEvent was triggered on julioyutuve2 with reason ENEMY_DEATH and expire set to true.
[April 24, 2026 03:09:24.272AM UTC]  PlayerPunishEvent was triggered on Algorth with reason SELF_DEATH and cancelled true.
[April 24, 2026 03:09:24.272AM UTC]  PlayerUntagEvent was triggered on Algorth with reason SELF_DEATH and expire set to true.
[April 24, 2026 03:09:28.791AM UTC]  EntityDamageByEntityEvent was triggered by damaged HUSK Husk, damager PLAYER Emilio100 and cancelled false.
[April 24, 2026 03:09:29.211AM UTC]  EntityDamageByEntityEvent was triggered by damaged PLAYER zocratesxp, damager PLAYER bnx_xz and cancelled true.
[April 24, 2026 03:09:29.744AM UTC]  EntityDamageByEntityEvent was triggered by damaged HUSK Husk, damager PLAYER Emilio100 and cancelled false.
[April 24, 2026 03:09:30.891AM UTC]  EntityDamageByEntityEvent was triggered by damaged PLAYER Emilio100, damager HUSK Husk and cancelled false.
[April 24, 2026 03:09:31.358AM UTC]  PlayerPreTagEvent was triggered on bnx_xz by zocratesxp with type PLAYER, reason ATTACKER, and cancelled false.
[April 24, 2026 03:09:31.359AM UTC]  PlayerTagEvent was triggered on bnx_xz by zocratesxp with type PLAYER and reason ATTACKER.
[April 24, 2026 03:09:31.359AM UTC]  PlayerPreTagEvent was triggered on zocratesxp by bnx_xz with type PLAYER, reason ATTACKED, and cancelled false.
[April 24, 2026 03:09:31.360AM UTC]  PlayerTagEvent was triggered on zocratesxp by bnx_xz with type PLAYER and reason ATTACKED.
[April 24, 2026 03:09:31.360AM UTC]  EntityDamageByEntityEvent was triggered by damaged PLAYER zocratesxp, damager PLAYER bnx_xz and cancelled false.
[April 24, 2026 03:09:32.391AM UTC]  EntityDamageByEntityEvent was triggered by damaged HUSK Husk, damager PLAYER Emilio100 and cancelled false.
[April 24, 2026 03:09:33.006AM UTC]  PlayerPreTagEvent was triggered on bnx_xz by zocratesxp with type PLAYER, reason ATTACKER, and cancelled false.
[April 24, 2026 03:09:33.007AM UTC]  PlayerReTagEvent was triggered on bnx_xz by zocratesxp with type PLAYER and reason ATTACKER.
[April 24, 2026 03:09:33.008AM UTC]  PlayerPreTagEvent was triggered on zocratesxp by bnx_xz with type PLAYER, reason ATTACKED, and cancelled false.
[April 24, 2026 03:09:33.008AM UTC]  PlayerReTagEvent was triggered on zocratesxp by bnx_xz with type PLAYER and reason ATTACKED.
[April 24, 2026 03:09:33.008AM UTC]  EntityDamageByEntityEvent was triggered by damaged PLAYER zocratesxp, damager PLAYER bnx_xz and cancelled false.
[April 24, 2026 03:09:33.156AM UTC]  PlayerPreTagEvent was triggered on bnx_xz by zocratesxp with type PLAYER, reason ATTACKER, and cancelled false.
[April 24, 2026 03:09:33.157AM UTC]  PlayerReTagEvent was triggered on bnx_xz by zocratesxp with type PLAYER and reason ATTACKER.
[April 24, 2026 03:09:33.157AM UTC]  PlayerPreTagEvent was triggered on zocratesxp by bnx_xz with type PLAYER, reason ATTACKED, and cancelled false.
[April 24, 2026 03:09:33.157AM UTC]  PlayerReTagEvent was triggered on zocratesxp by bnx_xz with type PLAYER and reason ATTACKED.
[April 24, 2026 03:09:33.157AM UTC]  EntityDamageByEntityEvent was triggered by damaged PLAYER zocratesxp, damager PLAYER bnx_xz and cancelled false.
[April 24, 2026 03:09:34.591AM UTC]  EntityDamageByEntityEvent was triggered by damaged HUSK Husk, damager PLAYER Emilio100 and cancelled false.
[April 24, 2026 03:09:34.840AM UTC]  PlayerPreTagEvent was triggered on zocratesxp by bnx_xz with type PLAYER, reason ATTACKER, and cancelled false.
[April 24, 2026 03:09:34.841AM UTC]  PlayerReTagEvent was triggered on zocratesxp by bnx_xz with type PLAYER and reason ATTACKER.
[April 24, 2026 03:09:34.841AM UTC]  PlayerPreTagEvent was triggered on bnx_xz by zocratesxp with type PLAYER, reason ATTACKED, and cancelled false.
[April 24, 2026 03:09:34.841AM UTC]  PlayerReTagEvent was triggered on bnx_xz by zocratesxp with type PLAYER and reason ATTACKED.
[April 24, 2026 03:09:34.841AM UTC]  EntityDamageByEntityEvent was triggered by damaged PLAYER bnx_xz, damager PLAYER zocratesxp and cancelled false.
[April 24, 2026 03:09:35.341AM UTC]  EntityDamageByEntityEvent was triggered by damaged HUSK Husk, damager PLAYER Emilio100 and cancelled false.
[April 24, 2026 03:09:35.492AM UTC]  PlayerPreTagEvent was triggered on zocratesxp by bnx_xz with type PLAYER, reason ATTACKER, and cancelled false.
[April 24, 2026 03:09:35.492AM UTC]  PlayerReTagEvent was triggered on zocratesxp by bnx_xz with type PLAYER and reason ATTACKER.
[April 24, 2026 03:09:35.493AM UTC]  PlayerPreTagEvent was triggered on bnx_xz by zocratesxp with type PLAYER, reason ATTACKED, and cancelled false.
[April 24, 2026 03:09:35.493AM UTC]  PlayerReTagEvent was triggered on bnx_xz by zocratesxp with type PLAYER and reason ATTACKED.
[April 24, 2026 03:09:35.493AM UTC]  EntityDamageByEntityEvent was triggered by damaged PLAYER bnx_xz, damager PLAYER zocratesxp and cancelled false.
[April 24, 2026 03:09:36.142AM UTC]  PlayerPreTagEvent was triggered on zocratesxp by bnx_xz with type PLAYER, reason ATTACKER, and cancelled false.
[April 24, 2026 03:09:36.143AM UTC]  PlayerReTagEvent was triggered on zocratesxp by bnx_xz with type PLAYER and reason ATTACKER.
[April 24, 2026 03:09:36.143AM UTC]  PlayerPreTagEvent was triggered on bnx_xz by zocratesxp with type PLAYER, reason ATTACKED, and cancelled false.
[April 24, 2026 03:09:36.143AM UTC]  PlayerReTagEvent was triggered on bnx_xz by zocratesxp with type PLAYER and reason ATTACKED.
[April 24, 2026 03:09:36.143AM UTC]  EntityDamageByEntityEvent was triggered by damaged PLAYER bnx_xz, damager PLAYER zocratesxp and cancelled false.
[April 24, 2026 03:09:36.686AM UTC]  EntityDamageByEntityEvent was triggered by damaged PLAYER julioyutuve2, damager ZOMBIE Zombie and cancelled false.
[April 24, 2026 03:09:36.741AM UTC]  EntityDamageByEntityEvent was triggered by damaged ZOMBIE Zombie, damager PLAYER julioyutuve2 and cancelled false.
[April 24, 2026 03:09:36.892AM UTC]  PlayerPreTagEvent was triggered on zocratesxp by bnx_xz with type PLAYER, reason ATTACKER, and cancelled false.
[April 24, 2026 03:09:36.892AM UTC]  PlayerReTagEvent was triggered on zocratesxp by bnx_xz with type PLAYER and reason ATTACKER.
[April 24, 2026 03:09:36.892AM UTC]  PlayerPreTagEvent was triggered on bnx_xz by zocratesxp with type PLAYER, reason ATTACKED, and cancelled false.
[April 24, 2026 03:09:36.893AM UTC]  PlayerReTagEvent was triggered on bnx_xz by zocratesxp with type PLAYER and reason ATTACKED.
[April 24, 2026 03:09:36.893AM UTC]  EntityDamageByEntityEvent was triggered by damaged PLAYER bnx_xz, damager PLAYER zocratesxp and cancelled false.
[April 24, 2026 03:09:36.895AM UTC]  PlayerPunishEvent was triggered on zocratesxp with reason ENEMY_DEATH and cancelled true.
[April 24, 2026 03:09:36.895AM UTC]  PlayerUntagEvent was triggered on zocratesxp with reason ENEMY_DEATH and expire set to true.
[April 24, 2026 03:09:36.896AM UTC]  PlayerPunishEvent was triggered on bnx_xz with reason SELF_DEATH and cancelled true.
[April 24, 2026 03:09:36.896AM UTC]  PlayerUntagEvent was triggered on bnx_xz with reason SELF_DEATH and expire set to true.
[April 24, 2026 03:09:37.363AM UTC]  EntityDamageByEntityEvent was triggered by damaged ZOMBIE Zombie, damager PLAYER julioyutuve2 and cancelled false.
[April 24, 2026 03:09:38.009AM UTC]  EntityDamageByEntityEvent was triggered by damaged ZOMBIE Zombie, damager PLAYER julioyutuve2 and cancelled false.
[April 24, 2026 03:09:38.490AM UTC]  EntityDamageByEntityEvent was triggered by damaged HUSK Husk, damager PLAYER Emilio100 and cancelled false.
[April 24, 2026 03:09:39.734AM UTC]  EntityDamageByEntityEvent was triggered by damaged PLAYER Emilio100, damager HUSK Husk and cancelled false.
[April 24, 2026 03:09:41.491AM UTC]  EntityDamageByEntityEvent was triggered by damaged HUSK Husk, damager PLAYER Emilio100 and cancelled false.
[April 24, 2026 03:09:42.538AM UTC]  EntityDamageByEntityEvent was triggered by damaged PLAYER Emilio100, damager HUSK Husk and cancelled false.
[April 24, 2026 03:09:43.145AM UTC]  EntityDamageByEntityEvent was triggered by damaged PLAYER zocratesxp, damager ARROW Arrow and cancelled false.
[April 24, 2026 03:09:43.552AM UTC]  PlayerPreTagEvent was triggered on aqhez_ by julioyutuve2 with type PLAYER, reason ATTACKER, and cancelled false.
[April 24, 2026 03:09:43.552AM UTC]  PlayerTagEvent was triggered on aqhez_ by julioyutuve2 with type PLAYER and reason ATTACKER.
[April 24, 2026 03:09:43.552AM UTC]  PlayerPreTagEvent was triggered on julioyutuve2 by aqhez_ with type PLAYER, reason ATTACKED, and cancelled false.
[April 24, 2026 03:09:43.552AM UTC]  PlayerTagEvent was triggered on julioyutuve2 by aqhez_ with type PLAYER and reason ATTACKED.
[April 24, 2026 03:09:43.553AM UTC]  EntityDamageByEntityEvent was triggered by damaged PLAYER julioyutuve2, damager PLAYER aqhez_ and cancelled false.
[April 24, 2026 03:09:43.615AM UTC]  PlayerPreTagEvent was triggered on julioyutuve2 by aqhez_ with type PLAYER, reason ATTACKER, and cancelled false.
[April 24, 2026 03:09:43.616AM UTC]  PlayerReTagEvent was triggered on julioyutuve2 by aqhez_ with type PLAYER and reason ATTACKER.
[April 24, 2026 03:09:43.616AM UTC]  PlayerPreTagEvent was triggered on aqhez_ by julioyutuve2 with type PLAYER, reason ATTACKED, and cancelled false.
[April 24, 2026 03:09:43.616AM UTC]  PlayerReTagEvent was triggered on aqhez_ by julioyutuve2 with type PLAYER and reason ATTACKED.
[April 24, 2026 03:09:43.616AM UTC]  EntityDamageByEntityEvent was triggered by damaged PLAYER aqhez_, damager PLAYER julioyutuve2 and cancelled false.
[April 24, 2026 03:09:43.888AM UTC]  EntityDamageByEntityEvent was triggered by damaged IRON_GOLEM Iron Golem, damager ZOMBIE Zombie and cancelled false.
[April 24, 2026 03:09:43.933AM UTC]  EntityDamageByEntityEvent was triggered by damaged ZOMBIE Zombie, damager IRON_GOLEM Iron Golem and cancelled false.
[April 24, 2026 03:09:44.889AM UTC]  EntityDamageByEntityEvent was triggered by damaged IRON_GOLEM Iron Golem, damager ZOMBIE Zombie and cancelled false.
[April 24, 2026 03:09:44.934AM UTC]  EntityDamageByEntityEvent was triggered by damaged ZOMBIE Zombie, damager IRON_GOLEM Iron Golem and cancelled false.
[April 24, 2026 03:09:44.992AM UTC]  PlayerPreTagEvent was triggered on julioyutuve2 by aqhez_ with type PLAYER, reason ATTACKER, and cancelled false.
[April 24, 2026 03:09:44.992AM UTC]  PlayerReTagEvent was triggered on julioyutuve2 by aqhez_ with type PLAYER and reason ATTACKER.
[April 24, 2026 03:09:44.993AM UTC]  PlayerPreTagEvent was triggered on aqhez_ by julioyutuve2 with type PLAYER, reason ATTACKED, and cancelled false.
[April 24, 2026 03:09:44.993AM UTC]  PlayerReTagEvent was triggered on aqhez_ by julioyutuve2 with type PLAYER and reason ATTACKED.
[April 24, 2026 03:09:44.993AM UTC]  EntityDamageByEntityEvent was triggered by damaged PLAYER aqhez_, damager PLAYER julioyutuve2 and cancelled false.
[April 24, 2026 03:09:45.155AM UTC]  PlayerPreTagEvent was triggered on aqhez_ by julioyutuve2 with type PLAYER, reason ATTACKER, and cancelled false.
[April 24, 2026 03:09:45.156AM UTC]  PlayerReTagEvent was triggered on aqhez_ by julioyutuve2 with type PLAYER and reason ATTACKER.
[April 24, 2026 03:09:45.156AM UTC]  PlayerPreTagEvent was triggered on julioyutuve2 by aqhez_ with type PLAYER, reason ATTACKED, and cancelled false.
[April 24, 2026 03:09:45.156AM UTC]  PlayerReTagEvent was triggered on julioyutuve2 by aqhez_ with type PLAYER and reason ATTACKED.
[April 24, 2026 03:09:45.156AM UTC]  EntityDamageByEntityEvent was triggered by damaged PLAYER julioyutuve2, damager PLAYER aqhez_ and cancelled false.
[April 24, 2026 03:09:45.305AM UTC]  PlayerPreTagEvent was triggered on aqhez_ by julioyutuve2 with type PLAYER, reason ATTACKER, and cancelled false.
[April 24, 2026 03:09:45.306AM UTC]  PlayerReTagEvent was triggered on aqhez_ by julioyutuve2 with type PLAYER and reason ATTACKER.
[April 24, 2026 03:09:45.306AM UTC]  PlayerPreTagEvent was triggered on julioyutuve2 by aqhez_ with type PLAYER, reason ATTACKED, and cancelled false.
[April 24, 2026 03:09:45.306AM UTC]  PlayerReTagEvent was triggered on julioyutuve2 by aqhez_ with type PLAYER and reason ATTACKED.
[April 24, 2026 03:09:45.306AM UTC]  EntityDamageByEntityEvent was triggered by damaged PLAYER julioyutuve2, damager PLAYER aqhez_ and cancelled false.
[April 24, 2026 03:09:46.500AM UTC]  PlayerPreTagEvent was triggered on aqhez_ by julioyutuve2 with type PLAYER, reason ATTACKER, and cancelled false.
[April 24, 2026 03:09:46.500AM UTC]  PlayerReTagEvent was triggered on aqhez_ by julioyutuve2 with type PLAYER and reason ATTACKER.
[April 24, 2026 03:09:46.500AM UTC]  PlayerPreTagEvent was triggered on julioyutuve2 by aqhez_ with type PLAYER, reason ATTACKED, and cancelled false.
[April 24, 2026 03:09:46.501AM UTC]  PlayerReTagEvent was triggered on julioyutuve2 by aqhez_ with type PLAYER and reason ATTACKED.
[April 24, 2026 03:09:46.501AM UTC]  EntityDamageByEntityEvent was triggered by damaged PLAYER julioyutuve2, damager PLAYER aqhez_ and cancelled false.
[April 24, 2026 03:09:46.800AM UTC]  PlayerPreTagEvent was triggered on julioyutuve2 by aqhez_ with type PLAYER, reason ATTACKER, and cancelled false.
[April 24, 2026 03:09:46.800AM UTC]  PlayerReTagEvent was triggered on julioyutuve2 by aqhez_ with type PLAYER and reason ATTACKER.
[April 24, 2026 03:09:46.801AM UTC]  PlayerPreTagEvent was triggered on aqhez_ by julioyutuve2 with type PLAYER, reason ATTACKED, and cancelled false.
[April 24, 2026 03:09:46.801AM UTC]  PlayerReTagEvent was triggered on aqhez_ by julioyutuve2 with type PLAYER and reason ATTACKED.
[April 24, 2026 03:09:46.801AM UTC]  EntityDamageByEntityEvent was triggered by damaged PLAYER aqhez_, damager PLAYER julioyutuve2 and cancelled false.
[April 24, 2026 03:09:46.805AM UTC]  PlayerPunishEvent was triggered on julioyutuve2 with reason ENEMY_DEATH and cancelled true.
[April 24, 2026 03:09:46.805AM UTC]  PlayerUntagEvent was triggered on julioyutuve2 with reason ENEMY_DEATH and expire set to true.
[April 24, 2026 03:09:46.805AM UTC]  PlayerPunishEvent was triggered on aqhez_ with reason SELF_DEATH and cancelled true.
[April 24, 2026 03:09:46.805AM UTC]  PlayerUntagEvent was triggered on aqhez_ with reason SELF_DEATH and expire set to true.
[April 24, 2026 03:09:48.786AM UTC]  EntityDamageByEntityEvent was triggered by damaged PLAYER Akukis, damager ZOMBIE Zombie and cancelled false.
[April 24, 2026 03:09:48.905AM UTC]  EntityDamageByEntityEvent was triggered by damaged ZOMBIE Zombie, damager PLAYER Akukis and cancelled false.
[April 24, 2026 03:09:49.952AM UTC]  EntityDamageByEntityEvent was triggered by damaged ZOMBIE Zombie, damager PLAYER Akukis and cancelled false.
[April 24, 2026 03:09:50.754AM UTC]  EntityDamageByEntityEvent was triggered by damaged ZOMBIE Zombie, damager PLAYER Akukis and cancelled false.
[April 24, 2026 03:09:51.503AM UTC]  EntityDamageByEntityEvent was triggered by damaged ZOMBIE Zombie, damager PLAYER Akukis and cancelled false.
[April 24, 2026 03:09:52.552AM UTC]  EntityDamageByEntityEvent was triggered by damaged ZOMBIE Zombie, damager PLAYER Akukis and cancelled false.
[April 24, 2026 03:09:52.600AM UTC]  EntityDamageByEntityEvent was triggered by damaged PLAYER Akukis, damager ZOMBIE Zombie and cancelled false.
[April 24, 2026 03:09:53.758AM UTC]  PlayerPreTagEvent was triggered on srcapiii by aqhez_ with type PLAYER, reason ATTACKER, and cancelled false.
[April 24, 2026 03:09:53.758AM UTC]  PlayerTagEvent was triggered on srcapiii by aqhez_ with type PLAYER and reason ATTACKER.
[April 24, 2026 03:09:53.758AM UTC]  PlayerPreTagEvent was triggered on aqhez_ by srcapiii with type PLAYER, reason ATTACKED, and cancelled false.
[April 24, 2026 03:09:53.759AM UTC]  PlayerTagEvent was triggered on aqhez_ by srcapiii with type PLAYER and reason ATTACKED.
[April 24, 2026 03:09:53.759AM UTC]  EntityDamageByEntityEvent was triggered by damaged PLAYER aqhez_, damager PLAYER srcapiii and cancelled false.
[April 24, 2026 03:09:53.820AM UTC]  EntityDamageByEntityEvent was triggered by damaged ZOMBIE Zombie, damager PLAYER Akukis and cancelled false.
[April 24, 2026 03:09:53.841AM UTC]  EntityDamageByEntityEvent was triggered by damaged PLAYER Akukis, damager ZOMBIE Zombie and cancelled false.
[April 24, 2026 03:09:54.591AM UTC]  EntityDamageByEntityEvent was triggered by damaged PLAYER Emilio100, damager HUSK Husk and cancelled false.
[April 24, 2026 03:09:54.937AM UTC]  EntityDamageByEntityEvent was triggered by damaged PLAYER Akukis, damager ZOMBIE Zombie and cancelled false.
[April 24, 2026 03:09:54.953AM UTC]  EntityDamageByEntityEvent was triggered by damaged ZOMBIE Zombie, damager PLAYER Akukis and cancelled false.
[April 24, 2026 03:09:56.088AM UTC]  EntityDamageByEntityEvent was triggered by damaged PLAYER Akukis, damager ZOMBIE Zombie and cancelled false.
[April 24, 2026 03:09:56.153AM UTC]  EntityDamageByEntityEvent was triggered by damaged ZOMBIE Zombie, damager PLAYER Akukis and cancelled false.
[April 24, 2026 03:09:57.450AM UTC]  PlayerPreTagEvent was triggered on aqhez_ by srcapiii with type PLAYER, reason ATTACKER, and cancelled false.
[April 24, 2026 03:09:57.451AM UTC]  PlayerReTagEvent was triggered on aqhez_ by srcapiii with type PLAYER and reason ATTACKER.
[April 24, 2026 03:09:57.451AM UTC]  PlayerPreTagEvent was triggered on srcapiii by aqhez_ with type PLAYER, reason ATTACKED, and cancelled false.
[April 24, 2026 03:09:57.451AM UTC]  PlayerReTagEvent was triggered on srcapiii by aqhez_ with type PLAYER and reason ATTACKED.
[April 24, 2026 03:09:57.451AM UTC]  EntityDamageByEntityEvent was triggered by damaged PLAYER srcapiii, damager PLAYER aqhez_ and cancelled false.
[April 24, 2026 03:09:58.052AM UTC]  PlayerPreTagEvent was triggered on aqhez_ by srcapiii with type PLAYER, reason ATTACKER, and cancelled false.
[April 24, 2026 03:09:58.052AM UTC]  PlayerReTagEvent was triggered on aqhez_ by srcapiii with type PLAYER and reason ATTACKER.
[April 24, 2026 03:09:58.053AM UTC]  PlayerPreTagEvent was triggered on srcapiii by aqhez_ with type PLAYER, reason ATTACKED, and cancelled false.
[April 24, 2026 03:09:58.053AM UTC]  PlayerReTagEvent was triggered on srcapiii by aqhez_ with type PLAYER and reason ATTACKED.
[April 24, 2026 03:09:58.053AM UTC]  EntityDamageByEntityEvent was triggered by damaged PLAYER srcapiii, damager PLAYER aqhez_ and cancelled false.
[April 24, 2026 03:10:02.008AM UTC]  EntityDamageByEntityEvent was triggered by damaged PLAYER Akukis, damager ZOMBIE Zombie and cancelled false.
[April 24, 2026 03:10:02.154AM UTC]  PlayerPreTagEvent was triggered on aqhez_ by srcapiii with type PLAYER, reason ATTACKER, and cancelled false.
[April 24, 2026 03:10:02.154AM UTC]  PlayerReTagEvent was triggered on aqhez_ by srcapiii with type PLAYER and reason ATTACKER.
[April 24, 2026 03:10:02.155AM UTC]  PlayerPreTagEvent was triggered on srcapiii by aqhez_ with type PLAYER, reason ATTACKED, and cancelled false.
[April 24, 2026 03:10:02.155AM UTC]  PlayerReTagEvent was triggered on srcapiii by aqhez_ with type PLAYER and reason ATTACKED.
[April 24, 2026 03:10:02.155AM UTC]  EntityDamageByEntityEvent was triggered by damaged PLAYER srcapiii, damager PLAYER aqhez_ and cancelled false.
[April 24, 2026 03:10:02.244AM UTC]  PlayerPreTagEvent was triggered on srcapiii by aqhez_ with type PLAYER, reason ATTACKER, and cancelled false.
[April 24, 2026 03:10:02.245AM UTC]  PlayerReTagEvent was triggered on srcapiii by aqhez_ with type PLAYER and reason ATTACKER.
[April 24, 2026 03:10:02.245AM UTC]  PlayerPreTagEvent was triggered on aqhez_ by srcapiii with type PLAYER, reason ATTACKED, and cancelled false.
[April 24, 2026 03:10:02.245AM UTC]  PlayerReTagEvent was triggered on aqhez_ by srcapiii with type PLAYER and reason ATTACKED.
[April 24, 2026 03:10:02.245AM UTC]  EntityDamageByEntityEvent was triggered by damaged PLAYER aqhez_, damager PLAYER srcapiii and cancelled false.
[April 24, 2026 03:10:02.253AM UTC]  EntityDamageByEntityEvent was triggered by damaged ZOMBIE_HORSE Zombie Horse, damager PLAYER Akukis and cancelled false.
[April 24, 2026 03:10:03.248AM UTC]  PlayerPreTagEvent was triggered on aqhez_ by srcapiii with type PLAYER, reason ATTACKER, and cancelled false.
[April 24, 2026 03:10:03.249AM UTC]  PlayerReTagEvent was triggered on aqhez_ by srcapiii with type PLAYER and reason ATTACKER.
[April 24, 2026 03:10:03.249AM UTC]  PlayerPreTagEvent was triggered on srcapiii by aqhez_ with type PLAYER, reason ATTACKED, and cancelled false.
[April 24, 2026 03:10:03.249AM UTC]  PlayerReTagEvent was triggered on srcapiii by aqhez_ with type PLAYER and reason ATTACKED.
[April 24, 2026 03:10:03.249AM UTC]  EntityDamageByEntityEvent was triggered by damaged PLAYER srcapiii, damager PLAYER aqhez_ and cancelled false.
[April 24, 2026 03:10:03.388AM UTC]  EntityDamageByEntityEvent was triggered by damaged PLAYER Akukis, damager ZOMBIE Zombie and cancelled false.
[April 24, 2026 03:10:03.552AM UTC]  EntityDamageByEntityEvent was triggered by damaged ZOMBIE Zombie, damager PLAYER Akukis and cancelled false.
[April 24, 2026 03:10:07.004AM UTC]  PlayerPreTagEvent was triggered on aqhez_ by srcapiii with type PLAYER, reason ATTACKER, and cancelled false.
[April 24, 2026 03:10:07.005AM UTC]  PlayerReTagEvent was triggered on aqhez_ by srcapiii with type PLAYER and reason ATTACKER.
[April 24, 2026 03:10:07.005AM UTC]  PlayerPreTagEvent was triggered on srcapiii by aqhez_ with type PLAYER, reason ATTACKED, and cancelled false.
[April 24, 2026 03:10:07.005AM UTC]  PlayerReTagEvent was triggered on srcapiii by aqhez_ with type PLAYER and reason ATTACKED.
[April 24, 2026 03:10:07.005AM UTC]  EntityDamageByEntityEvent was triggered by damaged PLAYER srcapiii, damager PLAYER aqhez_ and cancelled false.
[April 24, 2026 03:10:07.053AM UTC]  EntityDamageByEntityEvent was triggered by damaged SKELETON Skeleton, damager PLAYER Akukis and cancelled false.
[April 24, 2026 03:10:07.653AM UTC]  EntityDamageByEntityEvent was triggered by damaged SKELETON Skeleton, damager PLAYER Akukis and cancelled false.
[April 24, 2026 03:10:09.847AM UTC]  EntityDamageByEntityEvent was triggered by damaged PLAYER Akukis, damager ZOMBIE Zombie and cancelled false.
[April 24, 2026 03:10:10.989AM UTC]  EntityDamageByEntityEvent was triggered by damaged PLAYER Emilio100, damager HUSK Husk and cancelled false.
[April 24, 2026 03:10:11.146AM UTC]  EntityDamageByEntityEvent was triggered by damaged HUSK Husk, damager PLAYER Emilio100 and cancelled false.
[April 24, 2026 03:10:12.309AM UTC]  PlayerPreTagEvent was triggered on aqhez_ by srcapiii with type PLAYER, reason ATTACKER, and cancelled false.
[April 24, 2026 03:10:12.309AM UTC]  PlayerReTagEvent was triggered on aqhez_ by srcapiii with type PLAYER and reason ATTACKER.
[April 24, 2026 03:10:12.310AM UTC]  PlayerPreTagEvent was triggered on srcapiii by aqhez_ with type PLAYER, reason ATTACKED, and cancelled false.
[April 24, 2026 03:10:12.310AM UTC]  PlayerReTagEvent was triggered on srcapiii by aqhez_ with type PLAYER and reason ATTACKED.
[April 24, 2026 03:10:12.310AM UTC]  EntityDamageByEntityEvent was triggered by damaged PLAYER srcapiii, damager PLAYER aqhez_ and cancelled false.
[April 24, 2026 03:10:12.834AM UTC]  EntityDamageByEntityEvent was triggered by damaged SKELETON Skeleton, damager WOLF Wolf and cancelled false.
[April 24, 2026 03:10:13.662AM UTC]  PlayerPreTagEvent was triggered on aqhez_ by srcapiii with type PLAYER, reason ATTACKER, and cancelled false.
[April 24, 2026 03:10:13.662AM UTC]  PlayerReTagEvent was triggered on aqhez_ by srcapiii with type PLAYER and reason ATTACKER.
[April 24, 2026 03:10:13.662AM UTC]  PlayerPreTagEvent was triggered on srcapiii by aqhez_ with type PLAYER, reason ATTACKED, and cancelled false.
[April 24, 2026 03:10:13.662AM UTC]  PlayerReTagEvent was triggered on srcapiii by aqhez_ with type PLAYER and reason ATTACKED.
[April 24, 2026 03:10:13.663AM UTC]  EntityDamageByEntityEvent was triggered by damaged PLAYER srcapiii, damager PLAYER aqhez_ and cancelled false.
[April 24, 2026 03:10:14.210AM UTC]  PlayerPreTagEvent was triggered on aqhez_ by srcapiii with type PLAYER, reason ATTACKER, and cancelled false.
[April 24, 2026 03:10:14.210AM UTC]  PlayerReTagEvent was triggered on aqhez_ by srcapiii with type PLAYER and reason ATTACKER.
[April 24, 2026 03:10:14.211AM UTC]  PlayerPreTagEvent was triggered on srcapiii by aqhez_ with type PLAYER, reason ATTACKED, and cancelled false.
[April 24, 2026 03:10:14.211AM UTC]  PlayerReTagEvent was triggered on srcapiii by aqhez_ with type PLAYER and reason ATTACKED.
[April 24, 2026 03:10:14.211AM UTC]  EntityDamageByEntityEvent was triggered by damaged PLAYER srcapiii, damager PLAYER aqhez_ and cancelled false.
[April 24, 2026 03:10:14.553AM UTC]  EntityDamageByEntityEvent was triggered by damaged HUSK Husk, damager PLAYER Emilio100 and cancelled false.
[April 24, 2026 03:10:15.600AM UTC]  EntityDamageByEntityEvent was triggered by damaged PLAYER Emilio100, damager HUSK Husk and cancelled false.
[April 24, 2026 03:10:17.537AM UTC]  EntityDamageByEntityEvent was triggered by damaged PLAYER Emilio100, damager HUSK Husk and cancelled false.
[April 24, 2026 03:10:18.101AM UTC]  EntityDamageByEntityEvent was triggered by damaged SKELETON Skeleton, damager WOLF Wolf and cancelled false.
[April 24, 2026 03:10:18.394AM UTC]  PlayerPreTagEvent was triggered on srcapiii by aqhez_ with type PLAYER, reason ATTACKER, and cancelled false.
[April 24, 2026 03:10:18.394AM UTC]  PlayerReTagEvent was triggered on srcapiii by aqhez_ with type PLAYER and reason ATTACKER.
[April 24, 2026 03:10:18.395AM UTC]  PlayerPreTagEvent was triggered on aqhez_ by srcapiii with type PLAYER, reason ATTACKED, and cancelled false.
[April 24, 2026 03:10:18.395AM UTC]  PlayerReTagEvent was triggered on aqhez_ by srcapiii with type PLAYER and reason ATTACKED.
[April 24, 2026 03:10:18.395AM UTC]  EntityDamageByEntityEvent was triggered by damaged PLAYER aqhez_, damager PLAYER srcapiii and cancelled false.
[April 24, 2026 03:10:18.398AM UTC]  PlayerPunishEvent was triggered on srcapiii with reason ENEMY_DEATH and cancelled true.
[April 24, 2026 03:10:18.398AM UTC]  PlayerUntagEvent was triggered on srcapiii with reason ENEMY_DEATH and expire set to true.
[April 24, 2026 03:10:18.398AM UTC]  PlayerPunishEvent was triggered on aqhez_ with reason SELF_DEATH and cancelled true.
[April 24, 2026 03:10:18.399AM UTC]  PlayerUntagEvent was triggered on aqhez_ with reason SELF_DEATH and expire set to true.
[April 24, 2026 03:10:18.766AM UTC]  EntityDamageByEntityEvent was triggered by damaged PLAYER Emilio100, damager HUSK Husk and cancelled false.
[April 24, 2026 03:10:18.775AM UTC]  EntityDamageByEntityEvent was triggered by damaged WOLF Wolf, damager ARROW Arrow and cancelled false.
[April 24, 2026 03:10:18.992AM UTC]  EntityDamageByEntityEvent was triggered by damaged HUSK Husk, damager PLAYER Emilio100 and cancelled false.
[April 24, 2026 03:10:19.484AM UTC]  EntityDamageByEntityEvent was triggered by damaged SKELETON Skeleton, damager WOLF Wolf and cancelled false.
[April 24, 2026 03:10:20.148AM UTC]  EntityDamageByEntityEvent was triggered by damaged HUSK Husk, damager PLAYER Emilio100 and cancelled false.
[April 24, 2026 03:10:20.485AM UTC]  EntityDamageByEntityEvent was triggered by damaged SKELETON Skeleton, damager WOLF Wolf and cancelled false.
[April 24, 2026 03:10:22.541AM UTC]  EntityDamageByEntityEvent was triggered by damaged PLAYER Emilio100, damager HUSK Husk and cancelled false.
[April 24, 2026 03:10:22.762AM UTC]  EntityDamageByEntityEvent was triggered by damaged HUSK Husk, damager PLAYER Emilio100 and cancelled false.
[April 24, 2026 03:10:34.346AM UTC]  PlayerPreTagEvent was triggered on aqhez_ by srcapiii with type PLAYER, reason ATTACKER, and cancelled false.
[April 24, 2026 03:10:34.347AM UTC]  PlayerTagEvent was triggered on aqhez_ by srcapiii with type PLAYER and reason ATTACKER.
[April 24, 2026 03:10:34.347AM UTC]  PlayerPreTagEvent was triggered on srcapiii by aqhez_ with type PLAYER, reason ATTACKED, and cancelled false.
[April 24, 2026 03:10:34.348AM UTC]  PlayerTagEvent was triggered on srcapiii by aqhez_ with type PLAYER and reason ATTACKED.
[April 24, 2026 03:10:34.348AM UTC]  EntityDamageByEntityEvent was triggered by damaged PLAYER srcapiii, damager PLAYER aqhez_ and cancelled false.
[April 24, 2026 03:10:41.402AM UTC]  PlayerPreTagEvent was triggered on aqhez_ by srcapiii with type PLAYER, reason ATTACKER, and cancelled false.
[April 24, 2026 03:10:41.402AM UTC]  PlayerReTagEvent was triggered on aqhez_ by srcapiii with type PLAYER and reason ATTACKER.
[April 24, 2026 03:10:41.403AM UTC]  PlayerPreTagEvent was triggered on srcapiii by aqhez_ with type PLAYER, reason ATTACKED, and cancelled false.
[April 24, 2026 03:10:41.403AM UTC]  PlayerReTagEvent was triggered on srcapiii by aqhez_ with type PLAYER and reason ATTACKED.
[April 24, 2026 03:10:41.405AM UTC]  EntityDamageByEntityEvent was triggered by damaged PLAYER srcapiii, damager PLAYER aqhez_ and cancelled false.
[April 24, 2026 03:10:50.842AM UTC]  PlayerPreTagEvent was triggered on aqhez_ by srcapiii with type PLAYER, reason ATTACKER, and cancelled false.
[April 24, 2026 03:10:50.843AM UTC]  PlayerReTagEvent was triggered on aqhez_ by srcapiii with type PLAYER and reason ATTACKER.
[April 24, 2026 03:10:50.843AM UTC]  PlayerPreTagEvent was triggered on srcapiii by aqhez_ with type PLAYER, reason ATTACKED, and cancelled false.
[April 24, 2026 03:10:50.843AM UTC]  PlayerReTagEvent was triggered on srcapiii by aqhez_ with type PLAYER and reason ATTACKED.
[April 24, 2026 03:10:50.843AM UTC]  EntityDamageByEntityEvent was triggered by damaged PLAYER srcapiii, damager PLAYER aqhez_ and cancelled false.
[April 24, 2026 03:10:52.159AM UTC]  PlayerPreTagEvent was triggered on aqhez_ by srcapiii with type PLAYER, reason ATTACKER, and cancelled false.
[April 24, 2026 03:10:52.159AM UTC]  PlayerReTagEvent was triggered on aqhez_ by srcapiii with type PLAYER and reason ATTACKER.
[April 24, 2026 03:10:52.160AM UTC]  PlayerPreTagEvent was triggered on srcapiii by aqhez_ with type PLAYER, reason ATTACKED, and cancelled false.
[April 24, 2026 03:10:52.160AM UTC]  PlayerReTagEvent was triggered on srcapiii by aqhez_ with type PLAYER and reason ATTACKED.
[April 24, 2026 03:10:52.160AM UTC]  EntityDamageByEntityEvent was triggered by damaged PLAYER srcapiii, damager PLAYER aqhez_ and cancelled false.
[April 24, 2026 03:10:52.162AM UTC]  PlayerPunishEvent was triggered on aqhez_ with reason ENEMY_DEATH and cancelled true.
[April 24, 2026 03:10:52.162AM UTC]  PlayerUntagEvent was triggered on aqhez_ with reason ENEMY_DEATH and expire set to true.
[April 24, 2026 03:10:52.162AM UTC]  PlayerPunishEvent was triggered on srcapiii with reason SELF_DEATH and cancelled true.
[April 24, 2026 03:10:52.162AM UTC]  PlayerUntagEvent was triggered on srcapiii with reason SELF_DEATH and expire set to true.
[April 24, 2026 03:10:58.815AM UTC]  PlayerPreTagEvent was triggered on srcapiii by uwu990604 with type PLAYER, reason ATTACKER, and cancelled false.
[April 24, 2026 03:10:58.816AM UTC]  PlayerTagEvent was triggered on srcapiii by uwu990604 with type PLAYER and reason ATTACKER.
[April 24, 2026 03:10:58.817AM UTC]  PlayerPreTagEvent was triggered on uwu990604 by srcapiii with type PLAYER, reason ATTACKED, and cancelled false.
[April 24, 2026 03:10:58.817AM UTC]  PlayerTagEvent was triggered on uwu990604 by srcapiii with type PLAYER and reason ATTACKED.
[April 24, 2026 03:10:58.818AM UTC]  EntityDamageByEntityEvent was triggered by damaged PLAYER uwu990604, damager PLAYER srcapiii and cancelled false.
[April 24, 2026 03:11:01.953AM UTC]  PlayerPreTagEvent was triggered on srcapiii by uwu990604 with type PLAYER, reason ATTACKER, and cancelled false.
[April 24, 2026 03:11:01.954AM UTC]  PlayerReTagEvent was triggered on srcapiii by uwu990604 with type PLAYER and reason ATTACKER.
[April 24, 2026 03:11:01.954AM UTC]  PlayerPreTagEvent was triggered on uwu990604 by srcapiii with type PLAYER, reason ATTACKED, and cancelled false.
[April 24, 2026 03:11:01.954AM UTC]  PlayerReTagEvent was triggered on uwu990604 by srcapiii with type PLAYER and reason ATTACKED.
[April 24, 2026 03:11:01.954AM UTC]  EntityDamageByEntityEvent was triggered by damaged PLAYER uwu990604, damager PLAYER srcapiii and cancelled false.
[April 24, 2026 03:11:12.890AM UTC]  PlayerPreTagEvent was triggered on srcapiii by aqhez_ with type PLAYER, reason ATTACKER, and cancelled false.
[April 24, 2026 03:11:12.891AM UTC]  PlayerReTagEvent was triggered on srcapiii by aqhez_ with type PLAYER and reason ATTACKER.
[April 24, 2026 03:11:12.891AM UTC]  PlayerPreTagEvent was triggered on aqhez_ by srcapiii with type PLAYER, reason ATTACKED, and cancelled false.
[April 24, 2026 03:11:12.891AM UTC]  PlayerTagEvent was triggered on aqhez_ by srcapiii with type PLAYER and reason ATTACKED.
[April 24, 2026 03:11:12.891AM UTC]  EntityDamageByEntityEvent was triggered by damaged PLAYER aqhez_, damager PLAYER srcapiii and cancelled false.
[April 24, 2026 03:11:14.511AM UTC]  PlayerPreTagEvent was triggered on aqhez_ by srcapiii with type PLAYER, reason ATTACKER, and cancelled false.
[April 24, 2026 03:11:14.511AM UTC]  PlayerReTagEvent was triggered on aqhez_ by srcapiii with type PLAYER and reason ATTACKER.
[April 24, 2026 03:11:14.511AM UTC]  PlayerPreTagEvent was triggered on srcapiii by aqhez_ with type PLAYER, reason ATTACKED, and cancelled false.
[April 24, 2026 03:11:14.512AM UTC]  PlayerReTagEvent was triggered on srcapiii by aqhez_ with type PLAYER and reason ATTACKED.
[April 24, 2026 03:11:14.512AM UTC]  EntityDamageByEntityEvent was triggered by damaged PLAYER srcapiii, damager PLAYER aqhez_ and cancelled false.
[April 24, 2026 03:11:14.654AM UTC]  PlayerPreTagEvent was triggered on srcapiii by aqhez_ with type PLAYER, reason ATTACKER, and cancelled false.
[April 24, 2026 03:11:14.655AM UTC]  PlayerReTagEvent was triggered on srcapiii by aqhez_ with type PLAYER and reason ATTACKER.
[April 24, 2026 03:11:14.655AM UTC]  PlayerPreTagEvent was triggered on aqhez_ by srcapiii with type PLAYER, reason ATTACKED, and cancelled false.
[April 24, 2026 03:11:14.655AM UTC]  PlayerReTagEvent was triggered on aqhez_ by srcapiii with type PLAYER and reason ATTACKED.
[April 24, 2026 03:11:14.655AM UTC]  EntityDamageByEntityEvent was triggered by damaged PLAYER aqhez_, damager PLAYER srcapiii and cancelled false.
[April 24, 2026 03:11:16.102AM UTC]  PlayerPreTagEvent was triggered on aqhez_ by srcapiii with type PLAYER, reason ATTACKER, and cancelled false.
[April 24, 2026 03:11:16.102AM UTC]  PlayerReTagEvent was triggered on aqhez_ by srcapiii with type PLAYER and reason ATTACKER.
[April 24, 2026 03:11:16.103AM UTC]  PlayerPreTagEvent was triggered on srcapiii by aqhez_ with type PLAYER, reason ATTACKED, and cancelled false.
[April 24, 2026 03:11:16.103AM UTC]  PlayerReTagEvent was triggered on srcapiii by aqhez_ with type PLAYER and reason ATTACKED.
[April 24, 2026 03:11:16.103AM UTC]  EntityDamageByEntityEvent was triggered by damaged PLAYER srcapiii, damager PLAYER aqhez_ and cancelled false.
[April 24, 2026 03:11:18.000AM UTC]  PlayerPreTagEvent was triggered on srcapiii by aqhez_ with type PLAYER, reason ATTACKER, and cancelled false.
[April 24, 2026 03:11:18.000AM UTC]  PlayerReTagEvent was triggered on srcapiii by aqhez_ with type PLAYER and reason ATTACKER.
[April 24, 2026 03:11:18.000AM UTC]  PlayerPreTagEvent was triggered on aqhez_ by srcapiii with type PLAYER, reason ATTACKED, and cancelled false.
[April 24, 2026 03:11:18.001AM UTC]  PlayerReTagEvent was triggered on aqhez_ by srcapiii with type PLAYER and reason ATTACKED.
[April 24, 2026 03:11:18.001AM UTC]  EntityDamageByEntityEvent was triggered by damaged PLAYER aqhez_, damager PLAYER srcapiii and cancelled false.
[April 24, 2026 03:11:18.061AM UTC]  PlayerPreTagEvent was triggered on aqhez_ by srcapiii with type PLAYER, reason ATTACKER, and cancelled false.
[April 24, 2026 03:11:18.061AM UTC]  PlayerReTagEvent was triggered on aqhez_ by srcapiii with type PLAYER and reason ATTACKER.
[April 24, 2026 03:11:18.062AM UTC]  PlayerPreTagEvent was triggered on srcapiii by aqhez_ with type PLAYER, reason ATTACKED, and cancelled false.
[April 24, 2026 03:11:18.062AM UTC]  PlayerReTagEvent was triggered on srcapiii by aqhez_ with type PLAYER and reason ATTACKED.
[April 24, 2026 03:11:18.062AM UTC]  EntityDamageByEntityEvent was triggered by damaged PLAYER srcapiii, damager PLAYER aqhez_ and cancelled false.
[April 24, 2026 03:11:21.545AM UTC]  PlayerPreTagEvent was triggered on srcapiii by aqhez_ with type PLAYER, reason ATTACKER, and cancelled false.
[April 24, 2026 03:11:21.546AM UTC]  PlayerReTagEvent was triggered on srcapiii by aqhez_ with type PLAYER and reason ATTACKER.
[April 24, 2026 03:11:21.546AM UTC]  PlayerPreTagEvent was triggered on aqhez_ by srcapiii with type PLAYER, reason ATTACKED, and cancelled false.
[April 24, 2026 03:11:21.546AM UTC]  PlayerReTagEvent was triggered on aqhez_ by srcapiii with type PLAYER and reason ATTACKED.
[April 24, 2026 03:11:21.546AM UTC]  EntityDamageByEntityEvent was triggered by damaged PLAYER aqhez_, damager PLAYER srcapiii and cancelled false.
[April 24, 2026 03:11:21.549AM UTC]  PlayerPunishEvent was triggered on aqhez_ with reason SELF_DEATH and cancelled true.
[April 24, 2026 03:11:21.549AM UTC]  PlayerUntagEvent was triggered on aqhez_ with reason SELF_DEATH and expire set to true.
[April 24, 2026 03:11:22.273AM UTC]  PlayerPunishEvent was triggered on srcapiii with reason EXPIRE and cancelled true.
[April 24, 2026 03:11:22.273AM UTC]  PlayerUntagEvent was triggered on srcapiii with reason EXPIRE and expire set to true.
[April 24, 2026 03:11:22.273AM UTC]  PlayerPunishEvent was triggered on uwu990604 with reason EXPIRE and cancelled true.
[April 24, 2026 03:11:22.273AM UTC]  PlayerUntagEvent was triggered on uwu990604 with reason EXPIRE and expire set to true.
[April 24, 2026 03:11:24.590AM UTC]  EntityDamageByEntityEvent was triggered by damaged PLAYER Emilio100, damager BREEZE_WIND_CHARGE Wind Charge and cancelled false.
[April 24, 2026 03:11:24.650AM UTC]  EntityDamageByEntityEvent was triggered by damaged BREEZE Breeze, damager PLAYER Emilio100 and cancelled false.
[April 24, 2026 03:11:27.642AM UTC]  EntityDamageByEntityEvent was triggered by damaged PLAYER Emilio100, damager BREEZE_WIND_CHARGE Wind Charge and cancelled false.
[April 24, 2026 03:11:27.699AM UTC]  EntityDamageByEntityEvent was triggered by damaged BREEZE Breeze, damager PLAYER Emilio100 and cancelled false.
[April 24, 2026 03:11:30.550AM UTC]  EntityDamageByEntityEvent was triggered by damaged BREEZE Breeze, damager PLAYER Emilio100 and cancelled false.
[April 24, 2026 03:11:30.708AM UTC]  EntityDamageByEntityEvent was triggered by damaged BREEZE Breeze, damager PLAYER Emilio100 and cancelled false.
[April 24, 2026 03:11:31.797AM UTC]  PlayerPreTagEvent was triggered on aqhez_ by Akukis with type PLAYER, reason ATTACKER, and cancelled false.
[April 24, 2026 03:11:31.798AM UTC]  PlayerTagEvent was triggered on aqhez_ by Akukis with type PLAYER and reason ATTACKER.
[April 24, 2026 03:11:31.798AM UTC]  PlayerPreTagEvent was triggered on Akukis by aqhez_ with type PLAYER, reason ATTACKED, and cancelled false.
[April 24, 2026 03:11:31.798AM UTC]  PlayerTagEvent was triggered on Akukis by aqhez_ with type PLAYER and reason ATTACKED.
[April 24, 2026 03:11:31.799AM UTC]  EntityDamageByEntityEvent was triggered by damaged PLAYER Akukis, damager PLAYER aqhez_ and cancelled false.
[April 24, 2026 03:11:32.197AM UTC]  EntityDamageByEntityEvent was triggered by damaged BREEZE Breeze, damager PLAYER Emilio100 and cancelled false.
[April 24, 2026 03:11:33.402AM UTC]  EntityDamageByEntityEvent was triggered by damaged BREEZE Breeze, damager PLAYER ElotakuN14 and cancelled false.
[April 24, 2026 03:11:34.040AM UTC]  EntityDamageByEntityEvent was triggered by damaged PLAYER Emilio100, damager BREEZE_WIND_CHARGE Wind Charge and cancelled false.
[April 24, 2026 03:11:34.702AM UTC]  PlayerPreTagEvent was triggered on Akukis by aqhez_ with type PLAYER, reason ATTACKER, and cancelled false.
[April 24, 2026 03:11:34.703AM UTC]  PlayerReTagEvent was triggered on Akukis by aqhez_ with type PLAYER and reason ATTACKER.
[April 24, 2026 03:11:34.703AM UTC]  PlayerPreTagEvent was triggered on aqhez_ by Akukis with type PLAYER, reason ATTACKED, and cancelled false.
[April 24, 2026 03:11:34.703AM UTC]  PlayerReTagEvent was triggered on aqhez_ by Akukis with type PLAYER and reason ATTACKED.
[April 24, 2026 03:11:34.703AM UTC]  EntityDamageByEntityEvent was triggered by damaged PLAYER aqhez_, damager PLAYER Akukis and cancelled false.
[April 24, 2026 03:11:35.854AM UTC]  PlayerPreTagEvent was triggered on Akukis by aqhez_ with type PLAYER, reason ATTACKER, and cancelled false.
[April 24, 2026 03:11:35.855AM UTC]  PlayerReTagEvent was triggered on Akukis by aqhez_ with type PLAYER and reason ATTACKER.
[April 24, 2026 03:11:35.855AM UTC]  PlayerPreTagEvent was triggered on aqhez_ by Akukis with type PLAYER, reason ATTACKED, and cancelled false.
[April 24, 2026 03:11:35.855AM UTC]  PlayerReTagEvent was triggered on aqhez_ by Akukis with type PLAYER and reason ATTACKED.
[April 24, 2026 03:11:35.855AM UTC]  EntityDamageByEntityEvent was triggered by damaged PLAYER aqhez_, damager PLAYER Akukis and cancelled false.
[April 24, 2026 03:11:35.858AM UTC]  PlayerPunishEvent was triggered on Akukis with reason ENEMY_DEATH and cancelled true.
[April 24, 2026 03:11:35.858AM UTC]  PlayerUntagEvent was triggered on Akukis with reason ENEMY_DEATH and expire set to true.
[April 24, 2026 03:11:35.858AM UTC]  PlayerPunishEvent was triggered on aqhez_ with reason SELF_DEATH and cancelled true.
[April 24, 2026 03:11:35.858AM UTC]  PlayerUntagEvent was triggered on aqhez_ with reason SELF_DEATH and expire set to true.
[April 24, 2026 03:11:37.638AM UTC]  EntityDamageByEntityEvent was triggered by damaged PLAYER Emilio100, damager BREEZE_WIND_CHARGE Wind Charge and cancelled false.
[April 24, 2026 03:11:37.642AM UTC]  EntityDamageByEntityEvent was triggered by damaged BREEZE Breeze, damager PLAYER Emilio100 and cancelled false.
[April 24, 2026 03:11:42.689AM UTC]  EntityDamageByEntityEvent was triggered by damaged PLAYER Emilio100, damager BREEZE_WIND_CHARGE Wind Charge and cancelled false.
[April 24, 2026 03:11:44.339AM UTC]  EntityDamageByEntityEvent was triggered by damaged PLAYER Emilio100, damager BREEZE_WIND_CHARGE Wind Charge and cancelled false.
[April 24, 2026 03:11:46.511AM UTC]  EntityDamageByEntityEvent was triggered by damaged BREEZE_WIND_CHARGE Wind Charge, damager PLAYER Emilio100 and cancelled false.
[April 24, 2026 03:11:46.648AM UTC]  EntityDamageByEntityEvent was triggered by damaged BREEZE Breeze, damager PLAYER Emilio100 and cancelled false.
[April 24, 2026 03:11:47.155AM UTC]  EntityDamageByEntityEvent was triggered by damaged BREEZE Breeze, damager PLAYER Emilio100 and cancelled false.
[April 24, 2026 03:11:49.357AM UTC]  PlayerPreTagEvent was triggered on ElotakuN14 by Emilio100 with type PLAYER, reason ATTACKER, and cancelled false.
[April 24, 2026 03:11:49.357AM UTC]  PlayerTagEvent was triggered on ElotakuN14 by Emilio100 with type PLAYER and reason ATTACKER.
[April 24, 2026 03:11:49.357AM UTC]  PlayerPreTagEvent was triggered on Emilio100 by ElotakuN14 with type PLAYER, reason ATTACKED, and cancelled false.
[April 24, 2026 03:11:49.357AM UTC]  PlayerTagEvent was triggered on Emilio100 by ElotakuN14 with type PLAYER and reason ATTACKED.
[April 24, 2026 03:11:49.358AM UTC]  EntityDamageByEntityEvent was triggered by damaged PLAYER Emilio100, damager PLAYER ElotakuN14 and cancelled false.
[April 24, 2026 03:11:50.148AM UTC]  PlayerPreTagEvent was triggered on Emilio100 by ElotakuN14 with type PLAYER, reason ATTACKER, and cancelled false.
[April 24, 2026 03:11:50.148AM UTC]  PlayerReTagEvent was triggered on Emilio100 by ElotakuN14 with type PLAYER and reason ATTACKER.
[April 24, 2026 03:11:50.149AM UTC]  PlayerPreTagEvent was triggered on ElotakuN14 by Emilio100 with type PLAYER, reason ATTACKED, and cancelled false.
[April 24, 2026 03:11:50.149AM UTC]  PlayerReTagEvent was triggered on ElotakuN14 by Emilio100 with type PLAYER and reason ATTACKED.
[April 24, 2026 03:11:50.149AM UTC]  EntityDamageByEntityEvent was triggered by damaged PLAYER ElotakuN14, damager PLAYER Emilio100 and cancelled false.
[April 24, 2026 03:11:50.298AM UTC]  PlayerPreTagEvent was triggered on Emilio100 by ElotakuN14 with type PLAYER, reason ATTACKER, and cancelled false.
[April 24, 2026 03:11:50.298AM UTC]  PlayerReTagEvent was triggered on Emilio100 by ElotakuN14 with type PLAYER and reason ATTACKER.
[April 24, 2026 03:11:50.299AM UTC]  PlayerPreTagEvent was triggered on ElotakuN14 by Emilio100 with type PLAYER, reason ATTACKED, and cancelled false.
[April 24, 2026 03:11:50.299AM UTC]  PlayerReTagEvent was triggered on ElotakuN14 by Emilio100 with type PLAYER and reason ATTACKED.
[April 24, 2026 03:11:50.299AM UTC]  EntityDamageByEntityEvent was triggered by damaged PLAYER ElotakuN14, damager PLAYER Emilio100 and cancelled false.
[April 24, 2026 03:11:50.654AM UTC]  PlayerPreTagEvent was triggered on ElotakuN14 by Emilio100 with type PLAYER, reason ATTACKER, and cancelled false.
[April 24, 2026 03:11:50.654AM UTC]  PlayerReTagEvent was triggered on ElotakuN14 by Emilio100 with type PLAYER and reason ATTACKER.
[April 24, 2026 03:11:50.654AM UTC]  PlayerPreTagEvent was triggered on Emilio100 by ElotakuN14 with type PLAYER, reason ATTACKED, and cancelled false.
[April 24, 2026 03:11:50.654AM UTC]  PlayerReTagEvent was triggered on Emilio100 by ElotakuN14 with type PLAYER and reason ATTACKED.
[April 24, 2026 03:11:50.654AM UTC]  EntityDamageByEntityEvent was triggered by damaged PLAYER Emilio100, damager PLAYER ElotakuN14 and cancelled false.
[April 24, 2026 03:11:50.656AM UTC]  PlayerPunishEvent was triggered on ElotakuN14 with reason ENEMY_DEATH and cancelled true.
[April 24, 2026 03:11:50.656AM UTC]  PlayerUntagEvent was triggered on ElotakuN14 with reason ENEMY_DEATH and expire set to true.
[April 24, 2026 03:11:50.656AM UTC]  PlayerPunishEvent was triggered on Emilio100 with reason SELF_DEATH and cancelled true.
[April 24, 2026 03:11:50.657AM UTC]  PlayerUntagEvent was triggered on Emilio100 with reason SELF_DEATH and expire set to true.
[April 24, 2026 03:11:52.605AM UTC]  PlayerPreTagEvent was triggered on Akukis by uwu990604 with type PLAYER, reason ATTACKER, and cancelled false.
[April 24, 2026 03:11:52.606AM UTC]  PlayerTagEvent was triggered on Akukis by uwu990604 with type PLAYER and reason ATTACKER.
[April 24, 2026 03:11:52.607AM UTC]  PlayerPreTagEvent was triggered on uwu990604 by Akukis with type PLAYER, reason ATTACKED, and cancelled false.
[April 24, 2026 03:11:52.607AM UTC]  PlayerTagEvent was triggered on uwu990604 by Akukis with type PLAYER and reason ATTACKED.
[April 24, 2026 03:11:52.607AM UTC]  EntityDamageByEntityEvent was triggered by damaged PLAYER uwu990604, damager PLAYER Akukis and cancelled false.
[April 24, 2026 03:11:54.755AM UTC]  PlayerPreTagEvent was triggered on Akukis by uwu990604 with type PLAYER, reason ATTACKER, and cancelled false.
[April 24, 2026 03:11:54.756AM UTC]  PlayerReTagEvent was triggered on Akukis by uwu990604 with type PLAYER and reason ATTACKER.
[April 24, 2026 03:11:54.756AM UTC]  PlayerPreTagEvent was triggered on uwu990604 by Akukis with type PLAYER, reason ATTACKED, and cancelled false.
[April 24, 2026 03:11:54.756AM UTC]  PlayerReTagEvent was triggered on uwu990604 by Akukis with type PLAYER and reason ATTACKED.
[April 24, 2026 03:11:54.756AM UTC]  EntityDamageByEntityEvent was triggered by damaged PLAYER uwu990604, damager PLAYER Akukis and cancelled false.
[April 24, 2026 03:11:54.760AM UTC]  PlayerPunishEvent was triggered on Akukis with reason ENEMY_DEATH and cancelled true.
[April 24, 2026 03:11:54.760AM UTC]  PlayerUntagEvent was triggered on Akukis with reason ENEMY_DEATH and expire set to true.
[April 24, 2026 03:11:54.760AM UTC]  PlayerPunishEvent was triggered on uwu990604 with reason SELF_DEATH and cancelled true.
[April 24, 2026 03:11:54.760AM UTC]  PlayerUntagEvent was triggered on uwu990604 with reason SELF_DEATH and expire set to true.
[April 24, 2026 03:12:10.997AM UTC]  EntityDamageByEntityEvent was triggered by damaged PLAYER ElotakuN14, damager PLAYER Emilio100 and cancelled true.
[April 24, 2026 03:12:11.147AM UTC]  EntityDamageByEntityEvent was triggered by damaged PLAYER ElotakuN14, damager PLAYER Emilio100 and cancelled true.
[April 24, 2026 03:12:11.155AM UTC]  EntityDamageByEntityEvent was triggered by damaged PLAYER Emilio100, damager PLAYER ElotakuN14 and cancelled true.
[April 24, 2026 03:12:15.645AM UTC]  EntityDamageByEntityEvent was triggered by damaged IRON_GOLEM Iron Golem, damager PLAYER srcapiii and cancelled false.
[April 24, 2026 03:12:18.398AM UTC]  PlayerPreTagEvent was triggered on Emilio100 by ElotakuN14 with type PLAYER, reason ATTACKER, and cancelled false.
[April 24, 2026 03:12:18.399AM UTC]  PlayerTagEvent was triggered on Emilio100 by ElotakuN14 with type PLAYER and reason ATTACKER.
[April 24, 2026 03:12:18.399AM UTC]  PlayerPreTagEvent was triggered on ElotakuN14 by Emilio100 with type PLAYER, reason ATTACKED, and cancelled false.
[April 24, 2026 03:12:18.399AM UTC]  PlayerTagEvent was triggered on ElotakuN14 by Emilio100 with type PLAYER and reason ATTACKED.
[April 24, 2026 03:12:18.400AM UTC]  EntityDamageByEntityEvent was triggered by damaged PLAYER ElotakuN14, damager PLAYER Emilio100 and cancelled false.
[April 24, 2026 03:12:21.157AM UTC]  PlayerPreTagEvent was triggered on ElotakuN14 by Emilio100 with type PLAYER, reason ATTACKER, and cancelled false.
[April 24, 2026 03:12:21.157AM UTC]  PlayerReTagEvent was triggered on ElotakuN14 by Emilio100 with type PLAYER and reason ATTACKER.
[April 24, 2026 03:12:21.157AM UTC]  PlayerPreTagEvent was triggered on Emilio100 by ElotakuN14 with type PLAYER, reason ATTACKED, and cancelled false.
[April 24, 2026 03:12:21.158AM UTC]  PlayerReTagEvent was triggered on Emilio100 by ElotakuN14 with type PLAYER and reason ATTACKED.
[April 24, 2026 03:12:21.158AM UTC]  EntityDamageByEntityEvent was triggered by damaged PLAYER Emilio100, damager PLAYER ElotakuN14 and cancelled false.
[April 24, 2026 03:12:23.904AM UTC]  PlayerPreTagEvent was triggered on ElotakuN14 by Emilio100 with type PLAYER, reason ATTACKER, and cancelled false.
[April 24, 2026 03:12:23.904AM UTC]  PlayerReTagEvent was triggered on ElotakuN14 by Emilio100 with type PLAYER and reason ATTACKER.
[April 24, 2026 03:12:23.904AM UTC]  PlayerPreTagEvent was triggered on Emilio100 by ElotakuN14 with type PLAYER, reason ATTACKED, and cancelled false.
[April 24, 2026 03:12:23.904AM UTC]  PlayerReTagEvent was triggered on Emilio100 by ElotakuN14 with type PLAYER and reason ATTACKED.
[April 24, 2026 03:12:23.904AM UTC]  EntityDamageByEntityEvent was triggered by damaged PLAYER Emilio100, damager PLAYER ElotakuN14 and cancelled false.
[April 24, 2026 03:12:24.054AM UTC]  PlayerPreTagEvent was triggered on aqhez_ by srcapiii with type PLAYER, reason ATTACKER, and cancelled false.
[April 24, 2026 03:12:24.054AM UTC]  PlayerTagEvent was triggered on aqhez_ by srcapiii with type PLAYER and reason ATTACKER.
[April 24, 2026 03:12:24.054AM UTC]  PlayerPreTagEvent was triggered on srcapiii by aqhez_ with type PLAYER, reason ATTACKED, and cancelled false.
[April 24, 2026 03:12:24.055AM UTC]  PlayerTagEvent was triggered on srcapiii by aqhez_ with type PLAYER and reason ATTACKED.
[April 24, 2026 03:12:24.055AM UTC]  EntityDamageByEntityEvent was triggered by damaged PLAYER srcapiii, damager PLAYER aqhez_ and cancelled false.
[April 24, 2026 03:12:24.370AM UTC]  PlayerPreTagEvent was triggered on bnx_xz by Akukis with type PLAYER, reason ATTACKER, and cancelled false.
[April 24, 2026 03:12:24.371AM UTC]  PlayerTagEvent was triggered on bnx_xz by Akukis with type PLAYER and reason ATTACKER.
[April 24, 2026 03:12:24.372AM UTC]  PlayerPreTagEvent was triggered on Akukis by bnx_xz with type PLAYER, reason ATTACKED, and cancelled false.
[April 24, 2026 03:12:24.372AM UTC]  PlayerTagEvent was triggered on Akukis by bnx_xz with type PLAYER and reason ATTACKED.
[April 24, 2026 03:12:24.372AM UTC]  EntityDamageByEntityEvent was triggered by damaged PLAYER Akukis, damager PLAYER bnx_xz and cancelled false.
[April 24, 2026 03:12:24.389AM UTC]  EntityDamageByEntityEvent was triggered by damaged PLAYER srcapiii, damager IRON_GOLEM Iron Golem and cancelled false.
[April 24, 2026 03:12:24.712AM UTC]  PlayerPreTagEvent was triggered on aqhez_ by srcapiii with type PLAYER, reason ATTACKER, and cancelled false.
[April 24, 2026 03:12:24.713AM UTC]  PlayerReTagEvent was triggered on aqhez_ by srcapiii with type PLAYER and reason ATTACKER.
[April 24, 2026 03:12:24.713AM UTC]  PlayerPreTagEvent was triggered on srcapiii by aqhez_ with type PLAYER, reason ATTACKED, and cancelled false.
[April 24, 2026 03:12:24.713AM UTC]  PlayerReTagEvent was triggered on srcapiii by aqhez_ with type PLAYER and reason ATTACKED.
[April 24, 2026 03:12:24.713AM UTC]  EntityDamageByEntityEvent was triggered by damaged PLAYER srcapiii, damager PLAYER aqhez_ and cancelled false.
[April 24, 2026 03:12:24.717AM UTC]  PlayerPunishEvent was triggered on aqhez_ with reason ENEMY_DEATH and cancelled true.
[April 24, 2026 03:12:24.717AM UTC]  PlayerUntagEvent was triggered on aqhez_ with reason ENEMY_DEATH and expire set to true.
[April 24, 2026 03:12:24.718AM UTC]  PlayerPunishEvent was triggered on srcapiii with reason SELF_DEATH and cancelled true.
[April 24, 2026 03:12:24.718AM UTC]  PlayerUntagEvent was triggered on srcapiii with reason SELF_DEATH and expire set to true.
[April 24, 2026 03:12:30.403AM UTC]  PlayerPreTagEvent was triggered on Akukis by bnx_xz with type PLAYER, reason ATTACKER, and cancelled false.
[April 24, 2026 03:12:30.403AM UTC]  PlayerReTagEvent was triggered on Akukis by bnx_xz with type PLAYER and reason ATTACKER.
[April 24, 2026 03:12:30.404AM UTC]  PlayerPreTagEvent was triggered on bnx_xz by Akukis with type PLAYER, reason ATTACKED, and cancelled false.
[April 24, 2026 03:12:30.404AM UTC]  PlayerReTagEvent was triggered on bnx_xz by Akukis with type PLAYER and reason ATTACKED.
[April 24, 2026 03:12:30.404AM UTC]  EntityDamageByEntityEvent was triggered by damaged PLAYER bnx_xz, damager PLAYER Akukis and cancelled false.
[April 24, 2026 03:12:33.114AM UTC]  PlayerPreTagEvent was triggered on bnx_xz by Akukis with type PLAYER, reason ATTACKER, and cancelled false.
[April 24, 2026 03:12:33.114AM UTC]  PlayerReTagEvent was triggered on bnx_xz by Akukis with type PLAYER and reason ATTACKER.
[April 24, 2026 03:12:33.115AM UTC]  PlayerPreTagEvent was triggered on Akukis by bnx_xz with type PLAYER, reason ATTACKED, and cancelled false.
[April 24, 2026 03:12:33.115AM UTC]  PlayerReTagEvent was triggered on Akukis by bnx_xz with type PLAYER and reason ATTACKED.
[April 24, 2026 03:12:33.115AM UTC]  EntityDamageByEntityEvent was triggered by damaged PLAYER Akukis, damager PLAYER bnx_xz and cancelled false.
[April 24, 2026 03:12:33.117AM UTC]  PlayerPunishEvent was triggered on bnx_xz with reason ENEMY_DEATH and cancelled true.
[April 24, 2026 03:12:33.117AM UTC]  PlayerUntagEvent was triggered on bnx_xz with reason ENEMY_DEATH and expire set to true.
[April 24, 2026 03:12:33.118AM UTC]  PlayerPunishEvent was triggered on Akukis with reason SELF_DEATH and cancelled true.
[April 24, 2026 03:12:33.118AM UTC]  PlayerUntagEvent was triggered on Akukis with reason SELF_DEATH and expire set to true.
[April 24, 2026 03:12:40.004AM UTC]  PlayerPreTagEvent was triggered on ElotakuN14 by Emilio100 with type PLAYER, reason ATTACKER, and cancelled false.
[April 24, 2026 03:12:40.005AM UTC]  PlayerReTagEvent was triggered on ElotakuN14 by Emilio100 with type PLAYER and reason ATTACKER.
[April 24, 2026 03:12:40.005AM UTC]  PlayerPreTagEvent was triggered on Emilio100 by ElotakuN14 with type PLAYER, reason ATTACKED, and cancelled false.
[April 24, 2026 03:12:40.005AM UTC]  PlayerReTagEvent was triggered on Emilio100 by ElotakuN14 with type PLAYER and reason ATTACKED.
[April 24, 2026 03:12:40.005AM UTC]  EntityDamageByEntityEvent was triggered by damaged PLAYER Emilio100, damager PLAYER ElotakuN14 and cancelled false.
[April 24, 2026 03:12:40.008AM UTC]  PlayerPunishEvent was triggered on ElotakuN14 with reason ENEMY_DEATH and cancelled true.
[April 24, 2026 03:12:40.008AM UTC]  PlayerUntagEvent was triggered on ElotakuN14 with reason ENEMY_DEATH and expire set to true.
[April 24, 2026 03:12:40.009AM UTC]  PlayerPunishEvent was triggered on Emilio100 with reason SELF_DEATH and cancelled true.
[April 24, 2026 03:12:40.009AM UTC]  PlayerUntagEvent was triggered on Emilio100 with reason SELF_DEATH and expire set to true.
[April 24, 2026 03:12:49.342AM UTC]  PlayerPreTagEvent was triggered on srcapiii by aqhez_ with type PLAYER, reason ATTACKER, and cancelled false.
[April 24, 2026 03:12:49.342AM UTC]  PlayerTagEvent was triggered on srcapiii by aqhez_ with type PLAYER and reason ATTACKER.
[April 24, 2026 03:12:49.343AM UTC]  PlayerPreTagEvent was triggered on aqhez_ by srcapiii with type PLAYER, reason ATTACKED, and cancelled false.
[April 24, 2026 03:12:49.343AM UTC]  PlayerTagEvent was triggered on aqhez_ by srcapiii with type PLAYER and reason ATTACKED.
[April 24, 2026 03:12:49.343AM UTC]  EntityDamageByEntityEvent was triggered by damaged PLAYER aqhez_, damager PLAYER srcapiii and cancelled false.
[April 24, 2026 03:12:54.787AM UTC]  EntityDamageByEntityEvent was triggered by damaged BAT Bat, damager PLAYER Mrjorge0124 and cancelled false.
[April 24, 2026 03:12:55.466AM UTC]  EntityDamageByEntityEvent was triggered by damaged BAT Bat, damager PLAYER Mrjorge0124 and cancelled false.
[April 24, 2026 03:12:56.188AM UTC]  EntityDamageByEntityEvent was triggered by damaged CREEPER Creeper, damager PLAYER Mrjorge0124 and cancelled false.
[April 24, 2026 03:12:56.209AM UTC]  PlayerPreTagEvent was triggered on bnx_xz by julioyutuve2 with type PLAYER, reason ATTACKER, and cancelled false.
[April 24, 2026 03:12:56.209AM UTC]  PlayerTagEvent was triggered on bnx_xz by julioyutuve2 with type PLAYER and reason ATTACKER.
[April 24, 2026 03:12:56.210AM UTC]  PlayerPreTagEvent was triggered on julioyutuve2 by bnx_xz with type PLAYER, reason ATTACKED, and cancelled false.
[April 24, 2026 03:12:56.210AM UTC]  PlayerTagEvent was triggered on julioyutuve2 by bnx_xz with type PLAYER and reason ATTACKED.
[April 24, 2026 03:12:56.210AM UTC]  EntityDamageByEntityEvent was triggered by damaged PLAYER julioyutuve2, damager PLAYER bnx_xz and cancelled false.
[April 24, 2026 03:12:56.872AM UTC]  EntityDamageByEntityEvent was triggered by damaged CREEPER Creeper, damager PLAYER Mrjorge0124 and cancelled false.
[April 24, 2026 03:12:57.837AM UTC]  EntityDamageByEntityEvent was triggered by damaged CREEPER Creeper, damager PLAYER Mrjorge0124 and cancelled false.
[April 24, 2026 03:12:57.971AM UTC]  PlayerPreTagEvent was triggered on julioyutuve2 by bnx_xz with type PLAYER, reason ATTACKER, and cancelled false.
[April 24, 2026 03:12:57.971AM UTC]  PlayerReTagEvent was triggered on julioyutuve2 by bnx_xz with type PLAYER and reason ATTACKER.
[April 24, 2026 03:12:57.971AM UTC]  PlayerPreTagEvent was triggered on bnx_xz by julioyutuve2 with type PLAYER, reason ATTACKED, and cancelled false.
[April 24, 2026 03:12:57.971AM UTC]  PlayerReTagEvent was triggered on bnx_xz by julioyutuve2 with type PLAYER and reason ATTACKED.
[April 24, 2026 03:12:57.971AM UTC]  EntityDamageByEntityEvent was triggered by damaged PLAYER bnx_xz, damager PLAYER julioyutuve2 and cancelled false.
[April 24, 2026 03:12:57.985AM UTC]  EntityDamageByEntityEvent was triggered by damaged PLAYER srcapiii, damager SPIDER Spider and cancelled false.
[April 24, 2026 03:12:58.493AM UTC]  EntityDamageByEntityEvent was triggered by damaged SPIDER Spider, damager PLAYER srcapiii and cancelled false.
[April 24, 2026 03:12:58.668AM UTC]  EntityDamageByEntityEvent was triggered by damaged CREEPER Creeper, damager PLAYER Mrjorge0124 and cancelled false.
[April 24, 2026 03:12:58.920AM UTC]  EntityDamageByEntityEvent was triggered by damaged IRON_GOLEM Iron Golem, damager PLAYER Emilio100 and cancelled false.
[April 24, 2026 03:12:58.982AM UTC]  EntityDamageByEntityEvent was triggered by damaged PLAYER srcapiii, damager SPIDER Spider and cancelled false.
[April 24, 2026 03:12:59.043AM UTC]  EntityDamageByEntityEvent was triggered by damaged SPIDER Spider, damager PLAYER srcapiii and cancelled false.
[April 24, 2026 03:12:59.368AM UTC]  EntityDamageByEntityEvent was triggered by damaged CREEPER Creeper, damager PLAYER Mrjorge0124 and cancelled false.
[April 24, 2026 03:13:00.086AM UTC]  EntityDamageByEntityEvent was triggered by damaged CREEPER Creeper, damager PLAYER Mrjorge0124 and cancelled false.
[April 24, 2026 03:13:00.851AM UTC]  EntityDamageByEntityEvent was triggered by damaged CREEPER Creeper, damager PLAYER Mrjorge0124 and cancelled false.
[April 24, 2026 03:13:01.470AM UTC]  EntityDamageByEntityEvent was triggered by damaged CREEPER Creeper, damager PLAYER Mrjorge0124 and cancelled false.
[April 24, 2026 03:13:02.105AM UTC]  PlayerPreTagEvent was triggered on Akukis by Emilio100 with type PLAYER, reason ATTACKER, and cancelled false.
[April 24, 2026 03:13:02.105AM UTC]  PlayerTagEvent was triggered on Akukis by Emilio100 with type PLAYER and reason ATTACKER.
[April 24, 2026 03:13:02.105AM UTC]  PlayerPreTagEvent was triggered on Emilio100 by Akukis with type PLAYER, reason ATTACKED, and cancelled false.
[April 24, 2026 03:13:02.106AM UTC]  PlayerTagEvent was triggered on Emilio100 by Akukis with type PLAYER and reason ATTACKED.
[April 24, 2026 03:13:02.106AM UTC]  EntityDamageByEntityEvent was triggered by damaged PLAYER Emilio100, damager PLAYER Akukis and cancelled false.
[April 24, 2026 03:13:02.190AM UTC]  EntityDamageByEntityEvent was triggered by damaged CREEPER Creeper, damager PLAYER Mrjorge0124 and cancelled false.
[April 24, 2026 03:13:02.868AM UTC]  EntityDamageByEntityEvent was triggered by damaged CREEPER Creeper, damager PLAYER Mrjorge0124 and cancelled false.
[April 24, 2026 03:13:03.590AM UTC]  EntityDamageByEntityEvent was triggered by damaged CREEPER Creeper, damager PLAYER Mrjorge0124 and cancelled false.
[April 24, 2026 03:13:04.659AM UTC]  EntityDamageByEntityEvent was triggered by damaged CREEPER Creeper, damager PLAYER Mrjorge0124 and cancelled false.
[April 24, 2026 03:13:05.386AM UTC]  EntityDamageByEntityEvent was triggered by damaged CREEPER Creeper, damager PLAYER Mrjorge0124 and cancelled false.
[April 24, 2026 03:13:06.087AM UTC]  EntityDamageByEntityEvent was triggered by damaged CREEPER Creeper, damager PLAYER Mrjorge0124 and cancelled false.
[April 24, 2026 03:13:06.787AM UTC]  EntityDamageByEntityEvent was triggered by damaged CREEPER Creeper, damager PLAYER Mrjorge0124 and cancelled false.
[April 24, 2026 03:13:07.284AM UTC]  EntityDamageByEntityEvent was triggered by damaged VILLAGER Villager, damager ZOMBIE Zombie and cancelled false.
[April 24, 2026 03:13:07.788AM UTC]  EntityDamageByEntityEvent was triggered by damaged BAT Bat, damager PLAYER Mrjorge0124 and cancelled false.
[April 24, 2026 03:13:08.651AM UTC]  EntityDamageByEntityEvent was triggered by damaged IRON_GOLEM Iron Golem, damager PLAYER Emilio100 and cancelled false.
[April 24, 2026 03:13:08.934AM UTC]  EntityDamageByEntityEvent was triggered by damaged VILLAGER Villager, damager ZOMBIE Zombie and cancelled false.
[April 24, 2026 03:13:09.603AM UTC]  EntityDamageByEntityEvent was triggered by damaged IRON_GOLEM Iron Golem, damager PLAYER Emilio100 and cancelled false.
[April 24, 2026 03:13:09.773AM UTC]  PlayerPunishEvent was triggered on srcapiii with reason EXPIRE and cancelled true.
[April 24, 2026 03:13:09.773AM UTC]  PlayerUntagEvent was triggered on srcapiii with reason EXPIRE and expire set to true.
[April 24, 2026 03:13:09.773AM UTC]  PlayerPunishEvent was triggered on aqhez_ with reason EXPIRE and cancelled true.
[April 24, 2026 03:13:09.773AM UTC]  PlayerUntagEvent was triggered on aqhez_ with reason EXPIRE and expire set to true.
[April 24, 2026 03:13:09.933AM UTC]  EntityDamageByEntityEvent was triggered by damaged VILLAGER Villager, damager ZOMBIE Zombie and cancelled false.
[April 24, 2026 03:13:10.254AM UTC]  EntityDamageByEntityEvent was triggered by damaged IRON_GOLEM Iron Golem, damager PLAYER Akukis and cancelled false.
[April 24, 2026 03:13:10.852AM UTC]  EntityDamageByEntityEvent was triggered by damaged IRON_GOLEM Iron Golem, damager PLAYER Akukis and cancelled false.
[April 24, 2026 03:13:10.934AM UTC]  EntityDamageByEntityEvent was triggered by damaged VILLAGER Villager, damager ZOMBIE Zombie and cancelled false.
[April 24, 2026 03:13:11.402AM UTC]  EntityDamageByEntityEvent was triggered by damaged IRON_GOLEM Iron Golem, damager PLAYER Akukis and cancelled false.
[April 24, 2026 03:13:11.594AM UTC]  EntityDamageByEntityEvent was triggered by damaged IRON_GOLEM Iron Golem, damager PLAYER Emilio100 and cancelled false.
[April 24, 2026 03:13:11.848AM UTC]  PlayerPreTagEvent was triggered on aqhez_ by srcapiii with type PLAYER, reason ATTACKER, and cancelled false.
[April 24, 2026 03:13:11.849AM UTC]  PlayerTagEvent was triggered on aqhez_ by srcapiii with type PLAYER and reason ATTACKER.
[April 24, 2026 03:13:11.849AM UTC]  PlayerPreTagEvent was triggered on srcapiii by aqhez_ with type PLAYER, reason ATTACKED, and cancelled false.
[April 24, 2026 03:13:11.849AM UTC]  PlayerTagEvent was triggered on srcapiii by aqhez_ with type PLAYER and reason ATTACKED.
[April 24, 2026 03:13:11.850AM UTC]  EntityDamageByEntityEvent was triggered by damaged PLAYER srcapiii, damager PLAYER aqhez_ and cancelled false.
[April 24, 2026 03:13:12.005AM UTC]  EntityDamageByEntityEvent was triggered by damaged IRON_GOLEM Iron Golem, damager PLAYER Akukis and cancelled false.
[April 24, 2026 03:13:12.652AM UTC]  EntityDamageByEntityEvent was triggered by damaged IRON_GOLEM Iron Golem, damager PLAYER Akukis and cancelled false.
[April 24, 2026 03:13:13.304AM UTC]  EntityDamageByEntityEvent was triggered by damaged IRON_GOLEM Iron Golem, damager PLAYER Akukis and cancelled false.
[April 24, 2026 03:13:13.515AM UTC]  PlayerPreTagEvent was triggered on julioyutuve2 by bnx_xz with type PLAYER, reason ATTACKER, and cancelled false.
[April 24, 2026 03:13:13.515AM UTC]  PlayerReTagEvent was triggered on julioyutuve2 by bnx_xz with type PLAYER and reason ATTACKER.
[April 24, 2026 03:13:13.515AM UTC]  PlayerPreTagEvent was triggered on bnx_xz by julioyutuve2 with type PLAYER, reason ATTACKED, and cancelled false.
[April 24, 2026 03:13:13.516AM UTC]  PlayerReTagEvent was triggered on bnx_xz by julioyutuve2 with type PLAYER and reason ATTACKED.
[April 24, 2026 03:13:13.516AM UTC]  EntityDamageByEntityEvent was triggered by damaged PLAYER bnx_xz, damager PLAYER julioyutuve2 and cancelled false.
[April 24, 2026 03:13:13.517AM UTC]  PlayerPunishEvent was triggered on julioyutuve2 with reason ENEMY_DEATH and cancelled true.
[April 24, 2026 03:13:13.517AM UTC]  PlayerUntagEvent was triggered on julioyutuve2 with reason ENEMY_DEATH and expire set to true.
[April 24, 2026 03:13:13.518AM UTC]  PlayerPunishEvent was triggered on bnx_xz with reason SELF_DEATH and cancelled true.
[April 24, 2026 03:13:13.518AM UTC]  PlayerUntagEvent was triggered on bnx_xz with reason SELF_DEATH and expire set to true.
[April 24, 2026 03:13:13.853AM UTC]  EntityDamageByEntityEvent was triggered by damaged IRON_GOLEM Iron Golem, damager PLAYER Akukis and cancelled false.
[April 24, 2026 03:13:14.404AM UTC]  EntityDamageByEntityEvent was triggered by damaged IRON_GOLEM Iron Golem, damager PLAYER Akukis and cancelled false.
[April 24, 2026 03:13:14.951AM UTC]  EntityDamageByEntityEvent was triggered by damaged IRON_GOLEM Iron Golem, damager PLAYER Akukis and cancelled false.
[April 24, 2026 03:13:15.616AM UTC]  EntityDamageByEntityEvent was triggered by damaged CREEPER Creeper, damager PLAYER Mrjorge0124 and cancelled false.
[April 24, 2026 03:13:15.655AM UTC]  EntityDamageByEntityEvent was triggered by damaged IRON_GOLEM Iron Golem, damager PLAYER Akukis and cancelled false.
[April 24, 2026 03:13:16.252AM UTC]  EntityDamageByEntityEvent was triggered by damaged IRON_GOLEM Iron Golem, damager PLAYER Akukis and cancelled false.
[April 24, 2026 03:13:16.852AM UTC]  EntityDamageByEntityEvent was triggered by damaged IRON_GOLEM Iron Golem, damager PLAYER Akukis and cancelled false.
[April 24, 2026 03:13:16.915AM UTC]  EntityDamageByEntityEvent was triggered by damaged ZOMBIE Zombie, damager PLAYER Mrjorge0124 and cancelled false.
[April 24, 2026 03:13:17.455AM UTC]  EntityDamageByEntityEvent was triggered by damaged IRON_GOLEM Iron Golem, damager PLAYER Akukis and cancelled false.
[April 24, 2026 03:13:17.617AM UTC]  EntityDamageByEntityEvent was triggered by damaged ZOMBIE Zombie, damager PLAYER Mrjorge0124 and cancelled false.
[April 24, 2026 03:13:18.053AM UTC]  EntityDamageByEntityEvent was triggered by damaged IRON_GOLEM Iron Golem, damager PLAYER Akukis and cancelled false.
[April 24, 2026 03:13:18.337AM UTC]  EntityDamageByEntityEvent was triggered by damaged CREEPER Creeper, damager PLAYER Mrjorge0124 and cancelled false.
[April 24, 2026 03:13:18.603AM UTC]  EntityDamageByEntityEvent was triggered by damaged IRON_GOLEM Iron Golem, damager PLAYER Akukis and cancelled false.
[April 24, 2026 03:13:18.633AM UTC]  EntityDamageByEntityEvent was triggered by damaged PLAYER Mrjorge0124, damager ZOMBIE Zombie and cancelled false.
[April 24, 2026 03:13:19.142AM UTC]  EntityDamageByEntityEvent was triggered by damaged CREEPER Creeper, damager PLAYER Mrjorge0124 and cancelled false.
[April 24, 2026 03:13:19.205AM UTC]  EntityDamageByEntityEvent was triggered by damaged IRON_GOLEM Iron Golem, damager PLAYER Akukis and cancelled false.
[April 24, 2026 03:13:19.334AM UTC]  EntityDamageByEntityEvent was triggered by damaged PLAYER Mrjorge0124, damager ZOMBIE Zombie and cancelled false.
[April 24, 2026 03:13:19.585AM UTC]  EntityDamageByEntityEvent was triggered by damaged ZOMBIE Zombie, damager CREEPER Creeper and cancelled false.
[April 24, 2026 03:13:19.586AM UTC]  EntityDamageByEntityEvent was triggered by damaged PLAYER Mrjorge0124, damager CREEPER Creeper and cancelled false.
[April 24, 2026 03:13:19.586AM UTC]  EntityDamageByEntityEvent was triggered by damaged ZOMBIE Zombie, damager CREEPER Creeper and cancelled false.
[April 24, 2026 03:13:19.744AM UTC]  EntityDamageByEntityEvent was triggered by damaged ZOMBIE Zombie, damager PLAYER Mrjorge0124 and cancelled false.
[April 24, 2026 03:13:19.854AM UTC]  EntityDamageByEntityEvent was triggered by damaged IRON_GOLEM Iron Golem, damager PLAYER Akukis and cancelled false.
[April 24, 2026 03:13:20.138AM UTC]  EntityDamageByEntityEvent was triggered by damaged PLAYER julioyutuve2, damager ARROW Arrow and cancelled false.
[April 24, 2026 03:13:20.436AM UTC]  EntityDamageByEntityEvent was triggered by damaged ZOMBIE Zombie, damager PLAYER Mrjorge0124 and cancelled false.
[April 24, 2026 03:13:20.503AM UTC]  EntityDamageByEntityEvent was triggered by damaged IRON_GOLEM Iron Golem, damager PLAYER Akukis and cancelled false.
[April 24, 2026 03:13:21.053AM UTC]  EntityDamageByEntityEvent was triggered by damaged IRON_GOLEM Iron Golem, damager PLAYER Akukis and cancelled false.
[April 24, 2026 03:13:21.136AM UTC]  EntityDamageByEntityEvent was triggered by damaged ZOMBIE Zombie, damager PLAYER Mrjorge0124 and cancelled false.
[April 24, 2026 03:13:21.703AM UTC]  EntityDamageByEntityEvent was triggered by damaged IRON_GOLEM Iron Golem, damager PLAYER Akukis and cancelled false.
[April 24, 2026 03:13:21.809AM UTC]  EntityDamageByEntityEvent was triggered by damaged ZOMBIE Zombie, damager PLAYER Mrjorge0124 and cancelled false.
[April 24, 2026 03:13:22.203AM UTC]  EntityDamageByEntityEvent was triggered by damaged IRON_GOLEM Iron Golem, damager PLAYER Akukis and cancelled false.
[April 24, 2026 03:13:22.273AM UTC]  PlayerPunishEvent was triggered on Akukis with reason EXPIRE and cancelled true.
[April 24, 2026 03:13:22.273AM UTC]  PlayerUntagEvent was triggered on Akukis with reason EXPIRE and expire set to true.
[April 24, 2026 03:13:22.273AM UTC]  PlayerPunishEvent was triggered on Emilio100 with reason EXPIRE and cancelled true.
[April 24, 2026 03:13:22.273AM UTC]  PlayerUntagEvent was triggered on Emilio100 with reason EXPIRE and expire set to true.
[April 24, 2026 03:13:22.802AM UTC]  EntityDamageByEntityEvent was triggered by damaged IRON_GOLEM Iron Golem, damager PLAYER Akukis and cancelled false.
[April 24, 2026 03:13:23.454AM UTC]  EntityDamageByEntityEvent was triggered by damaged IRON_GOLEM Iron Golem, damager PLAYER Akukis and cancelled false.
[April 24, 2026 03:13:23.889AM UTC]  EntityDamageByEntityEvent was triggered by damaged PLAYER srcapiii, damager ARROW Arrow and cancelled false.
[April 24, 2026 03:13:24.003AM UTC]  EntityDamageByEntityEvent was triggered by damaged IRON_GOLEM Iron Golem, damager PLAYER Akukis and cancelled false.
[April 24, 2026 03:13:24.602AM UTC]  EntityDamageByEntityEvent was triggered by damaged IRON_GOLEM Iron Golem, damager PLAYER Akukis and cancelled false.
[April 24, 2026 03:13:25.252AM UTC]  EntityDamageByEntityEvent was triggered by damaged IRON_GOLEM Iron Golem, damager PLAYER Akukis and cancelled false.
[April 24, 2026 03:13:25.687AM UTC]  EntityDamageByEntityEvent was triggered by damaged SKELETON Skeleton, damager ARROW Arrow and cancelled false.
[April 24, 2026 03:13:25.902AM UTC]  EntityDamageByEntityEvent was triggered by damaged IRON_GOLEM Iron Golem, damager PLAYER Akukis and cancelled false.
[April 24, 2026 03:13:26.502AM UTC]  EntityDamageByEntityEvent was triggered by damaged IRON_GOLEM Iron Golem, damager PLAYER Akukis and cancelled false.
[April 24, 2026 03:13:26.537AM UTC]  EntityDamageByEntityEvent was triggered by damaged SKELETON Skeleton, damager ARROW Arrow and cancelled false.
[April 24, 2026 03:13:27.104AM UTC]  EntityDamageByEntityEvent was triggered by damaged IRON_GOLEM Iron Golem, damager PLAYER Akukis and cancelled false.
[April 24, 2026 03:13:27.420AM UTC]  PlayerPreTagEvent was triggered on julioyutuve2 by Akukis with type PLAYER, reason ATTACKER, and cancelled false.
[April 24, 2026 03:13:27.420AM UTC]  PlayerTagEvent was triggered on julioyutuve2 by Akukis with type PLAYER and reason ATTACKER.
[April 24, 2026 03:13:27.420AM UTC]  PlayerPreTagEvent was triggered on Akukis by julioyutuve2 with type PLAYER, reason ATTACKED, and cancelled false.
[April 24, 2026 03:13:27.420AM UTC]  PlayerTagEvent was triggered on Akukis by julioyutuve2 with type PLAYER and reason ATTACKED.
[April 24, 2026 03:13:27.421AM UTC]  EntityDamageByEntityEvent was triggered by damaged PLAYER Akukis, damager PLAYER julioyutuve2 and cancelled false.
[April 24, 2026 03:13:28.635AM UTC]  EntityDamageByEntityEvent was triggered by damaged PLAYER Emilio100, damager IRON_GOLEM Iron Golem and cancelled false.
[April 24, 2026 03:13:28.692AM UTC]  EntityDamageByEntityEvent was triggered by damaged SKELETON Skeleton, damager ARROW Arrow and cancelled false.
[April 24, 2026 03:13:28.816AM UTC]  EntityDamageByEntityEvent was triggered by damaged IRON_GOLEM Iron Golem, damager PLAYER Emilio100 and cancelled false.
[April 24, 2026 03:13:29.540AM UTC]  EntityDamageByEntityEvent was triggered by damaged SKELETON Skeleton, damager ARROW Arrow and cancelled false.
[April 24, 2026 03:13:31.690AM UTC]  EntityDamageByEntityEvent was triggered by damaged SKELETON Skeleton, damager ARROW Arrow and cancelled false.
[April 24, 2026 03:13:32.273AM UTC]  PlayerPunishEvent was triggered on aqhez_ with reason EXPIRE and cancelled true.
[April 24, 2026 03:13:32.273AM UTC]  PlayerUntagEvent was triggered on aqhez_ with reason EXPIRE and expire set to true.
[April 24, 2026 03:13:32.274AM UTC]  PlayerPunishEvent was triggered on srcapiii with reason EXPIRE and cancelled true.
[April 24, 2026 03:13:32.274AM UTC]  PlayerUntagEvent was triggered on srcapiii with reason EXPIRE and expire set to true.
[April 24, 2026 03:13:32.783AM UTC]  EntityDamageByEntityEvent was triggered by damaged VILLAGER Villager, damager ZOMBIE Zombie and cancelled false.
[April 24, 2026 03:13:33.303AM UTC]  PlayerPreTagEvent was triggered on Akukis by julioyutuve2 with type PLAYER, reason ATTACKER, and cancelled false.
[April 24, 2026 03:13:33.303AM UTC]  PlayerReTagEvent was triggered on Akukis by julioyutuve2 with type PLAYER and reason ATTACKER.
[April 24, 2026 03:13:33.303AM UTC]  PlayerPreTagEvent was triggered on julioyutuve2 by Akukis with type PLAYER, reason ATTACKED, and cancelled false.
[April 24, 2026 03:13:33.303AM UTC]  PlayerReTagEvent was triggered on julioyutuve2 by Akukis with type PLAYER and reason ATTACKED.
[April 24, 2026 03:13:33.304AM UTC]  EntityDamageByEntityEvent was triggered by damaged PLAYER julioyutuve2, damager PLAYER Akukis and cancelled false.
[April 24, 2026 03:13:38.636AM UTC]  EntityDamageByEntityEvent was triggered by damaged PLAYER Daniel498, damager SILVERFISH Silverfish and cancelled false.
[April 24, 2026 03:13:39.637AM UTC]  EntityDamageByEntityEvent was triggered by damaged PLAYER Daniel498, damager SILVERFISH Silverfish and cancelled false.
[April 24, 2026 03:13:40.550AM UTC]  EntityDamageByEntityEvent was triggered by damaged SILVERFISH Silverfish, damager PLAYER Daniel498 and cancelled false.
[April 24, 2026 03:13:40.636AM UTC]  EntityDamageByEntityEvent was triggered by damaged PLAYER Daniel498, damager SILVERFISH Silverfish and cancelled false.
[April 24, 2026 03:13:41.663AM UTC]  EntityDamageByEntityEvent was triggered by damaged IRON_GOLEM Iron Golem, damager PLAYER Emilio100 and cancelled false.
[April 24, 2026 03:13:41.893AM UTC]  EntityDamageByEntityEvent was triggered by damaged PLAYER Daniel498, damager SILVERFISH Silverfish and cancelled false.
[April 24, 2026 03:13:42.294AM UTC]  EntityDamageByEntityEvent was triggered by damaged IRON_GOLEM Iron Golem, damager PLAYER Emilio100 and cancelled false.
[April 24, 2026 03:13:42.298AM UTC]  EntityDamageByEntityEvent was triggered by damaged SILVERFISH Silverfish, damager PLAYER Daniel498 and cancelled false.
[April 24, 2026 03:13:42.891AM UTC]  EntityDamageByEntityEvent was triggered by damaged PLAYER Daniel498, damager SILVERFISH Silverfish and cancelled false.
[April 24, 2026 03:13:43.887AM UTC]  EntityDamageByEntityEvent was triggered by damaged PLAYER Daniel498, damager SILVERFISH Silverfish and cancelled false.
[April 24, 2026 03:13:44.660AM UTC]  PlayerPreTagEvent was triggered on Emilio100 by srcapiii with type PLAYER, reason ATTACKER, and cancelled false.
[April 24, 2026 03:13:44.660AM UTC]  PlayerTagEvent was triggered on Emilio100 by srcapiii with type PLAYER and reason ATTACKER.
[April 24, 2026 03:13:44.660AM UTC]  PlayerPreTagEvent was triggered on srcapiii by Emilio100 with type PLAYER, reason ATTACKED, and cancelled false.
[April 24, 2026 03:13:44.660AM UTC]  PlayerTagEvent was triggered on srcapiii by Emilio100 with type PLAYER and reason ATTACKED.
[April 24, 2026 03:13:44.661AM UTC]  EntityDamageByEntityEvent was triggered by damaged PLAYER srcapiii, damager PLAYER Emilio100 and cancelled false.
[April 24, 2026 03:13:45.537AM UTC]  EntityDamageByEntityEvent was triggered by damaged PLAYER Daniel498, damager SILVERFISH Silverfish and cancelled false.
[April 24, 2026 03:13:45.950AM UTC]  PlayerPreTagEvent was triggered on Emilio100 by srcapiii with type PLAYER, reason ATTACKER, and cancelled false.
[April 24, 2026 03:13:45.950AM UTC]  PlayerReTagEvent was triggered on Emilio100 by srcapiii with type PLAYER and reason ATTACKER.
[April 24, 2026 03:13:45.951AM UTC]  PlayerPreTagEvent was triggered on srcapiii by Emilio100 with type PLAYER, reason ATTACKED, and cancelled false.
[April 24, 2026 03:13:45.951AM UTC]  PlayerReTagEvent was triggered on srcapiii by Emilio100 with type PLAYER and reason ATTACKED.
[April 24, 2026 03:13:45.951AM UTC]  EntityDamageByEntityEvent was triggered by damaged PLAYER srcapiii, damager PLAYER Emilio100 and cancelled false.
[April 24, 2026 03:13:46.094AM UTC]  PlayerPreTagEvent was triggered on srcapiii by Emilio100 with type PLAYER, reason ATTACKER, and cancelled false.
[April 24, 2026 03:13:46.094AM UTC]  PlayerReTagEvent was triggered on srcapiii by Emilio100 with type PLAYER and reason ATTACKER.
[April 24, 2026 03:13:46.094AM UTC]  PlayerPreTagEvent was triggered on Emilio100 by srcapiii with type PLAYER, reason ATTACKED, and cancelled false.
[April 24, 2026 03:13:46.094AM UTC]  PlayerReTagEvent was triggered on Emilio100 by srcapiii with type PLAYER and reason ATTACKED.
[April 24, 2026 03:13:46.094AM UTC]  EntityDamageByEntityEvent was triggered by damaged PLAYER Emilio100, damager PLAYER srcapiii and cancelled false.
[April 24, 2026 03:13:46.658AM UTC]  EntityDamageByEntityEvent was triggered by damaged SILVERFISH Silverfish, damager PLAYER Daniel498 and cancelled false.
[April 24, 2026 03:13:47.590AM UTC]  PlayerPreTagEvent was triggered on Emilio100 by srcapiii with type PLAYER, reason ATTACKER, and cancelled false.
[April 24, 2026 03:13:47.590AM UTC]  PlayerReTagEvent was triggered on Emilio100 by srcapiii with type PLAYER and reason ATTACKER.
[April 24, 2026 03:13:47.590AM UTC]  PlayerPreTagEvent was triggered on srcapiii by Emilio100 with type PLAYER, reason ATTACKED, and cancelled false.
[April 24, 2026 03:13:47.590AM UTC]  PlayerReTagEvent was triggered on srcapiii by Emilio100 with type PLAYER and reason ATTACKED.
[April 24, 2026 03:13:47.591AM UTC]  EntityDamageByEntityEvent was triggered by damaged PLAYER srcapiii, damager PLAYER Emilio100 and cancelled false.
[April 24, 2026 03:13:48.047AM UTC]  PlayerPreTagEvent was triggered on Emilio100 by srcapiii with type PLAYER, reason ATTACKER, and cancelled false.
[April 24, 2026 03:13:48.048AM UTC]  PlayerReTagEvent was triggered on Emilio100 by srcapiii with type PLAYER and reason ATTACKER.
[April 24, 2026 03:13:48.048AM UTC]  PlayerPreTagEvent was triggered on srcapiii by Emilio100 with type PLAYER, reason ATTACKED, and cancelled false.
[April 24, 2026 03:13:48.048AM UTC]  PlayerReTagEvent was triggered on srcapiii by Emilio100 with type PLAYER and reason ATTACKED.
[April 24, 2026 03:13:48.048AM UTC]  EntityDamageByEntityEvent was triggered by damaged PLAYER srcapiii, damager PLAYER Emilio100 and cancelled false.
[April 24, 2026 03:13:48.418AM UTC]  PlayerPreTagEvent was triggered on Emilio100 by srcapiii with type PLAYER, reason ATTACKER, and cancelled false.
[April 24, 2026 03:13:48.419AM UTC]  PlayerReTagEvent was triggered on Emilio100 by srcapiii with type PLAYER and reason ATTACKER.
[April 24, 2026 03:13:48.419AM UTC]  PlayerPreTagEvent was triggered on srcapiii by Emilio100 with type PLAYER, reason ATTACKED, and cancelled false.
[April 24, 2026 03:13:48.419AM UTC]  PlayerReTagEvent was triggered on srcapiii by Emilio100 with type PLAYER and reason ATTACKED.
[April 24, 2026 03:13:48.419AM UTC]  EntityDamageByEntityEvent was triggered by damaged PLAYER srcapiii, damager PLAYER Emilio100 and cancelled false.
[April 24, 2026 03:13:48.543AM UTC]  EntityDamageByEntityEvent was triggered by damaged SILVERFISH Silverfish, damager PLAYER Daniel498 and cancelled false.
[April 24, 2026 03:13:49.619AM UTC]  EntityDamageByEntityEvent was triggered by damaged SILVERFISH Silverfish, damager PLAYER Daniel498 and cancelled false.
[April 24, 2026 03:13:50.002AM UTC]  PlayerPreTagEvent was triggered on Emilio100 by srcapiii with type PLAYER, reason ATTACKER, and cancelled false.
[April 24, 2026 03:13:50.003AM UTC]  PlayerReTagEvent was triggered on Emilio100 by srcapiii with type PLAYER and reason ATTACKER.
[April 24, 2026 03:13:50.003AM UTC]  PlayerPreTagEvent was triggered on srcapiii by Emilio100 with type PLAYER, reason ATTACKED, and cancelled false.
[April 24, 2026 03:13:50.003AM UTC]  PlayerReTagEvent was triggered on srcapiii by Emilio100 with type PLAYER and reason ATTACKED.
[April 24, 2026 03:13:50.004AM UTC]  EntityDamageByEntityEvent was triggered by damaged PLAYER srcapiii, damager PLAYER Emilio100 and cancelled false.
[April 24, 2026 03:13:50.387AM UTC]  EntityDamageByEntityEvent was triggered by damaged PLAYER Daniel498, damager SILVERFISH Silverfish and cancelled false.
[April 24, 2026 03:13:51.136AM UTC]  EntityDamageByEntityEvent was triggered by damaged PLAYER Daniel498, damager SILVERFISH Silverfish and cancelled false.
[April 24, 2026 03:13:51.202AM UTC]  PlayerPreTagEvent was triggered on Emilio100 by srcapiii with type PLAYER, reason ATTACKER, and cancelled false.
[April 24, 2026 03:13:51.202AM UTC]  PlayerReTagEvent was triggered on Emilio100 by srcapiii with type PLAYER and reason ATTACKER.
[April 24, 2026 03:13:51.202AM UTC]  PlayerPreTagEvent was triggered on srcapiii by Emilio100 with type PLAYER, reason ATTACKED, and cancelled false.
[April 24, 2026 03:13:51.203AM UTC]  PlayerReTagEvent was triggered on srcapiii by Emilio100 with type PLAYER and reason ATTACKED.
[April 24, 2026 03:13:51.203AM UTC]  EntityDamageByEntityEvent was triggered by damaged PLAYER srcapiii, damager PLAYER Emilio100 and cancelled false.
[April 24, 2026 03:13:51.953AM UTC]  PlayerPreTagEvent was triggered on aqhez_ by Emilio100 with type PLAYER, reason ATTACKER, and cancelled false.
[April 24, 2026 03:13:51.954AM UTC]  PlayerTagEvent was triggered on aqhez_ by Emilio100 with type PLAYER and reason ATTACKER.
[April 24, 2026 03:13:51.954AM UTC]  PlayerPreTagEvent was triggered on Emilio100 by aqhez_ with type PLAYER, reason ATTACKED, and cancelled false.
[April 24, 2026 03:13:51.954AM UTC]  PlayerReTagEvent was triggered on Emilio100 by aqhez_ with type PLAYER and reason ATTACKED.
[April 24, 2026 03:13:51.954AM UTC]  EntityDamageByEntityEvent was triggered by damaged PLAYER Emilio100, damager PLAYER aqhez_ and cancelled false.
[April 24, 2026 03:13:52.139AM UTC]  EntityDamageByEntityEvent was triggered by damaged PLAYER Daniel498, damager SILVERFISH Silverfish and cancelled false.
[April 24, 2026 03:13:52.258AM UTC]  PlayerPreTagEvent was triggered on Emilio100 by srcapiii with type PLAYER, reason ATTACKER, and cancelled false.
[April 24, 2026 03:13:52.258AM UTC]  PlayerReTagEvent was triggered on Emilio100 by srcapiii with type PLAYER and reason ATTACKER.
[April 24, 2026 03:13:52.258AM UTC]  PlayerPreTagEvent was triggered on srcapiii by Emilio100 with type PLAYER, reason ATTACKED, and cancelled false.
[April 24, 2026 03:13:52.259AM UTC]  PlayerReTagEvent was triggered on srcapiii by Emilio100 with type PLAYER and reason ATTACKED.
[April 24, 2026 03:13:52.259AM UTC]  EntityDamageByEntityEvent was triggered by damaged PLAYER srcapiii, damager PLAYER Emilio100 and cancelled false.
[April 24, 2026 03:13:53.098AM UTC]  EntityDamageByEntityEvent was triggered by damaged SILVERFISH Silverfish, damager PLAYER Daniel498 and cancelled false.
[April 24, 2026 03:13:53.138AM UTC]  EntityDamageByEntityEvent was triggered by damaged PLAYER Daniel498, damager SILVERFISH Silverfish and cancelled false.
[April 24, 2026 03:13:53.723AM UTC]  PlayerPreTagEvent was triggered on Emilio100 by srcapiii with type PLAYER, reason ATTACKER, and cancelled false.
[April 24, 2026 03:13:53.723AM UTC]  PlayerReTagEvent was triggered on Emilio100 by srcapiii with type PLAYER and reason ATTACKER.
[April 24, 2026 03:13:53.723AM UTC]  PlayerPreTagEvent was triggered on srcapiii by Emilio100 with type PLAYER, reason ATTACKED, and cancelled false.
[April 24, 2026 03:13:53.724AM UTC]  PlayerReTagEvent was triggered on srcapiii by Emilio100 with type PLAYER and reason ATTACKED.
[April 24, 2026 03:13:53.724AM UTC]  EntityDamageByEntityEvent was triggered by damaged PLAYER srcapiii, damager PLAYER Emilio100 and cancelled false.
[April 24, 2026 03:13:53.773AM UTC]  PlayerPunishEvent was triggered on Akukis with reason EXPIRE and cancelled true.
[April 24, 2026 03:13:53.773AM UTC]  PlayerUntagEvent was triggered on Akukis with reason EXPIRE and expire set to true.
[April 24, 2026 03:13:53.774AM UTC]  PlayerPunishEvent was triggered on julioyutuve2 with reason EXPIRE and cancelled true.
[April 24, 2026 03:13:53.774AM UTC]  PlayerUntagEvent was triggered on julioyutuve2 with reason EXPIRE and expire set to true.
[April 24, 2026 03:13:53.902AM UTC]  PlayerPreTagEvent was triggered on aqhez_ by Emilio100 with type PLAYER, reason ATTACKER, and cancelled false.
[April 24, 2026 03:13:53.902AM UTC]  PlayerReTagEvent was triggered on aqhez_ by Emilio100 with type PLAYER and reason ATTACKER.
[April 24, 2026 03:13:53.903AM UTC]  PlayerPreTagEvent was triggered on Emilio100 by aqhez_ with type PLAYER, reason ATTACKED, and cancelled false.
[April 24, 2026 03:13:53.903AM UTC]  PlayerReTagEvent was triggered on Emilio100 by aqhez_ with type PLAYER and reason ATTACKED.
[April 24, 2026 03:13:53.903AM UTC]  EntityDamageByEntityEvent was triggered by damaged PLAYER Emilio100, damager PLAYER aqhez_ and cancelled false.
[April 24, 2026 03:13:54.742AM UTC]  EntityDamageByEntityEvent was triggered by damaged PLAYER bnx_xz, damager ARROW Arrow and cancelled false.
[April 24, 2026 03:13:56.302AM UTC]  PlayerPreTagEvent was triggered on aqhez_ by Emilio100 with type PLAYER, reason ATTACKER, and cancelled false.
[April 24, 2026 03:13:56.303AM UTC]  PlayerReTagEvent was triggered on aqhez_ by Emilio100 with type PLAYER and reason ATTACKER.
[April 24, 2026 03:13:56.303AM UTC]  PlayerPreTagEvent was triggered on Emilio100 by aqhez_ with type PLAYER, reason ATTACKED, and cancelled false.
[April 24, 2026 03:13:56.303AM UTC]  PlayerReTagEvent was triggered on Emilio100 by aqhez_ with type PLAYER and reason ATTACKED.
[April 24, 2026 03:13:56.303AM UTC]  EntityDamageByEntityEvent was triggered by damaged PLAYER Emilio100, damager PLAYER aqhez_ and cancelled false.
[April 24, 2026 03:13:56.307AM UTC]  PlayerPunishEvent was triggered on srcapiii with reason ENEMY_DEATH and cancelled true.
[April 24, 2026 03:13:56.307AM UTC]  PlayerUntagEvent was triggered on srcapiii with reason ENEMY_DEATH and expire set to true.
[April 24, 2026 03:13:56.307AM UTC]  PlayerPunishEvent was triggered on aqhez_ with reason ENEMY_DEATH and cancelled true.
[April 24, 2026 03:13:56.307AM UTC]  PlayerUntagEvent was triggered on aqhez_ with reason ENEMY_DEATH and expire set to true.
[April 24, 2026 03:13:56.307AM UTC]  PlayerPunishEvent was triggered on Emilio100 with reason SELF_DEATH and cancelled true.
[April 24, 2026 03:13:56.307AM UTC]  PlayerUntagEvent was triggered on Emilio100 with reason SELF_DEATH and expire set to true.
[April 24, 2026 03:13:57.837AM UTC]  EntityDamageByEntityEvent was triggered by damaged PLAYER Daniel498, damager SILVERFISH Silverfish and cancelled false.
[April 24, 2026 03:14:05.090AM UTC]  EntityDamageByEntityEvent was triggered by damaged PLAYER Daniel498, damager SILVERFISH Silverfish and cancelled false.
[April 24, 2026 03:14:05.736AM UTC]  EntityDamageByEntityEvent was triggered by damaged PLAYER Daniel498, damager SILVERFISH Silverfish and cancelled false.
[April 24, 2026 03:14:06.935AM UTC]  EntityDamageByEntityEvent was triggered by damaged PLAYER Daniel498, damager SILVERFISH Silverfish and cancelled false.
[April 24, 2026 03:14:07.130AM UTC]  EntityDamageByEntityEvent was triggered by damaged VILLAGER Villager, damager ZOMBIE Zombie and cancelled false.
[April 24, 2026 03:14:07.353AM UTC]  PlayerPreTagEvent was triggered on Akukis by bnx_xz with type PLAYER, reason ATTACKER, and cancelled false.
[April 24, 2026 03:14:07.354AM UTC]  PlayerTagEvent was triggered on Akukis by bnx_xz with type PLAYER and reason ATTACKER.
[April 24, 2026 03:14:07.354AM UTC]  PlayerPreTagEvent was triggered on bnx_xz by Akukis with type PLAYER, reason ATTACKED, and cancelled false.
[April 24, 2026 03:14:07.354AM UTC]  PlayerTagEvent was triggered on bnx_xz by Akukis with type PLAYER and reason ATTACKED.
[April 24, 2026 03:14:07.357AM UTC]  EntityDamageByEntityEvent was triggered by damaged PLAYER bnx_xz, damager PLAYER Akukis and cancelled false.
[April 24, 2026 03:14:07.905AM UTC]  PlayerPreTagEvent was triggered on Akukis by bnx_xz with type PLAYER, reason ATTACKER, and cancelled false.
[April 24, 2026 03:14:07.906AM UTC]  PlayerReTagEvent was triggered on Akukis by bnx_xz with type PLAYER and reason ATTACKER.
[April 24, 2026 03:14:07.906AM UTC]  PlayerPreTagEvent was triggered on bnx_xz by Akukis with type PLAYER, reason ATTACKED, and cancelled false.
[April 24, 2026 03:14:07.906AM UTC]  PlayerReTagEvent was triggered on bnx_xz by Akukis with type PLAYER and reason ATTACKED.
[April 24, 2026 03:14:07.906AM UTC]  EntityDamageByEntityEvent was triggered by damaged PLAYER bnx_xz, damager PLAYER Akukis and cancelled false.
[April 24, 2026 03:14:08.134AM UTC]  EntityDamageByEntityEvent was triggered by damaged PLAYER Daniel498, damager SILVERFISH Silverfish and cancelled false.
[April 24, 2026 03:14:08.737AM UTC]  EntityDamageByEntityEvent was triggered by damaged PLAYER Daniel498, damager SILVERFISH Silverfish and cancelled false.
[April 24, 2026 03:14:10.884AM UTC]  EntityDamageByEntityEvent was triggered by damaged PLAYER Daniel498, damager SILVERFISH Silverfish and cancelled false.
[April 24, 2026 03:14:10.936AM UTC]  PlayerPreTagEvent was triggered on bnx_xz by aqhez_ with type PLAYER, reason ATTACKER, and cancelled false.
[April 24, 2026 03:14:10.937AM UTC]  PlayerReTagEvent was triggered on bnx_xz by aqhez_ with type PLAYER and reason ATTACKER.
[April 24, 2026 03:14:10.937AM UTC]  PlayerPreTagEvent was triggered on aqhez_ by bnx_xz with type PLAYER, reason ATTACKED, and cancelled false.
[April 24, 2026 03:14:10.937AM UTC]  PlayerTagEvent was triggered on aqhez_ by bnx_xz with type PLAYER and reason ATTACKED.
[April 24, 2026 03:14:10.937AM UTC]  EntityDamageByEntityEvent was triggered by damaged PLAYER aqhez_, damager PLAYER bnx_xz and cancelled false.
[April 24, 2026 03:14:12.236AM UTC]  EntityDamageByEntityEvent was triggered by damaged PLAYER Daniel498, damager SILVERFISH Silverfish and cancelled false.
[April 24, 2026 03:14:12.768AM UTC]  PlayerPreTagEvent was triggered on bnx_xz by aqhez_ with type PLAYER, reason ATTACKER, and cancelled false.
[April 24, 2026 03:14:12.769AM UTC]  PlayerReTagEvent was triggered on bnx_xz by aqhez_ with type PLAYER and reason ATTACKER.
[April 24, 2026 03:14:12.769AM UTC]  PlayerPreTagEvent was triggered on aqhez_ by bnx_xz with type PLAYER, reason ATTACKED, and cancelled false.
[April 24, 2026 03:14:12.769AM UTC]  PlayerReTagEvent was triggered on aqhez_ by bnx_xz with type PLAYER and reason ATTACKED.
[April 24, 2026 03:14:12.769AM UTC]  EntityDamageByEntityEvent was triggered by damaged PLAYER aqhez_, damager PLAYER bnx_xz and cancelled false.
[April 24, 2026 03:14:12.853AM UTC]  PlayerPreTagEvent was triggered on Akukis by bnx_xz with type PLAYER, reason ATTACKER, and cancelled false.
[April 24, 2026 03:14:12.854AM UTC]  PlayerReTagEvent was triggered on Akukis by bnx_xz with type PLAYER and reason ATTACKER.
[April 24, 2026 03:14:12.854AM UTC]  PlayerPreTagEvent was triggered on bnx_xz by Akukis with type PLAYER, reason ATTACKED, and cancelled false.
[April 24, 2026 03:14:12.854AM UTC]  PlayerReTagEvent was triggered on bnx_xz by Akukis with type PLAYER and reason ATTACKED.
[April 24, 2026 03:14:12.854AM UTC]  EntityDamageByEntityEvent was triggered by damaged PLAYER bnx_xz, damager PLAYER Akukis and cancelled false.
[April 24, 2026 03:14:12.969AM UTC]  PlayerPreTagEvent was triggered on bnx_xz by aqhez_ with type PLAYER, reason ATTACKER, and cancelled false.
[April 24, 2026 03:14:12.969AM UTC]  PlayerReTagEvent was triggered on bnx_xz by aqhez_ with type PLAYER and reason ATTACKER.
[April 24, 2026 03:14:12.969AM UTC]  PlayerPreTagEvent was triggered on aqhez_ by bnx_xz with type PLAYER, reason ATTACKED, and cancelled false.
[April 24, 2026 03:14:12.970AM UTC]  PlayerReTagEvent was triggered on aqhez_ by bnx_xz with type PLAYER and reason ATTACKED.
[April 24, 2026 03:14:12.970AM UTC]  EntityDamageByEntityEvent was triggered by damaged PLAYER aqhez_, damager PLAYER bnx_xz and cancelled false.
[April 24, 2026 03:14:13.233AM UTC]  EntityDamageByEntityEvent was triggered by damaged PLAYER Daniel498, damager SILVERFISH Silverfish and cancelled false.
[April 24, 2026 03:14:13.250AM UTC]  EntityDamageByEntityEvent was triggered by damaged SILVERFISH Silverfish, damager PLAYER Daniel498 and cancelled false.
[April 24, 2026 03:14:13.319AM UTC]  PlayerPreTagEvent was triggered on bnx_xz by aqhez_ with type PLAYER, reason ATTACKER, and cancelled false.
[April 24, 2026 03:14:13.320AM UTC]  PlayerReTagEvent was triggered on bnx_xz by aqhez_ with type PLAYER and reason ATTACKER.
[April 24, 2026 03:14:13.320AM UTC]  PlayerPreTagEvent was triggered on aqhez_ by bnx_xz with type PLAYER, reason ATTACKED, and cancelled false.
[April 24, 2026 03:14:13.320AM UTC]  PlayerReTagEvent was triggered on aqhez_ by bnx_xz with type PLAYER and reason ATTACKED.
[April 24, 2026 03:14:13.320AM UTC]  EntityDamageByEntityEvent was triggered by damaged PLAYER aqhez_, damager PLAYER bnx_xz and cancelled false.
[April 24, 2026 03:14:13.603AM UTC]  PlayerPreTagEvent was triggered on Akukis by bnx_xz with type PLAYER, reason ATTACKER, and cancelled false.
[April 24, 2026 03:14:13.604AM UTC]  PlayerReTagEvent was triggered on Akukis by bnx_xz with type PLAYER and reason ATTACKER.
[April 24, 2026 03:14:13.604AM UTC]  PlayerPreTagEvent was triggered on bnx_xz by Akukis with type PLAYER, reason ATTACKED, and cancelled false.
[April 24, 2026 03:14:13.604AM UTC]  PlayerReTagEvent was triggered on bnx_xz by Akukis with type PLAYER and reason ATTACKED.
[April 24, 2026 03:14:13.604AM UTC]  EntityDamageByEntityEvent was triggered by damaged PLAYER bnx_xz, damager PLAYER Akukis and cancelled false.
[April 24, 2026 03:14:13.963AM UTC]  PlayerPreTagEvent was triggered on bnx_xz by aqhez_ with type PLAYER, reason ATTACKER, and cancelled false.
[April 24, 2026 03:14:13.964AM UTC]  PlayerReTagEvent was triggered on bnx_xz by aqhez_ with type PLAYER and reason ATTACKER.
[April 24, 2026 03:14:13.964AM UTC]  PlayerPreTagEvent was triggered on aqhez_ by bnx_xz with type PLAYER, reason ATTACKED, and cancelled false.
[April 24, 2026 03:14:13.964AM UTC]  PlayerReTagEvent was triggered on aqhez_ by bnx_xz with type PLAYER and reason ATTACKED.
[April 24, 2026 03:14:13.964AM UTC]  EntityDamageByEntityEvent was triggered by damaged PLAYER aqhez_, damager PLAYER bnx_xz and cancelled false.
[April 24, 2026 03:14:14.204AM UTC]  PlayerPreTagEvent was triggered on Akukis by bnx_xz with type PLAYER, reason ATTACKER, and cancelled false.
[April 24, 2026 03:14:14.204AM UTC]  PlayerReTagEvent was triggered on Akukis by bnx_xz with type PLAYER and reason ATTACKER.
[April 24, 2026 03:14:14.205AM UTC]  PlayerPreTagEvent was triggered on bnx_xz by Akukis with type PLAYER, reason ATTACKED, and cancelled false.
[April 24, 2026 03:14:14.205AM UTC]  PlayerReTagEvent was triggered on bnx_xz by Akukis with type PLAYER and reason ATTACKED.
[April 24, 2026 03:14:14.205AM UTC]  EntityDamageByEntityEvent was triggered by damaged PLAYER bnx_xz, damager PLAYER Akukis and cancelled false.
[April 24, 2026 03:14:15.619AM UTC]  PlayerPreTagEvent was triggered on bnx_xz by aqhez_ with type PLAYER, reason ATTACKER, and cancelled false.
[April 24, 2026 03:14:15.620AM UTC]  PlayerReTagEvent was triggered on bnx_xz by aqhez_ with type PLAYER and reason ATTACKER.
[April 24, 2026 03:14:15.620AM UTC]  PlayerPreTagEvent was triggered on aqhez_ by bnx_xz with type PLAYER, reason ATTACKED, and cancelled false.
[April 24, 2026 03:14:15.620AM UTC]  PlayerReTagEvent was triggered on aqhez_ by bnx_xz with type PLAYER and reason ATTACKED.
[April 24, 2026 03:14:15.620AM UTC]  EntityDamageByEntityEvent was triggered by damaged PLAYER aqhez_, damager PLAYER bnx_xz and cancelled false.
[April 24, 2026 03:14:15.864AM UTC]  PlayerPreTagEvent was triggered on bnx_xz by aqhez_ with type PLAYER, reason ATTACKER, and cancelled false.
[April 24, 2026 03:14:15.865AM UTC]  PlayerReTagEvent was triggered on bnx_xz by aqhez_ with type PLAYER and reason ATTACKER.
[April 24, 2026 03:14:15.865AM UTC]  PlayerPreTagEvent was triggered on aqhez_ by bnx_xz with type PLAYER, reason ATTACKED, and cancelled false.
[April 24, 2026 03:14:15.865AM UTC]  PlayerReTagEvent was triggered on aqhez_ by bnx_xz with type PLAYER and reason ATTACKED.
[April 24, 2026 03:14:15.865AM UTC]  EntityDamageByEntityEvent was triggered by damaged PLAYER aqhez_, damager PLAYER bnx_xz and cancelled false.
[April 24, 2026 03:14:18.113AM UTC]  PlayerPreTagEvent was triggered on bnx_xz by aqhez_ with type PLAYER, reason ATTACKER, and cancelled false.
[April 24, 2026 03:14:18.114AM UTC]  PlayerReTagEvent was triggered on bnx_xz by aqhez_ with type PLAYER and reason ATTACKER.
[April 24, 2026 03:14:18.114AM UTC]  PlayerPreTagEvent was triggered on aqhez_ by bnx_xz with type PLAYER, reason ATTACKED, and cancelled false.
[April 24, 2026 03:14:18.114AM UTC]  PlayerReTagEvent was triggered on aqhez_ by bnx_xz with type PLAYER and reason ATTACKED.
[April 24, 2026 03:14:18.114AM UTC]  EntityDamageByEntityEvent was triggered by damaged PLAYER aqhez_, damager PLAYER bnx_xz and cancelled false.
[April 24, 2026 03:14:18.116AM UTC]  PlayerPunishEvent was triggered on aqhez_ with reason SELF_DEATH and cancelled true.
[April 24, 2026 03:14:18.116AM UTC]  PlayerUntagEvent was triggered on aqhez_ with reason SELF_DEATH and expire set to true.
[April 24, 2026 03:14:18.414AM UTC]  PlayerPreTagEvent was triggered on Emilio100 by julioyutuve2 with type PLAYER, reason ATTACKER, and cancelled false.
[April 24, 2026 03:14:18.414AM UTC]  PlayerTagEvent was triggered on Emilio100 by julioyutuve2 with type PLAYER and reason ATTACKER.
[April 24, 2026 03:14:18.415AM UTC]  PlayerPreTagEvent was triggered on julioyutuve2 by Emilio100 with type PLAYER, reason ATTACKED, and cancelled false.
[April 24, 2026 03:14:18.415AM UTC]  PlayerTagEvent was triggered on julioyutuve2 by Emilio100 with type PLAYER and reason ATTACKED.
[April 24, 2026 03:14:18.415AM UTC]  EntityDamageByEntityEvent was triggered by damaged PLAYER julioyutuve2, damager PLAYER Emilio100 and cancelled false.
[April 24, 2026 03:14:21.797AM UTC]  PlayerPreTagEvent was triggered on Emilio100 by srcapiii with type PLAYER, reason ATTACKER, and cancelled false.
[April 24, 2026 03:14:21.798AM UTC]  PlayerReTagEvent was triggered on Emilio100 by srcapiii with type PLAYER and reason ATTACKER.
[April 24, 2026 03:14:21.798AM UTC]  PlayerPreTagEvent was triggered on srcapiii by Emilio100 with type PLAYER, reason ATTACKED, and cancelled false.
[April 24, 2026 03:14:21.798AM UTC]  PlayerTagEvent was triggered on srcapiii by Emilio100 with type PLAYER and reason ATTACKED.
[April 24, 2026 03:14:21.798AM UTC]  EntityDamageByEntityEvent was triggered by damaged PLAYER srcapiii, damager PLAYER Emilio100 and cancelled false.
[April 24, 2026 03:14:22.006AM UTC]  PlayerPreTagEvent was triggered on Akukis by bnx_xz with type PLAYER, reason ATTACKER, and cancelled false.
[April 24, 2026 03:14:22.007AM UTC]  PlayerReTagEvent was triggered on Akukis by bnx_xz with type PLAYER and reason ATTACKER.
[April 24, 2026 03:14:22.007AM UTC]  PlayerPreTagEvent was triggered on bnx_xz by Akukis with type PLAYER, reason ATTACKED, and cancelled false.
[April 24, 2026 03:14:22.007AM UTC]  PlayerReTagEvent was triggered on bnx_xz by Akukis with type PLAYER and reason ATTACKED.
[April 24, 2026 03:14:22.007AM UTC]  EntityDamageByEntityEvent was triggered by damaged PLAYER bnx_xz, damager PLAYER Akukis and cancelled false.
[April 24, 2026 03:14:22.568AM UTC]  PlayerPreTagEvent was triggered on Emilio100 by srcapiii with type PLAYER, reason ATTACKER, and cancelled false.
[April 24, 2026 03:14:22.569AM UTC]  PlayerReTagEvent was triggered on Emilio100 by srcapiii with type PLAYER and reason ATTACKER.
[April 24, 2026 03:14:22.569AM UTC]  PlayerPreTagEvent was triggered on srcapiii by Emilio100 with type PLAYER, reason ATTACKED, and cancelled false.
[April 24, 2026 03:14:22.569AM UTC]  PlayerReTagEvent was triggered on srcapiii by Emilio100 with type PLAYER and reason ATTACKED.
[April 24, 2026 03:14:22.569AM UTC]  EntityDamageByEntityEvent was triggered by damaged PLAYER srcapiii, damager PLAYER Emilio100 and cancelled false.
[April 24, 2026 03:14:22.604AM UTC]  PlayerPreTagEvent was triggered on Akukis by bnx_xz with type PLAYER, reason ATTACKER, and cancelled false.
[April 24, 2026 03:14:22.604AM UTC]  PlayerReTagEvent was triggered on Akukis by bnx_xz with type PLAYER and reason ATTACKER.
[April 24, 2026 03:14:22.605AM UTC]  PlayerPreTagEvent was triggered on bnx_xz by Akukis with type PLAYER, reason ATTACKED, and cancelled false.
[April 24, 2026 03:14:22.605AM UTC]  PlayerReTagEvent was triggered on bnx_xz by Akukis with type PLAYER and reason ATTACKED.
[April 24, 2026 03:14:22.605AM UTC]  EntityDamageByEntityEvent was triggered by damaged PLAYER bnx_xz, damager PLAYER Akukis and cancelled false.
[April 24, 2026 03:14:23.202AM UTC]  PlayerPreTagEvent was triggered on Akukis by bnx_xz with type PLAYER, reason ATTACKER, and cancelled false.
[April 24, 2026 03:14:23.203AM UTC]  PlayerReTagEvent was triggered on Akukis by bnx_xz with type PLAYER and reason ATTACKER.
[April 24, 2026 03:14:23.203AM UTC]  PlayerPreTagEvent was triggered on bnx_xz by Akukis with type PLAYER, reason ATTACKED, and cancelled false.
[April 24, 2026 03:14:23.204AM UTC]  PlayerReTagEvent was triggered on bnx_xz by Akukis with type PLAYER and reason ATTACKED.
[April 24, 2026 03:14:23.204AM UTC]  EntityDamageByEntityEvent was triggered by damaged PLAYER bnx_xz, damager PLAYER Akukis and cancelled false.
[April 24, 2026 03:14:23.208AM UTC]  PlayerPunishEvent was triggered on Akukis with reason ENEMY_DEATH and cancelled true.
[April 24, 2026 03:14:23.208AM UTC]  PlayerUntagEvent was triggered on Akukis with reason ENEMY_DEATH and expire set to true.
[April 24, 2026 03:14:23.208AM UTC]  PlayerPunishEvent was triggered on bnx_xz with reason SELF_DEATH and cancelled true.
[April 24, 2026 03:14:23.208AM UTC]  PlayerUntagEvent was triggered on bnx_xz with reason SELF_DEATH and expire set to true.
[April 24, 2026 03:14:31.008AM UTC]  PlayerPreTagEvent was triggered on Emilio100 by srcapiii with type PLAYER, reason ATTACKER, and cancelled false.
[April 24, 2026 03:14:31.008AM UTC]  PlayerReTagEvent was triggered on Emilio100 by srcapiii with type PLAYER and reason ATTACKER.
[April 24, 2026 03:14:31.009AM UTC]  PlayerPreTagEvent was triggered on srcapiii by Emilio100 with type PLAYER, reason ATTACKED, and cancelled false.
[April 24, 2026 03:14:31.009AM UTC]  PlayerReTagEvent was triggered on srcapiii by Emilio100 with type PLAYER and reason ATTACKED.
[April 24, 2026 03:14:31.009AM UTC]  EntityDamageByEntityEvent was triggered by damaged PLAYER srcapiii, damager PLAYER Emilio100 and cancelled false.
[April 24, 2026 03:14:31.011AM UTC]  PlayerPunishEvent was triggered on srcapiii with reason SELF_DEATH and cancelled true.
[April 24, 2026 03:14:31.011AM UTC]  PlayerUntagEvent was triggered on srcapiii with reason SELF_DEATH and expire set to true.
[April 24, 2026 03:14:38.773AM UTC]  PlayerPunishEvent was triggered on Emilio100 with reason EXPIRE and cancelled true.
[April 24, 2026 03:14:38.773AM UTC]  PlayerUntagEvent was triggered on Emilio100 with reason EXPIRE and expire set to true.
[April 24, 2026 03:14:38.773AM UTC]  PlayerPunishEvent was triggered on julioyutuve2 with reason EXPIRE and cancelled true.
[April 24, 2026 03:14:38.773AM UTC]  PlayerUntagEvent was triggered on julioyutuve2 with reason EXPIRE and expire set to true.
[April 24, 2026 03:14:48.617AM UTC]  PlayerPreTagEvent was triggered on bnx_xz by Emilio100 with type PLAYER, reason ATTACKER, and cancelled false.
[April 24, 2026 03:14:48.618AM UTC]  PlayerTagEvent was triggered on bnx_xz by Emilio100 with type PLAYER and reason ATTACKER.
[April 24, 2026 03:14:48.618AM UTC]  PlayerPreTagEvent was triggered on Emilio100 by bnx_xz with type PLAYER, reason ATTACKED, and cancelled false.
[April 24, 2026 03:14:48.618AM UTC]  PlayerTagEvent was triggered on Emilio100 by bnx_xz with type PLAYER and reason ATTACKED.
[April 24, 2026 03:14:48.619AM UTC]  EntityDamageByEntityEvent was triggered by damaged PLAYER Emilio100, damager PLAYER bnx_xz and cancelled false.
[April 24, 2026 03:14:48.898AM UTC]  PlayerPreTagEvent was triggered on Emilio100 by bnx_xz with type PLAYER, reason ATTACKER, and cancelled false.
[April 24, 2026 03:14:48.899AM UTC]  PlayerReTagEvent was triggered on Emilio100 by bnx_xz with type PLAYER and reason ATTACKER.
[April 24, 2026 03:14:48.899AM UTC]  PlayerPreTagEvent was triggered on bnx_xz by Emilio100 with type PLAYER, reason ATTACKED, and cancelled false.
[April 24, 2026 03:14:48.899AM UTC]  PlayerReTagEvent was triggered on bnx_xz by Emilio100 with type PLAYER and reason ATTACKED.
[April 24, 2026 03:14:48.899AM UTC]  EntityDamageByEntityEvent was triggered by damaged PLAYER bnx_xz, damager PLAYER Emilio100 and cancelled false.
[April 24, 2026 03:14:49.354AM UTC]  PlayerPreTagEvent was triggered on Emilio100 by bnx_xz with type PLAYER, reason ATTACKER, and cancelled false.
[April 24, 2026 03:14:49.354AM UTC]  PlayerReTagEvent was triggered on Emilio100 by bnx_xz with type PLAYER and reason ATTACKER.
[April 24, 2026 03:14:49.355AM UTC]  PlayerPreTagEvent was triggered on bnx_xz by Emilio100 with type PLAYER, reason ATTACKED, and cancelled false.
[April 24, 2026 03:14:49.355AM UTC]  PlayerReTagEvent was triggered on bnx_xz by Emilio100 with type PLAYER and reason ATTACKED.
[April 24, 2026 03:14:49.355AM UTC]  EntityDamageByEntityEvent was triggered by damaged PLAYER bnx_xz, damager PLAYER Emilio100 and cancelled false.
[April 24, 2026 03:14:50.015AM UTC]  PlayerPreTagEvent was triggered on Emilio100 by bnx_xz with type PLAYER, reason ATTACKER, and cancelled false.
[April 24, 2026 03:14:50.015AM UTC]  PlayerReTagEvent was triggered on Emilio100 by bnx_xz with type PLAYER and reason ATTACKER.
[April 24, 2026 03:14:50.016AM UTC]  PlayerPreTagEvent was triggered on bnx_xz by Emilio100 with type PLAYER, reason ATTACKED, and cancelled false.
[April 24, 2026 03:14:50.016AM UTC]  PlayerReTagEvent was triggered on bnx_xz by Emilio100 with type PLAYER and reason ATTACKED.
[April 24, 2026 03:14:50.016AM UTC]  EntityDamageByEntityEvent was triggered by damaged PLAYER bnx_xz, damager PLAYER Emilio100 and cancelled false.
[April 24, 2026 03:14:50.914AM UTC]  PlayerPreTagEvent was triggered on bnx_xz by Emilio100 with type PLAYER, reason ATTACKER, and cancelled false.
[April 24, 2026 03:14:50.915AM UTC]  PlayerReTagEvent was triggered on bnx_xz by Emilio100 with type PLAYER and reason ATTACKER.
[April 24, 2026 03:14:50.915AM UTC]  PlayerPreTagEvent was triggered on Emilio100 by bnx_xz with type PLAYER, reason ATTACKED, and cancelled false.
[April 24, 2026 03:14:50.915AM UTC]  PlayerReTagEvent was triggered on Emilio100 by bnx_xz with type PLAYER and reason ATTACKED.
[April 24, 2026 03:14:50.915AM UTC]  EntityDamageByEntityEvent was triggered by damaged PLAYER Emilio100, damager PLAYER bnx_xz and cancelled false.
[April 24, 2026 03:14:52.906AM UTC]  PlayerPreTagEvent was triggered on Emilio100 by bnx_xz with type PLAYER, reason ATTACKER, and cancelled false.
[April 24, 2026 03:14:52.906AM UTC]  PlayerReTagEvent was triggered on Emilio100 by bnx_xz with type PLAYER and reason ATTACKER.
[April 24, 2026 03:14:52.906AM UTC]  PlayerPreTagEvent was triggered on bnx_xz by Emilio100 with type PLAYER, reason ATTACKED, and cancelled false.
[April 24, 2026 03:14:52.907AM UTC]  PlayerReTagEvent was triggered on bnx_xz by Emilio100 with type PLAYER and reason ATTACKED.
[April 24, 2026 03:14:52.907AM UTC]  EntityDamageByEntityEvent was triggered by damaged PLAYER bnx_xz, damager PLAYER Emilio100 and cancelled false.
[April 24, 2026 03:14:53.096AM UTC]  PlayerPreTagEvent was triggered on Emilio100 by bnx_xz with type PLAYER, reason ATTACKER, and cancelled false.
[April 24, 2026 03:14:53.096AM UTC]  PlayerReTagEvent was triggered on Emilio100 by bnx_xz with type PLAYER and reason ATTACKER.
[April 24, 2026 03:14:53.097AM UTC]  PlayerPreTagEvent was triggered on bnx_xz by Emilio100 with type PLAYER, reason ATTACKED, and cancelled false.
[April 24, 2026 03:14:53.097AM UTC]  PlayerReTagEvent was triggered on bnx_xz by Emilio100 with type PLAYER and reason ATTACKED.
[April 24, 2026 03:14:53.097AM UTC]  EntityDamageByEntityEvent was triggered by damaged PLAYER bnx_xz, damager PLAYER Emilio100 and cancelled false.
[April 24, 2026 03:14:53.395AM UTC]  PlayerPreTagEvent was triggered on Emilio100 by bnx_xz with type PLAYER, reason ATTACKER, and cancelled false.
[April 24, 2026 03:14:53.396AM UTC]  PlayerReTagEvent was triggered on Emilio100 by bnx_xz with type PLAYER and reason ATTACKER.
[April 24, 2026 03:14:53.396AM UTC]  PlayerPreTagEvent was triggered on bnx_xz by Emilio100 with type PLAYER, reason ATTACKED, and cancelled false.
[April 24, 2026 03:14:53.396AM UTC]  PlayerReTagEvent was triggered on bnx_xz by Emilio100 with type PLAYER and reason ATTACKED.
[April 24, 2026 03:14:53.396AM UTC]  EntityDamageByEntityEvent was triggered by damaged PLAYER bnx_xz, damager PLAYER Emilio100 and cancelled false.
[April 24, 2026 03:14:53.590AM UTC]  PlayerPreTagEvent was triggered on Emilio100 by bnx_xz with type PLAYER, reason ATTACKER, and cancelled false.
[April 24, 2026 03:14:53.591AM UTC]  PlayerReTagEvent was triggered on Emilio100 by bnx_xz with type PLAYER and reason ATTACKER.
[April 24, 2026 03:14:53.591AM UTC]  PlayerPreTagEvent was triggered on bnx_xz by Emilio100 with type PLAYER, reason ATTACKED, and cancelled false.
[April 24, 2026 03:14:53.591AM UTC]  PlayerReTagEvent was triggered on bnx_xz by Emilio100 with type PLAYER and reason ATTACKED.
[April 24, 2026 03:14:53.591AM UTC]  EntityDamageByEntityEvent was triggered by damaged PLAYER bnx_xz, damager PLAYER Emilio100 and cancelled false.
[April 24, 2026 03:14:53.600AM UTC]  PlayerPreTagEvent was triggered on aqhez_ by bnx_xz with type PLAYER, reason ATTACKER, and cancelled false.
[April 24, 2026 03:14:53.600AM UTC]  PlayerTagEvent was triggered on aqhez_ by bnx_xz with type PLAYER and reason ATTACKER.
[April 24, 2026 03:14:53.600AM UTC]  PlayerPreTagEvent was triggered on bnx_xz by aqhez_ with type PLAYER, reason ATTACKED, and cancelled false.
[April 24, 2026 03:14:53.601AM UTC]  PlayerReTagEvent was triggered on bnx_xz by aqhez_ with type PLAYER and reason ATTACKED.
[April 24, 2026 03:14:53.601AM UTC]  EntityDamageByEntityEvent was triggered by damaged PLAYER bnx_xz, damager PLAYER aqhez_ and cancelled false.
[April 24, 2026 03:14:53.712AM UTC]  PlayerPreTagEvent was triggered on bnx_xz by Emilio100 with type PLAYER, reason ATTACKER, and cancelled false.
[April 24, 2026 03:14:53.712AM UTC]  PlayerReTagEvent was triggered on bnx_xz by Emilio100 with type PLAYER and reason ATTACKER.
[April 24, 2026 03:14:53.712AM UTC]  PlayerPreTagEvent was triggered on Emilio100 by bnx_xz with type PLAYER, reason ATTACKED, and cancelled false.
[April 24, 2026 03:14:53.712AM UTC]  PlayerReTagEvent was triggered on Emilio100 by bnx_xz with type PLAYER and reason ATTACKED.
[April 24, 2026 03:14:53.713AM UTC]  EntityDamageByEntityEvent was triggered by damaged PLAYER Emilio100, damager PLAYER bnx_xz and cancelled false.
[April 24, 2026 03:14:54.212AM UTC]  PlayerPreTagEvent was triggered on bnx_xz by Emilio100 with type PLAYER, reason ATTACKER, and cancelled false.
[April 24, 2026 03:14:54.213AM UTC]  PlayerReTagEvent was triggered on bnx_xz by Emilio100 with type PLAYER and reason ATTACKER.
[April 24, 2026 03:14:54.213AM UTC]  PlayerPreTagEvent was triggered on Emilio100 by bnx_xz with type PLAYER, reason ATTACKED, and cancelled false.
[April 24, 2026 03:14:54.213AM UTC]  PlayerReTagEvent was triggered on Emilio100 by bnx_xz with type PLAYER and reason ATTACKED.
[April 24, 2026 03:14:54.213AM UTC]  EntityDamageByEntityEvent was triggered by damaged PLAYER Emilio100, damager PLAYER bnx_xz and cancelled false.
[April 24, 2026 03:14:54.320AM UTC]  PlayerPreTagEvent was triggered on Emilio100 by aqhez_ with type PLAYER, reason ATTACKER, and cancelled false.
[April 24, 2026 03:14:54.321AM UTC]  PlayerReTagEvent was triggered on Emilio100 by aqhez_ with type PLAYER and reason ATTACKER.
[April 24, 2026 03:14:54.321AM UTC]  PlayerPreTagEvent was triggered on aqhez_ by Emilio100 with type PLAYER, reason ATTACKED, and cancelled false.
[April 24, 2026 03:14:54.321AM UTC]  PlayerReTagEvent was triggered on aqhez_ by Emilio100 with type PLAYER and reason ATTACKED.
[April 24, 2026 03:14:54.321AM UTC]  EntityDamageByEntityEvent was triggered by damaged PLAYER aqhez_, damager PLAYER Emilio100 and cancelled false.
[April 24, 2026 03:14:55.210AM UTC]  PlayerPreTagEvent was triggered on bnx_xz by Emilio100 with type PLAYER, reason ATTACKER, and cancelled false.
[April 24, 2026 03:14:55.210AM UTC]  PlayerReTagEvent was triggered on bnx_xz by Emilio100 with type PLAYER and reason ATTACKER.
[April 24, 2026 03:14:55.210AM UTC]  PlayerPreTagEvent was triggered on Emilio100 by bnx_xz with type PLAYER, reason ATTACKED, and cancelled false.
[April 24, 2026 03:14:55.211AM UTC]  PlayerReTagEvent was triggered on Emilio100 by bnx_xz with type PLAYER and reason ATTACKED.
[April 24, 2026 03:14:55.211AM UTC]  EntityDamageByEntityEvent was triggered by damaged PLAYER Emilio100, damager PLAYER bnx_xz and cancelled false.
[April 24, 2026 03:14:55.421AM UTC]  PlayerPreTagEvent was triggered on Emilio100 by aqhez_ with type PLAYER, reason ATTACKER, and cancelled false.
[April 24, 2026 03:14:55.421AM UTC]  PlayerReTagEvent was triggered on Emilio100 by aqhez_ with type PLAYER and reason ATTACKER.
[April 24, 2026 03:14:55.422AM UTC]  PlayerPreTagEvent was triggered on aqhez_ by Emilio100 with type PLAYER, reason ATTACKED, and cancelled false.
[April 24, 2026 03:14:55.422AM UTC]  PlayerReTagEvent was triggered on aqhez_ by Emilio100 with type PLAYER and reason ATTACKED.
[April 24, 2026 03:14:55.422AM UTC]  EntityDamageByEntityEvent was triggered by damaged PLAYER aqhez_, damager PLAYER Emilio100 and cancelled false.
[April 24, 2026 03:14:57.802AM UTC]  PlayerPreTagEvent was triggered on Akukis by julioyutuve2 with type PLAYER, reason ATTACKER, and cancelled false.
[April 24, 2026 03:14:57.802AM UTC]  PlayerTagEvent was triggered on Akukis by julioyutuve2 with type PLAYER and reason ATTACKER.
[April 24, 2026 03:14:57.803AM UTC]  PlayerPreTagEvent was triggered on julioyutuve2 by Akukis with type PLAYER, reason ATTACKED, and cancelled false.
[April 24, 2026 03:14:57.803AM UTC]  PlayerTagEvent was triggered on julioyutuve2 by Akukis with type PLAYER and reason ATTACKED.
[April 24, 2026 03:14:57.803AM UTC]  EntityDamageByEntityEvent was triggered by damaged PLAYER julioyutuve2, damager PLAYER Akukis and cancelled false.
[April 24, 2026 03:14:59.108AM UTC]  PlayerPreTagEvent was triggered on Emilio100 by bnx_xz with type PLAYER, reason ATTACKER, and cancelled false.
[April 24, 2026 03:14:59.109AM UTC]  PlayerReTagEvent was triggered on Emilio100 by bnx_xz with type PLAYER and reason ATTACKER.
[April 24, 2026 03:14:59.109AM UTC]  PlayerPreTagEvent was triggered on bnx_xz by Emilio100 with type PLAYER, reason ATTACKED, and cancelled false.
[April 24, 2026 03:14:59.109AM UTC]  PlayerReTagEvent was triggered on bnx_xz by Emilio100 with type PLAYER and reason ATTACKED.
[April 24, 2026 03:14:59.109AM UTC]  EntityDamageByEntityEvent was triggered by damaged PLAYER bnx_xz, damager PLAYER Emilio100 and cancelled false.
[April 24, 2026 03:14:59.622AM UTC]  PlayerPreTagEvent was triggered on bnx_xz by Emilio100 with type PLAYER, reason ATTACKER, and cancelled false.
[April 24, 2026 03:14:59.622AM UTC]  PlayerReTagEvent was triggered on bnx_xz by Emilio100 with type PLAYER and reason ATTACKER.
[April 24, 2026 03:14:59.622AM UTC]  PlayerPreTagEvent was triggered on Emilio100 by bnx_xz with type PLAYER, reason ATTACKED, and cancelled false.
[April 24, 2026 03:14:59.622AM UTC]  PlayerReTagEvent was triggered on Emilio100 by bnx_xz with type PLAYER and reason ATTACKED.
[April 24, 2026 03:14:59.623AM UTC]  EntityDamageByEntityEvent was triggered by damaged PLAYER Emilio100, damager PLAYER bnx_xz and cancelled false.
[April 24, 2026 03:15:01.656AM UTC]  PlayerPreTagEvent was triggered on Emilio100 by bnx_xz with type PLAYER, reason ATTACKER, and cancelled false.
[April 24, 2026 03:15:01.656AM UTC]  PlayerReTagEvent was triggered on Emilio100 by bnx_xz with type PLAYER and reason ATTACKER.
[April 24, 2026 03:15:01.656AM UTC]  PlayerPreTagEvent was triggered on bnx_xz by Emilio100 with type PLAYER, reason ATTACKED, and cancelled false.
[April 24, 2026 03:15:01.656AM UTC]  PlayerReTagEvent was triggered on bnx_xz by Emilio100 with type PLAYER and reason ATTACKED.
[April 24, 2026 03:15:01.656AM UTC]  EntityDamageByEntityEvent was triggered by damaged PLAYER bnx_xz, damager PLAYER Emilio100 and cancelled false.
[April 24, 2026 03:15:01.904AM UTC]  PlayerPreTagEvent was triggered on Emilio100 by bnx_xz with type PLAYER, reason ATTACKER, and cancelled false.
[April 24, 2026 03:15:01.904AM UTC]  PlayerReTagEvent was triggered on Emilio100 by bnx_xz with type PLAYER and reason ATTACKER.
[April 24, 2026 03:15:01.904AM UTC]  PlayerPreTagEvent was triggered on bnx_xz by Emilio100 with type PLAYER, reason ATTACKED, and cancelled false.
[April 24, 2026 03:15:01.905AM UTC]  PlayerReTagEvent was triggered on bnx_xz by Emilio100 with type PLAYER and reason ATTACKED.
[April 24, 2026 03:15:01.905AM UTC]  EntityDamageByEntityEvent was triggered by damaged PLAYER bnx_xz, damager PLAYER Emilio100 and cancelled false.
[April 24, 2026 03:15:02.322AM UTC]  PlayerPreTagEvent was triggered on bnx_xz by Emilio100 with type PLAYER, reason ATTACKER, and cancelled false.
[April 24, 2026 03:15:02.322AM UTC]  PlayerReTagEvent was triggered on bnx_xz by Emilio100 with type PLAYER and reason ATTACKER.
[April 24, 2026 03:15:02.322AM UTC]  PlayerPreTagEvent was triggered on Emilio100 by bnx_xz with type PLAYER, reason ATTACKED, and cancelled false.
[April 24, 2026 03:15:02.322AM UTC]  PlayerReTagEvent was triggered on Emilio100 by bnx_xz with type PLAYER and reason ATTACKED.
[April 24, 2026 03:15:02.322AM UTC]  EntityDamageByEntityEvent was triggered by damaged PLAYER Emilio100, damager PLAYER bnx_xz and cancelled false.
[April 24, 2026 03:15:02.717AM UTC]  PlayerPreTagEvent was triggered on Emilio100 by bnx_xz with type PLAYER, reason ATTACKER, and cancelled false.
[April 24, 2026 03:15:02.717AM UTC]  PlayerReTagEvent was triggered on Emilio100 by bnx_xz with type PLAYER and reason ATTACKER.
[April 24, 2026 03:15:02.717AM UTC]  PlayerPreTagEvent was triggered on bnx_xz by Emilio100 with type PLAYER, reason ATTACKED, and cancelled false.
[April 24, 2026 03:15:02.718AM UTC]  PlayerReTagEvent was triggered on bnx_xz by Emilio100 with type PLAYER and reason ATTACKED.
[April 24, 2026 03:15:02.718AM UTC]  EntityDamageByEntityEvent was triggered by damaged PLAYER bnx_xz, damager PLAYER Emilio100 and cancelled false.
[April 24, 2026 03:15:03.140AM UTC]  PlayerPreTagEvent was triggered on Emilio100 by bnx_xz with type PLAYER, reason ATTACKER, and cancelled false.
[April 24, 2026 03:15:03.140AM UTC]  PlayerReTagEvent was triggered on Emilio100 by bnx_xz with type PLAYER and reason ATTACKER.
[April 24, 2026 03:15:03.140AM UTC]  PlayerPreTagEvent was triggered on bnx_xz by Emilio100 with type PLAYER, reason ATTACKED, and cancelled false.
[April 24, 2026 03:15:03.140AM UTC]  PlayerReTagEvent was triggered on bnx_xz by Emilio100 with type PLAYER and reason ATTACKED.
[April 24, 2026 03:15:03.141AM UTC]  EntityDamageByEntityEvent was triggered by damaged PLAYER bnx_xz, damager PLAYER Emilio100 and cancelled false.
[April 24, 2026 03:15:13.046AM UTC]  PlayerPreTagEvent was triggered on aqhez_ by Emilio100 with type PLAYER, reason ATTACKER, and cancelled false.
[April 24, 2026 03:15:13.046AM UTC]  PlayerReTagEvent was triggered on aqhez_ by Emilio100 with type PLAYER and reason ATTACKER.
[April 24, 2026 03:15:13.046AM UTC]  PlayerPreTagEvent was triggered on Emilio100 by aqhez_ with type PLAYER, reason ATTACKED, and cancelled false.
[April 24, 2026 03:15:13.047AM UTC]  PlayerReTagEvent was triggered on Emilio100 by aqhez_ with type PLAYER and reason ATTACKED.
[April 24, 2026 03:15:13.047AM UTC]  EntityDamageByEntityEvent was triggered by damaged PLAYER Emilio100, damager PLAYER aqhez_ and cancelled false.
[April 24, 2026 03:15:14.402AM UTC]  PlayerPreTagEvent was triggered on Emilio100 by bnx_xz with type PLAYER, reason ATTACKER, and cancelled false.
[April 24, 2026 03:15:14.403AM UTC]  PlayerReTagEvent was triggered on Emilio100 by bnx_xz with type PLAYER and reason ATTACKER.
[April 24, 2026 03:15:14.403AM UTC]  PlayerPreTagEvent was triggered on bnx_xz by Emilio100 with type PLAYER, reason ATTACKED, and cancelled false.
[April 24, 2026 03:15:14.403AM UTC]  PlayerReTagEvent was triggered on bnx_xz by Emilio100 with type PLAYER and reason ATTACKED.
[April 24, 2026 03:15:14.403AM UTC]  EntityDamageByEntityEvent was triggered by damaged PLAYER bnx_xz, damager PLAYER Emilio100 and cancelled false.
[April 24, 2026 03:15:14.406AM UTC]  PlayerPunishEvent was triggered on bnx_xz with reason SELF_DEATH and cancelled true.
[April 24, 2026 03:15:14.406AM UTC]  PlayerUntagEvent was triggered on bnx_xz with reason SELF_DEATH and expire set to true.
[April 24, 2026 03:15:18.273AM UTC]  PlayerPunishEvent was triggered on Akukis with reason EXPIRE and cancelled true.
[April 24, 2026 03:15:18.273AM UTC]  PlayerUntagEvent was triggered on Akukis with reason EXPIRE and expire set to true.
[April 24, 2026 03:15:18.273AM UTC]  PlayerPunishEvent was triggered on julioyutuve2 with reason EXPIRE and cancelled true.
[April 24, 2026 03:15:18.273AM UTC]  PlayerUntagEvent was triggered on julioyutuve2 with reason EXPIRE and expire set to true.
[April 24, 2026 03:15:19.641AM UTC]  EntityDamageByEntityEvent was triggered by damaged SHEEP Sheep, damager PLAYER Algorth and cancelled false.
[April 24, 2026 03:15:22.066AM UTC]  PlayerPreTagEvent was triggered on aqhez_ by Emilio100 with type PLAYER, reason ATTACKER, and cancelled false.
[April 24, 2026 03:15:22.066AM UTC]  PlayerReTagEvent was triggered on aqhez_ by Emilio100 with type PLAYER and reason ATTACKER.
[April 24, 2026 03:15:22.066AM UTC]  PlayerPreTagEvent was triggered on Emilio100 by aqhez_ with type PLAYER, reason ATTACKED, and cancelled false.
[April 24, 2026 03:15:22.066AM UTC]  PlayerReTagEvent was triggered on Emilio100 by aqhez_ with type PLAYER and reason ATTACKED.
[April 24, 2026 03:15:22.066AM UTC]  EntityDamageByEntityEvent was triggered by damaged PLAYER Emilio100, damager PLAYER aqhez_ and cancelled false.
[April 24, 2026 03:15:28.669AM UTC]  EntityDamageByEntityEvent was triggered by damaged SHEEP Sheep, damager PLAYER Algorth and cancelled false.
[April 24, 2026 03:15:31.092AM UTC]  EntityDamageByEntityEvent was triggered by damaged SHEEP Sheep, damager PLAYER Algorth and cancelled false.
[April 24, 2026 03:15:33.190AM UTC]  EntityDamageByEntityEvent was triggered by damaged SHEEP Sheep, damager PLAYER Algorth and cancelled false.
[April 24, 2026 03:15:35.891AM UTC]  EntityDamageByEntityEvent was triggered by damaged SHEEP Sheep, damager PLAYER Algorth and cancelled false.
[April 24, 2026 03:15:37.689AM UTC]  PlayerPreTagEvent was triggered on aqhez_ by Emilio100 with type PLAYER, reason ATTACKER, and cancelled false.
[April 24, 2026 03:15:37.689AM UTC]  PlayerReTagEvent was triggered on aqhez_ by Emilio100 with type PLAYER and reason ATTACKER.
[April 24, 2026 03:15:37.690AM UTC]  PlayerPreTagEvent was triggered on Emilio100 by aqhez_ with type PLAYER, reason ATTACKED, and cancelled false.
[April 24, 2026 03:15:37.690AM UTC]  PlayerReTagEvent was triggered on Emilio100 by aqhez_ with type PLAYER and reason ATTACKED.
[April 24, 2026 03:15:37.690AM UTC]  EntityDamageByEntityEvent was triggered by damaged PLAYER Emilio100, damager PLAYER aqhez_ and cancelled false.
[April 24, 2026 03:15:41.344AM UTC]  PlayerPreTagEvent was triggered on srcapiii by bnx_xz with type PLAYER, reason ATTACKER, and cancelled false.
[April 24, 2026 03:15:41.345AM UTC]  PlayerTagEvent was triggered on srcapiii by bnx_xz with type PLAYER and reason ATTACKER.
[April 24, 2026 03:15:41.346AM UTC]  PlayerPreTagEvent was triggered on bnx_xz by srcapiii with type PLAYER, reason ATTACKED, and cancelled false.
[April 24, 2026 03:15:41.346AM UTC]  PlayerTagEvent was triggered on bnx_xz by srcapiii with type PLAYER and reason ATTACKED.
[April 24, 2026 03:15:41.346AM UTC]  EntityDamageByEntityEvent was triggered by damaged PLAYER bnx_xz, damager PLAYER srcapiii and cancelled false.
[April 24, 2026 03:15:48.012AM UTC]  PlayerPreTagEvent was triggered on julioyutuve2 by Emilio100 with type PLAYER, reason ATTACKER, and cancelled false.
[April 24, 2026 03:15:48.013AM UTC]  PlayerTagEvent was triggered on julioyutuve2 by Emilio100 with type PLAYER and reason ATTACKER.
[April 24, 2026 03:15:48.013AM UTC]  PlayerPreTagEvent was triggered on Emilio100 by julioyutuve2 with type PLAYER, reason ATTACKED, and cancelled false.
[April 24, 2026 03:15:48.013AM UTC]  PlayerReTagEvent was triggered on Emilio100 by julioyutuve2 with type PLAYER and reason ATTACKED.
[April 24, 2026 03:15:48.013AM UTC]  EntityDamageByEntityEvent was triggered by damaged PLAYER Emilio100, damager PLAYER julioyutuve2 and cancelled false.
[April 24, 2026 03:15:48.639AM UTC]  PlayerPreTagEvent was triggered on julioyutuve2 by Emilio100 with type PLAYER, reason ATTACKER, and cancelled false.
[April 24, 2026 03:15:48.640AM UTC]  PlayerReTagEvent was triggered on julioyutuve2 by Emilio100 with type PLAYER and reason ATTACKER.
[April 24, 2026 03:15:48.640AM UTC]  PlayerPreTagEvent was triggered on Emilio100 by julioyutuve2 with type PLAYER, reason ATTACKED, and cancelled false.
[April 24, 2026 03:15:48.640AM UTC]  PlayerReTagEvent was triggered on Emilio100 by julioyutuve2 with type PLAYER and reason ATTACKED.
[April 24, 2026 03:15:48.640AM UTC]  EntityDamageByEntityEvent was triggered by damaged PLAYER Emilio100, damager PLAYER julioyutuve2 and cancelled false.
[April 24, 2026 03:15:57.773AM UTC]  PlayerPunishEvent was triggered on aqhez_ with reason EXPIRE and cancelled true.
[April 24, 2026 03:15:57.773AM UTC]  PlayerUntagEvent was triggered on aqhez_ with reason EXPIRE and expire set to true.
[April 24, 2026 03:15:58.516AM UTC]  PlayerPreTagEvent was triggered on julioyutuve2 by Emilio100 with type PLAYER, reason ATTACKER, and cancelled false.
[April 24, 2026 03:15:58.516AM UTC]  PlayerReTagEvent was triggered on julioyutuve2 by Emilio100 with type PLAYER and reason ATTACKER.
[April 24, 2026 03:15:58.516AM UTC]  PlayerPreTagEvent was triggered on Emilio100 by julioyutuve2 with type PLAYER, reason ATTACKED, and cancelled false.
[April 24, 2026 03:15:58.517AM UTC]  PlayerReTagEvent was triggered on Emilio100 by julioyutuve2 with type PLAYER and reason ATTACKED.
[April 24, 2026 03:15:58.517AM UTC]  EntityDamageByEntityEvent was triggered by damaged PLAYER Emilio100, damager PLAYER julioyutuve2 and cancelled false.
[April 24, 2026 03:16:00.241AM UTC]  PlayerPreTagEvent was triggered on julioyutuve2 by Emilio100 with type PLAYER, reason ATTACKER, and cancelled false.
[April 24, 2026 03:16:00.241AM UTC]  PlayerReTagEvent was triggered on julioyutuve2 by Emilio100 with type PLAYER and reason ATTACKER.
[April 24, 2026 03:16:00.241AM UTC]  PlayerPreTagEvent was triggered on Emilio100 by julioyutuve2 with type PLAYER, reason ATTACKED, and cancelled false.
[April 24, 2026 03:16:00.241AM UTC]  PlayerReTagEvent was triggered on Emilio100 by julioyutuve2 with type PLAYER and reason ATTACKED.
[April 24, 2026 03:16:00.241AM UTC]  EntityDamageByEntityEvent was triggered by damaged PLAYER Emilio100, damager PLAYER julioyutuve2 and cancelled false.
[April 24, 2026 03:16:01.773AM UTC]  PlayerPunishEvent was triggered on srcapiii with reason EXPIRE and cancelled true.
[April 24, 2026 03:16:01.773AM UTC]  PlayerUntagEvent was triggered on srcapiii with reason EXPIRE and expire set to true.
[April 24, 2026 03:16:01.774AM UTC]  PlayerPunishEvent was triggered on bnx_xz with reason EXPIRE and cancelled true.
[April 24, 2026 03:16:01.774AM UTC]  PlayerUntagEvent was triggered on bnx_xz with reason EXPIRE and expire set to true.
[April 24, 2026 03:16:02.106AM UTC]  PlayerPreTagEvent was triggered on Emilio100 by aqhez_ with type PLAYER, reason ATTACKER, and cancelled false.
[April 24, 2026 03:16:02.107AM UTC]  PlayerReTagEvent was triggered on Emilio100 by aqhez_ with type PLAYER and reason ATTACKER.
[April 24, 2026 03:16:02.107AM UTC]  PlayerPreTagEvent was triggered on aqhez_ by Emilio100 with type PLAYER, reason ATTACKED, and cancelled false.
[April 24, 2026 03:16:02.108AM UTC]  PlayerTagEvent was triggered on aqhez_ by Emilio100 with type PLAYER and reason ATTACKED.
[April 24, 2026 03:16:02.109AM UTC]  EntityDamageByEntityEvent was triggered by damaged PLAYER aqhez_, damager PLAYER Emilio100 and cancelled false.
[April 24, 2026 03:16:03.061AM UTC]  PlayerPreTagEvent was triggered on Emilio100 by aqhez_ with type PLAYER, reason ATTACKER, and cancelled false.
[April 24, 2026 03:16:03.062AM UTC]  PlayerReTagEvent was triggered on Emilio100 by aqhez_ with type PLAYER and reason ATTACKER.
[April 24, 2026 03:16:03.063AM UTC]  PlayerPreTagEvent was triggered on aqhez_ by Emilio100 with type PLAYER, reason ATTACKED, and cancelled false.
[April 24, 2026 03:16:03.063AM UTC]  PlayerReTagEvent was triggered on aqhez_ by Emilio100 with type PLAYER and reason ATTACKED.
[April 24, 2026 03:16:03.063AM UTC]  EntityDamageByEntityEvent was triggered by damaged PLAYER aqhez_, damager PLAYER Emilio100 and cancelled false.
[April 24, 2026 03:16:04.404AM UTC]  PlayerPreTagEvent was triggered on Emilio100 by aqhez_ with type PLAYER, reason ATTACKER, and cancelled false.
[April 24, 2026 03:16:04.404AM UTC]  PlayerReTagEvent was triggered on Emilio100 by aqhez_ with type PLAYER and reason ATTACKER.
[April 24, 2026 03:16:04.404AM UTC]  PlayerPreTagEvent was triggered on aqhez_ by Emilio100 with type PLAYER, reason ATTACKED, and cancelled false.
[April 24, 2026 03:16:04.404AM UTC]  PlayerReTagEvent was triggered on aqhez_ by Emilio100 with type PLAYER and reason ATTACKED.
[April 24, 2026 03:16:04.404AM UTC]  EntityDamageByEntityEvent was triggered by damaged PLAYER aqhez_, damager PLAYER Emilio100 and cancelled false.
[April 24, 2026 03:16:04.527AM UTC]  PlayerPreTagEvent was triggered on aqhez_ by Emilio100 with type PLAYER, reason ATTACKER, and cancelled false.
[April 24, 2026 03:16:04.527AM UTC]  PlayerReTagEvent was triggered on aqhez_ by Emilio100 with type PLAYER and reason ATTACKER.
[April 24, 2026 03:16:04.527AM UTC]  PlayerPreTagEvent was triggered on Emilio100 by aqhez_ with type PLAYER, reason ATTACKED, and cancelled false.
[April 24, 2026 03:16:04.527AM UTC]  PlayerReTagEvent was triggered on Emilio100 by aqhez_ with type PLAYER and reason ATTACKED.
[April 24, 2026 03:16:04.527AM UTC]  EntityDamageByEntityEvent was triggered by damaged PLAYER Emilio100, damager PLAYER aqhez_ and cancelled false.
[April 24, 2026 03:16:05.503AM UTC]  PlayerPreTagEvent was triggered on aqhez_ by Emilio100 with type PLAYER, reason ATTACKER, and cancelled false.
[April 24, 2026 03:16:05.503AM UTC]  PlayerReTagEvent was triggered on aqhez_ by Emilio100 with type PLAYER and reason ATTACKER.
[April 24, 2026 03:16:05.503AM UTC]  PlayerPreTagEvent was triggered on Emilio100 by aqhez_ with type PLAYER, reason ATTACKED, and cancelled false.
[April 24, 2026 03:16:05.503AM UTC]  PlayerReTagEvent was triggered on Emilio100 by aqhez_ with type PLAYER and reason ATTACKED.
[April 24, 2026 03:16:05.503AM UTC]  EntityDamageByEntityEvent was triggered by damaged PLAYER Emilio100, damager PLAYER aqhez_ and cancelled false.
[April 24, 2026 03:16:05.504AM UTC]  PlayerPreTagEvent was triggered on Emilio100 by aqhez_ with type PLAYER, reason ATTACKER, and cancelled false.
[April 24, 2026 03:16:05.504AM UTC]  PlayerReTagEvent was triggered on Emilio100 by aqhez_ with type PLAYER and reason ATTACKER.
[April 24, 2026 03:16:05.505AM UTC]  PlayerPreTagEvent was triggered on aqhez_ by Emilio100 with type PLAYER, reason ATTACKED, and cancelled false.
[April 24, 2026 03:16:05.505AM UTC]  PlayerReTagEvent was triggered on aqhez_ by Emilio100 with type PLAYER and reason ATTACKED.
[April 24, 2026 03:16:05.505AM UTC]  EntityDamageByEntityEvent was triggered by damaged PLAYER aqhez_, damager PLAYER Emilio100 and cancelled false.
[April 24, 2026 03:16:05.509AM UTC]  PlayerPunishEvent was triggered on aqhez_ with reason SELF_DEATH and cancelled true.
[April 24, 2026 03:16:05.509AM UTC]  PlayerUntagEvent was triggered on aqhez_ with reason SELF_DEATH and expire set to true.
[April 24, 2026 03:16:06.843AM UTC]  PlayerPreTagEvent was triggered on bnx_xz by Emilio100 with type PLAYER, reason ATTACKER, and cancelled false.
[April 24, 2026 03:16:06.844AM UTC]  PlayerTagEvent was triggered on bnx_xz by Emilio100 with type PLAYER and reason ATTACKER.
[April 24, 2026 03:16:06.844AM UTC]  PlayerPreTagEvent was triggered on Emilio100 by bnx_xz with type PLAYER, reason ATTACKED, and cancelled false.
[April 24, 2026 03:16:06.845AM UTC]  PlayerReTagEvent was triggered on Emilio100 by bnx_xz with type PLAYER and reason ATTACKED.
[April 24, 2026 03:16:06.845AM UTC]  EntityDamageByEntityEvent was triggered by damaged PLAYER Emilio100, damager PLAYER bnx_xz and cancelled false.
[April 24, 2026 03:16:06.906AM UTC]  PlayerPreTagEvent was triggered on Emilio100 by bnx_xz with type PLAYER, reason ATTACKER, and cancelled false.
[April 24, 2026 03:16:06.906AM UTC]  PlayerReTagEvent was triggered on Emilio100 by bnx_xz with type PLAYER and reason ATTACKER.
[April 24, 2026 03:16:06.906AM UTC]  PlayerPreTagEvent was triggered on bnx_xz by Emilio100 with type PLAYER, reason ATTACKED, and cancelled false.
[April 24, 2026 03:16:06.906AM UTC]  PlayerReTagEvent was triggered on bnx_xz by Emilio100 with type PLAYER and reason ATTACKED.
[April 24, 2026 03:16:06.907AM UTC]  EntityDamageByEntityEvent was triggered by damaged PLAYER bnx_xz, damager PLAYER Emilio100 and cancelled false.
[April 24, 2026 03:16:07.447AM UTC]  PlayerPreTagEvent was triggered on Emilio100 by bnx_xz with type PLAYER, reason ATTACKER, and cancelled false.
[April 24, 2026 03:16:07.447AM UTC]  PlayerReTagEvent was triggered on Emilio100 by bnx_xz with type PLAYER and reason ATTACKER.
[April 24, 2026 03:16:07.448AM UTC]  PlayerPreTagEvent was triggered on bnx_xz by Emilio100 with type PLAYER, reason ATTACKED, and cancelled false.
[April 24, 2026 03:16:07.448AM UTC]  PlayerReTagEvent was triggered on bnx_xz by Emilio100 with type PLAYER and reason ATTACKED.
[April 24, 2026 03:16:07.448AM UTC]  EntityDamageByEntityEvent was triggered by damaged PLAYER bnx_xz, damager PLAYER Emilio100 and cancelled false.
[April 24, 2026 03:16:08.103AM UTC]  PlayerPreTagEvent was triggered on Emilio100 by bnx_xz with type PLAYER, reason ATTACKER, and cancelled false.
[April 24, 2026 03:16:08.103AM UTC]  PlayerReTagEvent was triggered on Emilio100 by bnx_xz with type PLAYER and reason ATTACKER.
[April 24, 2026 03:16:08.104AM UTC]  PlayerPreTagEvent was triggered on bnx_xz by Emilio100 with type PLAYER, reason ATTACKED, and cancelled false.
[April 24, 2026 03:16:08.104AM UTC]  PlayerReTagEvent was triggered on bnx_xz by Emilio100 with type PLAYER and reason ATTACKED.
[April 24, 2026 03:16:08.104AM UTC]  EntityDamageByEntityEvent was triggered by damaged PLAYER bnx_xz, damager PLAYER Emilio100 and cancelled false.
[April 24, 2026 03:16:08.258AM UTC]  PlayerPreTagEvent was triggered on Emilio100 by bnx_xz with type PLAYER, reason ATTACKER, and cancelled false.
[April 24, 2026 03:16:08.258AM UTC]  PlayerReTagEvent was triggered on Emilio100 by bnx_xz with type PLAYER and reason ATTACKER.
[April 24, 2026 03:16:08.258AM UTC]  PlayerPreTagEvent was triggered on bnx_xz by Emilio100 with type PLAYER, reason ATTACKED, and cancelled false.
[April 24, 2026 03:16:08.258AM UTC]  PlayerReTagEvent was triggered on bnx_xz by Emilio100 with type PLAYER and reason ATTACKED.
[April 24, 2026 03:16:08.258AM UTC]  EntityDamageByEntityEvent was triggered by damaged PLAYER bnx_xz, damager PLAYER Emilio100 and cancelled false.
[April 24, 2026 03:16:11.245AM UTC]  PlayerPreTagEvent was triggered on julioyutuve2 by Emilio100 with type PLAYER, reason ATTACKER, and cancelled false.
[April 24, 2026 03:16:11.245AM UTC]  PlayerReTagEvent was triggered on julioyutuve2 by Emilio100 with type PLAYER and reason ATTACKER.
[April 24, 2026 03:16:11.245AM UTC]  PlayerPreTagEvent was triggered on Emilio100 by julioyutuve2 with type PLAYER, reason ATTACKED, and cancelled false.
[April 24, 2026 03:16:11.246AM UTC]  PlayerReTagEvent was triggered on Emilio100 by julioyutuve2 with type PLAYER and reason ATTACKED.
[April 24, 2026 03:16:11.246AM UTC]  EntityDamageByEntityEvent was triggered by damaged PLAYER Emilio100, damager PLAYER julioyutuve2 and cancelled false.
[April 24, 2026 03:16:11.520AM UTC]  PlayerPreTagEvent was triggered on bnx_xz by Emilio100 with type PLAYER, reason ATTACKER, and cancelled false.
[April 24, 2026 03:16:11.520AM UTC]  PlayerReTagEvent was triggered on bnx_xz by Emilio100 with type PLAYER and reason ATTACKER.
[April 24, 2026 03:16:11.521AM UTC]  PlayerPreTagEvent was triggered on Emilio100 by bnx_xz with type PLAYER, reason ATTACKED, and cancelled false.
[April 24, 2026 03:16:11.521AM UTC]  PlayerReTagEvent was triggered on Emilio100 by bnx_xz with type PLAYER and reason ATTACKED.
[April 24, 2026 03:16:11.521AM UTC]  EntityDamageByEntityEvent was triggered by damaged PLAYER Emilio100, damager PLAYER bnx_xz and cancelled false.
[April 24, 2026 03:16:12.246AM UTC]  PlayerPreTagEvent was triggered on julioyutuve2 by Emilio100 with type PLAYER, reason ATTACKER, and cancelled false.
[April 24, 2026 03:16:12.247AM UTC]  PlayerReTagEvent was triggered on julioyutuve2 by Emilio100 with type PLAYER and reason ATTACKER.
[April 24, 2026 03:16:12.247AM UTC]  PlayerPreTagEvent was triggered on Emilio100 by julioyutuve2 with type PLAYER, reason ATTACKED, and cancelled false.
[April 24, 2026 03:16:12.247AM UTC]  PlayerReTagEvent was triggered on Emilio100 by julioyutuve2 with type PLAYER and reason ATTACKED.
[April 24, 2026 03:16:12.247AM UTC]  EntityDamageByEntityEvent was triggered by damaged PLAYER Emilio100, damager PLAYER julioyutuve2 and cancelled false.
[April 24, 2026 03:16:12.251AM UTC]  PlayerPunishEvent was triggered on julioyutuve2 with reason ENEMY_DEATH and cancelled true.
[April 24, 2026 03:16:12.251AM UTC]  PlayerUntagEvent was triggered on julioyutuve2 with reason ENEMY_DEATH and expire set to true.
[April 24, 2026 03:16:12.251AM UTC]  PlayerPunishEvent was triggered on bnx_xz with reason ENEMY_DEATH and cancelled true.
[April 24, 2026 03:16:12.252AM UTC]  PlayerUntagEvent was triggered on bnx_xz with reason ENEMY_DEATH and expire set to true.
[April 24, 2026 03:16:12.252AM UTC]  PlayerPunishEvent was triggered on Emilio100 with reason SELF_DEATH and cancelled true.
[April 24, 2026 03:16:12.252AM UTC]  PlayerUntagEvent was triggered on Emilio100 with reason SELF_DEATH and expire set to true.
[April 24, 2026 03:16:13.542AM UTC]  PlayerPreTagEvent was triggered on julioyutuve2 by bnx_xz with type PLAYER, reason ATTACKER, and cancelled false.
[April 24, 2026 03:16:13.543AM UTC]  PlayerTagEvent was triggered on julioyutuve2 by bnx_xz with type PLAYER and reason ATTACKER.
[April 24, 2026 03:16:13.543AM UTC]  PlayerPreTagEvent was triggered on bnx_xz by julioyutuve2 with type PLAYER, reason ATTACKED, and cancelled false.
[April 24, 2026 03:16:13.544AM UTC]  PlayerTagEvent was triggered on bnx_xz by julioyutuve2 with type PLAYER and reason ATTACKED.
[April 24, 2026 03:16:13.544AM UTC]  EntityDamageByEntityEvent was triggered by damaged PLAYER bnx_xz, damager PLAYER julioyutuve2 and cancelled false.
[April 24, 2026 03:16:14.531AM UTC]  PlayerPreTagEvent was triggered on julioyutuve2 by bnx_xz with type PLAYER, reason ATTACKER, and cancelled false.
[April 24, 2026 03:16:14.531AM UTC]  PlayerReTagEvent was triggered on julioyutuve2 by bnx_xz with type PLAYER and reason ATTACKER.
[April 24, 2026 03:16:14.532AM UTC]  PlayerPreTagEvent was triggered on bnx_xz by julioyutuve2 with type PLAYER, reason ATTACKED, and cancelled false.
[April 24, 2026 03:16:14.532AM UTC]  PlayerReTagEvent was triggered on bnx_xz by julioyutuve2 with type PLAYER and reason ATTACKED.
[April 24, 2026 03:16:14.532AM UTC]  EntityDamageByEntityEvent was triggered by damaged PLAYER bnx_xz, damager PLAYER julioyutuve2 and cancelled false.
[April 24, 2026 03:16:14.539AM UTC]  PlayerPunishEvent was triggered on julioyutuve2 with reason ENEMY_DEATH and cancelled true.
[April 24, 2026 03:16:14.539AM UTC]  PlayerUntagEvent was triggered on julioyutuve2 with reason ENEMY_DEATH and expire set to true.
[April 24, 2026 03:16:14.540AM UTC]  PlayerPunishEvent was triggered on bnx_xz with reason SELF_DEATH and cancelled true.
[April 24, 2026 03:16:14.540AM UTC]  PlayerUntagEvent was triggered on bnx_xz with reason SELF_DEATH and expire set to true.
[April 24, 2026 03:16:46.154AM UTC]  PlayerPreTagEvent was triggered on Emilio100 by bnx_xz with type PLAYER, reason ATTACKER, and cancelled false.
[April 24, 2026 03:16:46.154AM UTC]  PlayerTagEvent was triggered on Emilio100 by bnx_xz with type PLAYER and reason ATTACKER.
[April 24, 2026 03:16:46.155AM UTC]  PlayerPreTagEvent was triggered on bnx_xz by Emilio100 with type PLAYER, reason ATTACKED, and cancelled false.
[April 24, 2026 03:16:46.155AM UTC]  PlayerTagEvent was triggered on bnx_xz by Emilio100 with type PLAYER and reason ATTACKED.
[April 24, 2026 03:16:46.155AM UTC]  EntityDamageByEntityEvent was triggered by damaged PLAYER bnx_xz, damager PLAYER Emilio100 and cancelled false.
[April 24, 2026 03:16:46.967AM UTC]  PlayerPreTagEvent was triggered on bnx_xz by Emilio100 with type PLAYER, reason ATTACKER, and cancelled false.
[April 24, 2026 03:16:46.967AM UTC]  PlayerReTagEvent was triggered on bnx_xz by Emilio100 with type PLAYER and reason ATTACKER.
[April 24, 2026 03:16:46.967AM UTC]  PlayerPreTagEvent was triggered on Emilio100 by bnx_xz with type PLAYER, reason ATTACKED, and cancelled false.
[April 24, 2026 03:16:46.967AM UTC]  PlayerReTagEvent was triggered on Emilio100 by bnx_xz with type PLAYER and reason ATTACKED.
[April 24, 2026 03:16:46.968AM UTC]  EntityDamageByEntityEvent was triggered by damaged PLAYER Emilio100, damager PLAYER bnx_xz and cancelled false.
[April 24, 2026 03:16:47.653AM UTC]  PlayerPreTagEvent was triggered on Emilio100 by bnx_xz with type PLAYER, reason ATTACKER, and cancelled false.
[April 24, 2026 03:16:47.653AM UTC]  PlayerReTagEvent was triggered on Emilio100 by bnx_xz with type PLAYER and reason ATTACKER.
[April 24, 2026 03:16:47.653AM UTC]  PlayerPreTagEvent was triggered on bnx_xz by Emilio100 with type PLAYER, reason ATTACKED, and cancelled false.
[April 24, 2026 03:16:47.654AM UTC]  PlayerReTagEvent was triggered on bnx_xz by Emilio100 with type PLAYER and reason ATTACKED.
[April 24, 2026 03:16:47.654AM UTC]  EntityDamageByEntityEvent was triggered by damaged PLAYER bnx_xz, damager PLAYER Emilio100 and cancelled false.
[April 24, 2026 03:16:49.141AM UTC]  PlayerPreTagEvent was triggered on Emilio100 by bnx_xz with type PLAYER, reason ATTACKER, and cancelled false.
[April 24, 2026 03:16:49.141AM UTC]  PlayerReTagEvent was triggered on Emilio100 by bnx_xz with type PLAYER and reason ATTACKER.
[April 24, 2026 03:16:49.142AM UTC]  PlayerPreTagEvent was triggered on bnx_xz by Emilio100 with type PLAYER, reason ATTACKED, and cancelled false.
[April 24, 2026 03:16:49.142AM UTC]  PlayerReTagEvent was triggered on bnx_xz by Emilio100 with type PLAYER and reason ATTACKED.
[April 24, 2026 03:16:49.142AM UTC]  EntityDamageByEntityEvent was triggered by damaged PLAYER bnx_xz, damager PLAYER Emilio100 and cancelled false.
[April 24, 2026 03:16:50.953AM UTC]  PlayerPreTagEvent was triggered on Emilio100 by bnx_xz with type PLAYER, reason ATTACKER, and cancelled false.
[April 24, 2026 03:16:50.953AM UTC]  PlayerReTagEvent was triggered on Emilio100 by bnx_xz with type PLAYER and reason ATTACKER.
[April 24, 2026 03:16:50.954AM UTC]  PlayerPreTagEvent was triggered on bnx_xz by Emilio100 with type PLAYER, reason ATTACKED, and cancelled false.
[April 24, 2026 03:16:50.954AM UTC]  PlayerReTagEvent was triggered on bnx_xz by Emilio100 with type PLAYER and reason ATTACKED.
[April 24, 2026 03:16:50.954AM UTC]  EntityDamageByEntityEvent was triggered by damaged PLAYER bnx_xz, damager PLAYER Emilio100 and cancelled false.
[April 24, 2026 03:16:50.963AM UTC]  PlayerPreTagEvent was triggered on bnx_xz by Emilio100 with type PLAYER, reason ATTACKER, and cancelled false.
[April 24, 2026 03:16:50.963AM UTC]  PlayerReTagEvent was triggered on bnx_xz by Emilio100 with type PLAYER and reason ATTACKER.
[April 24, 2026 03:16:50.964AM UTC]  PlayerPreTagEvent was triggered on Emilio100 by bnx_xz with type PLAYER, reason ATTACKED, and cancelled false.
[April 24, 2026 03:16:50.964AM UTC]  PlayerReTagEvent was triggered on Emilio100 by bnx_xz with type PLAYER and reason ATTACKED.
[April 24, 2026 03:16:50.964AM UTC]  EntityDamageByEntityEvent was triggered by damaged PLAYER Emilio100, damager PLAYER bnx_xz and cancelled false.
[April 24, 2026 03:16:52.057AM UTC]  PlayerPreTagEvent was triggered on Emilio100 by bnx_xz with type PLAYER, reason ATTACKER, and cancelled false.
[April 24, 2026 03:16:52.058AM UTC]  PlayerReTagEvent was triggered on Emilio100 by bnx_xz with type PLAYER and reason ATTACKER.
[April 24, 2026 03:16:52.058AM UTC]  PlayerPreTagEvent was triggered on bnx_xz by Emilio100 with type PLAYER, reason ATTACKED, and cancelled false.
[April 24, 2026 03:16:52.058AM UTC]  PlayerReTagEvent was triggered on bnx_xz by Emilio100 with type PLAYER and reason ATTACKED.
[April 24, 2026 03:16:52.058AM UTC]  EntityDamageByEntityEvent was triggered by damaged PLAYER bnx_xz, damager PLAYER Emilio100 and cancelled false.
[April 24, 2026 03:16:52.061AM UTC]  PlayerPunishEvent was triggered on Emilio100 with reason ENEMY_DEATH and cancelled true.
[April 24, 2026 03:16:52.061AM UTC]  PlayerUntagEvent was triggered on Emilio100 with reason ENEMY_DEATH and expire set to true.
[April 24, 2026 03:16:52.062AM UTC]  PlayerPunishEvent was triggered on bnx_xz with reason SELF_DEATH and cancelled true.
[April 24, 2026 03:16:52.062AM UTC]  PlayerUntagEvent was triggered on bnx_xz with reason SELF_DEATH and expire set to true.
[April 24, 2026 03:17:14.086AM UTC]  EntityDamageByEntityEvent was triggered by damaged PLAYER Daniel498, damager SILVERFISH Silverfish and cancelled false.
[April 24, 2026 03:17:14.837AM UTC]  EntityDamageByEntityEvent was triggered by damaged PLAYER Daniel498, damager SILVERFISH Silverfish and cancelled false.
[April 24, 2026 03:17:15.387AM UTC]  EntityDamageByEntityEvent was triggered by damaged PLAYER Daniel498, damager SILVERFISH Silverfish and cancelled false.
[April 24, 2026 03:17:16.385AM UTC]  EntityDamageByEntityEvent was triggered by damaged PLAYER Daniel498, damager SILVERFISH Silverfish and cancelled false.
[April 24, 2026 03:17:17.239AM UTC]  EntityDamageByEntityEvent was triggered by damaged PLAYER Daniel498, damager SILVERFISH Silverfish and cancelled false.
[April 24, 2026 03:17:17.785AM UTC]  EntityDamageByEntityEvent was triggered by damaged PLAYER Daniel498, damager SILVERFISH Silverfish and cancelled false.
[April 24, 2026 03:17:19.385AM UTC]  EntityDamageByEntityEvent was triggered by damaged PLAYER Daniel498, damager SILVERFISH Silverfish and cancelled false.
[April 24, 2026 03:17:19.887AM UTC]  EntityDamageByEntityEvent was triggered by damaged PLAYER Daniel498, damager SILVERFISH Silverfish and cancelled false.
[April 24, 2026 03:17:21.334AM UTC]  EntityDamageByEntityEvent was triggered by damaged PLAYER Daniel498, damager SILVERFISH Silverfish and cancelled false.
[April 24, 2026 03:17:22.185AM UTC]  EntityDamageByEntityEvent was triggered by damaged PLAYER Daniel498, damager SILVERFISH Silverfish and cancelled false.
[April 24, 2026 03:17:22.985AM UTC]  EntityDamageByEntityEvent was triggered by damaged PLAYER Daniel498, damager SILVERFISH Silverfish and cancelled false.
[April 24, 2026 03:17:23.486AM UTC]  EntityDamageByEntityEvent was triggered by damaged PLAYER Daniel498, damager SILVERFISH Silverfish and cancelled false.
[April 24, 2026 03:17:24.389AM UTC]  EntityDamageByEntityEvent was triggered by damaged PLAYER Daniel498, damager SILVERFISH Silverfish and cancelled false.
[April 24, 2026 03:17:28.862AM UTC]  PlayerPreTagEvent was triggered on Emilio100 by srcapiii with type PLAYER, reason ATTACKER, and cancelled false.
[April 24, 2026 03:17:28.863AM UTC]  PlayerTagEvent was triggered on Emilio100 by srcapiii with type PLAYER and reason ATTACKER.
[April 24, 2026 03:17:28.863AM UTC]  PlayerPreTagEvent was triggered on srcapiii by Emilio100 with type PLAYER, reason ATTACKED, and cancelled false.
[April 24, 2026 03:17:28.863AM UTC]  PlayerTagEvent was triggered on srcapiii by Emilio100 with type PLAYER and reason ATTACKED.
[April 24, 2026 03:17:28.863AM UTC]  EntityDamageByEntityEvent was triggered by damaged PLAYER srcapiii, damager PLAYER Emilio100 and cancelled false.
[April 24, 2026 03:17:28.997AM UTC]  EntityDamageByEntityEvent was triggered by damaged SILVERFISH Silverfish, damager PLAYER Daniel498 and cancelled false.
[April 24, 2026 03:17:29.188AM UTC]  PlayerPreTagEvent was triggered on srcapiii by Emilio100 with type PLAYER, reason ATTACKER, and cancelled false.
[April 24, 2026 03:17:29.188AM UTC]  PlayerReTagEvent was triggered on srcapiii by Emilio100 with type PLAYER and reason ATTACKER.
[April 24, 2026 03:17:29.188AM UTC]  PlayerPreTagEvent was triggered on Emilio100 by srcapiii with type PLAYER, reason ATTACKED, and cancelled false.
[April 24, 2026 03:17:29.188AM UTC]  PlayerReTagEvent was triggered on Emilio100 by srcapiii with type PLAYER and reason ATTACKED.
[April 24, 2026 03:17:29.189AM UTC]  EntityDamageByEntityEvent was triggered by damaged PLAYER Emilio100, damager PLAYER srcapiii and cancelled false.
[April 24, 2026 03:17:29.686AM UTC]  EntityDamageByEntityEvent was triggered by damaged PLAYER Daniel498, damager SILVERFISH Silverfish and cancelled false.
[April 24, 2026 03:17:30.609AM UTC]  EntityDamageByEntityEvent was triggered by damaged SILVERFISH Silverfish, damager PLAYER Daniel498 and cancelled false.
[April 24, 2026 03:17:31.007AM UTC]  PlayerPreTagEvent was triggered on Emilio100 by srcapiii with type PLAYER, reason ATTACKER, and cancelled false.
[April 24, 2026 03:17:31.007AM UTC]  PlayerReTagEvent was triggered on Emilio100 by srcapiii with type PLAYER and reason ATTACKER.
[April 24, 2026 03:17:31.007AM UTC]  PlayerPreTagEvent was triggered on srcapiii by Emilio100 with type PLAYER, reason ATTACKED, and cancelled false.
[April 24, 2026 03:17:31.007AM UTC]  PlayerReTagEvent was triggered on srcapiii by Emilio100 with type PLAYER and reason ATTACKED.
[April 24, 2026 03:17:31.007AM UTC]  EntityDamageByEntityEvent was triggered by damaged PLAYER srcapiii, damager PLAYER Emilio100 and cancelled false.
[April 24, 2026 03:17:31.335AM UTC]  EntityDamageByEntityEvent was triggered by damaged PLAYER Daniel498, damager SILVERFISH Silverfish and cancelled false.
[April 24, 2026 03:17:31.457AM UTC]  EntityDamageByEntityEvent was triggered by damaged SILVERFISH Silverfish, damager PLAYER Daniel498 and cancelled false.
[April 24, 2026 03:17:32.062AM UTC]  PlayerPreTagEvent was triggered on Emilio100 by srcapiii with type PLAYER, reason ATTACKER, and cancelled false.
[April 24, 2026 03:17:32.063AM UTC]  PlayerReTagEvent was triggered on Emilio100 by srcapiii with type PLAYER and reason ATTACKER.
[April 24, 2026 03:17:32.063AM UTC]  PlayerPreTagEvent was triggered on srcapiii by Emilio100 with type PLAYER, reason ATTACKED, and cancelled false.
[April 24, 2026 03:17:32.063AM UTC]  PlayerReTagEvent was triggered on srcapiii by Emilio100 with type PLAYER and reason ATTACKED.
[April 24, 2026 03:17:32.063AM UTC]  EntityDamageByEntityEvent was triggered by damaged PLAYER srcapiii, damager PLAYER Emilio100 and cancelled false.
[April 24, 2026 03:17:32.218AM UTC]  PlayerPreTagEvent was triggered on Emilio100 by srcapiii with type PLAYER, reason ATTACKER, and cancelled false.
[April 24, 2026 03:17:32.219AM UTC]  PlayerReTagEvent was triggered on Emilio100 by srcapiii with type PLAYER and reason ATTACKER.
[April 24, 2026 03:17:32.219AM UTC]  PlayerPreTagEvent was triggered on srcapiii by Emilio100 with type PLAYER, reason ATTACKED, and cancelled false.
[April 24, 2026 03:17:32.219AM UTC]  PlayerReTagEvent was triggered on srcapiii by Emilio100 with type PLAYER and reason ATTACKED.
[April 24, 2026 03:17:32.219AM UTC]  EntityDamageByEntityEvent was triggered by damaged PLAYER srcapiii, damager PLAYER Emilio100 and cancelled false.
[April 24, 2026 03:17:32.637AM UTC]  EntityDamageByEntityEvent was triggered by damaged PLAYER Daniel498, damager SILVERFISH Silverfish and cancelled false.
[April 24, 2026 03:17:33.285AM UTC]  EntityDamageByEntityEvent was triggered by damaged PLAYER Daniel498, damager SILVERFISH Silverfish and cancelled false.
[April 24, 2026 03:17:33.610AM UTC]  PlayerPreTagEvent was triggered on Emilio100 by srcapiii with type PLAYER, reason ATTACKER, and cancelled false.
[April 24, 2026 03:17:33.610AM UTC]  PlayerReTagEvent was triggered on Emilio100 by srcapiii with type PLAYER and reason ATTACKER.
[April 24, 2026 03:17:33.610AM UTC]  PlayerPreTagEvent was triggered on srcapiii by Emilio100 with type PLAYER, reason ATTACKED, and cancelled false.
[April 24, 2026 03:17:33.610AM UTC]  PlayerReTagEvent was triggered on srcapiii by Emilio100 with type PLAYER and reason ATTACKED.
[April 24, 2026 03:17:33.610AM UTC]  EntityDamageByEntityEvent was triggered by damaged PLAYER srcapiii, damager PLAYER Emilio100 and cancelled false.
[April 24, 2026 03:17:34.285AM UTC]  EntityDamageByEntityEvent was triggered by damaged PLAYER Daniel498, damager SILVERFISH Silverfish and cancelled false.
[April 24, 2026 03:17:34.549AM UTC]  PlayerPreTagEvent was triggered on Emilio100 by srcapiii with type PLAYER, reason ATTACKER, and cancelled false.
[April 24, 2026 03:17:34.549AM UTC]  PlayerReTagEvent was triggered on Emilio100 by srcapiii with type PLAYER and reason ATTACKER.
[April 24, 2026 03:17:34.549AM UTC]  PlayerPreTagEvent was triggered on srcapiii by Emilio100 with type PLAYER, reason ATTACKED, and cancelled false.
[April 24, 2026 03:17:34.549AM UTC]  PlayerReTagEvent was triggered on srcapiii by Emilio100 with type PLAYER and reason ATTACKED.
[April 24, 2026 03:17:34.549AM UTC]  EntityDamageByEntityEvent was triggered by damaged PLAYER srcapiii, damager PLAYER Emilio100 and cancelled false.
[April 24, 2026 03:17:35.205AM UTC]  PlayerPreTagEvent was triggered on Emilio100 by srcapiii with type PLAYER, reason ATTACKER, and cancelled false.
[April 24, 2026 03:17:35.205AM UTC]  PlayerReTagEvent was triggered on Emilio100 by srcapiii with type PLAYER and reason ATTACKER.
[April 24, 2026 03:17:35.205AM UTC]  PlayerPreTagEvent was triggered on srcapiii by Emilio100 with type PLAYER, reason ATTACKED, and cancelled false.
[April 24, 2026 03:17:35.206AM UTC]  PlayerReTagEvent was triggered on srcapiii by Emilio100 with type PLAYER and reason ATTACKED.
[April 24, 2026 03:17:35.206AM UTC]  EntityDamageByEntityEvent was triggered by damaged PLAYER srcapiii, damager PLAYER Emilio100 and cancelled false.
[April 24, 2026 03:17:35.297AM UTC]  EntityDamageByEntityEvent was triggered by damaged SILVERFISH Silverfish, damager PLAYER Daniel498 and cancelled false.
[April 24, 2026 03:17:35.335AM UTC]  EntityDamageByEntityEvent was triggered by damaged PLAYER Daniel498, damager SILVERFISH Silverfish and cancelled false.
[April 24, 2026 03:17:35.754AM UTC]  PlayerPreTagEvent was triggered on Emilio100 by srcapiii with type PLAYER, reason ATTACKER, and cancelled false.
[April 24, 2026 03:17:35.755AM UTC]  PlayerReTagEvent was triggered on Emilio100 by srcapiii with type PLAYER and reason ATTACKER.
[April 24, 2026 03:17:35.755AM UTC]  PlayerPreTagEvent was triggered on srcapiii by Emilio100 with type PLAYER, reason ATTACKED, and cancelled false.
[April 24, 2026 03:17:35.755AM UTC]  PlayerReTagEvent was triggered on srcapiii by Emilio100 with type PLAYER and reason ATTACKED.
[April 24, 2026 03:17:35.755AM UTC]  EntityDamageByEntityEvent was triggered by damaged PLAYER srcapiii, damager PLAYER Emilio100 and cancelled false.
[April 24, 2026 03:17:35.997AM UTC]  EntityDamageByEntityEvent was triggered by damaged SILVERFISH Silverfish, damager PLAYER Daniel498 and cancelled false.
[April 24, 2026 03:17:36.239AM UTC]  PlayerPreTagEvent was triggered on Emilio100 by srcapiii with type PLAYER, reason ATTACKER, and cancelled false.
[April 24, 2026 03:17:36.239AM UTC]  PlayerReTagEvent was triggered on Emilio100 by srcapiii with type PLAYER and reason ATTACKER.
[April 24, 2026 03:17:36.239AM UTC]  PlayerPreTagEvent was triggered on srcapiii by Emilio100 with type PLAYER, reason ATTACKED, and cancelled false.
[April 24, 2026 03:17:36.239AM UTC]  PlayerReTagEvent was triggered on srcapiii by Emilio100 with type PLAYER and reason ATTACKED.
[April 24, 2026 03:17:36.240AM UTC]  EntityDamageByEntityEvent was triggered by damaged PLAYER srcapiii, damager PLAYER Emilio100 and cancelled false.
[April 24, 2026 03:17:37.222AM UTC]  PlayerPreTagEvent was triggered on Emilio100 by srcapiii with type PLAYER, reason ATTACKER, and cancelled false.
[April 24, 2026 03:17:37.223AM UTC]  PlayerReTagEvent was triggered on Emilio100 by srcapiii with type PLAYER and reason ATTACKER.
[April 24, 2026 03:17:37.223AM UTC]  PlayerPreTagEvent was triggered on srcapiii by Emilio100 with type PLAYER, reason ATTACKED, and cancelled false.
[April 24, 2026 03:17:37.223AM UTC]  PlayerReTagEvent was triggered on srcapiii by Emilio100 with type PLAYER and reason ATTACKED.
[April 24, 2026 03:17:37.223AM UTC]  EntityDamageByEntityEvent was triggered by damaged PLAYER srcapiii, damager PLAYER Emilio100 and cancelled false.
[April 24, 2026 03:17:37.499AM UTC]  PlayerPreTagEvent was triggered on Emilio100 by srcapiii with type PLAYER, reason ATTACKER, and cancelled false.
[April 24, 2026 03:17:37.499AM UTC]  PlayerReTagEvent was triggered on Emilio100 by srcapiii with type PLAYER and reason ATTACKER.
[April 24, 2026 03:17:37.500AM UTC]  PlayerPreTagEvent was triggered on srcapiii by Emilio100 with type PLAYER, reason ATTACKED, and cancelled false.
[April 24, 2026 03:17:37.500AM UTC]  PlayerReTagEvent was triggered on srcapiii by Emilio100 with type PLAYER and reason ATTACKED.
[April 24, 2026 03:17:37.500AM UTC]  EntityDamageByEntityEvent was triggered by damaged PLAYER srcapiii, damager PLAYER Emilio100 and cancelled false.
[April 24, 2026 03:17:38.002AM UTC]  PlayerPreTagEvent was triggered on Emilio100 by srcapiii with type PLAYER, reason ATTACKER, and cancelled false.
[April 24, 2026 03:17:38.002AM UTC]  PlayerReTagEvent was triggered on Emilio100 by srcapiii with type PLAYER and reason ATTACKER.
[April 24, 2026 03:17:38.002AM UTC]  PlayerPreTagEvent was triggered on srcapiii by Emilio100 with type PLAYER, reason ATTACKED, and cancelled false.
[April 24, 2026 03:17:38.002AM UTC]  PlayerReTagEvent was triggered on srcapiii by Emilio100 with type PLAYER and reason ATTACKED.
[April 24, 2026 03:17:38.003AM UTC]  EntityDamageByEntityEvent was triggered by damaged PLAYER srcapiii, damager PLAYER Emilio100 and cancelled false.
[April 24, 2026 03:17:43.887AM UTC]  EntityDamageByEntityEvent was triggered by damaged PLAYER Daniel498, damager SILVERFISH Silverfish and cancelled false.
[April 24, 2026 03:17:44.486AM UTC]  EntityDamageByEntityEvent was triggered by damaged PLAYER Daniel498, damager SILVERFISH Silverfish and cancelled false.
[April 24, 2026 03:17:46.161AM UTC]  PlayerPreTagEvent was triggered on bnx_xz by Emilio100 with type PLAYER, reason ATTACKER, and cancelled false.
[April 24, 2026 03:17:46.162AM UTC]  PlayerTagEvent was triggered on bnx_xz by Emilio100 with type PLAYER and reason ATTACKER.
[April 24, 2026 03:17:46.163AM UTC]  PlayerPreTagEvent was triggered on Emilio100 by bnx_xz with type PLAYER, reason ATTACKED, and cancelled false.
[April 24, 2026 03:17:46.163AM UTC]  PlayerReTagEvent was triggered on Emilio100 by bnx_xz with type PLAYER and reason ATTACKED.
[April 24, 2026 03:17:46.164AM UTC]  EntityDamageByEntityEvent was triggered by damaged PLAYER Emilio100, damager PLAYER bnx_xz and cancelled false.
[April 24, 2026 03:17:46.809AM UTC]  PlayerPreTagEvent was triggered on bnx_xz by Emilio100 with type PLAYER, reason ATTACKER, and cancelled false.
[April 24, 2026 03:17:46.809AM UTC]  PlayerReTagEvent was triggered on bnx_xz by Emilio100 with type PLAYER and reason ATTACKER.
[April 24, 2026 03:17:46.809AM UTC]  PlayerPreTagEvent was triggered on Emilio100 by bnx_xz with type PLAYER, reason ATTACKED, and cancelled false.
[April 24, 2026 03:17:46.809AM UTC]  PlayerReTagEvent was triggered on Emilio100 by bnx_xz with type PLAYER and reason ATTACKED.
[April 24, 2026 03:17:46.810AM UTC]  EntityDamageByEntityEvent was triggered by damaged PLAYER Emilio100, damager PLAYER bnx_xz and cancelled false.
[April 24, 2026 03:17:47.211AM UTC]  PlayerPreTagEvent was triggered on aqhez_ by Emilio100 with type PLAYER, reason ATTACKER, and cancelled false.
[April 24, 2026 03:17:47.212AM UTC]  PlayerTagEvent was triggered on aqhez_ by Emilio100 with type PLAYER and reason ATTACKER.
[April 24, 2026 03:17:47.212AM UTC]  PlayerPreTagEvent was triggered on Emilio100 by aqhez_ with type PLAYER, reason ATTACKED, and cancelled false.
[April 24, 2026 03:17:47.212AM UTC]  PlayerReTagEvent was triggered on Emilio100 by aqhez_ with type PLAYER and reason ATTACKED.
[April 24, 2026 03:17:47.213AM UTC]  EntityDamageByEntityEvent was triggered by damaged PLAYER Emilio100, damager PLAYER aqhez_ and cancelled false.
[April 24, 2026 03:17:47.551AM UTC]  PlayerPreTagEvent was triggered on Akukis by bnx_xz with type PLAYER, reason ATTACKER, and cancelled false.
[April 24, 2026 03:17:47.552AM UTC]  PlayerTagEvent was triggered on Akukis by bnx_xz with type PLAYER and reason ATTACKER.
[April 24, 2026 03:17:47.552AM UTC]  PlayerPreTagEvent was triggered on bnx_xz by Akukis with type PLAYER, reason ATTACKED, and cancelled false.
[April 24, 2026 03:17:47.552AM UTC]  PlayerReTagEvent was triggered on bnx_xz by Akukis with type PLAYER and reason ATTACKED.
[April 24, 2026 03:17:47.552AM UTC]  EntityDamageByEntityEvent was triggered by damaged PLAYER bnx_xz, damager PLAYER Akukis and cancelled false.
[April 24, 2026 03:17:47.916AM UTC]  PlayerPreTagEvent was triggered on aqhez_ by Emilio100 with type PLAYER, reason ATTACKER, and cancelled false.
[April 24, 2026 03:17:47.916AM UTC]  PlayerReTagEvent was triggered on aqhez_ by Emilio100 with type PLAYER and reason ATTACKER.
[April 24, 2026 03:17:47.916AM UTC]  PlayerPreTagEvent was triggered on Emilio100 by aqhez_ with type PLAYER, reason ATTACKED, and cancelled false.
[April 24, 2026 03:17:47.916AM UTC]  PlayerReTagEvent was triggered on Emilio100 by aqhez_ with type PLAYER and reason ATTACKED.
[April 24, 2026 03:17:47.916AM UTC]  EntityDamageByEntityEvent was triggered by damaged PLAYER Emilio100, damager PLAYER aqhez_ and cancelled false.
[April 24, 2026 03:17:48.039AM UTC]  PlayerPreTagEvent was triggered on Emilio100 by bnx_xz with type PLAYER, reason ATTACKER, and cancelled false.
[April 24, 2026 03:17:48.039AM UTC]  PlayerReTagEvent was triggered on Emilio100 by bnx_xz with type PLAYER and reason ATTACKER.
[April 24, 2026 03:17:48.039AM UTC]  PlayerPreTagEvent was triggered on bnx_xz by Emilio100 with type PLAYER, reason ATTACKED, and cancelled false.
[April 24, 2026 03:17:48.039AM UTC]  PlayerReTagEvent was triggered on bnx_xz by Emilio100 with type PLAYER and reason ATTACKED.
[April 24, 2026 03:17:48.039AM UTC]  EntityDamageByEntityEvent was triggered by damaged PLAYER bnx_xz, damager PLAYER Emilio100 and cancelled false.
[April 24, 2026 03:17:48.187AM UTC]  PlayerPreTagEvent was triggered on Akukis by bnx_xz with type PLAYER, reason ATTACKER, and cancelled false.
[April 24, 2026 03:17:48.187AM UTC]  PlayerReTagEvent was triggered on Akukis by bnx_xz with type PLAYER and reason ATTACKER.
[April 24, 2026 03:17:48.187AM UTC]  PlayerPreTagEvent was triggered on bnx_xz by Akukis with type PLAYER, reason ATTACKED, and cancelled false.
[April 24, 2026 03:17:48.188AM UTC]  PlayerReTagEvent was triggered on bnx_xz by Akukis with type PLAYER and reason ATTACKED.
[April 24, 2026 03:17:48.188AM UTC]  EntityDamageByEntityEvent was triggered by damaged PLAYER bnx_xz, damager PLAYER Akukis and cancelled false.
[April 24, 2026 03:17:48.539AM UTC]  PlayerPreTagEvent was triggered on bnx_xz by Emilio100 with type PLAYER, reason ATTACKER, and cancelled false.
[April 24, 2026 03:17:48.540AM UTC]  PlayerReTagEvent was triggered on bnx_xz by Emilio100 with type PLAYER and reason ATTACKER.
[April 24, 2026 03:17:48.540AM UTC]  PlayerPreTagEvent was triggered on Emilio100 by bnx_xz with type PLAYER, reason ATTACKED, and cancelled false.
[April 24, 2026 03:17:48.540AM UTC]  PlayerReTagEvent was triggered on Emilio100 by bnx_xz with type PLAYER and reason ATTACKED.
[April 24, 2026 03:17:48.540AM UTC]  EntityDamageByEntityEvent was triggered by damaged PLAYER Emilio100, damager PLAYER bnx_xz and cancelled false.
[April 24, 2026 03:17:48.669AM UTC]  PlayerPreTagEvent was triggered on Emilio100 by bnx_xz with type PLAYER, reason ATTACKER, and cancelled false.
[April 24, 2026 03:17:48.670AM UTC]  PlayerReTagEvent was triggered on Emilio100 by bnx_xz with type PLAYER and reason ATTACKER.
[April 24, 2026 03:17:48.670AM UTC]  PlayerPreTagEvent was triggered on bnx_xz by Emilio100 with type PLAYER, reason ATTACKED, and cancelled false.
[April 24, 2026 03:17:48.670AM UTC]  PlayerReTagEvent was triggered on bnx_xz by Emilio100 with type PLAYER and reason ATTACKED.
[April 24, 2026 03:17:48.670AM UTC]  EntityDamageByEntityEvent was triggered by damaged PLAYER bnx_xz, damager PLAYER Emilio100 and cancelled false.
[April 24, 2026 03:17:49.403AM UTC]  PlayerPreTagEvent was triggered on Akukis by bnx_xz with type PLAYER, reason ATTACKER, and cancelled false.
[April 24, 2026 03:17:49.404AM UTC]  PlayerReTagEvent was triggered on Akukis by bnx_xz with type PLAYER and reason ATTACKER.
[April 24, 2026 03:17:49.404AM UTC]  PlayerPreTagEvent was triggered on bnx_xz by Akukis with type PLAYER, reason ATTACKED, and cancelled false.
[April 24, 2026 03:17:49.404AM UTC]  PlayerReTagEvent was triggered on bnx_xz by Akukis with type PLAYER and reason ATTACKED.
[April 24, 2026 03:17:49.404AM UTC]  EntityDamageByEntityEvent was triggered by damaged PLAYER bnx_xz, damager PLAYER Akukis and cancelled false.
[April 24, 2026 03:17:49.407AM UTC]  PlayerPunishEvent was triggered on Akukis with reason ENEMY_DEATH and cancelled true.
[April 24, 2026 03:17:49.407AM UTC]  PlayerUntagEvent was triggered on Akukis with reason ENEMY_DEATH and expire set to true.
[April 24, 2026 03:17:49.408AM UTC]  PlayerPunishEvent was triggered on bnx_xz with reason SELF_DEATH and cancelled true.
[April 24, 2026 03:17:49.408AM UTC]  PlayerUntagEvent was triggered on bnx_xz with reason SELF_DEATH and expire set to true.
[April 24, 2026 03:17:50.254AM UTC]  PlayerPreTagEvent was triggered on aqhez_ by Emilio100 with type PLAYER, reason ATTACKER, and cancelled false.
[April 24, 2026 03:17:50.254AM UTC]  PlayerReTagEvent was triggered on aqhez_ by Emilio100 with type PLAYER and reason ATTACKER.
[April 24, 2026 03:17:50.254AM UTC]  PlayerPreTagEvent was triggered on Emilio100 by aqhez_ with type PLAYER, reason ATTACKED, and cancelled false.
[April 24, 2026 03:17:50.254AM UTC]  PlayerReTagEvent was triggered on Emilio100 by aqhez_ with type PLAYER and reason ATTACKED.
[April 24, 2026 03:17:50.255AM UTC]  EntityDamageByEntityEvent was triggered by damaged PLAYER Emilio100, damager PLAYER aqhez_ and cancelled false.
[April 24, 2026 03:17:58.089AM UTC]  EntityDamageByEntityEvent was triggered by damaged PIG Pig, damager PLAYER panamiguel and cancelled false.
[April 24, 2026 03:17:58.323AM UTC]  PlayerPunishEvent was triggered on srcapiii with reason EXPIRE and cancelled true.
[April 24, 2026 03:17:58.323AM UTC]  PlayerUntagEvent was triggered on srcapiii with reason EXPIRE and expire set to true.
[April 24, 2026 03:18:00.171AM UTC]  EntityDamageByEntityEvent was triggered by damaged PIG Pig, damager PLAYER panamiguel and cancelled false.
[April 24, 2026 03:18:00.619AM UTC]  EntityDamageByEntityEvent was triggered by damaged PIG Pig, damager PLAYER Algorth and cancelled false.
[April 24, 2026 03:18:01.887AM UTC]  EntityDamageByEntityEvent was triggered by damaged PIG Pig, damager PLAYER panamiguel and cancelled false.
[April 24, 2026 03:18:02.521AM UTC]  EntityDamageByEntityEvent was triggered by damaged PIG Pig, damager PLAYER panamiguel and cancelled false.
[April 24, 2026 03:18:03.304AM UTC]  PlayerPreTagEvent was triggered on Akukis by aqhez_ with type PLAYER, reason ATTACKER, and cancelled false.
[April 24, 2026 03:18:03.304AM UTC]  PlayerTagEvent was triggered on Akukis by aqhez_ with type PLAYER and reason ATTACKER.
[April 24, 2026 03:18:03.304AM UTC]  PlayerPreTagEvent was triggered on aqhez_ by Akukis with type PLAYER, reason ATTACKED, and cancelled false.
[April 24, 2026 03:18:03.305AM UTC]  PlayerReTagEvent was triggered on aqhez_ by Akukis with type PLAYER and reason ATTACKED.
[April 24, 2026 03:18:03.305AM UTC]  EntityDamageByEntityEvent was triggered by damaged PLAYER aqhez_, damager PLAYER Akukis and cancelled false.
[April 24, 2026 03:18:07.840AM UTC]  PlayerPreTagEvent was triggered on aqhez_ by Emilio100 with type PLAYER, reason ATTACKER, and cancelled false.
[April 24, 2026 03:18:07.840AM UTC]  PlayerReTagEvent was triggered on aqhez_ by Emilio100 with type PLAYER and reason ATTACKER.
[April 24, 2026 03:18:07.840AM UTC]  PlayerPreTagEvent was triggered on Emilio100 by aqhez_ with type PLAYER, reason ATTACKED, and cancelled false.
[April 24, 2026 03:18:07.840AM UTC]  PlayerReTagEvent was triggered on Emilio100 by aqhez_ with type PLAYER and reason ATTACKED.
[April 24, 2026 03:18:07.840AM UTC]  EntityDamageByEntityEvent was triggered by damaged PLAYER Emilio100, damager PLAYER aqhez_ and cancelled false.
[April 24, 2026 03:18:08.002AM UTC]  PlayerPreTagEvent was triggered on Emilio100 by aqhez_ with type PLAYER, reason ATTACKER, and cancelled false.
[April 24, 2026 03:18:08.002AM UTC]  PlayerReTagEvent was triggered on Emilio100 by aqhez_ with type PLAYER and reason ATTACKER.
[April 24, 2026 03:18:08.003AM UTC]  PlayerPreTagEvent was triggered on aqhez_ by Emilio100 with type PLAYER, reason ATTACKED, and cancelled false.
[April 24, 2026 03:18:08.003AM UTC]  PlayerReTagEvent was triggered on aqhez_ by Emilio100 with type PLAYER and reason ATTACKED.
[April 24, 2026 03:18:08.003AM UTC]  EntityDamageByEntityEvent was triggered by damaged PLAYER aqhez_, damager PLAYER Emilio100 and cancelled false.
[April 24, 2026 03:18:08.500AM UTC]  PlayerPreTagEvent was triggered on Emilio100 by aqhez_ with type PLAYER, reason ATTACKER, and cancelled false.
[April 24, 2026 03:18:08.500AM UTC]  PlayerReTagEvent was triggered on Emilio100 by aqhez_ with type PLAYER and reason ATTACKER.
[April 24, 2026 03:18:08.500AM UTC]  PlayerPreTagEvent was triggered on aqhez_ by Emilio100 with type PLAYER, reason ATTACKED, and cancelled false.
[April 24, 2026 03:18:08.500AM UTC]  PlayerReTagEvent was triggered on aqhez_ by Emilio100 with type PLAYER and reason ATTACKED.
[April 24, 2026 03:18:08.501AM UTC]  EntityDamageByEntityEvent was triggered by damaged PLAYER aqhez_, damager PLAYER Emilio100 and cancelled false.
[April 24, 2026 03:18:09.500AM UTC]  PlayerPreTagEvent was triggered on aqhez_ by Emilio100 with type PLAYER, reason ATTACKER, and cancelled false.
[April 24, 2026 03:18:09.500AM UTC]  PlayerReTagEvent was triggered on aqhez_ by Emilio100 with type PLAYER and reason ATTACKER.
[April 24, 2026 03:18:09.500AM UTC]  PlayerPreTagEvent was triggered on Emilio100 by aqhez_ with type PLAYER, reason ATTACKED, and cancelled false.
[April 24, 2026 03:18:09.500AM UTC]  PlayerReTagEvent was triggered on Emilio100 by aqhez_ with type PLAYER and reason ATTACKED.
[April 24, 2026 03:18:09.500AM UTC]  EntityDamageByEntityEvent was triggered by damaged PLAYER Emilio100, damager PLAYER aqhez_ and cancelled false.
[April 24, 2026 03:18:09.502AM UTC]  PlayerPunishEvent was triggered on Emilio100 with reason SELF_DEATH and cancelled true.
[April 24, 2026 03:18:09.502AM UTC]  PlayerUntagEvent was triggered on Emilio100 with reason SELF_DEATH and expire set to true.
[April 24, 2026 03:18:12.390AM UTC]  EntityDamageByEntityEvent was triggered by damaged COW Cow, damager PLAYER Algorth and cancelled false.
[April 24, 2026 03:18:12.700AM UTC]  PlayerPreTagEvent was triggered on Akukis by bnx_xz with type PLAYER, reason ATTACKER, and cancelled false.
[April 24, 2026 03:18:12.701AM UTC]  PlayerReTagEvent was triggered on Akukis by bnx_xz with type PLAYER and reason ATTACKER.
[April 24, 2026 03:18:12.701AM UTC]  PlayerPreTagEvent was triggered on bnx_xz by Akukis with type PLAYER, reason ATTACKED, and cancelled false.
[April 24, 2026 03:18:12.701AM UTC]  PlayerTagEvent was triggered on bnx_xz by Akukis with type PLAYER and reason ATTACKED.
[April 24, 2026 03:18:12.701AM UTC]  EntityDamageByEntityEvent was triggered by damaged PLAYER bnx_xz, damager PLAYER Akukis and cancelled false.
[April 24, 2026 03:18:14.255AM UTC]  PlayerPreTagEvent was triggered on Akukis by bnx_xz with type PLAYER, reason ATTACKER, and cancelled false.
[April 24, 2026 03:18:14.255AM UTC]  PlayerReTagEvent was triggered on Akukis by bnx_xz with type PLAYER and reason ATTACKER.
[April 24, 2026 03:18:14.255AM UTC]  PlayerPreTagEvent was triggered on bnx_xz by Akukis with type PLAYER, reason ATTACKED, and cancelled false.
[April 24, 2026 03:18:14.255AM UTC]  PlayerReTagEvent was triggered on bnx_xz by Akukis with type PLAYER and reason ATTACKED.
[April 24, 2026 03:18:14.255AM UTC]  EntityDamageByEntityEvent was triggered by damaged PLAYER bnx_xz, damager PLAYER Akukis and cancelled false.
[April 24, 2026 03:18:14.804AM UTC]  PlayerPreTagEvent was triggered on Akukis by bnx_xz with type PLAYER, reason ATTACKER, and cancelled false.
[April 24, 2026 03:18:14.804AM UTC]  PlayerReTagEvent was triggered on Akukis by bnx_xz with type PLAYER and reason ATTACKER.
[April 24, 2026 03:18:14.805AM UTC]  PlayerPreTagEvent was triggered on bnx_xz by Akukis with type PLAYER, reason ATTACKED, and cancelled false.
[April 24, 2026 03:18:14.805AM UTC]  PlayerReTagEvent was triggered on bnx_xz by Akukis with type PLAYER and reason ATTACKED.
[April 24, 2026 03:18:14.805AM UTC]  EntityDamageByEntityEvent was triggered by damaged PLAYER bnx_xz, damager PLAYER Akukis and cancelled false.
[April 24, 2026 03:18:15.140AM UTC]  EntityDamageByEntityEvent was triggered by damaged COW Cow, damager PLAYER panamiguel and cancelled false.
[April 24, 2026 03:18:15.765AM UTC]  EntityDamageByEntityEvent was triggered by damaged COW Cow, damager PLAYER panamiguel and cancelled false.
[April 24, 2026 03:18:16.002AM UTC]  PlayerPreTagEvent was triggered on Akukis by bnx_xz with type PLAYER, reason ATTACKER, and cancelled false.
[April 24, 2026 03:18:16.002AM UTC]  PlayerReTagEvent was triggered on Akukis by bnx_xz with type PLAYER and reason ATTACKER.
[April 24, 2026 03:18:16.003AM UTC]  PlayerPreTagEvent was triggered on bnx_xz by Akukis with type PLAYER, reason ATTACKED, and cancelled false.
[April 24, 2026 03:18:16.003AM UTC]  PlayerReTagEvent was triggered on bnx_xz by Akukis with type PLAYER and reason ATTACKED.
[April 24, 2026 03:18:16.003AM UTC]  EntityDamageByEntityEvent was triggered by damaged PLAYER bnx_xz, damager PLAYER Akukis and cancelled false.
[April 24, 2026 03:18:16.602AM UTC]  PlayerPreTagEvent was triggered on Akukis by bnx_xz with type PLAYER, reason ATTACKER, and cancelled false.
[April 24, 2026 03:18:16.602AM UTC]  PlayerReTagEvent was triggered on Akukis by bnx_xz with type PLAYER and reason ATTACKER.
[April 24, 2026 03:18:16.603AM UTC]  PlayerPreTagEvent was triggered on bnx_xz by Akukis with type PLAYER, reason ATTACKED, and cancelled false.
[April 24, 2026 03:18:16.603AM UTC]  PlayerReTagEvent was triggered on bnx_xz by Akukis with type PLAYER and reason ATTACKED.
[April 24, 2026 03:18:16.603AM UTC]  EntityDamageByEntityEvent was triggered by damaged PLAYER bnx_xz, damager PLAYER Akukis and cancelled false.
[April 24, 2026 03:18:17.104AM UTC]  PlayerPreTagEvent was triggered on Akukis by bnx_xz with type PLAYER, reason ATTACKER, and cancelled false.
[April 24, 2026 03:18:17.104AM UTC]  PlayerReTagEvent was triggered on Akukis by bnx_xz with type PLAYER and reason ATTACKER.
[April 24, 2026 03:18:17.104AM UTC]  PlayerPreTagEvent was triggered on bnx_xz by Akukis with type PLAYER, reason ATTACKED, and cancelled false.
[April 24, 2026 03:18:17.104AM UTC]  PlayerReTagEvent was triggered on bnx_xz by Akukis with type PLAYER and reason ATTACKED.
[April 24, 2026 03:18:17.104AM UTC]  EntityDamageByEntityEvent was triggered by damaged PLAYER bnx_xz, damager PLAYER Akukis and cancelled false.
[April 24, 2026 03:18:17.241AM UTC]  EntityDamageByEntityEvent was triggered by damaged PLAYER Daniel498, damager SILVERFISH Silverfish and cancelled false.
[April 24, 2026 03:18:18.386AM UTC]  EntityDamageByEntityEvent was triggered by damaged PLAYER Daniel498, damager SILVERFISH Silverfish and cancelled false.
[April 24, 2026 03:18:18.437AM UTC]  EntityDamageByEntityEvent was triggered by damaged SILVERFISH Silverfish, damager PLAYER Daniel498 and cancelled false.
[April 24, 2026 03:18:18.687AM UTC]  EntityDamageByEntityEvent was triggered by damaged PIG Pig, damager PLAYER Algorth and cancelled false.
[April 24, 2026 03:18:20.087AM UTC]  EntityDamageByEntityEvent was triggered by damaged PLAYER Daniel498, damager SILVERFISH Silverfish and cancelled false.
[April 24, 2026 03:18:20.241AM UTC]  EntityDamageByEntityEvent was triggered by damaged PIG Pig, damager PLAYER Algorth and cancelled false.
[April 24, 2026 03:18:21.037AM UTC]  EntityDamageByEntityEvent was triggered by damaged PLAYER Daniel498, damager SILVERFISH Silverfish and cancelled false.
[April 24, 2026 03:18:21.057AM UTC]  EntityDamageByEntityEvent was triggered by damaged SILVERFISH Silverfish, damager PLAYER Daniel498 and cancelled false.
[April 24, 2026 03:18:21.471AM UTC]  EntityDamageByEntityEvent was triggered by damaged PIG Pig, damager PLAYER Algorth and cancelled false.
[April 24, 2026 03:18:22.136AM UTC]  EntityDamageByEntityEvent was triggered by damaged PLAYER Daniel498, damager SILVERFISH Silverfish and cancelled false.
[April 24, 2026 03:18:22.189AM UTC]  EntityDamageByEntityEvent was triggered by damaged PIG Pig, damager PLAYER Algorth and cancelled false.
[April 24, 2026 03:18:22.637AM UTC]  EntityDamageByEntityEvent was triggered by damaged PLAYER Daniel498, damager SILVERFISH Silverfish and cancelled false.
[April 24, 2026 03:18:22.849AM UTC]  EntityDamageByEntityEvent was triggered by damaged SILVERFISH Silverfish, damager PLAYER Daniel498 and cancelled false.
[April 24, 2026 03:18:23.165AM UTC]  EntityDamageByEntityEvent was triggered by damaged COW Cow, damager PLAYER panamiguel and cancelled false.
[April 24, 2026 03:18:23.323AM UTC]  PlayerPunishEvent was triggered on aqhez_ with reason EXPIRE and cancelled true.
[April 24, 2026 03:18:23.323AM UTC]  PlayerUntagEvent was triggered on aqhez_ with reason EXPIRE and expire set to true.
[April 24, 2026 03:18:23.864AM UTC]  EntityDamageByEntityEvent was triggered by damaged COW Cow, damager PLAYER panamiguel and cancelled false.
[April 24, 2026 03:18:24.622AM UTC]  EntityDamageByEntityEvent was triggered by damaged PIG Pig, damager PLAYER Algorth and cancelled false.
[April 24, 2026 03:18:25.467AM UTC]  EntityDamageByEntityEvent was triggered by damaged PIG Pig, damager PLAYER Algorth and cancelled false.
[April 24, 2026 03:18:26.986AM UTC]  EntityDamageByEntityEvent was triggered by damaged PIG Pig, damager PLAYER Algorth and cancelled false.
[April 24, 2026 03:18:31.303AM UTC]  PlayerPreTagEvent was triggered on Akukis by aqhez_ with type PLAYER, reason ATTACKER, and cancelled false.
[April 24, 2026 03:18:31.303AM UTC]  PlayerReTagEvent was triggered on Akukis by aqhez_ with type PLAYER and reason ATTACKER.
[April 24, 2026 03:18:31.304AM UTC]  PlayerPreTagEvent was triggered on aqhez_ by Akukis with type PLAYER, reason ATTACKED, and cancelled false.
[April 24, 2026 03:18:31.304AM UTC]  PlayerTagEvent was triggered on aqhez_ by Akukis with type PLAYER and reason ATTACKED.
[April 24, 2026 03:18:31.304AM UTC]  EntityDamageByEntityEvent was triggered by damaged PLAYER aqhez_, damager PLAYER Akukis and cancelled false.
[April 24, 2026 03:18:31.803AM UTC]  PlayerPreTagEvent was triggered on Akukis by aqhez_ with type PLAYER, reason ATTACKER, and cancelled false.
[April 24, 2026 03:18:31.803AM UTC]  PlayerReTagEvent was triggered on Akukis by aqhez_ with type PLAYER and reason ATTACKER.
[April 24, 2026 03:18:31.803AM UTC]  PlayerPreTagEvent was triggered on aqhez_ by Akukis with type PLAYER, reason ATTACKED, and cancelled false.
[April 24, 2026 03:18:31.803AM UTC]  PlayerReTagEvent was triggered on aqhez_ by Akukis with type PLAYER and reason ATTACKED.
[April 24, 2026 03:18:31.804AM UTC]  EntityDamageByEntityEvent was triggered by damaged PLAYER aqhez_, damager PLAYER Akukis and cancelled false.
[April 24, 2026 03:18:32.501AM UTC]  PlayerPreTagEvent was triggered on Akukis by aqhez_ with type PLAYER, reason ATTACKER, and cancelled false.
[April 24, 2026 03:18:32.501AM UTC]  PlayerReTagEvent was triggered on Akukis by aqhez_ with type PLAYER and reason ATTACKER.
[April 24, 2026 03:18:32.501AM UTC]  PlayerPreTagEvent was triggered on aqhez_ by Akukis with type PLAYER, reason ATTACKED, and cancelled false.
[April 24, 2026 03:18:32.501AM UTC]  PlayerReTagEvent was triggered on aqhez_ by Akukis with type PLAYER and reason ATTACKED.
[April 24, 2026 03:18:32.501AM UTC]  EntityDamageByEntityEvent was triggered by damaged PLAYER aqhez_, damager PLAYER Akukis and cancelled false.
[April 24, 2026 03:18:32.838AM UTC]  EntityDamageByEntityEvent was triggered by damaged COW Cow, damager PLAYER Algorth and cancelled false.
[April 24, 2026 03:18:33.001AM UTC]  PlayerPreTagEvent was triggered on Akukis by aqhez_ with type PLAYER, reason ATTACKER, and cancelled false.
[April 24, 2026 03:18:33.001AM UTC]  PlayerReTagEvent was triggered on Akukis by aqhez_ with type PLAYER and reason ATTACKER.
[April 24, 2026 03:18:33.001AM UTC]  PlayerPreTagEvent was triggered on aqhez_ by Akukis with type PLAYER, reason ATTACKED, and cancelled false.
[April 24, 2026 03:18:33.002AM UTC]  PlayerReTagEvent was triggered on aqhez_ by Akukis with type PLAYER and reason ATTACKED.
[April 24, 2026 03:18:33.002AM UTC]  EntityDamageByEntityEvent was triggered by damaged PLAYER aqhez_, damager PLAYER Akukis and cancelled false.
[April 24, 2026 03:18:33.004AM UTC]  PlayerPunishEvent was triggered on aqhez_ with reason SELF_DEATH and cancelled true.
[April 24, 2026 03:18:33.005AM UTC]  PlayerUntagEvent was triggered on aqhez_ with reason SELF_DEATH and expire set to true.
[April 24, 2026 03:18:36.540AM UTC]  EntityDamageByEntityEvent was triggered by damaged BAT Bat, damager PLAYER Mrjorge0124 and cancelled false.
[April 24, 2026 03:18:37.323AM UTC]  PlayerPunishEvent was triggered on Akukis with reason EXPIRE and cancelled true.
[April 24, 2026 03:18:37.323AM UTC]  PlayerUntagEvent was triggered on Akukis with reason EXPIRE and expire set to true.
[April 24, 2026 03:18:37.323AM UTC]  PlayerPunishEvent was triggered on bnx_xz with reason EXPIRE and cancelled true.
[April 24, 2026 03:18:37.323AM UTC]  PlayerUntagEvent was triggered on bnx_xz with reason EXPIRE and expire set to true.
[April 24, 2026 03:18:37.340AM UTC]  EntityDamageByEntityEvent was triggered by damaged BAT Bat, damager PLAYER Mrjorge0124 and cancelled false.
[April 24, 2026 03:18:38.188AM UTC]  EntityDamageByEntityEvent was triggered by damaged SKELETON Skeleton, damager PLAYER Mrjorge0124 and cancelled false.
[April 24, 2026 03:18:38.545AM UTC]  PlayerPreTagEvent was triggered on srcapiii by bnx_xz with type PLAYER, reason ATTACKER, and cancelled false.
[April 24, 2026 03:18:38.545AM UTC]  PlayerTagEvent was triggered on srcapiii by bnx_xz with type PLAYER and reason ATTACKER.
[April 24, 2026 03:18:38.545AM UTC]  PlayerPreTagEvent was triggered on bnx_xz by srcapiii with type PLAYER, reason ATTACKED, and cancelled false.
[April 24, 2026 03:18:38.546AM UTC]  PlayerTagEvent was triggered on bnx_xz by srcapiii with type PLAYER and reason ATTACKED.
[April 24, 2026 03:18:38.546AM UTC]  EntityDamageByEntityEvent was triggered by damaged PLAYER bnx_xz, damager PLAYER srcapiii and cancelled false.
[April 24, 2026 03:18:39.237AM UTC]  EntityDamageByEntityEvent was triggered by damaged PLAYER Mrjorge0124, damager ARROW Arrow and cancelled false.
[April 24, 2026 03:18:39.472AM UTC]  EntityDamageByEntityEvent was triggered by damaged SKELETON Skeleton, damager PLAYER Mrjorge0124 and cancelled false.
[April 24, 2026 03:18:40.166AM UTC]  EntityDamageByEntityEvent was triggered by damaged SKELETON Skeleton, damager PLAYER Mrjorge0124 and cancelled false.
[April 24, 2026 03:18:40.859AM UTC]  EntityDamageByEntityEvent was triggered by damaged SKELETON Skeleton, damager PLAYER Mrjorge0124 and cancelled false.
[April 24, 2026 03:18:46.118AM UTC]  EntityDamageByEntityEvent was triggered by damaged SHEEP Sheep, damager PLAYER bnx_xz and cancelled false.
[April 24, 2026 03:18:47.854AM UTC]  PlayerPreTagEvent was triggered on Akukis by bnx_xz with type PLAYER, reason ATTACKER, and cancelled false.
[April 24, 2026 03:18:47.854AM UTC]  PlayerTagEvent was triggered on Akukis by bnx_xz with type PLAYER and reason ATTACKER.
[April 24, 2026 03:18:47.855AM UTC]  PlayerPreTagEvent was triggered on bnx_xz by Akukis with type PLAYER, reason ATTACKED, and cancelled false.
[April 24, 2026 03:18:47.855AM UTC]  PlayerReTagEvent was triggered on bnx_xz by Akukis with type PLAYER and reason ATTACKED.
[April 24, 2026 03:18:47.855AM UTC]  EntityDamageByEntityEvent was triggered by damaged PLAYER bnx_xz, damager PLAYER Akukis and cancelled false.
[April 24, 2026 03:18:47.857AM UTC]  PlayerPunishEvent was triggered on Akukis with reason ENEMY_DEATH and cancelled true.
[April 24, 2026 03:18:47.857AM UTC]  PlayerUntagEvent was triggered on Akukis with reason ENEMY_DEATH and expire set to true.
[April 24, 2026 03:18:47.857AM UTC]  PlayerPunishEvent was triggered on srcapiii with reason ENEMY_DEATH and cancelled true.
[April 24, 2026 03:18:47.857AM UTC]  PlayerUntagEvent was triggered on srcapiii with reason ENEMY_DEATH and expire set to true.
[April 24, 2026 03:18:47.857AM UTC]  PlayerPunishEvent was triggered on bnx_xz with reason SELF_DEATH and cancelled true.
[April 24, 2026 03:18:47.857AM UTC]  PlayerUntagEvent was triggered on bnx_xz with reason SELF_DEATH and expire set to true.
[April 24, 2026 03:19:10.311AM UTC]  PlayerPreTagEvent was triggered on bnx_xz by Akukis with type PLAYER, reason ATTACKER, and cancelled false.
[April 24, 2026 03:19:10.312AM UTC]  PlayerTagEvent was triggered on bnx_xz by Akukis with type PLAYER and reason ATTACKER.
[April 24, 2026 03:19:10.312AM UTC]  PlayerPreTagEvent was triggered on Akukis by bnx_xz with type PLAYER, reason ATTACKED, and cancelled false.
[April 24, 2026 03:19:10.313AM UTC]  PlayerTagEvent was triggered on Akukis by bnx_xz with type PLAYER and reason ATTACKED.
[April 24, 2026 03:19:10.313AM UTC]  EntityDamageByEntityEvent was triggered by damaged PLAYER Akukis, damager PLAYER bnx_xz and cancelled false.
[April 24, 2026 03:19:11.102AM UTC]  PlayerPreTagEvent was triggered on Akukis by bnx_xz with type PLAYER, reason ATTACKER, and cancelled false.
[April 24, 2026 03:19:11.103AM UTC]  PlayerReTagEvent was triggered on Akukis by bnx_xz with type PLAYER and reason ATTACKER.
[April 24, 2026 03:19:11.103AM UTC]  PlayerPreTagEvent was triggered on bnx_xz by Akukis with type PLAYER, reason ATTACKED, and cancelled false.
[April 24, 2026 03:19:11.103AM UTC]  PlayerReTagEvent was triggered on bnx_xz by Akukis with type PLAYER and reason ATTACKED.
[April 24, 2026 03:19:11.104AM UTC]  EntityDamageByEntityEvent was triggered by damaged PLAYER bnx_xz, damager PLAYER Akukis and cancelled false.
[April 24, 2026 03:19:11.104AM UTC]  PlayerPreTagEvent was triggered on Akukis by srcapiii with type PLAYER, reason ATTACKER, and cancelled false.
[April 24, 2026 03:19:11.104AM UTC]  PlayerReTagEvent was triggered on Akukis by srcapiii with type PLAYER and reason ATTACKER.
[April 24, 2026 03:19:11.104AM UTC]  PlayerPreTagEvent was triggered on srcapiii by Akukis with type PLAYER, reason ATTACKED, and cancelled false.
[April 24, 2026 03:19:11.106AM UTC]  PlayerTagEvent was triggered on srcapiii by Akukis with type PLAYER and reason ATTACKED.
[April 24, 2026 03:19:11.107AM UTC]  EntityDamageByEntityEvent was triggered by damaged PLAYER srcapiii, damager PLAYER Akukis and cancelled false.
[April 24, 2026 03:19:12.587AM UTC]  PlayerPreTagEvent was triggered on bnx_xz by Akukis with type PLAYER, reason ATTACKER, and cancelled false.
[April 24, 2026 03:19:12.587AM UTC]  PlayerReTagEvent was triggered on bnx_xz by Akukis with type PLAYER and reason ATTACKER.
[April 24, 2026 03:19:12.587AM UTC]  PlayerPreTagEvent was triggered on Akukis by bnx_xz with type PLAYER, reason ATTACKED, and cancelled false.
[April 24, 2026 03:19:12.587AM UTC]  PlayerReTagEvent was triggered on Akukis by bnx_xz with type PLAYER and reason ATTACKED.
[April 24, 2026 03:19:12.587AM UTC]  EntityDamageByEntityEvent was triggered by damaged PLAYER Akukis, damager PLAYER bnx_xz and cancelled false.
[April 24, 2026 03:19:13.103AM UTC]  PlayerPreTagEvent was triggered on Akukis by bnx_xz with type PLAYER, reason ATTACKER, and cancelled false.
[April 24, 2026 03:19:13.103AM UTC]  PlayerReTagEvent was triggered on Akukis by bnx_xz with type PLAYER and reason ATTACKER.
[April 24, 2026 03:19:13.103AM UTC]  PlayerPreTagEvent was triggered on bnx_xz by Akukis with type PLAYER, reason ATTACKED, and cancelled false.
[April 24, 2026 03:19:13.103AM UTC]  PlayerReTagEvent was triggered on bnx_xz by Akukis with type PLAYER and reason ATTACKED.
[April 24, 2026 03:19:13.103AM UTC]  EntityDamageByEntityEvent was triggered by damaged PLAYER bnx_xz, damager PLAYER Akukis and cancelled false.
[April 24, 2026 03:19:13.802AM UTC]  PlayerPreTagEvent was triggered on Akukis by bnx_xz with type PLAYER, reason ATTACKER, and cancelled false.
[April 24, 2026 03:19:13.802AM UTC]  PlayerReTagEvent was triggered on Akukis by bnx_xz with type PLAYER and reason ATTACKER.
[April 24, 2026 03:19:13.802AM UTC]  PlayerPreTagEvent was triggered on bnx_xz by Akukis with type PLAYER, reason ATTACKED, and cancelled false.
[April 24, 2026 03:19:13.802AM UTC]  PlayerReTagEvent was triggered on bnx_xz by Akukis with type PLAYER and reason ATTACKED.
[April 24, 2026 03:19:13.802AM UTC]  EntityDamageByEntityEvent was triggered by damaged PLAYER bnx_xz, damager PLAYER Akukis and cancelled false.
[April 24, 2026 03:19:14.343AM UTC]  PlayerPreTagEvent was triggered on srcapiii by bnx_xz with type PLAYER, reason ATTACKER, and cancelled false.
[April 24, 2026 03:19:14.343AM UTC]  PlayerReTagEvent was triggered on srcapiii by bnx_xz with type PLAYER and reason ATTACKER.
[April 24, 2026 03:19:14.344AM UTC]  PlayerPreTagEvent was triggered on bnx_xz by srcapiii with type PLAYER, reason ATTACKED, and cancelled false.
[April 24, 2026 03:19:14.344AM UTC]  PlayerReTagEvent was triggered on bnx_xz by srcapiii with type PLAYER and reason ATTACKED.
[April 24, 2026 03:19:14.344AM UTC]  EntityDamageByEntityEvent was triggered by damaged PLAYER bnx_xz, damager PLAYER srcapiii and cancelled false.
[April 24, 2026 03:19:27.939AM UTC]  EntityDamageByEntityEvent was triggered by damaged SHEEP Sheep, damager PLAYER Algorth and cancelled false.
[April 24, 2026 03:19:32.291AM UTC]  PlayerPreTagEvent was triggered on bnx_xz by Akukis with type PLAYER, reason ATTACKER, and cancelled false.
[April 24, 2026 03:19:32.291AM UTC]  PlayerReTagEvent was triggered on bnx_xz by Akukis with type PLAYER and reason ATTACKER.
[April 24, 2026 03:19:32.291AM UTC]  PlayerPreTagEvent was triggered on Akukis by bnx_xz with type PLAYER, reason ATTACKED, and cancelled false.
[April 24, 2026 03:19:32.291AM UTC]  PlayerReTagEvent was triggered on Akukis by bnx_xz with type PLAYER and reason ATTACKED.
[April 24, 2026 03:19:32.291AM UTC]  EntityDamageByEntityEvent was triggered by damaged PLAYER Akukis, damager PLAYER bnx_xz and cancelled false.
[April 24, 2026 03:19:32.295AM UTC]  PlayerPunishEvent was triggered on Akukis with reason SELF_DEATH and cancelled true.
[April 24, 2026 03:19:32.295AM UTC]  PlayerUntagEvent was triggered on Akukis with reason SELF_DEATH and expire set to true.
[April 24, 2026 03:19:33.439AM UTC]  EntityDamageByEntityEvent was triggered by damaged SHEEP Sheep, damager PLAYER Algorth and cancelled false.
[April 24, 2026 03:19:34.823AM UTC]  PlayerPunishEvent was triggered on srcapiii with reason EXPIRE and cancelled true.
[April 24, 2026 03:19:34.823AM UTC]  PlayerUntagEvent was triggered on srcapiii with reason EXPIRE and expire set to true.
[April 24, 2026 03:19:34.824AM UTC]  PlayerPunishEvent was triggered on bnx_xz with reason EXPIRE and cancelled true.
[April 24, 2026 03:19:34.824AM UTC]  PlayerUntagEvent was triggered on bnx_xz with reason EXPIRE and expire set to true.
[April 24, 2026 03:19:40.135AM UTC]  EntityDamageByEntityEvent was triggered by damaged PLAYER ElotakuN14, damager ZOMBIE Zombie and cancelled false.
[April 24, 2026 03:19:40.906AM UTC]  EntityDamageByEntityEvent was triggered by damaged ZOMBIE Zombie, damager PLAYER ElotakuN14 and cancelled false.
[April 24, 2026 03:19:41.411AM UTC]  EntityDamageByEntityEvent was triggered by damaged ZOMBIE Zombie, damager PLAYER ElotakuN14 and cancelled false.
[April 24, 2026 03:19:41.955AM UTC]  EntityDamageByEntityEvent was triggered by damaged ZOMBIE Zombie, damager PLAYER ElotakuN14 and cancelled false.
[April 24, 2026 03:19:42.605AM UTC]  EntityDamageByEntityEvent was triggered by damaged ZOMBIE Zombie, damager PLAYER ElotakuN14 and cancelled false.
[April 24, 2026 03:19:44.159AM UTC]  EntityDamageByEntityEvent was triggered by damaged CREEPER Creeper, damager PLAYER ElotakuN14 and cancelled false.
[April 24, 2026 03:19:45.254AM UTC]  EntityDamageByEntityEvent was triggered by damaged CREEPER Creeper, damager PLAYER ElotakuN14 and cancelled false.
[April 24, 2026 03:19:45.489AM UTC]  EntityDamageByEntityEvent was triggered by damaged ITEM Rotten Flesh, damager CREEPER Creeper and cancelled false.
[April 24, 2026 03:19:45.489AM UTC]  EntityDamageByEntityEvent was triggered by damaged PLAYER ElotakuN14, damager CREEPER Creeper and cancelled false.
[April 24, 2026 03:19:53.751AM UTC]  PlayerPreTagEvent was triggered on aqhez_ by Emilio100 with type PLAYER, reason ATTACKER, and cancelled false.
[April 24, 2026 03:19:53.751AM UTC]  PlayerTagEvent was triggered on aqhez_ by Emilio100 with type PLAYER and reason ATTACKER.
[April 24, 2026 03:19:53.752AM UTC]  PlayerPreTagEvent was triggered on Emilio100 by aqhez_ with type PLAYER, reason ATTACKED, and cancelled false.
[April 24, 2026 03:19:53.752AM UTC]  PlayerTagEvent was triggered on Emilio100 by aqhez_ with type PLAYER and reason ATTACKED.
[April 24, 2026 03:19:53.753AM UTC]  EntityDamageByEntityEvent was triggered by damaged PLAYER Emilio100, damager PLAYER aqhez_ and cancelled false.
[April 24, 2026 03:19:55.417AM UTC]  PlayerPreTagEvent was triggered on aqhez_ by Emilio100 with type PLAYER, reason ATTACKER, and cancelled false.
[April 24, 2026 03:19:55.418AM UTC]  PlayerReTagEvent was triggered on aqhez_ by Emilio100 with type PLAYER and reason ATTACKER.
[April 24, 2026 03:19:55.418AM UTC]  PlayerPreTagEvent was triggered on Emilio100 by aqhez_ with type PLAYER, reason ATTACKED, and cancelled false.
[April 24, 2026 03:19:55.418AM UTC]  PlayerReTagEvent was triggered on Emilio100 by aqhez_ with type PLAYER and reason ATTACKED.
[April 24, 2026 03:19:55.418AM UTC]  EntityDamageByEntityEvent was triggered by damaged PLAYER Emilio100, damager PLAYER aqhez_ and cancelled false.
[April 24, 2026 03:19:55.810AM UTC]  PlayerPreTagEvent was triggered on Emilio100 by aqhez_ with type PLAYER, reason ATTACKER, and cancelled false.
[April 24, 2026 03:19:55.811AM UTC]  PlayerReTagEvent was triggered on Emilio100 by aqhez_ with type PLAYER and reason ATTACKER.
[April 24, 2026 03:19:55.811AM UTC]  PlayerPreTagEvent was triggered on aqhez_ by Emilio100 with type PLAYER, reason ATTACKED, and cancelled false.
[April 24, 2026 03:19:55.811AM UTC]  PlayerReTagEvent was triggered on aqhez_ by Emilio100 with type PLAYER and reason ATTACKED.
[April 24, 2026 03:19:55.811AM UTC]  EntityDamageByEntityEvent was triggered by damaged PLAYER aqhez_, damager PLAYER Emilio100 and cancelled false.
[April 24, 2026 03:20:03.738AM UTC]  EntityDamageByEntityEvent was triggered by damaged PLAYER ElotakuN14, damager ARROW Arrow and cancelled false.
[April 24, 2026 03:20:06.637AM UTC]  EntityDamageByEntityEvent was triggered by damaged PLAYER ElotakuN14, damager ARROW Arrow and cancelled false.
[April 24, 2026 03:20:07.555AM UTC]  EntityDamageByEntityEvent was triggered by damaged SKELETON Skeleton, damager PLAYER ElotakuN14 and cancelled false.
[April 24, 2026 03:20:08.153AM UTC]  EntityDamageByEntityEvent was triggered by damaged SKELETON Skeleton, damager PLAYER ElotakuN14 and cancelled false.
[April 24, 2026 03:20:08.903AM UTC]  PlayerPreTagEvent was triggered on aqhez_ by bnx_xz with type PLAYER, reason ATTACKER, and cancelled false.
[April 24, 2026 03:20:08.903AM UTC]  PlayerReTagEvent was triggered on aqhez_ by bnx_xz with type PLAYER and reason ATTACKER.
[April 24, 2026 03:20:08.903AM UTC]  PlayerPreTagEvent was triggered on bnx_xz by aqhez_ with type PLAYER, reason ATTACKED, and cancelled false.
[April 24, 2026 03:20:08.903AM UTC]  PlayerTagEvent was triggered on bnx_xz by aqhez_ with type PLAYER and reason ATTACKED.
[April 24, 2026 03:20:08.904AM UTC]  EntityDamageByEntityEvent was triggered by damaged PLAYER bnx_xz, damager PLAYER aqhez_ and cancelled false.
[April 24, 2026 03:20:08.906AM UTC]  PlayerPunishEvent was triggered on bnx_xz with reason SELF_DEATH and cancelled true.
[April 24, 2026 03:20:08.906AM UTC]  PlayerUntagEvent was triggered on bnx_xz with reason SELF_DEATH and expire set to true.
[April 24, 2026 03:20:09.304AM UTC]  EntityDamageByEntityEvent was triggered by damaged SKELETON Skeleton, damager PLAYER ElotakuN14 and cancelled false.
[April 24, 2026 03:20:11.053AM UTC]  PlayerPreTagEvent was triggered on Akukis by aqhez_ with type PLAYER, reason ATTACKER, and cancelled false.
[April 24, 2026 03:20:11.054AM UTC]  PlayerTagEvent was triggered on Akukis by aqhez_ with type PLAYER and reason ATTACKER.
[April 24, 2026 03:20:11.054AM UTC]  PlayerPreTagEvent was triggered on aqhez_ by Akukis with type PLAYER, reason ATTACKED, and cancelled false.
[April 24, 2026 03:20:11.054AM UTC]  PlayerReTagEvent was triggered on aqhez_ by Akukis with type PLAYER and reason ATTACKED.
[April 24, 2026 03:20:11.055AM UTC]  EntityDamageByEntityEvent was triggered by damaged PLAYER aqhez_, damager PLAYER Akukis and cancelled false.
[April 24, 2026 03:20:11.356AM UTC]  EntityDamageByEntityEvent was triggered by damaged ZOMBIE Zombie, damager PLAYER ElotakuN14 and cancelled false.
[April 24, 2026 03:20:11.552AM UTC]  PlayerPreTagEvent was triggered on Akukis by aqhez_ with type PLAYER, reason ATTACKER, and cancelled false.
[April 24, 2026 03:20:11.552AM UTC]  PlayerReTagEvent was triggered on Akukis by aqhez_ with type PLAYER and reason ATTACKER.
[April 24, 2026 03:20:11.552AM UTC]  PlayerPreTagEvent was triggered on aqhez_ by Akukis with type PLAYER, reason ATTACKED, and cancelled false.
[April 24, 2026 03:20:11.552AM UTC]  PlayerReTagEvent was triggered on aqhez_ by Akukis with type PLAYER and reason ATTACKED.
[April 24, 2026 03:20:11.553AM UTC]  EntityDamageByEntityEvent was triggered by damaged PLAYER aqhez_, damager PLAYER Akukis and cancelled false.
[April 24, 2026 03:20:11.909AM UTC]  EntityDamageByEntityEvent was triggered by damaged ZOMBIE Zombie, damager PLAYER ElotakuN14 and cancelled false.
[April 24, 2026 03:20:12.102AM UTC]  PlayerPreTagEvent was triggered on Akukis by aqhez_ with type PLAYER, reason ATTACKER, and cancelled false.
[April 24, 2026 03:20:12.103AM UTC]  PlayerReTagEvent was triggered on Akukis by aqhez_ with type PLAYER and reason ATTACKER.
[April 24, 2026 03:20:12.103AM UTC]  PlayerPreTagEvent was triggered on aqhez_ by Akukis with type PLAYER, reason ATTACKED, and cancelled false.
[April 24, 2026 03:20:12.103AM UTC]  PlayerReTagEvent was triggered on aqhez_ by Akukis with type PLAYER and reason ATTACKED.
[April 24, 2026 03:20:12.103AM UTC]  EntityDamageByEntityEvent was triggered by damaged PLAYER aqhez_, damager PLAYER Akukis and cancelled false.
[April 24, 2026 03:20:13.001AM UTC]  EntityDamageByEntityEvent was triggered by damaged ZOMBIE Zombie, damager PLAYER ElotakuN14 and cancelled false.
[April 24, 2026 03:20:13.550AM UTC]  EntityDamageByEntityEvent was triggered by damaged ZOMBIE Zombie, damager PLAYER ElotakuN14 and cancelled false.
[April 24, 2026 03:20:15.823AM UTC]  PlayerPunishEvent was triggered on Emilio100 with reason EXPIRE and cancelled true.
[April 24, 2026 03:20:15.823AM UTC]  PlayerUntagEvent was triggered on Emilio100 with reason EXPIRE and expire set to true.
[April 24, 2026 03:20:19.056AM UTC]  PlayerPreTagEvent was triggered on srcapiii by aqhez_ with type PLAYER, reason ATTACKER, and cancelled false.
[April 24, 2026 03:20:19.057AM UTC]  PlayerTagEvent was triggered on srcapiii by aqhez_ with type PLAYER and reason ATTACKER.
[April 24, 2026 03:20:19.058AM UTC]  PlayerPreTagEvent was triggered on aqhez_ by srcapiii with type PLAYER, reason ATTACKED, and cancelled false.
[April 24, 2026 03:20:19.058AM UTC]  PlayerReTagEvent was triggered on aqhez_ by srcapiii with type PLAYER and reason ATTACKED.
[April 24, 2026 03:20:19.058AM UTC]  EntityDamageByEntityEvent was triggered by damaged PLAYER aqhez_, damager PLAYER srcapiii and cancelled false.
[April 24, 2026 03:20:25.102AM UTC]  PlayerPreTagEvent was triggered on srcapiii by Akukis with type PLAYER, reason ATTACKER, and cancelled false.
[April 24, 2026 03:20:25.102AM UTC]  PlayerReTagEvent was triggered on srcapiii by Akukis with type PLAYER and reason ATTACKER.
[April 24, 2026 03:20:25.102AM UTC]  PlayerPreTagEvent was triggered on Akukis by srcapiii with type PLAYER, reason ATTACKED, and cancelled false.
[April 24, 2026 03:20:25.102AM UTC]  PlayerReTagEvent was triggered on Akukis by srcapiii with type PLAYER and reason ATTACKED.
[April 24, 2026 03:20:25.103AM UTC]  EntityDamageByEntityEvent was triggered by damaged PLAYER Akukis, damager PLAYER srcapiii and cancelled false.
[April 24, 2026 03:20:28.753AM UTC]  PlayerPreTagEvent was triggered on Akukis by aqhez_ with type PLAYER, reason ATTACKER, and cancelled false.
[April 24, 2026 03:20:28.754AM UTC]  PlayerReTagEvent was triggered on Akukis by aqhez_ with type PLAYER and reason ATTACKER.
[April 24, 2026 03:20:28.754AM UTC]  PlayerPreTagEvent was triggered on aqhez_ by Akukis with type PLAYER, reason ATTACKED, and cancelled false.
[April 24, 2026 03:20:28.754AM UTC]  PlayerReTagEvent was triggered on aqhez_ by Akukis with type PLAYER and reason ATTACKED.
[April 24, 2026 03:20:28.754AM UTC]  EntityDamageByEntityEvent was triggered by damaged PLAYER aqhez_, damager PLAYER Akukis and cancelled false.
[April 24, 2026 03:20:36.904AM UTC]  PlayerPreTagEvent was triggered on aqhez_ by Akukis with type PLAYER, reason ATTACKER, and cancelled false.
[April 24, 2026 03:20:36.905AM UTC]  PlayerReTagEvent was triggered on aqhez_ by Akukis with type PLAYER and reason ATTACKER.
[April 24, 2026 03:20:36.905AM UTC]  PlayerPreTagEvent was triggered on Akukis by aqhez_ with type PLAYER, reason ATTACKED, and cancelled false.
[April 24, 2026 03:20:36.905AM UTC]  PlayerReTagEvent was triggered on Akukis by aqhez_ with type PLAYER and reason ATTACKED.
[April 24, 2026 03:20:36.905AM UTC]  EntityDamageByEntityEvent was triggered by damaged PLAYER Akukis, damager PLAYER aqhez_ and cancelled false.
[April 24, 2026 03:20:37.004AM UTC]  PlayerPreTagEvent was triggered on Akukis by aqhez_ with type PLAYER, reason ATTACKER, and cancelled false.
[April 24, 2026 03:20:37.004AM UTC]  PlayerReTagEvent was triggered on Akukis by aqhez_ with type PLAYER and reason ATTACKER.
[April 24, 2026 03:20:37.004AM UTC]  PlayerPreTagEvent was triggered on aqhez_ by Akukis with type PLAYER, reason ATTACKED, and cancelled false.
[April 24, 2026 03:20:37.005AM UTC]  PlayerReTagEvent was triggered on aqhez_ by Akukis with type PLAYER and reason ATTACKED.
[April 24, 2026 03:20:37.005AM UTC]  EntityDamageByEntityEvent was triggered by damaged PLAYER aqhez_, damager PLAYER Akukis and cancelled false.
[April 24, 2026 03:20:37.006AM UTC]  PlayerPunishEvent was triggered on aqhez_ with reason SELF_DEATH and cancelled true.
[April 24, 2026 03:20:37.007AM UTC]  PlayerUntagEvent was triggered on aqhez_ with reason SELF_DEATH and expire set to true.
[April 24, 2026 03:20:38.037AM UTC]  EntityDamageByEntityEvent was triggered by damaged PLAYER Algorth, damager ZOMBIE Zombie and cancelled false.
[April 24, 2026 03:20:38.069AM UTC]  EntityDamageByEntityEvent was triggered by damaged ZOMBIE Zombie, damager PLAYER Algorth and cancelled false.
[April 24, 2026 03:20:39.935AM UTC]  EntityDamageByEntityEvent was triggered by damaged PLAYER Algorth, damager ZOMBIE Zombie and cancelled false.
[April 24, 2026 03:20:40.935AM UTC]  EntityDamageByEntityEvent was triggered by damaged PLAYER Algorth, damager ZOMBIE Zombie and cancelled false.
[April 24, 2026 03:20:41.288AM UTC]  EntityDamageByEntityEvent was triggered by damaged ZOMBIE Zombie, damager PLAYER Algorth and cancelled false.
[April 24, 2026 03:20:41.788AM UTC]  EntityDamageByEntityEvent was triggered by damaged ZOMBIE Zombie, damager PLAYER Algorth and cancelled false.
[April 24, 2026 03:20:42.485AM UTC]  EntityDamageByEntityEvent was triggered by damaged PLAYER Algorth, damager ZOMBIE Zombie and cancelled false.
[April 24, 2026 03:20:42.518AM UTC]  EntityDamageByEntityEvent was triggered by damaged ZOMBIE Zombie, damager PLAYER Algorth and cancelled false.
[April 24, 2026 03:20:43.148AM UTC]  EntityDamageByEntityEvent was triggered by damaged ZOMBIE Zombie, damager PLAYER Algorth and cancelled false.
[April 24, 2026 03:20:44.234AM UTC]  EntityDamageByEntityEvent was triggered by damaged PLAYER Algorth, damager ZOMBIE Zombie and cancelled false.
[April 24, 2026 03:20:45.037AM UTC]  EntityDamageByEntityEvent was triggered by damaged ZOMBIE Zombie, damager PLAYER Algorth and cancelled false.
[April 24, 2026 03:20:45.323AM UTC]  PlayerPunishEvent was triggered on Akukis with reason EXPIRE and cancelled true.
[April 24, 2026 03:20:45.323AM UTC]  PlayerUntagEvent was triggered on Akukis with reason EXPIRE and expire set to true.
[April 24, 2026 03:20:45.323AM UTC]  PlayerPunishEvent was triggered on srcapiii with reason EXPIRE and cancelled true.
[April 24, 2026 03:20:45.323AM UTC]  PlayerUntagEvent was triggered on srcapiii with reason EXPIRE and expire set to true.
[April 24, 2026 03:20:47.967AM UTC]  PlayerPreTagEvent was triggered on bnx_xz by srcapiii with type PLAYER, reason ATTACKER, and cancelled false.
[April 24, 2026 03:20:47.968AM UTC]  PlayerTagEvent was triggered on bnx_xz by srcapiii with type PLAYER and reason ATTACKER.
[April 24, 2026 03:20:47.968AM UTC]  PlayerPreTagEvent was triggered on srcapiii by bnx_xz with type PLAYER, reason ATTACKED, and cancelled false.
[April 24, 2026 03:20:47.968AM UTC]  PlayerTagEvent was triggered on srcapiii by bnx_xz with type PLAYER and reason ATTACKED.
[April 24, 2026 03:20:47.969AM UTC]  EntityDamageByEntityEvent was triggered by damaged PLAYER srcapiii, damager PLAYER bnx_xz and cancelled false.
[April 24, 2026 03:20:47.970AM UTC]  PlayerPunishEvent was triggered on bnx_xz with reason ENEMY_DEATH and cancelled true.
[April 24, 2026 03:20:47.970AM UTC]  PlayerUntagEvent was triggered on bnx_xz with reason ENEMY_DEATH and expire set to true.
[April 24, 2026 03:20:47.971AM UTC]  PlayerPunishEvent was triggered on srcapiii with reason SELF_DEATH and cancelled true.
[April 24, 2026 03:20:47.971AM UTC]  PlayerUntagEvent was triggered on srcapiii with reason SELF_DEATH and expire set to true.
[April 24, 2026 03:20:49.353AM UTC]  PlayerPreTagEvent was triggered on Akukis by bnx_xz with type PLAYER, reason ATTACKER, and cancelled false.
[April 24, 2026 03:20:49.353AM UTC]  PlayerTagEvent was triggered on Akukis by bnx_xz with type PLAYER and reason ATTACKER.
[April 24, 2026 03:20:49.354AM UTC]  PlayerPreTagEvent was triggered on bnx_xz by Akukis with type PLAYER, reason ATTACKED, and cancelled false.
[April 24, 2026 03:20:49.354AM UTC]  PlayerTagEvent was triggered on bnx_xz by Akukis with type PLAYER and reason ATTACKED.
[April 24, 2026 03:20:49.354AM UTC]  EntityDamageByEntityEvent was triggered by damaged PLAYER bnx_xz, damager PLAYER Akukis and cancelled false.
[April 24, 2026 03:20:50.552AM UTC]  PlayerPreTagEvent was triggered on Akukis by bnx_xz with type PLAYER, reason ATTACKER, and cancelled false.
[April 24, 2026 03:20:50.552AM UTC]  PlayerReTagEvent was triggered on Akukis by bnx_xz with type PLAYER and reason ATTACKER.
[April 24, 2026 03:20:50.552AM UTC]  PlayerPreTagEvent was triggered on bnx_xz by Akukis with type PLAYER, reason ATTACKED, and cancelled false.
[April 24, 2026 03:20:50.552AM UTC]  PlayerReTagEvent was triggered on bnx_xz by Akukis with type PLAYER and reason ATTACKED.
[April 24, 2026 03:20:50.552AM UTC]  EntityDamageByEntityEvent was triggered by damaged PLAYER bnx_xz, damager PLAYER Akukis and cancelled false.
[April 24, 2026 03:20:51.504AM UTC]  PlayerPreTagEvent was triggered on Akukis by bnx_xz with type PLAYER, reason ATTACKER, and cancelled false.
[April 24, 2026 03:20:51.504AM UTC]  PlayerReTagEvent was triggered on Akukis by bnx_xz with type PLAYER and reason ATTACKER.
[April 24, 2026 03:20:51.504AM UTC]  PlayerPreTagEvent was triggered on bnx_xz by Akukis with type PLAYER, reason ATTACKED, and cancelled false.
[April 24, 2026 03:20:51.504AM UTC]  PlayerReTagEvent was triggered on bnx_xz by Akukis with type PLAYER and reason ATTACKED.
[April 24, 2026 03:20:51.504AM UTC]  EntityDamageByEntityEvent was triggered by damaged PLAYER bnx_xz, damager PLAYER Akukis and cancelled false.
[April 24, 2026 03:20:52.102AM UTC]  PlayerPreTagEvent was triggered on Akukis by bnx_xz with type PLAYER, reason ATTACKER, and cancelled false.
[April 24, 2026 03:20:52.102AM UTC]  PlayerReTagEvent was triggered on Akukis by bnx_xz with type PLAYER and reason ATTACKER.
[April 24, 2026 03:20:52.103AM UTC]  PlayerPreTagEvent was triggered on bnx_xz by Akukis with type PLAYER, reason ATTACKED, and cancelled false.
[April 24, 2026 03:20:52.103AM UTC]  PlayerReTagEvent was triggered on bnx_xz by Akukis with type PLAYER and reason ATTACKED.
[April 24, 2026 03:20:52.103AM UTC]  EntityDamageByEntityEvent was triggered by damaged PLAYER bnx_xz, damager PLAYER Akukis and cancelled false.
[April 24, 2026 03:20:54.147AM UTC]  PlayerPreTagEvent was triggered on srcapiii by aqhez_ with type PLAYER, reason ATTACKER, and cancelled false.
[April 24, 2026 03:20:54.148AM UTC]  PlayerTagEvent was triggered on srcapiii by aqhez_ with type PLAYER and reason ATTACKER.
[April 24, 2026 03:20:54.148AM UTC]  PlayerPreTagEvent was triggered on aqhez_ by srcapiii with type PLAYER, reason ATTACKED, and cancelled false.
[April 24, 2026 03:20:54.148AM UTC]  PlayerTagEvent was triggered on aqhez_ by srcapiii with type PLAYER and reason ATTACKED.
[April 24, 2026 03:20:54.149AM UTC]  EntityDamageByEntityEvent was triggered by damaged PLAYER aqhez_, damager PLAYER srcapiii and cancelled false.
[April 24, 2026 03:20:55.600AM UTC]  PlayerPreTagEvent was triggered on aqhez_ by srcapiii with type PLAYER, reason ATTACKER, and cancelled false.
[April 24, 2026 03:20:55.600AM UTC]  PlayerReTagEvent was triggered on aqhez_ by srcapiii with type PLAYER and reason ATTACKER.
[April 24, 2026 03:20:55.600AM UTC]  PlayerPreTagEvent was triggered on srcapiii by aqhez_ with type PLAYER, reason ATTACKED, and cancelled false.
[April 24, 2026 03:20:55.600AM UTC]  PlayerReTagEvent was triggered on srcapiii by aqhez_ with type PLAYER and reason ATTACKED.
[April 24, 2026 03:20:55.600AM UTC]  EntityDamageByEntityEvent was triggered by damaged PLAYER srcapiii, damager PLAYER aqhez_ and cancelled false.
[April 24, 2026 03:20:57.037AM UTC]  EntityDamageByEntityEvent was triggered by damaged PLAYER Algorth, damager ZOMBIE Zombie and cancelled false.
[April 24, 2026 03:20:57.041AM UTC]  EntityDamageByEntityEvent was triggered by damaged ZOMBIE Zombie, damager PLAYER Algorth and cancelled false.
[April 24, 2026 03:20:57.889AM UTC]  EntityDamageByEntityEvent was triggered by damaged ZOMBIE Zombie, damager PLAYER Algorth and cancelled false.
[April 24, 2026 03:20:58.389AM UTC]  EntityDamageByEntityEvent was triggered by damaged ZOMBIE Zombie, damager PLAYER Algorth and cancelled false.
[April 24, 2026 03:20:58.939AM UTC]  EntityDamageByEntityEvent was triggered by damaged ZOMBIE Zombie, damager PLAYER Algorth and cancelled false.
[April 24, 2026 03:20:59.335AM UTC]  EntityDamageByEntityEvent was triggered by damaged PLAYER Algorth, damager CREEPER Creeper and cancelled false.
[April 24, 2026 03:20:59.339AM UTC]  EntityDamageByEntityEvent was triggered by damaged ZOMBIE Zombie, damager CREEPER Creeper and cancelled false.
[April 24, 2026 03:21:03.168AM UTC]  PlayerPreTagEvent was triggered on srcapiii by Thedestructio with type PLAYER, reason ATTACKER, and cancelled false.
[April 24, 2026 03:21:03.169AM UTC]  PlayerReTagEvent was triggered on srcapiii by Thedestructio with type PLAYER and reason ATTACKER.
[April 24, 2026 03:21:03.169AM UTC]  PlayerPreTagEvent was triggered on Thedestructio by srcapiii with type PLAYER, reason ATTACKED, and cancelled false.
[April 24, 2026 03:21:03.169AM UTC]  PlayerTagEvent was triggered on Thedestructio by srcapiii with type PLAYER and reason ATTACKED.
[April 24, 2026 03:21:03.169AM UTC]  EntityDamageByEntityEvent was triggered by damaged PLAYER Thedestructio, damager PLAYER srcapiii and cancelled false.
[April 24, 2026 03:21:05.053AM UTC]  PlayerPreTagEvent was triggered on Akukis by bnx_xz with type PLAYER, reason ATTACKER, and cancelled false.
[April 24, 2026 03:21:05.053AM UTC]  PlayerReTagEvent was triggered on Akukis by bnx_xz with type PLAYER and reason ATTACKER.
[April 24, 2026 03:21:05.053AM UTC]  PlayerPreTagEvent was triggered on bnx_xz by Akukis with type PLAYER, reason ATTACKED, and cancelled false.
[April 24, 2026 03:21:05.053AM UTC]  PlayerReTagEvent was triggered on bnx_xz by Akukis with type PLAYER and reason ATTACKED.
[April 24, 2026 03:21:05.053AM UTC]  EntityDamageByEntityEvent was triggered by damaged PLAYER bnx_xz, damager PLAYER Akukis and cancelled false.
[April 24, 2026 03:21:05.055AM UTC]  PlayerPunishEvent was triggered on Akukis with reason ENEMY_DEATH and cancelled true.
[April 24, 2026 03:21:05.055AM UTC]  PlayerUntagEvent was triggered on Akukis with reason ENEMY_DEATH and expire set to true.
[April 24, 2026 03:21:05.056AM UTC]  PlayerPunishEvent was triggered on bnx_xz with reason SELF_DEATH and cancelled true.
[April 24, 2026 03:21:05.056AM UTC]  PlayerUntagEvent was triggered on bnx_xz with reason SELF_DEATH and expire set to true.
[April 24, 2026 03:21:06.260AM UTC]  PlayerPreTagEvent was triggered on Thedestructio by srcapiii with type PLAYER, reason ATTACKER, and cancelled false.
[April 24, 2026 03:21:06.261AM UTC]  PlayerReTagEvent was triggered on Thedestructio by srcapiii with type PLAYER and reason ATTACKER.
[April 24, 2026 03:21:06.261AM UTC]  PlayerPreTagEvent was triggered on srcapiii by Thedestructio with type PLAYER, reason ATTACKED, and cancelled false.
[April 24, 2026 03:21:06.261AM UTC]  PlayerReTagEvent was triggered on srcapiii by Thedestructio with type PLAYER and reason ATTACKED.
[April 24, 2026 03:21:06.261AM UTC]  EntityDamageByEntityEvent was triggered by damaged PLAYER srcapiii, damager PLAYER Thedestructio and cancelled false.
[April 24, 2026 03:21:06.891AM UTC]  PlayerPreTagEvent was triggered on Thedestructio by srcapiii with type PLAYER, reason ATTACKER, and cancelled false.
[April 24, 2026 03:21:06.891AM UTC]  PlayerReTagEvent was triggered on Thedestructio by srcapiii with type PLAYER and reason ATTACKER.
[April 24, 2026 03:21:06.891AM UTC]  PlayerPreTagEvent was triggered on srcapiii by Thedestructio with type PLAYER, reason ATTACKED, and cancelled false.
[April 24, 2026 03:21:06.891AM UTC]  PlayerReTagEvent was triggered on srcapiii by Thedestructio with type PLAYER and reason ATTACKED.
[April 24, 2026 03:21:06.891AM UTC]  EntityDamageByEntityEvent was triggered by damaged PLAYER srcapiii, damager PLAYER Thedestructio and cancelled false.
[April 24, 2026 03:21:07.954AM UTC]  PlayerPreTagEvent was triggered on srcapiii by Thedestructio with type PLAYER, reason ATTACKER, and cancelled false.
[April 24, 2026 03:21:07.954AM UTC]  PlayerReTagEvent was triggered on srcapiii by Thedestructio with type PLAYER and reason ATTACKER.
[April 24, 2026 03:21:07.954AM UTC]  PlayerPreTagEvent was triggered on Thedestructio by srcapiii with type PLAYER, reason ATTACKED, and cancelled false.
[April 24, 2026 03:21:07.954AM UTC]  PlayerReTagEvent was triggered on Thedestructio by srcapiii with type PLAYER and reason ATTACKED.
[April 24, 2026 03:21:07.954AM UTC]  EntityDamageByEntityEvent was triggered by damaged PLAYER Thedestructio, damager PLAYER srcapiii and cancelled false.
[April 24, 2026 03:21:08.039AM UTC]  PlayerPreTagEvent was triggered on Thedestructio by srcapiii with type PLAYER, reason ATTACKER, and cancelled false.
[April 24, 2026 03:21:08.040AM UTC]  PlayerReTagEvent was triggered on Thedestructio by srcapiii with type PLAYER and reason ATTACKER.
[April 24, 2026 03:21:08.040AM UTC]  PlayerPreTagEvent was triggered on srcapiii by Thedestructio with type PLAYER, reason ATTACKED, and cancelled false.
[April 24, 2026 03:21:08.040AM UTC]  PlayerReTagEvent was triggered on srcapiii by Thedestructio with type PLAYER and reason ATTACKED.
[April 24, 2026 03:21:08.040AM UTC]  EntityDamageByEntityEvent was triggered by damaged PLAYER srcapiii, damager PLAYER Thedestructio and cancelled false.
[April 24, 2026 03:21:08.690AM UTC]  PlayerPreTagEvent was triggered on srcapiii by Thedestructio with type PLAYER, reason ATTACKER, and cancelled false.
[April 24, 2026 03:21:08.691AM UTC]  PlayerReTagEvent was triggered on srcapiii by Thedestructio with type PLAYER and reason ATTACKER.
[April 24, 2026 03:21:08.691AM UTC]  PlayerPreTagEvent was triggered on Thedestructio by srcapiii with type PLAYER, reason ATTACKED, and cancelled false.
[April 24, 2026 03:21:08.691AM UTC]  PlayerReTagEvent was triggered on Thedestructio by srcapiii with type PLAYER and reason ATTACKED.
[April 24, 2026 03:21:08.691AM UTC]  EntityDamageByEntityEvent was triggered by damaged PLAYER Thedestructio, damager PLAYER srcapiii and cancelled false.
[April 24, 2026 03:21:09.291AM UTC]  PlayerPreTagEvent was triggered on srcapiii by Thedestructio with type PLAYER, reason ATTACKER, and cancelled false.
[April 24, 2026 03:21:09.292AM UTC]  PlayerReTagEvent was triggered on srcapiii by Thedestructio with type PLAYER and reason ATTACKER.
[April 24, 2026 03:21:09.292AM UTC]  PlayerPreTagEvent was triggered on Thedestructio by srcapiii with type PLAYER, reason ATTACKED, and cancelled false.
[April 24, 2026 03:21:09.292AM UTC]  PlayerReTagEvent was triggered on Thedestructio by srcapiii with type PLAYER and reason ATTACKED.
[April 24, 2026 03:21:09.292AM UTC]  EntityDamageByEntityEvent was triggered by damaged PLAYER Thedestructio, damager PLAYER srcapiii and cancelled false.
[April 24, 2026 03:21:09.950AM UTC]  PlayerPreTagEvent was triggered on srcapiii by Thedestructio with type PLAYER, reason ATTACKER, and cancelled false.
[April 24, 2026 03:21:09.950AM UTC]  PlayerReTagEvent was triggered on srcapiii by Thedestructio with type PLAYER and reason ATTACKER.
[April 24, 2026 03:21:09.950AM UTC]  PlayerPreTagEvent was triggered on Thedestructio by srcapiii with type PLAYER, reason ATTACKED, and cancelled false.
[April 24, 2026 03:21:09.950AM UTC]  PlayerReTagEvent was triggered on Thedestructio by srcapiii with type PLAYER and reason ATTACKED.
[April 24, 2026 03:21:09.951AM UTC]  EntityDamageByEntityEvent was triggered by damaged PLAYER Thedestructio, damager PLAYER srcapiii and cancelled false.
[April 24, 2026 03:21:10.803AM UTC]  PlayerPreTagEvent was triggered on Thedestructio by srcapiii with type PLAYER, reason ATTACKER, and cancelled false.
[April 24, 2026 03:21:10.803AM UTC]  PlayerReTagEvent was triggered on Thedestructio by srcapiii with type PLAYER and reason ATTACKER.
[April 24, 2026 03:21:10.804AM UTC]  PlayerPreTagEvent was triggered on srcapiii by Thedestructio with type PLAYER, reason ATTACKED, and cancelled false.
[April 24, 2026 03:21:10.804AM UTC]  PlayerReTagEvent was triggered on srcapiii by Thedestructio with type PLAYER and reason ATTACKED.
[April 24, 2026 03:21:10.804AM UTC]  EntityDamageByEntityEvent was triggered by damaged PLAYER srcapiii, damager PLAYER Thedestructio and cancelled false.
[April 24, 2026 03:21:10.805AM UTC]  PlayerPunishEvent was triggered on Thedestructio with reason ENEMY_DEATH and cancelled true.
[April 24, 2026 03:21:10.805AM UTC]  PlayerUntagEvent was triggered on Thedestructio with reason ENEMY_DEATH and expire set to true.
[April 24, 2026 03:21:10.806AM UTC]  PlayerPunishEvent was triggered on aqhez_ with reason ENEMY_DEATH and cancelled true.
[April 24, 2026 03:21:10.806AM UTC]  PlayerUntagEvent was triggered on aqhez_ with reason ENEMY_DEATH and expire set to true.
[April 24, 2026 03:21:10.806AM UTC]  PlayerPunishEvent was triggered on srcapiii with reason SELF_DEATH and cancelled true.
[April 24, 2026 03:21:10.806AM UTC]  PlayerUntagEvent was triggered on srcapiii with reason SELF_DEATH and expire set to true.
[April 24, 2026 03:21:16.988AM UTC]  EntityDamageByEntityEvent was triggered by damaged PLAYER Algorth, damager ARROW Arrow and cancelled false.
[April 24, 2026 03:21:36.553AM UTC]  PlayerPreTagEvent was triggered on Emilio100 by srcapiii with type PLAYER, reason ATTACKER, and cancelled false.
[April 24, 2026 03:21:36.553AM UTC]  PlayerTagEvent was triggered on Emilio100 by srcapiii with type PLAYER and reason ATTACKER.
[April 24, 2026 03:21:36.554AM UTC]  PlayerPreTagEvent was triggered on srcapiii by Emilio100 with type PLAYER, reason ATTACKED, and cancelled false.
[April 24, 2026 03:21:36.554AM UTC]  PlayerTagEvent was triggered on srcapiii by Emilio100 with type PLAYER and reason ATTACKED.
[April 24, 2026 03:21:36.554AM UTC]  EntityDamageByEntityEvent was triggered by damaged PLAYER srcapiii, damager PLAYER Emilio100 and cancelled false.
[April 24, 2026 03:21:38.051AM UTC]  PlayerPreTagEvent was triggered on Akukis by bnx_xz with type PLAYER, reason ATTACKER, and cancelled false.
[April 24, 2026 03:21:38.052AM UTC]  PlayerTagEvent was triggered on Akukis by bnx_xz with type PLAYER and reason ATTACKER.
[April 24, 2026 03:21:38.052AM UTC]  PlayerPreTagEvent was triggered on bnx_xz by Akukis with type PLAYER, reason ATTACKED, and cancelled false.
[April 24, 2026 03:21:38.052AM UTC]  PlayerTagEvent was triggered on bnx_xz by Akukis with type PLAYER and reason ATTACKED.
[April 24, 2026 03:21:38.053AM UTC]  EntityDamageByEntityEvent was triggered by damaged PLAYER bnx_xz, damager PLAYER Akukis and cancelled false.
[April 24, 2026 03:21:38.068AM UTC]  PlayerPreTagEvent was triggered on bnx_xz by Akukis with type PLAYER, reason ATTACKER, and cancelled false.
[April 24, 2026 03:21:38.068AM UTC]  PlayerReTagEvent was triggered on bnx_xz by Akukis with type PLAYER and reason ATTACKER.
[April 24, 2026 03:21:38.068AM UTC]  PlayerPreTagEvent was triggered on Akukis by bnx_xz with type PLAYER, reason ATTACKED, and cancelled false.
[April 24, 2026 03:21:38.068AM UTC]  PlayerReTagEvent was triggered on Akukis by bnx_xz with type PLAYER and reason ATTACKED.
[April 24, 2026 03:21:38.068AM UTC]  EntityDamageByEntityEvent was triggered by damaged PLAYER Akukis, damager PLAYER bnx_xz and cancelled false.
[April 24, 2026 03:21:38.242AM UTC]  EntityDamageByEntityEvent was triggered by damaged SKELETON Skeleton, damager PLAYER Algorth and cancelled false.
[April 24, 2026 03:21:38.339AM UTC]  EntityDamageByEntityEvent was triggered by damaged PLAYER Algorth, damager ARROW Arrow and cancelled false.
[April 24, 2026 03:21:38.554AM UTC]  PlayerPreTagEvent was triggered on Akukis by bnx_xz with type PLAYER, reason ATTACKER, and cancelled false.
[April 24, 2026 03:21:38.554AM UTC]  PlayerReTagEvent was triggered on Akukis by bnx_xz with type PLAYER and reason ATTACKER.
[April 24, 2026 03:21:38.555AM UTC]  PlayerPreTagEvent was triggered on bnx_xz by Akukis with type PLAYER, reason ATTACKED, and cancelled false.
[April 24, 2026 03:21:38.555AM UTC]  PlayerReTagEvent was triggered on bnx_xz by Akukis with type PLAYER and reason ATTACKED.
[April 24, 2026 03:21:38.555AM UTC]  EntityDamageByEntityEvent was triggered by damaged PLAYER bnx_xz, damager PLAYER Akukis and cancelled false.
[April 24, 2026 03:21:39.817AM UTC]  EntityDamageByEntityEvent was triggered by damaged SKELETON Skeleton, damager PLAYER Algorth and cancelled false.
[April 24, 2026 03:21:40.401AM UTC]  PlayerPreTagEvent was triggered on Akukis by bnx_xz with type PLAYER, reason ATTACKER, and cancelled false.
[April 24, 2026 03:21:40.402AM UTC]  PlayerReTagEvent was triggered on Akukis by bnx_xz with type PLAYER and reason ATTACKER.
[April 24, 2026 03:21:40.402AM UTC]  PlayerPreTagEvent was triggered on bnx_xz by Akukis with type PLAYER, reason ATTACKED, and cancelled false.
[April 24, 2026 03:21:40.402AM UTC]  PlayerReTagEvent was triggered on bnx_xz by Akukis with type PLAYER and reason ATTACKED.
[April 24, 2026 03:21:40.402AM UTC]  EntityDamageByEntityEvent was triggered by damaged PLAYER bnx_xz, damager PLAYER Akukis and cancelled false.
[April 24, 2026 03:21:40.537AM UTC]  EntityDamageByEntityEvent was triggered by damaged SKELETON Skeleton, damager PLAYER Algorth and cancelled false.
[April 24, 2026 03:21:41.286AM UTC]  EntityDamageByEntityEvent was triggered by damaged PLAYER Algorth, damager ARROW Arrow and cancelled false.
[April 24, 2026 03:21:41.287AM UTC]  EntityDamageByEntityEvent was triggered by damaged SKELETON Skeleton, damager PLAYER Algorth and cancelled false.
[April 24, 2026 03:21:42.039AM UTC]  EntityDamageByEntityEvent was triggered by damaged SKELETON Skeleton, damager PLAYER Algorth and cancelled false.
[April 24, 2026 03:21:45.438AM UTC]  PlayerPreTagEvent was triggered on bnx_xz by Akukis with type PLAYER, reason ATTACKER, and cancelled false.
[April 24, 2026 03:21:45.438AM UTC]  PlayerReTagEvent was triggered on bnx_xz by Akukis with type PLAYER and reason ATTACKER.
[April 24, 2026 03:21:45.438AM UTC]  PlayerPreTagEvent was triggered on Akukis by bnx_xz with type PLAYER, reason ATTACKED, and cancelled false.
[April 24, 2026 03:21:45.439AM UTC]  PlayerReTagEvent was triggered on Akukis by bnx_xz with type PLAYER and reason ATTACKED.
[April 24, 2026 03:21:45.439AM UTC]  EntityDamageByEntityEvent was triggered by damaged PLAYER Akukis, damager PLAYER bnx_xz and cancelled false.
[April 24, 2026 03:21:45.503AM UTC]  PlayerPreTagEvent was triggered on Akukis by bnx_xz with type PLAYER, reason ATTACKER, and cancelled false.
[April 24, 2026 03:21:45.503AM UTC]  PlayerReTagEvent was triggered on Akukis by bnx_xz with type PLAYER and reason ATTACKER.
[April 24, 2026 03:21:45.503AM UTC]  PlayerPreTagEvent was triggered on bnx_xz by Akukis with type PLAYER, reason ATTACKED, and cancelled false.
[April 24, 2026 03:21:45.503AM UTC]  PlayerReTagEvent was triggered on bnx_xz by Akukis with type PLAYER and reason ATTACKED.
[April 24, 2026 03:21:45.504AM UTC]  EntityDamageByEntityEvent was triggered by damaged PLAYER bnx_xz, damager PLAYER Akukis and cancelled false.
[April 24, 2026 03:21:47.253AM UTC]  PlayerPreTagEvent was triggered on Akukis by bnx_xz with type PLAYER, reason ATTACKER, and cancelled false.
[April 24, 2026 03:21:47.253AM UTC]  PlayerReTagEvent was triggered on Akukis by bnx_xz with type PLAYER and reason ATTACKER.
[April 24, 2026 03:21:47.253AM UTC]  PlayerPreTagEvent was triggered on bnx_xz by Akukis with type PLAYER, reason ATTACKED, and cancelled false.
[April 24, 2026 03:21:47.253AM UTC]  PlayerReTagEvent was triggered on bnx_xz by Akukis with type PLAYER and reason ATTACKED.
[April 24, 2026 03:21:47.254AM UTC]  EntityDamageByEntityEvent was triggered by damaged PLAYER bnx_xz, damager PLAYER Akukis and cancelled false.
[April 24, 2026 03:21:47.753AM UTC]  PlayerPreTagEvent was triggered on Akukis by bnx_xz with type PLAYER, reason ATTACKER, and cancelled false.
[April 24, 2026 03:21:47.753AM UTC]  PlayerReTagEvent was triggered on Akukis by bnx_xz with type PLAYER and reason ATTACKER.
[April 24, 2026 03:21:47.753AM UTC]  PlayerPreTagEvent was triggered on bnx_xz by Akukis with type PLAYER, reason ATTACKED, and cancelled false.
[April 24, 2026 03:21:47.754AM UTC]  PlayerReTagEvent was triggered on bnx_xz by Akukis with type PLAYER and reason ATTACKED.
[April 24, 2026 03:21:47.754AM UTC]  EntityDamageByEntityEvent was triggered by damaged PLAYER bnx_xz, damager PLAYER Akukis and cancelled false.
[April 24, 2026 03:21:56.823AM UTC]  PlayerPunishEvent was triggered on srcapiii with reason EXPIRE and cancelled true.
[April 24, 2026 03:21:56.824AM UTC]  PlayerUntagEvent was triggered on srcapiii with reason EXPIRE and expire set to true.
[April 24, 2026 03:21:56.824AM UTC]  PlayerPunishEvent was triggered on Emilio100 with reason EXPIRE and cancelled true.
[April 24, 2026 03:21:56.824AM UTC]  PlayerUntagEvent was triggered on Emilio100 with reason EXPIRE and expire set to true.
[April 24, 2026 03:21:58.653AM UTC]  PlayerPreTagEvent was triggered on Akukis by bnx_xz with type PLAYER, reason ATTACKER, and cancelled false.
[April 24, 2026 03:21:58.654AM UTC]  PlayerReTagEvent was triggered on Akukis by bnx_xz with type PLAYER and reason ATTACKER.
[April 24, 2026 03:21:58.654AM UTC]  PlayerPreTagEvent was triggered on bnx_xz by Akukis with type PLAYER, reason ATTACKED, and cancelled false.
[April 24, 2026 03:21:58.654AM UTC]  PlayerReTagEvent was triggered on bnx_xz by Akukis with type PLAYER and reason ATTACKED.
[April 24, 2026 03:21:58.654AM UTC]  EntityDamageByEntityEvent was triggered by damaged PLAYER bnx_xz, damager PLAYER Akukis and cancelled false.
[April 24, 2026 03:21:59.252AM UTC]  PlayerPreTagEvent was triggered on Akukis by bnx_xz with type PLAYER, reason ATTACKER, and cancelled false.
[April 24, 2026 03:21:59.252AM UTC]  PlayerReTagEvent was triggered on Akukis by bnx_xz with type PLAYER and reason ATTACKER.
[April 24, 2026 03:21:59.252AM UTC]  PlayerPreTagEvent was triggered on bnx_xz by Akukis with type PLAYER, reason ATTACKED, and cancelled false.
[April 24, 2026 03:21:59.252AM UTC]  PlayerReTagEvent was triggered on bnx_xz by Akukis with type PLAYER and reason ATTACKED.
[April 24, 2026 03:21:59.252AM UTC]  EntityDamageByEntityEvent was triggered by damaged PLAYER bnx_xz, damager PLAYER Akukis and cancelled false.
[April 24, 2026 03:21:59.256AM UTC]  PlayerPunishEvent was triggered on Akukis with reason ENEMY_DEATH and cancelled true.
[April 24, 2026 03:21:59.256AM UTC]  PlayerUntagEvent was triggered on Akukis with reason ENEMY_DEATH and expire set to true.
[April 24, 2026 03:21:59.256AM UTC]  PlayerPunishEvent was triggered on bnx_xz with reason SELF_DEATH and cancelled true.
[April 24, 2026 03:21:59.256AM UTC]  PlayerUntagEvent was triggered on bnx_xz with reason SELF_DEATH and expire set to true.
[April 24, 2026 03:22:10.400AM UTC]  EntityDamageByEntityEvent was triggered by damaged SHEEP Sheep, damager PLAYER Emilio100 and cancelled false.
[April 24, 2026 03:22:11.064AM UTC]  EntityDamageByEntityEvent was triggered by damaged SHEEP Sheep, damager PLAYER Emilio100 and cancelled false.
[April 24, 2026 03:22:12.991AM UTC]  EntityDamageByEntityEvent was triggered by damaged SKELETON Skeleton, damager PLAYER Algorth and cancelled false.
[April 24, 2026 03:22:13.771AM UTC]  EntityDamageByEntityEvent was triggered by damaged SKELETON Skeleton, damager PLAYER Algorth and cancelled false.
[April 24, 2026 03:22:14.440AM UTC]  EntityDamageByEntityEvent was triggered by damaged PLAYER Algorth, damager ARROW Arrow and cancelled false.
[April 24, 2026 03:22:14.515AM UTC]  EntityDamageByEntityEvent was triggered by damaged SKELETON Skeleton, damager PLAYER Algorth and cancelled false.
[April 24, 2026 03:22:15.157AM UTC]  EntityDamageByEntityEvent was triggered by damaged COW Cow, damager PLAYER Emilio100 and cancelled false.
[April 24, 2026 03:22:15.464AM UTC]  EntityDamageByEntityEvent was triggered by damaged SKELETON Skeleton, damager PLAYER Algorth and cancelled false.
[April 24, 2026 03:22:15.765AM UTC]  EntityDamageByEntityEvent was triggered by damaged COW Cow, damager PLAYER Emilio100 and cancelled false.
[April 24, 2026 03:22:18.005AM UTC]  EntityDamageByEntityEvent was triggered by damaged PIG Pig, damager PLAYER Emilio100 and cancelled false.
[April 24, 2026 03:22:18.911AM UTC]  EntityDamageByEntityEvent was triggered by damaged PIG Pig, damager PLAYER Emilio100 and cancelled false.
[April 24, 2026 03:22:23.004AM UTC]  EntityDamageByEntityEvent was triggered by damaged PIG Pig, damager PLAYER aqhez_ and cancelled false.
[April 24, 2026 03:22:23.095AM UTC]  EntityDamageByEntityEvent was triggered by damaged VILLAGER Villager, damager PLAYER srcapiii and cancelled false.
[April 24, 2026 03:22:24.396AM UTC]  EntityDamageByEntityEvent was triggered by damaged VILLAGER Villager, damager PLAYER srcapiii and cancelled false.
[April 24, 2026 03:22:26.657AM UTC]  EntityDamageByEntityEvent was triggered by damaged PIG Pig, damager PLAYER Emilio100 and cancelled false.
[April 24, 2026 03:22:27.202AM UTC]  EntityDamageByEntityEvent was triggered by damaged PIG Pig, damager PLAYER Akukis and cancelled false.
[April 24, 2026 03:22:27.751AM UTC]  EntityDamageByEntityEvent was triggered by damaged PIG Pig, damager PLAYER Akukis and cancelled false.
[April 24, 2026 03:22:49.261AM UTC]  EntityDamageByEntityEvent was triggered by damaged PIG Pig, damager PLAYER Emilio100 and cancelled false.
[April 24, 2026 03:22:49.747AM UTC]  PlayerPreTagEvent was triggered on srcapiii by panamiguel with type PLAYER, reason ATTACKER, and cancelled false.
[April 24, 2026 03:22:49.748AM UTC]  PlayerTagEvent was triggered on srcapiii by panamiguel with type PLAYER and reason ATTACKER.
[April 24, 2026 03:22:49.748AM UTC]  PlayerPreTagEvent was triggered on panamiguel by srcapiii with type PLAYER, reason ATTACKED, and cancelled false.
[April 24, 2026 03:22:49.748AM UTC]  PlayerTagEvent was triggered on panamiguel by srcapiii with type PLAYER and reason ATTACKED.
[April 24, 2026 03:22:49.748AM UTC]  EntityDamageByEntityEvent was triggered by damaged PLAYER panamiguel, damager PLAYER srcapiii and cancelled false.
[April 24, 2026 03:22:50.594AM UTC]  PlayerPreTagEvent was triggered on srcapiii by panamiguel with type PLAYER, reason ATTACKER, and cancelled false.
[April 24, 2026 03:22:50.594AM UTC]  PlayerReTagEvent was triggered on srcapiii by panamiguel with type PLAYER and reason ATTACKER.
[April 24, 2026 03:22:50.595AM UTC]  PlayerPreTagEvent was triggered on panamiguel by srcapiii with type PLAYER, reason ATTACKED, and cancelled false.
[April 24, 2026 03:22:50.595AM UTC]  PlayerReTagEvent was triggered on panamiguel by srcapiii with type PLAYER and reason ATTACKED.
[April 24, 2026 03:22:50.595AM UTC]  EntityDamageByEntityEvent was triggered by damaged PLAYER panamiguel, damager PLAYER srcapiii and cancelled false.
[April 24, 2026 03:22:51.115AM UTC]  EntityDamageByEntityEvent was triggered by damaged PIG Pig, damager PLAYER Emilio100 and cancelled false.
[April 24, 2026 03:22:51.362AM UTC]  PlayerPreTagEvent was triggered on srcapiii by panamiguel with type PLAYER, reason ATTACKER, and cancelled false.
[April 24, 2026 03:22:51.363AM UTC]  PlayerReTagEvent was triggered on srcapiii by panamiguel with type PLAYER and reason ATTACKER.
[April 24, 2026 03:22:51.363AM UTC]  PlayerPreTagEvent was triggered on panamiguel by srcapiii with type PLAYER, reason ATTACKED, and cancelled false.
[April 24, 2026 03:22:51.363AM UTC]  PlayerReTagEvent was triggered on panamiguel by srcapiii with type PLAYER and reason ATTACKED.
[April 24, 2026 03:22:51.363AM UTC]  EntityDamageByEntityEvent was triggered by damaged PLAYER panamiguel, damager PLAYER srcapiii and cancelled false.
[April 24, 2026 03:23:00.339AM UTC]  EntityDamageByEntityEvent was triggered by damaged PLAYER Algorth, damager ZOMBIE Zombie and cancelled false.
[April 24, 2026 03:23:00.419AM UTC]  EntityDamageByEntityEvent was triggered by damaged ZOMBIE Zombie, damager PLAYER Algorth and cancelled false.
[April 24, 2026 03:23:01.316AM UTC]  EntityDamageByEntityEvent was triggered by damaged ZOMBIE Zombie, damager PLAYER Algorth and cancelled false.
[April 24, 2026 03:23:02.041AM UTC]  EntityDamageByEntityEvent was triggered by damaged ZOMBIE Zombie, damager PLAYER Algorth and cancelled false.
[April 24, 2026 03:23:03.338AM UTC]  EntityDamageByEntityEvent was triggered by damaged PLAYER Algorth, damager ZOMBIE Zombie and cancelled false.
[April 24, 2026 03:23:03.472AM UTC]  EntityDamageByEntityEvent was triggered by damaged ZOMBIE Zombie, damager PLAYER Algorth and cancelled false.
[April 24, 2026 03:23:04.265AM UTC]  EntityDamageByEntityEvent was triggered by damaged ZOMBIE Zombie, damager PLAYER Algorth and cancelled false.
[April 24, 2026 03:23:11.250AM UTC]  EntityDamageByEntityEvent was triggered by damaged SHEEP Sheep, damager PLAYER aqhez_ and cancelled false.
[April 24, 2026 03:23:11.823AM UTC]  PlayerPunishEvent was triggered on srcapiii with reason EXPIRE and cancelled true.
[April 24, 2026 03:23:11.823AM UTC]  PlayerUntagEvent was triggered on srcapiii with reason EXPIRE and expire set to true.
[April 24, 2026 03:23:11.823AM UTC]  PlayerPunishEvent was triggered on panamiguel with reason EXPIRE and cancelled true.
[April 24, 2026 03:23:11.823AM UTC]  PlayerUntagEvent was triggered on panamiguel with reason EXPIRE and expire set to true.
[April 24, 2026 03:23:17.772AM UTC]  PlayerPreTagEvent was triggered on bnx_xz by srcapiii with type PLAYER, reason ATTACKER, and cancelled false.
[April 24, 2026 03:23:17.773AM UTC]  PlayerTagEvent was triggered on bnx_xz by srcapiii with type PLAYER and reason ATTACKER.
[April 24, 2026 03:23:17.773AM UTC]  PlayerPreTagEvent was triggered on srcapiii by bnx_xz with type PLAYER, reason ATTACKED, and cancelled false.
[April 24, 2026 03:23:17.773AM UTC]  PlayerTagEvent was triggered on srcapiii by bnx_xz with type PLAYER and reason ATTACKED.
[April 24, 2026 03:23:17.774AM UTC]  EntityDamageByEntityEvent was triggered by damaged PLAYER srcapiii, damager PLAYER bnx_xz and cancelled false.
[April 24, 2026 03:23:19.712AM UTC]  PlayerPreTagEvent was triggered on haw1kEyE1 by bnx_xz with type PLAYER, reason ATTACKER, and cancelled false.
[April 24, 2026 03:23:19.713AM UTC]  PlayerTagEvent was triggered on haw1kEyE1 by bnx_xz with type PLAYER and reason ATTACKER.
[April 24, 2026 03:23:19.713AM UTC]  PlayerPreTagEvent was triggered on bnx_xz by haw1kEyE1 with type PLAYER, reason ATTACKED, and cancelled false.
[April 24, 2026 03:23:19.713AM UTC]  PlayerReTagEvent was triggered on bnx_xz by haw1kEyE1 with type PLAYER and reason ATTACKED.
[April 24, 2026 03:23:19.713AM UTC]  EntityDamageByEntityEvent was triggered by damaged PLAYER bnx_xz, damager PLAYER haw1kEyE1 and cancelled false.
[April 24, 2026 03:23:20.961AM UTC]  PlayerPreTagEvent was triggered on haw1kEyE1 by bnx_xz with type PLAYER, reason ATTACKER, and cancelled false.
[April 24, 2026 03:23:20.961AM UTC]  PlayerReTagEvent was triggered on haw1kEyE1 by bnx_xz with type PLAYER and reason ATTACKER.
[April 24, 2026 03:23:20.962AM UTC]  PlayerPreTagEvent was triggered on bnx_xz by haw1kEyE1 with type PLAYER, reason ATTACKED, and cancelled false.
[April 24, 2026 03:23:20.962AM UTC]  PlayerReTagEvent was triggered on bnx_xz by haw1kEyE1 with type PLAYER and reason ATTACKED.
[April 24, 2026 03:23:20.962AM UTC]  EntityDamageByEntityEvent was triggered by damaged PLAYER bnx_xz, damager PLAYER haw1kEyE1 and cancelled false.
[April 24, 2026 03:23:22.356AM UTC]  PlayerPreTagEvent was triggered on srcapiii by bnx_xz with type PLAYER, reason ATTACKER, and cancelled false.
[April 24, 2026 03:23:22.357AM UTC]  PlayerReTagEvent was triggered on srcapiii by bnx_xz with type PLAYER and reason ATTACKER.
[April 24, 2026 03:23:22.357AM UTC]  PlayerPreTagEvent was triggered on bnx_xz by srcapiii with type PLAYER, reason ATTACKED, and cancelled false.
[April 24, 2026 03:23:22.357AM UTC]  PlayerReTagEvent was triggered on bnx_xz by srcapiii with type PLAYER and reason ATTACKED.
[April 24, 2026 03:23:22.358AM UTC]  EntityDamageByEntityEvent was triggered by damaged PLAYER bnx_xz, damager PLAYER srcapiii and cancelled false.
[April 24, 2026 03:23:22.361AM UTC]  PlayerPunishEvent was triggered on haw1kEyE1 with reason ENEMY_DEATH and cancelled true.
[April 24, 2026 03:23:22.362AM UTC]  PlayerUntagEvent was triggered on haw1kEyE1 with reason ENEMY_DEATH and expire set to true.
[April 24, 2026 03:23:22.362AM UTC]  PlayerPunishEvent was triggered on srcapiii with reason ENEMY_DEATH and cancelled true.
[April 24, 2026 03:23:22.362AM UTC]  PlayerUntagEvent was triggered on srcapiii with reason ENEMY_DEATH and expire set to true.
[April 24, 2026 03:23:22.362AM UTC]  PlayerPunishEvent was triggered on bnx_xz with reason SELF_DEATH and cancelled true.
[April 24, 2026 03:23:22.362AM UTC]  PlayerUntagEvent was triggered on bnx_xz with reason SELF_DEATH and expire set to true.
[April 24, 2026 03:23:23.408AM UTC]  EntityDamageByEntityEvent was triggered by damaged SHEEP Sheep, damager PLAYER aqhez_ and cancelled false.
[April 24, 2026 03:23:24.160AM UTC]  PlayerPreTagEvent was triggered on haw1kEyE1 by srcapiii with type PLAYER, reason ATTACKER, and cancelled false.
[April 24, 2026 03:23:24.161AM UTC]  PlayerTagEvent was triggered on haw1kEyE1 by srcapiii with type PLAYER and reason ATTACKER.
[April 24, 2026 03:23:24.161AM UTC]  PlayerPreTagEvent was triggered on srcapiii by haw1kEyE1 with type PLAYER, reason ATTACKED, and cancelled false.
[April 24, 2026 03:23:24.161AM UTC]  PlayerTagEvent was triggered on srcapiii by haw1kEyE1 with type PLAYER and reason ATTACKED.
[April 24, 2026 03:23:24.162AM UTC]  EntityDamageByEntityEvent was triggered by damaged PLAYER srcapiii, damager PLAYER haw1kEyE1 and cancelled false.
[April 24, 2026 03:23:24.164AM UTC]  PlayerPunishEvent was triggered on haw1kEyE1 with reason ENEMY_DEATH and cancelled true.
[April 24, 2026 03:23:24.164AM UTC]  PlayerUntagEvent was triggered on haw1kEyE1 with reason ENEMY_DEATH and expire set to true.
[April 24, 2026 03:23:24.164AM UTC]  PlayerPunishEvent was triggered on srcapiii with reason SELF_DEATH and cancelled true.
[April 24, 2026 03:23:24.164AM UTC]  PlayerUntagEvent was triggered on srcapiii with reason SELF_DEATH and expire set to true.
[April 24, 2026 03:23:44.517AM UTC]  EntityDamageByEntityEvent was triggered by damaged COD Cod, damager PLAYER Mrjorge0124 and cancelled false.
[April 24, 2026 03:23:56.363AM UTC]  EntityDamageByEntityEvent was triggered by damaged PIG Pig, damager PLAYER Thedestructio and cancelled false.
[April 24, 2026 03:23:56.969AM UTC]  EntityDamageByEntityEvent was triggered by damaged PIG Pig, damager PLAYER Thedestructio and cancelled false.
[April 24, 2026 03:23:59.820AM UTC]  PlayerPreTagEvent was triggered on haw1kEyE1 by Thedestructio with type PLAYER, reason ATTACKER, and cancelled false.
[April 24, 2026 03:23:59.820AM UTC]  PlayerTagEvent was triggered on haw1kEyE1 by Thedestructio with type PLAYER and reason ATTACKER.
[April 24, 2026 03:23:59.821AM UTC]  PlayerPreTagEvent was triggered on Thedestructio by haw1kEyE1 with type PLAYER, reason ATTACKED, and cancelled false.
[April 24, 2026 03:23:59.821AM UTC]  PlayerTagEvent was triggered on Thedestructio by haw1kEyE1 with type PLAYER and reason ATTACKED.
[April 24, 2026 03:23:59.821AM UTC]  EntityDamageByEntityEvent was triggered by damaged PLAYER Thedestructio, damager PLAYER haw1kEyE1 and cancelled false.
[April 24, 2026 03:24:15.739AM UTC]  PlayerPreTagEvent was triggered on haw1kEyE1 by Thedestructio with type PLAYER, reason ATTACKER, and cancelled false.
[April 24, 2026 03:24:15.740AM UTC]  PlayerReTagEvent was triggered on haw1kEyE1 by Thedestructio with type PLAYER and reason ATTACKER.
[April 24, 2026 03:24:15.740AM UTC]  PlayerPreTagEvent was triggered on Thedestructio by haw1kEyE1 with type PLAYER, reason ATTACKED, and cancelled false.
[April 24, 2026 03:24:15.740AM UTC]  PlayerReTagEvent was triggered on Thedestructio by haw1kEyE1 with type PLAYER and reason ATTACKED.
[April 24, 2026 03:24:15.740AM UTC]  EntityDamageByEntityEvent was triggered by damaged PLAYER Thedestructio, damager PLAYER haw1kEyE1 and cancelled false.
[April 24, 2026 03:24:15.743AM UTC]  PlayerPunishEvent was triggered on haw1kEyE1 with reason ENEMY_DEATH and cancelled true.
[April 24, 2026 03:24:15.743AM UTC]  PlayerUntagEvent was triggered on haw1kEyE1 with reason ENEMY_DEATH and expire set to true.
[April 24, 2026 03:24:15.743AM UTC]  PlayerPunishEvent was triggered on Thedestructio with reason SELF_DEATH and cancelled true.
[April 24, 2026 03:24:15.744AM UTC]  PlayerUntagEvent was triggered on Thedestructio with reason SELF_DEATH and expire set to true.
[April 24, 2026 03:24:56.662AM UTC]  EntityDamageByEntityEvent was triggered by damaged IRON_GOLEM Iron Golem, damager PLAYER haw1kEyE1 and cancelled false.
[April 24, 2026 03:25:02.864AM UTC]  EntityDamageByEntityEvent was triggered by damaged IRON_GOLEM Iron Golem, damager PLAYER haw1kEyE1 and cancelled false.
[April 24, 2026 03:25:04.412AM UTC]  EntityDamageByEntityEvent was triggered by damaged IRON_GOLEM Iron Golem, damager PLAYER haw1kEyE1 and cancelled false.
[April 24, 2026 03:25:05.768AM UTC]  EntityDamageByEntityEvent was triggered by damaged IRON_GOLEM Iron Golem, damager PLAYER haw1kEyE1 and cancelled false.
[April 24, 2026 03:25:07.012AM UTC]  EntityDamageByEntityEvent was triggered by damaged IRON_GOLEM Iron Golem, damager PLAYER haw1kEyE1 and cancelled false.
[April 24, 2026 03:25:08.362AM UTC]  EntityDamageByEntityEvent was triggered by damaged IRON_GOLEM Iron Golem, damager PLAYER haw1kEyE1 and cancelled false.
[April 24, 2026 03:25:09.563AM UTC]  EntityDamageByEntityEvent was triggered by damaged IRON_GOLEM Iron Golem, damager PLAYER haw1kEyE1 and cancelled false.
[April 24, 2026 03:25:10.662AM UTC]  EntityDamageByEntityEvent was triggered by damaged IRON_GOLEM Iron Golem, damager PLAYER haw1kEyE1 and cancelled false.
[April 24, 2026 03:25:12.163AM UTC]  EntityDamageByEntityEvent was triggered by damaged IRON_GOLEM Iron Golem, damager PLAYER haw1kEyE1 and cancelled false.
[April 24, 2026 03:25:13.563AM UTC]  EntityDamageByEntityEvent was triggered by damaged IRON_GOLEM Iron Golem, damager PLAYER haw1kEyE1 and cancelled false.
[April 24, 2026 03:25:14.865AM UTC]  EntityDamageByEntityEvent was triggered by damaged IRON_GOLEM Iron Golem, damager PLAYER haw1kEyE1 and cancelled false.
[April 24, 2026 03:25:20.595AM UTC]  EntityDamageByEntityEvent was triggered by damaged SHEEP Sheep, damager PLAYER Thedestructio and cancelled false.
[April 24, 2026 03:25:21.851AM UTC]  EntityDamageByEntityEvent was triggered by damaged SHEEP Sheep, damager PLAYER Thedestructio and cancelled false.
[April 24, 2026 03:25:22.188AM UTC]  EntityDamageByEntityEvent was triggered by damaged PLAYER aqhez_, damager ARROW Arrow and cancelled false.
[April 24, 2026 03:25:24.253AM UTC]  EntityDamageByEntityEvent was triggered by damaged SKELETON Skeleton, damager PLAYER aqhez_ and cancelled false.
[April 24, 2026 03:25:24.356AM UTC]  EntityDamageByEntityEvent was triggered by damaged SHEEP Sheep, damager PLAYER Thedestructio and cancelled false.
[April 24, 2026 03:25:25.239AM UTC]  EntityDamageByEntityEvent was triggered by damaged IRON_GOLEM Iron Golem, damager ZOMBIE Zombie and cancelled false.
[April 24, 2026 03:25:25.284AM UTC]  EntityDamageByEntityEvent was triggered by damaged ZOMBIE Zombie, damager IRON_GOLEM Iron Golem and cancelled false.
[April 24, 2026 03:25:25.701AM UTC]  EntityDamageByEntityEvent was triggered by damaged SHEEP Sheep, damager PLAYER Thedestructio and cancelled false.
[April 24, 2026 03:25:26.234AM UTC]  EntityDamageByEntityEvent was triggered by damaged IRON_GOLEM Iron Golem, damager ZOMBIE Zombie and cancelled false.
[April 24, 2026 03:25:26.287AM UTC]  EntityDamageByEntityEvent was triggered by damaged ZOMBIE Zombie, damager IRON_GOLEM Iron Golem and cancelled false.
[April 24, 2026 03:25:26.299AM UTC]  EntityDamageByEntityEvent was triggered by damaged SHEEP Sheep, damager PLAYER Thedestructio and cancelled false.
[April 24, 2026 03:25:26.399AM UTC]  EntityDamageByEntityEvent was triggered by damaged SKELETON Skeleton, damager PLAYER aqhez_ and cancelled false.
[April 24, 2026 03:25:27.003AM UTC]  EntityDamageByEntityEvent was triggered by damaged SKELETON Skeleton, damager PLAYER aqhez_ and cancelled false.
[April 24, 2026 03:25:28.354AM UTC]  EntityDamageByEntityEvent was triggered by damaged SKELETON Skeleton, damager PLAYER aqhez_ and cancelled false.
[April 24, 2026 03:25:28.870AM UTC]  EntityDamageByEntityEvent was triggered by damaged COD Cod, damager PLAYER Mrjorge0124 and cancelled false.
[April 24, 2026 03:25:49.685AM UTC]  EntityDamageByEntityEvent was triggered by damaged PLAYER haw1kEyE1, damager ZOMBIE Zombie and cancelled false.
[April 24, 2026 03:25:49.714AM UTC]  EntityDamageByEntityEvent was triggered by damaged ZOMBIE Zombie, damager PLAYER haw1kEyE1 and cancelled false.
[April 24, 2026 03:25:50.756AM UTC]  EntityDamageByEntityEvent was triggered by damaged PLAYER haw1kEyE1, damager ZOMBIE Zombie and cancelled false.
[April 24, 2026 03:25:50.818AM UTC]  EntityDamageByEntityEvent was triggered by damaged ZOMBIE Zombie, damager PLAYER haw1kEyE1 and cancelled false.
[April 24, 2026 03:25:54.711AM UTC]  EntityDamageByEntityEvent was triggered by damaged TROPICAL_FISH Tropical Fish, damager PLAYER Mrjorge0124 and cancelled false.
[April 24, 2026 03:25:56.801AM UTC]  EntityDamageByEntityEvent was triggered by damaged TROPICAL_FISH Tropical Fish, damager PLAYER Mrjorge0124 and cancelled false.
[April 24, 2026 03:25:57.216AM UTC]  PlayerPreTagEvent was triggered on haw1kEyE1 by ElotakuN14 with type PLAYER, reason ATTACKER, and cancelled false.
[April 24, 2026 03:25:57.216AM UTC]  PlayerTagEvent was triggered on haw1kEyE1 by ElotakuN14 with type PLAYER and reason ATTACKER.
[April 24, 2026 03:25:57.217AM UTC]  PlayerPreTagEvent was triggered on ElotakuN14 by haw1kEyE1 with type PLAYER, reason ATTACKED, and cancelled false.
[April 24, 2026 03:25:57.217AM UTC]  PlayerTagEvent was triggered on ElotakuN14 by haw1kEyE1 with type PLAYER and reason ATTACKED.
[April 24, 2026 03:25:57.217AM UTC]  EntityDamageByEntityEvent was triggered by damaged PLAYER ElotakuN14, damager PLAYER haw1kEyE1 and cancelled false.
[April 24, 2026 03:25:57.922AM UTC]  PlayerPreTagEvent was triggered on ianfari777 by ElotakuN14 with type PLAYER, reason ATTACKER, and cancelled false.
[April 24, 2026 03:25:57.923AM UTC]  PlayerTagEvent was triggered on ianfari777 by ElotakuN14 with type PLAYER and reason ATTACKER.
[April 24, 2026 03:25:57.923AM UTC]  PlayerPreTagEvent was triggered on ElotakuN14 by ianfari777 with type PLAYER, reason ATTACKED, and cancelled false.
[April 24, 2026 03:25:57.923AM UTC]  PlayerReTagEvent was triggered on ElotakuN14 by ianfari777 with type PLAYER and reason ATTACKED.
[April 24, 2026 03:25:57.923AM UTC]  EntityDamageByEntityEvent was triggered by damaged PLAYER ElotakuN14, damager PLAYER ianfari777 and cancelled false.
[April 24, 2026 03:25:58.513AM UTC]  PlayerPreTagEvent was triggered on haw1kEyE1 by ElotakuN14 with type PLAYER, reason ATTACKER, and cancelled false.
[April 24, 2026 03:25:58.514AM UTC]  PlayerReTagEvent was triggered on haw1kEyE1 by ElotakuN14 with type PLAYER and reason ATTACKER.
[April 24, 2026 03:25:58.514AM UTC]  PlayerPreTagEvent was triggered on ElotakuN14 by haw1kEyE1 with type PLAYER, reason ATTACKED, and cancelled false.
[April 24, 2026 03:25:58.514AM UTC]  PlayerReTagEvent was triggered on ElotakuN14 by haw1kEyE1 with type PLAYER and reason ATTACKED.
[April 24, 2026 03:25:58.514AM UTC]  EntityDamageByEntityEvent was triggered by damaged PLAYER ElotakuN14, damager PLAYER haw1kEyE1 and cancelled false.
[April 24, 2026 03:25:58.542AM UTC]  PlayerPreTagEvent was triggered on ianfari777 by ElotakuN14 with type PLAYER, reason ATTACKER, and cancelled false.
[April 24, 2026 03:25:58.542AM UTC]  PlayerReTagEvent was triggered on ianfari777 by ElotakuN14 with type PLAYER and reason ATTACKER.
[April 24, 2026 03:25:58.542AM UTC]  PlayerPreTagEvent was triggered on ElotakuN14 by ianfari777 with type PLAYER, reason ATTACKED, and cancelled false.
[April 24, 2026 03:25:58.543AM UTC]  PlayerReTagEvent was triggered on ElotakuN14 by ianfari777 with type PLAYER and reason ATTACKED.
[April 24, 2026 03:25:58.543AM UTC]  EntityDamageByEntityEvent was triggered by damaged PLAYER ElotakuN14, damager PLAYER ianfari777 and cancelled false.
[April 24, 2026 03:25:59.144AM UTC]  PlayerPreTagEvent was triggered on ianfari777 by ElotakuN14 with type PLAYER, reason ATTACKER, and cancelled false.
[April 24, 2026 03:25:59.145AM UTC]  PlayerReTagEvent was triggered on ianfari777 by ElotakuN14 with type PLAYER and reason ATTACKER.
[April 24, 2026 03:25:59.145AM UTC]  PlayerPreTagEvent was triggered on ElotakuN14 by ianfari777 with type PLAYER, reason ATTACKED, and cancelled false.
[April 24, 2026 03:25:59.145AM UTC]  PlayerReTagEvent was triggered on ElotakuN14 by ianfari777 with type PLAYER and reason ATTACKED.
[April 24, 2026 03:25:59.145AM UTC]  EntityDamageByEntityEvent was triggered by damaged PLAYER ElotakuN14, damager PLAYER ianfari777 and cancelled false.
[April 24, 2026 03:25:59.163AM UTC]  PlayerPreTagEvent was triggered on ElotakuN14 by ianfari777 with type PLAYER, reason ATTACKER, and cancelled false.
[April 24, 2026 03:25:59.163AM UTC]  PlayerReTagEvent was triggered on ElotakuN14 by ianfari777 with type PLAYER and reason ATTACKER.
[April 24, 2026 03:25:59.163AM UTC]  PlayerPreTagEvent was triggered on ianfari777 by ElotakuN14 with type PLAYER, reason ATTACKED, and cancelled false.
[April 24, 2026 03:25:59.163AM UTC]  PlayerReTagEvent was triggered on ianfari777 by ElotakuN14 with type PLAYER and reason ATTACKED.
[April 24, 2026 03:25:59.163AM UTC]  EntityDamageByEntityEvent was triggered by damaged PLAYER ianfari777, damager PLAYER ElotakuN14 and cancelled false.
[April 24, 2026 03:25:59.865AM UTC]  PlayerPreTagEvent was triggered on haw1kEyE1 by ElotakuN14 with type PLAYER, reason ATTACKER, and cancelled false.
[April 24, 2026 03:25:59.866AM UTC]  PlayerReTagEvent was triggered on haw1kEyE1 by ElotakuN14 with type PLAYER and reason ATTACKER.
[April 24, 2026 03:25:59.866AM UTC]  PlayerPreTagEvent was triggered on ElotakuN14 by haw1kEyE1 with type PLAYER, reason ATTACKED, and cancelled false.
[April 24, 2026 03:25:59.866AM UTC]  PlayerReTagEvent was triggered on ElotakuN14 by haw1kEyE1 with type PLAYER and reason ATTACKED.
[April 24, 2026 03:25:59.866AM UTC]  EntityDamageByEntityEvent was triggered by damaged PLAYER ElotakuN14, damager PLAYER haw1kEyE1 and cancelled false.
[April 24, 2026 03:26:01.190AM UTC]  PlayerPreTagEvent was triggered on ElotakuN14 by haw1kEyE1 with type PLAYER, reason ATTACKER, and cancelled false.
[April 24, 2026 03:26:01.191AM UTC]  PlayerReTagEvent was triggered on ElotakuN14 by haw1kEyE1 with type PLAYER and reason ATTACKER.
[April 24, 2026 03:26:01.191AM UTC]  PlayerPreTagEvent was triggered on haw1kEyE1 by ElotakuN14 with type PLAYER, reason ATTACKED, and cancelled false.
[April 24, 2026 03:26:01.191AM UTC]  PlayerReTagEvent was triggered on haw1kEyE1 by ElotakuN14 with type PLAYER and reason ATTACKED.
[April 24, 2026 03:26:01.191AM UTC]  EntityDamageByEntityEvent was triggered by damaged PLAYER haw1kEyE1, damager PLAYER ElotakuN14 and cancelled false.
[April 24, 2026 03:26:01.265AM UTC]  PlayerPreTagEvent was triggered on haw1kEyE1 by ElotakuN14 with type PLAYER, reason ATTACKER, and cancelled false.
[April 24, 2026 03:26:01.266AM UTC]  PlayerReTagEvent was triggered on haw1kEyE1 by ElotakuN14 with type PLAYER and reason ATTACKER.
[April 24, 2026 03:26:01.266AM UTC]  PlayerPreTagEvent was triggered on ElotakuN14 by haw1kEyE1 with type PLAYER, reason ATTACKED, and cancelled false.
[April 24, 2026 03:26:01.266AM UTC]  PlayerReTagEvent was triggered on ElotakuN14 by haw1kEyE1 with type PLAYER and reason ATTACKED.
[April 24, 2026 03:26:01.266AM UTC]  EntityDamageByEntityEvent was triggered by damaged PLAYER ElotakuN14, damager PLAYER haw1kEyE1 and cancelled false.
[April 24, 2026 03:26:02.419AM UTC]  PlayerPreTagEvent was triggered on ElotakuN14 by haw1kEyE1 with type PLAYER, reason ATTACKER, and cancelled false.
[April 24, 2026 03:26:02.420AM UTC]  PlayerReTagEvent was triggered on ElotakuN14 by haw1kEyE1 with type PLAYER and reason ATTACKER.
[April 24, 2026 03:26:02.420AM UTC]  PlayerPreTagEvent was triggered on haw1kEyE1 by ElotakuN14 with type PLAYER, reason ATTACKED, and cancelled false.
[April 24, 2026 03:26:02.420AM UTC]  PlayerReTagEvent was triggered on haw1kEyE1 by ElotakuN14 with type PLAYER and reason ATTACKED.
[April 24, 2026 03:26:02.420AM UTC]  EntityDamageByEntityEvent was triggered by damaged PLAYER haw1kEyE1, damager PLAYER ElotakuN14 and cancelled false.
[April 24, 2026 03:26:03.021AM UTC]  PlayerPreTagEvent was triggered on ElotakuN14 by haw1kEyE1 with type PLAYER, reason ATTACKER, and cancelled false.
[April 24, 2026 03:26:03.021AM UTC]  PlayerReTagEvent was triggered on ElotakuN14 by haw1kEyE1 with type PLAYER and reason ATTACKER.
[April 24, 2026 03:26:03.022AM UTC]  PlayerPreTagEvent was triggered on haw1kEyE1 by ElotakuN14 with type PLAYER, reason ATTACKED, and cancelled false.
[April 24, 2026 03:26:03.022AM UTC]  PlayerReTagEvent was triggered on haw1kEyE1 by ElotakuN14 with type PLAYER and reason ATTACKED.
[April 24, 2026 03:26:03.022AM UTC]  EntityDamageByEntityEvent was triggered by damaged PLAYER haw1kEyE1, damager PLAYER ElotakuN14 and cancelled false.
[April 24, 2026 03:26:03.315AM UTC]  PlayerPreTagEvent was triggered on ianfari777 by ElotakuN14 with type PLAYER, reason ATTACKER, and cancelled false.
[April 24, 2026 03:26:03.316AM UTC]  PlayerReTagEvent was triggered on ianfari777 by ElotakuN14 with type PLAYER and reason ATTACKER.
[April 24, 2026 03:26:03.316AM UTC]  PlayerPreTagEvent was triggered on ElotakuN14 by ianfari777 with type PLAYER, reason ATTACKED, and cancelled false.
[April 24, 2026 03:26:03.316AM UTC]  PlayerReTagEvent was triggered on ElotakuN14 by ianfari777 with type PLAYER and reason ATTACKED.
[April 24, 2026 03:26:03.316AM UTC]  EntityDamageByEntityEvent was triggered by damaged PLAYER ElotakuN14, damager PLAYER ianfari777 and cancelled false.
[April 24, 2026 03:26:03.603AM UTC]  PlayerPreTagEvent was triggered on ElotakuN14 by ianfari777 with type PLAYER, reason ATTACKER, and cancelled false.
[April 24, 2026 03:26:03.604AM UTC]  PlayerReTagEvent was triggered on ElotakuN14 by ianfari777 with type PLAYER and reason ATTACKER.
[April 24, 2026 03:26:03.604AM UTC]  PlayerPreTagEvent was triggered on ianfari777 by ElotakuN14 with type PLAYER, reason ATTACKED, and cancelled false.
[April 24, 2026 03:26:03.604AM UTC]  PlayerReTagEvent was triggered on ianfari777 by ElotakuN14 with type PLAYER and reason ATTACKED.
[April 24, 2026 03:26:03.604AM UTC]  EntityDamageByEntityEvent was triggered by damaged PLAYER ianfari777, damager PLAYER ElotakuN14 and cancelled false.
[April 24, 2026 03:26:13.122AM UTC]  PlayerPreTagEvent was triggered on ianfari777 by ElotakuN14 with type PLAYER, reason ATTACKER, and cancelled false.
[April 24, 2026 03:26:13.122AM UTC]  PlayerReTagEvent was triggered on ianfari777 by ElotakuN14 with type PLAYER and reason ATTACKER.
[April 24, 2026 03:26:13.122AM UTC]  PlayerPreTagEvent was triggered on ElotakuN14 by ianfari777 with type PLAYER, reason ATTACKED, and cancelled false.
[April 24, 2026 03:26:13.122AM UTC]  PlayerReTagEvent was triggered on ElotakuN14 by ianfari777 with type PLAYER and reason ATTACKED.
[April 24, 2026 03:26:13.122AM UTC]  EntityDamageByEntityEvent was triggered by damaged PLAYER ElotakuN14, damager PLAYER ianfari777 and cancelled false.
[April 24, 2026 03:26:19.366AM UTC]  PlayerPreTagEvent was triggered on haw1kEyE1 by ElotakuN14 with type PLAYER, reason ATTACKER, and cancelled false.
[April 24, 2026 03:26:19.366AM UTC]  PlayerReTagEvent was triggered on haw1kEyE1 by ElotakuN14 with type PLAYER and reason ATTACKER.
[April 24, 2026 03:26:19.367AM UTC]  PlayerPreTagEvent was triggered on ElotakuN14 by haw1kEyE1 with type PLAYER, reason ATTACKED, and cancelled false.
[April 24, 2026 03:26:19.367AM UTC]  PlayerReTagEvent was triggered on ElotakuN14 by haw1kEyE1 with type PLAYER and reason ATTACKED.
[April 24, 2026 03:26:19.367AM UTC]  EntityDamageByEntityEvent was triggered by damaged PLAYER ElotakuN14, damager PLAYER haw1kEyE1 and cancelled false.
[April 24, 2026 03:26:31.516AM UTC]  PlayerPreTagEvent was triggered on ianfari777 by haw1kEyE1 with type PLAYER, reason ATTACKER, and cancelled false.
[April 24, 2026 03:26:31.517AM UTC]  PlayerReTagEvent was triggered on ianfari777 by haw1kEyE1 with type PLAYER and reason ATTACKER.
[April 24, 2026 03:26:31.517AM UTC]  PlayerPreTagEvent was triggered on haw1kEyE1 by ianfari777 with type PLAYER, reason ATTACKED, and cancelled false.
[April 24, 2026 03:26:31.517AM UTC]  PlayerReTagEvent was triggered on haw1kEyE1 by ianfari777 with type PLAYER and reason ATTACKED.
[April 24, 2026 03:26:31.518AM UTC]  EntityDamageByEntityEvent was triggered by damaged PLAYER haw1kEyE1, damager PLAYER ianfari777 and cancelled false.
[April 24, 2026 03:26:37.693AM UTC]  EntityDamageByEntityEvent was triggered by damaged SHEEP Sheep, damager WOLF Wolf and cancelled false.
[April 24, 2026 03:26:38.688AM UTC]  EntityDamageByEntityEvent was triggered by damaged SHEEP Sheep, damager WOLF Wolf and cancelled false.
[April 24, 2026 03:26:39.823AM UTC]  PlayerPunishEvent was triggered on ElotakuN14 with reason EXPIRE and cancelled true.
[April 24, 2026 03:26:39.823AM UTC]  PlayerUntagEvent was triggered on ElotakuN14 with reason EXPIRE and expire set to true.
[April 24, 2026 03:26:41.366AM UTC]  PlayerPreTagEvent was triggered on haw1kEyE1 by ElotakuN14 with type PLAYER, reason ATTACKER, and cancelled false.
[April 24, 2026 03:26:41.366AM UTC]  PlayerReTagEvent was triggered on haw1kEyE1 by ElotakuN14 with type PLAYER and reason ATTACKER.
[April 24, 2026 03:26:41.366AM UTC]  PlayerPreTagEvent was triggered on ElotakuN14 by haw1kEyE1 with type PLAYER, reason ATTACKED, and cancelled false.
[April 24, 2026 03:26:41.366AM UTC]  PlayerTagEvent was triggered on ElotakuN14 by haw1kEyE1 with type PLAYER and reason ATTACKED.
[April 24, 2026 03:26:41.367AM UTC]  EntityDamageByEntityEvent was triggered by damaged PLAYER ElotakuN14, damager PLAYER haw1kEyE1 and cancelled false.
[April 24, 2026 03:26:45.534AM UTC]  EntityDamageByEntityEvent was triggered by damaged SKELETON Skeleton, damager WOLF Wolf and cancelled false.
[April 24, 2026 03:26:48.865AM UTC]  PlayerPreTagEvent was triggered on haw1kEyE1 by Thedestructio with type PLAYER, reason ATTACKER, and cancelled false.
[April 24, 2026 03:26:48.866AM UTC]  PlayerReTagEvent was triggered on haw1kEyE1 by Thedestructio with type PLAYER and reason ATTACKER.
[April 24, 2026 03:26:48.866AM UTC]  PlayerPreTagEvent was triggered on Thedestructio by haw1kEyE1 with type PLAYER, reason ATTACKED, and cancelled false.
[April 24, 2026 03:26:48.866AM UTC]  PlayerTagEvent was triggered on Thedestructio by haw1kEyE1 with type PLAYER and reason ATTACKED.
[April 24, 2026 03:26:48.867AM UTC]  EntityDamageByEntityEvent was triggered by damaged PLAYER Thedestructio, damager PLAYER haw1kEyE1 and cancelled false.
[April 24, 2026 03:26:51.823AM UTC]  PlayerPunishEvent was triggered on ianfari777 with reason EXPIRE and cancelled true.
[April 24, 2026 03:26:51.823AM UTC]  PlayerUntagEvent was triggered on ianfari777 with reason EXPIRE and expire set to true.
[April 24, 2026 03:26:53.191AM UTC]  EntityDamageByEntityEvent was triggered by damaged SKELETON Skeleton, damager WOLF Wolf and cancelled false.
[April 24, 2026 03:26:54.090AM UTC]  EntityDamageByEntityEvent was triggered by damaged SKELETON Skeleton, damager WOLF Wolf and cancelled false.
[April 24, 2026 03:26:58.995AM UTC]  PlayerPreTagEvent was triggered on ianfari777 by ElotakuN14 with type PLAYER, reason ATTACKER, and cancelled false.
[April 24, 2026 03:26:58.996AM UTC]  PlayerTagEvent was triggered on ianfari777 by ElotakuN14 with type PLAYER and reason ATTACKER.
[April 24, 2026 03:26:58.997AM UTC]  PlayerPreTagEvent was triggered on ElotakuN14 by ianfari777 with type PLAYER, reason ATTACKED, and cancelled false.
[April 24, 2026 03:26:58.997AM UTC]  PlayerReTagEvent was triggered on ElotakuN14 by ianfari777 with type PLAYER and reason ATTACKED.
[April 24, 2026 03:26:58.997AM UTC]  EntityDamageByEntityEvent was triggered by damaged PLAYER ElotakuN14, damager PLAYER ianfari777 and cancelled false.
[April 24, 2026 03:26:59.254AM UTC]  PlayerPreTagEvent was triggered on haw1kEyE1 by ElotakuN14 with type PLAYER, reason ATTACKER, and cancelled false.
[April 24, 2026 03:26:59.254AM UTC]  PlayerReTagEvent was triggered on haw1kEyE1 by ElotakuN14 with type PLAYER and reason ATTACKER.
[April 24, 2026 03:26:59.254AM UTC]  PlayerPreTagEvent was triggered on ElotakuN14 by haw1kEyE1 with type PLAYER, reason ATTACKED, and cancelled false.
[April 24, 2026 03:26:59.255AM UTC]  PlayerReTagEvent was triggered on ElotakuN14 by haw1kEyE1 with type PLAYER and reason ATTACKED.
[April 24, 2026 03:26:59.255AM UTC]  EntityDamageByEntityEvent was triggered by damaged PLAYER ElotakuN14, damager PLAYER haw1kEyE1 and cancelled false.
[April 24, 2026 03:27:01.398AM UTC]  PlayerPreTagEvent was triggered on haw1kEyE1 by ElotakuN14 with type PLAYER, reason ATTACKER, and cancelled false.
[April 24, 2026 03:27:01.399AM UTC]  PlayerReTagEvent was triggered on haw1kEyE1 by ElotakuN14 with type PLAYER and reason ATTACKER.
[April 24, 2026 03:27:01.400AM UTC]  PlayerPreTagEvent was triggered on ElotakuN14 by haw1kEyE1 with type PLAYER, reason ATTACKED, and cancelled false.
[April 24, 2026 03:27:01.401AM UTC]  PlayerReTagEvent was triggered on ElotakuN14 by haw1kEyE1 with type PLAYER and reason ATTACKED.
[April 24, 2026 03:27:01.403AM UTC]  EntityDamageByEntityEvent was triggered by damaged PLAYER ElotakuN14, damager PLAYER haw1kEyE1 and cancelled false.
[April 24, 2026 03:27:03.079AM UTC]  EntityDamageByEntityEvent was triggered by damaged SPIDER Spider, damager PLAYER Mrjorge0124 and cancelled false.
[April 24, 2026 03:27:03.461AM UTC]  EntityDamageByEntityEvent was triggered by damaged PLAYER Mrjorge0124, damager ZOMBIE Zombie and cancelled false.
[April 24, 2026 03:27:03.778AM UTC]  EntityDamageByEntityEvent was triggered by damaged ZOMBIE Zombie, damager PLAYER Mrjorge0124 and cancelled false.
[April 24, 2026 03:27:03.778AM UTC]  EntityDamageByEntityEvent was triggered by damaged SPIDER Spider, damager PLAYER Mrjorge0124 and cancelled false.
[April 24, 2026 03:27:03.958AM UTC]  EntityDamageByEntityEvent was triggered by damaged SKELETON Skeleton, damager WOLF Wolf and cancelled false.
[April 24, 2026 03:27:04.465AM UTC]  EntityDamageByEntityEvent was triggered by damaged SPIDER Spider, damager PLAYER Mrjorge0124 and cancelled false.
[April 24, 2026 03:27:06.123AM UTC]  EntityDamageByEntityEvent was triggered by damaged SKELETON Skeleton, damager WOLF Wolf and cancelled false.
[April 24, 2026 03:27:07.158AM UTC]  EntityDamageByEntityEvent was triggered by damaged SKELETON Skeleton, damager WOLF Wolf and cancelled false.
[April 24, 2026 03:27:07.912AM UTC]  EntityDamageByEntityEvent was triggered by damaged ZOMBIE Zombie, damager PLAYER Mrjorge0124 and cancelled false.
[April 24, 2026 03:27:08.954AM UTC]  PlayerPreTagEvent was triggered on ianfari777 by ElotakuN14 with type PLAYER, reason ATTACKER, and cancelled false.
[April 24, 2026 03:27:08.955AM UTC]  PlayerReTagEvent was triggered on ianfari777 by ElotakuN14 with type PLAYER and reason ATTACKER.
[April 24, 2026 03:27:08.955AM UTC]  PlayerPreTagEvent was triggered on ElotakuN14 by ianfari777 with type PLAYER, reason ATTACKED, and cancelled false.
[April 24, 2026 03:27:08.955AM UTC]  PlayerReTagEvent was triggered on ElotakuN14 by ianfari777 with type PLAYER and reason ATTACKED.
[April 24, 2026 03:27:08.955AM UTC]  EntityDamageByEntityEvent was triggered by damaged PLAYER ElotakuN14, damager PLAYER ianfari777 and cancelled false.
[April 24, 2026 03:27:09.216AM UTC]  PlayerPreTagEvent was triggered on haw1kEyE1 by ElotakuN14 with type PLAYER, reason ATTACKER, and cancelled false.
[April 24, 2026 03:27:09.216AM UTC]  PlayerReTagEvent was triggered on haw1kEyE1 by ElotakuN14 with type PLAYER and reason ATTACKER.
[April 24, 2026 03:27:09.216AM UTC]  PlayerPreTagEvent was triggered on ElotakuN14 by haw1kEyE1 with type PLAYER, reason ATTACKED, and cancelled false.
[April 24, 2026 03:27:09.216AM UTC]  PlayerReTagEvent was triggered on ElotakuN14 by haw1kEyE1 with type PLAYER and reason ATTACKED.
[April 24, 2026 03:27:09.217AM UTC]  EntityDamageByEntityEvent was triggered by damaged PLAYER ElotakuN14, damager PLAYER haw1kEyE1 and cancelled false.
[April 24, 2026 03:27:09.335AM UTC]  EntityDamageByEntityEvent was triggered by damaged ZOMBIE Zombie, damager PLAYER Mrjorge0124 and cancelled false.
[April 24, 2026 03:27:09.423AM UTC]  PlayerPunishEvent was triggered on Thedestructio with reason EXPIRE and cancelled true.
[April 24, 2026 03:27:09.423AM UTC]  PlayerUntagEvent was triggered on Thedestructio with reason EXPIRE and expire set to true.
[April 24, 2026 03:27:09.564AM UTC]  PlayerPreTagEvent was triggered on ianfari777 by ElotakuN14 with type PLAYER, reason ATTACKER, and cancelled false.
[April 24, 2026 03:27:09.565AM UTC]  PlayerReTagEvent was triggered on ianfari777 by ElotakuN14 with type PLAYER and reason ATTACKER.
[April 24, 2026 03:27:09.565AM UTC]  PlayerPreTagEvent was triggered on ElotakuN14 by ianfari777 with type PLAYER, reason ATTACKED, and cancelled false.
[April 24, 2026 03:27:09.565AM UTC]  PlayerReTagEvent was triggered on ElotakuN14 by ianfari777 with type PLAYER and reason ATTACKED.
[April 24, 2026 03:27:09.565AM UTC]  EntityDamageByEntityEvent was triggered by damaged PLAYER ElotakuN14, damager PLAYER ianfari777 and cancelled false.
[April 24, 2026 03:27:10.735AM UTC]  EntityDamageByEntityEvent was triggered by damaged ZOMBIE Zombie, damager PLAYER Mrjorge0124 and cancelled false.
[April 24, 2026 03:27:11.267AM UTC]  PlayerPreTagEvent was triggered on haw1kEyE1 by ElotakuN14 with type PLAYER, reason ATTACKER, and cancelled false.
[April 24, 2026 03:27:11.267AM UTC]  PlayerReTagEvent was triggered on haw1kEyE1 by ElotakuN14 with type PLAYER and reason ATTACKER.
[April 24, 2026 03:27:11.267AM UTC]  PlayerPreTagEvent was triggered on ElotakuN14 by haw1kEyE1 with type PLAYER, reason ATTACKED, and cancelled false.
[April 24, 2026 03:27:11.268AM UTC]  PlayerReTagEvent was triggered on ElotakuN14 by haw1kEyE1 with type PLAYER and reason ATTACKED.
[April 24, 2026 03:27:11.268AM UTC]  EntityDamageByEntityEvent was triggered by damaged PLAYER ElotakuN14, damager PLAYER haw1kEyE1 and cancelled false.
[April 24, 2026 03:27:11.272AM UTC]  PlayerPunishEvent was triggered on haw1kEyE1 with reason ENEMY_DEATH and cancelled true.
[April 24, 2026 03:27:11.272AM UTC]  PlayerUntagEvent was triggered on haw1kEyE1 with reason ENEMY_DEATH and expire set to true.
[April 24, 2026 03:27:11.272AM UTC]  PlayerPunishEvent was triggered on ianfari777 with reason ENEMY_DEATH and cancelled true.
[April 24, 2026 03:27:11.273AM UTC]  PlayerUntagEvent was triggered on ianfari777 with reason ENEMY_DEATH and expire set to true.
[April 24, 2026 03:27:11.273AM UTC]  PlayerPunishEvent was triggered on ElotakuN14 with reason SELF_DEATH and cancelled true.
[April 24, 2026 03:27:11.273AM UTC]  PlayerUntagEvent was triggered on ElotakuN14 with reason SELF_DEATH and expire set to true.
[April 24, 2026 03:27:11.415AM UTC]  EntityDamageByEntityEvent was triggered by damaged ZOMBIE Zombie, damager PLAYER Mrjorge0124 and cancelled false.
[April 24, 2026 03:27:17.237AM UTC]  EntityDamageByEntityEvent was triggered by damaged SKELETON Skeleton, damager WOLF Wolf and cancelled false.
[April 24, 2026 03:27:18.034AM UTC]  EntityDamageByEntityEvent was triggered by damaged SKELETON Skeleton, damager WOLF Wolf and cancelled false.
[April 24, 2026 03:27:18.192AM UTC]  EntityDamageByEntityEvent was triggered by damaged WOLF Wolf, damager ARROW Arrow and cancelled false.
[April 24, 2026 03:27:22.585AM UTC]  EntityDamageByEntityEvent was triggered by damaged SKELETON Skeleton, damager WOLF Wolf and cancelled false.
[April 24, 2026 03:27:22.851AM UTC]  EntityDamageByEntityEvent was triggered by damaged WOLF Wolf, damager ARROW Arrow and cancelled false.
[April 24, 2026 03:27:38.234AM UTC]  EntityDamageByEntityEvent was triggered by damaged SKELETON Skeleton, damager WOLF Wolf and cancelled false.
[April 24, 2026 03:28:05.437AM UTC]  EntityDamageByEntityEvent was triggered by damaged PLAYER aqhez_, damager ARROW Arrow and cancelled false.
[April 24, 2026 03:28:10.590AM UTC]  EntityDamageByEntityEvent was triggered by damaged SKELETON Skeleton, damager PLAYER aqhez_ and cancelled false.
[April 24, 2026 03:28:11.188AM UTC]  EntityDamageByEntityEvent was triggered by damaged PLAYER aqhez_, damager ARROW Arrow and cancelled false.
[April 24, 2026 03:28:12.162AM UTC]  EntityDamageByEntityEvent was triggered by damaged SKELETON Skeleton, damager PLAYER aqhez_ and cancelled false.
[April 24, 2026 03:28:12.809AM UTC]  EntityDamageByEntityEvent was triggered by damaged SKELETON Skeleton, damager PLAYER aqhez_ and cancelled false.
[April 24, 2026 03:28:14.110AM UTC]  EntityDamageByEntityEvent was triggered by damaged SKELETON Skeleton, damager PLAYER aqhez_ and cancelled false.
[April 24, 2026 03:28:14.892AM UTC]  EntityDamageByEntityEvent was triggered by damaged SKELETON Skeleton, damager PLAYER aqhez_ and cancelled false.
[April 24, 2026 03:28:24.385AM UTC]  EntityDamageByEntityEvent was triggered by damaged PLAYER aqhez_, damager SPIDER Spider and cancelled false.
[April 24, 2026 03:28:25.109AM UTC]  EntityDamageByEntityEvent was triggered by damaged SPIDER Spider, damager PLAYER aqhez_ and cancelled false.
[April 24, 2026 03:28:25.687AM UTC]  EntityDamageByEntityEvent was triggered by damaged PLAYER aqhez_, damager SPIDER Spider and cancelled false.
[April 24, 2026 03:28:25.699AM UTC]  EntityDamageByEntityEvent was triggered by damaged SPIDER Spider, damager PLAYER aqhez_ and cancelled false.
[April 24, 2026 03:28:26.604AM UTC]  EntityDamageByEntityEvent was triggered by damaged SPIDER Spider, damager PLAYER aqhez_ and cancelled false.
[April 24, 2026 03:28:27.336AM UTC]  EntityDamageByEntityEvent was triggered by damaged PLAYER aqhez_, damager SPIDER Spider and cancelled false.
[April 24, 2026 03:28:27.354AM UTC]  EntityDamageByEntityEvent was triggered by damaged SPIDER Spider, damager PLAYER aqhez_ and cancelled false.
[April 24, 2026 03:29:21.267AM UTC]  EntityDamageByEntityEvent was triggered by damaged CREEPER Creeper, damager PLAYER Mrjorge0124 and cancelled false.
[April 24, 2026 03:29:23.508AM UTC]  EntityDamageByEntityEvent was triggered by damaged CREEPER Creeper, damager PLAYER Mrjorge0124 and cancelled false.
[April 24, 2026 03:29:24.292AM UTC]  EntityDamageByEntityEvent was triggered by damaged CREEPER Creeper, damager PLAYER Mrjorge0124 and cancelled false.
[April 24, 2026 03:29:25.616AM UTC]  EntityDamageByEntityEvent was triggered by damaged CREEPER Creeper, damager PLAYER Mrjorge0124 and cancelled false.
[April 24, 2026 03:29:38.287AM UTC]  EntityDamageByEntityEvent was triggered by damaged PLAYER aqhez_, damager ZOMBIE Zombie and cancelled false.
[April 24, 2026 03:29:38.309AM UTC]  EntityDamageByEntityEvent was triggered by damaged ZOMBIE Zombie, damager PLAYER aqhez_ and cancelled false.
[April 24, 2026 03:29:40.335AM UTC]  EntityDamageByEntityEvent was triggered by damaged ZOMBIE Zombie, damager CREEPER Creeper and cancelled false.
[April 24, 2026 03:29:55.835AM UTC]  EntityDamageByEntityEvent was triggered by damaged PLAYER haw1kEyE1, damager ZOMBIE Zombie and cancelled false.
[April 24, 2026 03:30:21.871AM UTC]  EntityDamageByEntityEvent was triggered by damaged CHICKEN Chicken, damager PLAYER haw1kEyE1 and cancelled false.
[April 24, 2026 03:30:24.718AM UTC]  EntityDamageByEntityEvent was triggered by damaged PIG Pig, damager PLAYER haw1kEyE1 and cancelled false.
[April 24, 2026 03:30:25.469AM UTC]  EntityDamageByEntityEvent was triggered by damaged PIG Pig, damager PLAYER haw1kEyE1 and cancelled false.
[April 24, 2026 03:30:26.370AM UTC]  EntityDamageByEntityEvent was triggered by damaged PIG Pig, damager PLAYER haw1kEyE1 and cancelled false.
[April 24, 2026 03:30:27.070AM UTC]  EntityDamageByEntityEvent was triggered by damaged PIG Pig, damager PLAYER haw1kEyE1 and cancelled false.
[April 24, 2026 03:31:58.453AM UTC]  EntityDamageByEntityEvent was triggered by damaged PIG Pig, damager PLAYER aqhez_ and cancelled false.
[April 24, 2026 03:31:59.012AM UTC]  EntityDamageByEntityEvent was triggered by damaged PIG Pig, damager PLAYER aqhez_ and cancelled false.
[April 24, 2026 03:31:59.607AM UTC]  EntityDamageByEntityEvent was triggered by damaged PIG Pig, damager PLAYER aqhez_ and cancelled false.
[April 24, 2026 03:32:39.650AM UTC]  EntityDamageByEntityEvent was triggered by damaged IRON_GOLEM Iron Golem, damager PLAYER aqhez_ and cancelled false.
[April 24, 2026 03:32:43.347AM UTC]  EntityDamageByEntityEvent was triggered by damaged COW Cow, damager PLAYER ianfari777 and cancelled false.
[April 24, 2026 03:32:46.142AM UTC]  EntityDamageByEntityEvent was triggered by damaged COW Cow, damager PLAYER ianfari777 and cancelled false.
[April 24, 2026 03:32:47.465AM UTC]  EntityDamageByEntityEvent was triggered by damaged IRON_GOLEM Iron Golem, damager PLAYER aqhez_ and cancelled false.
[April 24, 2026 03:32:48.148AM UTC]  EntityDamageByEntityEvent was triggered by damaged COW Cow, damager PLAYER ianfari777 and cancelled false.
[April 24, 2026 03:32:48.156AM UTC]  EntityDamageByEntityEvent was triggered by damaged IRON_GOLEM Iron Golem, damager PLAYER aqhez_ and cancelled false.
[April 24, 2026 03:32:48.945AM UTC]  EntityDamageByEntityEvent was triggered by damaged IRON_GOLEM Iron Golem, damager PLAYER aqhez_ and cancelled false.
[April 24, 2026 03:32:49.597AM UTC]  EntityDamageByEntityEvent was triggered by damaged IRON_GOLEM Iron Golem, damager PLAYER aqhez_ and cancelled false.
[April 24, 2026 03:32:50.158AM UTC]  EntityDamageByEntityEvent was triggered by damaged IRON_GOLEM Iron Golem, damager PLAYER aqhez_ and cancelled false.
[April 24, 2026 03:32:50.756AM UTC]  EntityDamageByEntityEvent was triggered by damaged IRON_GOLEM Iron Golem, damager PLAYER aqhez_ and cancelled false.
[April 24, 2026 03:32:51.316AM UTC]  EntityDamageByEntityEvent was triggered by damaged IRON_GOLEM Iron Golem, damager PLAYER aqhez_ and cancelled false.
[April 24, 2026 03:32:51.913AM UTC]  EntityDamageByEntityEvent was triggered by damaged IRON_GOLEM Iron Golem, damager PLAYER aqhez_ and cancelled false.
[April 24, 2026 03:32:52.514AM UTC]  EntityDamageByEntityEvent was triggered by damaged IRON_GOLEM Iron Golem, damager PLAYER aqhez_ and cancelled false.
[April 24, 2026 03:32:53.111AM UTC]  EntityDamageByEntityEvent was triggered by damaged IRON_GOLEM Iron Golem, damager PLAYER aqhez_ and cancelled false.
[April 24, 2026 03:32:53.665AM UTC]  EntityDamageByEntityEvent was triggered by damaged IRON_GOLEM Iron Golem, damager PLAYER aqhez_ and cancelled false.
[April 24, 2026 03:32:54.203AM UTC]  EntityDamageByEntityEvent was triggered by damaged IRON_GOLEM Iron Golem, damager PLAYER aqhez_ and cancelled false.
[April 24, 2026 03:32:54.766AM UTC]  EntityDamageByEntityEvent was triggered by damaged IRON_GOLEM Iron Golem, damager PLAYER aqhez_ and cancelled false.
[April 24, 2026 03:32:55.361AM UTC]  EntityDamageByEntityEvent was triggered by damaged IRON_GOLEM Iron Golem, damager PLAYER aqhez_ and cancelled false.
[April 24, 2026 03:33:29.361AM UTC]  EntityDamageByEntityEvent was triggered by damaged PIG Pig, damager PLAYER Thedestructio and cancelled false.
[April 24, 2026 03:33:31.444AM UTC]  EntityDamageByEntityEvent was triggered by damaged PIG Pig, damager PLAYER Thedestructio and cancelled false.
[April 24, 2026 03:33:37.467AM UTC]  EntityDamageByEntityEvent was triggered by damaged PIG Pig, damager PLAYER Thedestructio and cancelled false.
[April 24, 2026 03:33:38.072AM UTC]  EntityDamageByEntityEvent was triggered by damaged PIG Pig, damager PLAYER Thedestructio and cancelled false.
[April 24, 2026 03:33:38.699AM UTC]  EntityDamageByEntityEvent was triggered by damaged PIG Pig, damager PLAYER Thedestructio and cancelled false.
[April 24, 2026 03:33:44.291AM UTC]  EntityDamageByEntityEvent was triggered by damaged CHICKEN Chicken, damager FOX Fox and cancelled false.
[April 24, 2026 03:33:44.744AM UTC]  EntityDamageByEntityEvent was triggered by damaged PIG Pig, damager PLAYER Thedestructio and cancelled false.
[April 24, 2026 03:33:44.793AM UTC]  EntityDamageByEntityEvent was triggered by damaged CHICKEN Chicken, damager FOX Fox and cancelled false.
[April 24, 2026 03:34:08.620AM UTC]  EntityDamageByEntityEvent was triggered by damaged PIG Pig, damager PLAYER Thedestructio and cancelled false.
[April 24, 2026 03:34:09.216AM UTC]  EntityDamageByEntityEvent was triggered by damaged PIG Pig, damager PLAYER Thedestructio and cancelled false.
[April 24, 2026 03:34:25.766AM UTC]  EntityDamageByEntityEvent was triggered by damaged COW Cow, damager PLAYER aqhez_ and cancelled false.
[April 24, 2026 03:34:56.494AM UTC]  EntityDamageByEntityEvent was triggered by damaged ITEM Dirt, damager FIREBALL §ejustkahalll and cancelled false.
[April 24, 2026 03:34:56.495AM UTC]  EntityDamageByEntityEvent was triggered by damaged FOX Fox, damager FIREBALL §ejustkahalll and cancelled false.
[April 24, 2026 03:34:56.495AM UTC]  EntityDamageByEntityEvent was triggered by damaged FOX Fox, damager FIREBALL §ejustkahalll and cancelled false.
[April 24, 2026 03:35:42.911AM UTC]  EntityDamageByEntityEvent was triggered by damaged PIG Pig, damager PLAYER Thedestructio and cancelled false.
[April 24, 2026 03:35:49.604AM UTC]  EntityDamageByEntityEvent was triggered by damaged SHEEP Sheep, damager PLAYER aqhez_ and cancelled false.
[April 24, 2026 03:35:51.154AM UTC]  EntityDamageByEntityEvent was triggered by damaged SHEEP Sheep, damager PLAYER aqhez_ and cancelled false.
[April 24, 2026 03:35:54.709AM UTC]  EntityDamageByEntityEvent was triggered by damaged SHEEP Sheep, damager PLAYER aqhez_ and cancelled false.
[April 24, 2026 03:36:16.141AM UTC]  EntityDamageByEntityEvent was triggered by damaged PIG Pig, damager PLAYER Thedestructio and cancelled false.
[April 24, 2026 03:36:26.940AM UTC]  EntityDamageByEntityEvent was triggered by damaged PIG Pig, damager PLAYER Thedestructio and cancelled false.
[April 24, 2026 03:36:31.912AM UTC]  EntityDamageByEntityEvent was triggered by damaged PIG Pig, damager PLAYER Thedestructio and cancelled false.
[April 24, 2026 03:36:32.458AM UTC]  EntityDamageByEntityEvent was triggered by damaged PIG Pig, damager PLAYER Thedestructio and cancelled false.
[April 24, 2026 03:36:41.660AM UTC]  EntityDamageByEntityEvent was triggered by damaged PIG Pig, damager PLAYER Thedestructio and cancelled false.
[April 24, 2026 03:36:57.462AM UTC]  EntityDamageByEntityEvent was triggered by damaged COW Cow, damager PLAYER aqhez_ and cancelled false.
[April 24, 2026 03:36:59.335AM UTC]  EntityDamageByEntityEvent was triggered by damaged TROPICAL_FISH Tropical Fish, damager AXOLOTL Axolotl and cancelled false.
[April 24, 2026 03:37:00.387AM UTC]  EntityDamageByEntityEvent was triggered by damaged TROPICAL_FISH Tropical Fish, damager AXOLOTL Axolotl and cancelled false.
[April 24, 2026 03:37:04.888AM UTC]  EntityDamageByEntityEvent was triggered by damaged TROPICAL_FISH Tropical Fish, damager AXOLOTL Axolotl and cancelled false.
[April 24, 2026 03:37:05.938AM UTC]  EntityDamageByEntityEvent was triggered by damaged TROPICAL_FISH Tropical Fish, damager AXOLOTL Axolotl and cancelled false.
[April 24, 2026 03:38:21.120AM UTC]  EntityDamageByEntityEvent was triggered by damaged SHEEP Sheep, damager PLAYER aqhez_ and cancelled false.
[April 24, 2026 03:38:22.358AM UTC]  EntityDamageByEntityEvent was triggered by damaged SHEEP Sheep, damager PLAYER aqhez_ and cancelled false.
[April 24, 2026 03:38:40.794AM UTC]  EntityDamageByEntityEvent was triggered by damaged ZOMBIE Zombie, damager PLAYER haw1kEyE1 and cancelled false.
[April 24, 2026 03:38:41.394AM UTC]  EntityDamageByEntityEvent was triggered by damaged ZOMBIE Zombie, damager PLAYER haw1kEyE1 and cancelled false.
[April 24, 2026 03:38:42.798AM UTC]  EntityDamageByEntityEvent was triggered by damaged ZOMBIE Zombie, damager PLAYER haw1kEyE1 and cancelled false.
[April 24, 2026 03:38:45.044AM UTC]  EntityDamageByEntityEvent was triggered by damaged ZOMBIE Zombie, damager PLAYER haw1kEyE1 and cancelled false.
[April 24, 2026 03:38:45.693AM UTC]  EntityDamageByEntityEvent was triggered by damaged ZOMBIE Zombie, damager PLAYER haw1kEyE1 and cancelled false.
[April 24, 2026 03:38:46.292AM UTC]  EntityDamageByEntityEvent was triggered by damaged ZOMBIE Zombie, damager PLAYER haw1kEyE1 and cancelled false.
[April 24, 2026 03:38:59.842AM UTC]  EntityDamageByEntityEvent was triggered by damaged PLAYER ianfari777, damager ARROW Arrow and cancelled false.
[April 24, 2026 03:39:14.752AM UTC]  EntityDamageByEntityEvent was triggered by damaged PIG Pig, damager PLAYER Thedestructio and cancelled false.
[April 24, 2026 03:39:22.766AM UTC]  EntityDamageByEntityEvent was triggered by damaged ITEM Leaf Litter, damager FIREBALL §ejustkahalll and cancelled false.
[April 24, 2026 03:39:22.766AM UTC]  EntityDamageByEntityEvent was triggered by damaged ITEM Leaf Litter, damager FIREBALL §ejustkahalll and cancelled false.
[April 24, 2026 03:39:22.766AM UTC]  EntityDamageByEntityEvent was triggered by damaged ITEM Leaf Litter, damager FIREBALL §ejustkahalll and cancelled false.
[April 24, 2026 03:39:22.766AM UTC]  EntityDamageByEntityEvent was triggered by damaged ITEM Leaf Litter, damager FIREBALL §ejustkahalll and cancelled false.
[April 24, 2026 03:39:22.766AM UTC]  EntityDamageByEntityEvent was triggered by damaged ITEM Leaf Litter, damager FIREBALL §ejustkahalll and cancelled false.
[April 24, 2026 03:39:22.766AM UTC]  EntityDamageByEntityEvent was triggered by damaged ITEM Leaf Litter, damager FIREBALL §ejustkahalll and cancelled false.
[April 24, 2026 03:39:22.767AM UTC]  EntityDamageByEntityEvent was triggered by damaged ITEM Leaf Litter, damager FIREBALL §ejustkahalll and cancelled false.
[April 24, 2026 03:39:22.767AM UTC]  EntityDamageByEntityEvent was triggered by damaged ITEM Leaf Litter, damager FIREBALL §ejustkahalll and cancelled false.
[April 24, 2026 03:39:22.767AM UTC]  EntityDamageByEntityEvent was triggered by damaged ITEM Leaf Litter, damager FIREBALL §ejustkahalll and cancelled false.
[April 24, 2026 03:39:22.767AM UTC]  EntityDamageByEntityEvent was triggered by damaged ITEM Leaf Litter, damager FIREBALL §ejustkahalll and cancelled false.
[April 24, 2026 03:39:22.767AM UTC]  EntityDamageByEntityEvent was triggered by damaged ITEM Leaf Litter, damager FIREBALL §ejustkahalll and cancelled false.
[April 24, 2026 03:39:22.767AM UTC]  EntityDamageByEntityEvent was triggered by damaged ITEM Leaf Litter, damager FIREBALL §ejustkahalll and cancelled false.
[April 24, 2026 03:39:22.767AM UTC]  EntityDamageByEntityEvent was triggered by damaged ITEM Leaf Litter, damager FIREBALL §ejustkahalll and cancelled false.
[April 24, 2026 03:39:22.767AM UTC]  EntityDamageByEntityEvent was triggered by damaged ITEM Leaf Litter, damager FIREBALL §ejustkahalll and cancelled false.
[April 24, 2026 03:39:22.768AM UTC]  EntityDamageByEntityEvent was triggered by damaged ITEM Leaf Litter, damager FIREBALL §ejustkahalll and cancelled false.
[April 24, 2026 03:39:22.768AM UTC]  EntityDamageByEntityEvent was triggered by damaged ITEM Leaf Litter, damager FIREBALL §ejustkahalll and cancelled false.
[April 24, 2026 03:39:22.768AM UTC]  EntityDamageByEntityEvent was triggered by damaged ITEM Leaf Litter, damager FIREBALL §ejustkahalll and cancelled false.
[April 24, 2026 03:39:22.768AM UTC]  EntityDamageByEntityEvent was triggered by damaged ITEM Leaf Litter, damager FIREBALL §ejustkahalll and cancelled false.
[April 24, 2026 03:39:22.768AM UTC]  EntityDamageByEntityEvent was triggered by damaged ITEM Oak Sapling, damager FIREBALL §ejustkahalll and cancelled false.
[April 24, 2026 03:39:22.768AM UTC]  EntityDamageByEntityEvent was triggered by damaged ITEM Gravel, damager FIREBALL §ejustkahalll and cancelled false.
[April 24, 2026 03:39:22.768AM UTC]  EntityDamageByEntityEvent was triggered by damaged ITEM Leaf Litter, damager FIREBALL §ejustkahalll and cancelled false.
[April 24, 2026 03:39:22.768AM UTC]  EntityDamageByEntityEvent was triggered by damaged ITEM Leaf Litter, damager FIREBALL §ejustkahalll and cancelled false.
[April 24, 2026 03:39:22.769AM UTC]  EntityDamageByEntityEvent was triggered by damaged ITEM Leaf Litter, damager FIREBALL §ejustkahalll and cancelled false.
[April 24, 2026 03:39:22.771AM UTC]  EntityDamageByEntityEvent was triggered by damaged ITEM Leaf Litter, damager FIREBALL §ejustkahalll and cancelled false.
[April 24, 2026 03:39:22.771AM UTC]  EntityDamageByEntityEvent was triggered by damaged ITEM Leaf Litter, damager FIREBALL §ejustkahalll and cancelled false.
[April 24, 2026 03:39:22.772AM UTC]  EntityDamageByEntityEvent was triggered by damaged ITEM Leaf Litter, damager FIREBALL §ejustkahalll and cancelled false.
[April 24, 2026 03:39:22.772AM UTC]  EntityDamageByEntityEvent was triggered by damaged ITEM Leaf Litter, damager FIREBALL §ejustkahalll and cancelled false.
[April 24, 2026 03:39:22.772AM UTC]  EntityDamageByEntityEvent was triggered by damaged ITEM Leaf Litter, damager FIREBALL §ejustkahalll and cancelled false.
[April 24, 2026 03:39:22.772AM UTC]  EntityDamageByEntityEvent was triggered by damaged ITEM Leaf Litter, damager FIREBALL §ejustkahalll and cancelled false.
[April 24, 2026 03:39:22.772AM UTC]  EntityDamageByEntityEvent was triggered by damaged ITEM Leaf Litter, damager FIREBALL §ejustkahalll and cancelled false.
[April 24, 2026 03:39:22.772AM UTC]  EntityDamageByEntityEvent was triggered by damaged ITEM Leaf Litter, damager FIREBALL §ejustkahalll and cancelled false.
[April 24, 2026 03:39:22.772AM UTC]  EntityDamageByEntityEvent was triggered by damaged ITEM Leaf Litter, damager FIREBALL §ejustkahalll and cancelled false.
[April 24, 2026 03:39:22.772AM UTC]  EntityDamageByEntityEvent was triggered by damaged ITEM Leaf Litter, damager FIREBALL §ejustkahalll and cancelled false.
[April 24, 2026 03:39:22.773AM UTC]  EntityDamageByEntityEvent was triggered by damaged ITEM Leaf Litter, damager FIREBALL §ejustkahalll and cancelled false.
[April 24, 2026 03:39:22.773AM UTC]  EntityDamageByEntityEvent was triggered by damaged ITEM Stick, damager FIREBALL §ejustkahalll and cancelled false.
[April 24, 2026 03:39:22.773AM UTC]  EntityDamageByEntityEvent was triggered by damaged ITEM Birch Log, damager FIREBALL §ejustkahalll and cancelled false.
[April 24, 2026 03:39:22.773AM UTC]  EntityDamageByEntityEvent was triggered by damaged ITEM Birch Sapling, damager FIREBALL §ejustkahalll and cancelled false.
[April 24, 2026 03:39:22.773AM UTC]  EntityDamageByEntityEvent was triggered by damaged ITEM Leaf Litter, damager FIREBALL §ejustkahalll and cancelled false.
[April 24, 2026 03:39:22.773AM UTC]  EntityDamageByEntityEvent was triggered by damaged ITEM Leaf Litter, damager FIREBALL §ejustkahalll and cancelled false.
[April 24, 2026 03:39:22.773AM UTC]  EntityDamageByEntityEvent was triggered by damaged ITEM Leaf Litter, damager FIREBALL §ejustkahalll and cancelled false.
[April 24, 2026 03:39:22.774AM UTC]  EntityDamageByEntityEvent was triggered by damaged ITEM Leaf Litter, damager FIREBALL §ejustkahalll and cancelled false.
[April 24, 2026 03:39:22.774AM UTC]  EntityDamageByEntityEvent was triggered by damaged ITEM Leaf Litter, damager FIREBALL §ejustkahalll and cancelled false.
[April 24, 2026 03:39:22.774AM UTC]  EntityDamageByEntityEvent was triggered by damaged ITEM Leaf Litter, damager FIREBALL §ejustkahalll and cancelled false.
[April 24, 2026 03:39:22.774AM UTC]  EntityDamageByEntityEvent was triggered by damaged ITEM Leaf Litter, damager FIREBALL §ejustkahalll and cancelled false.
[April 24, 2026 03:39:22.774AM UTC]  EntityDamageByEntityEvent was triggered by damaged ITEM Leaf Litter, damager FIREBALL §ejustkahalll and cancelled false.
[April 24, 2026 03:39:22.774AM UTC]  EntityDamageByEntityEvent was triggered by damaged ITEM Leaf Litter, damager FIREBALL §ejustkahalll and cancelled false.
[April 24, 2026 03:39:22.774AM UTC]  EntityDamageByEntityEvent was triggered by damaged ITEM Leaf Litter, damager FIREBALL §ejustkahalll and cancelled false.
[April 24, 2026 03:39:22.775AM UTC]  EntityDamageByEntityEvent was triggered by damaged ITEM Leaf Litter, damager FIREBALL §ejustkahalll and cancelled false.
[April 24, 2026 03:39:22.775AM UTC]  EntityDamageByEntityEvent was triggered by damaged ITEM Leaf Litter, damager FIREBALL §ejustkahalll and cancelled false.
[April 24, 2026 03:39:22.776AM UTC]  EntityDamageByEntityEvent was triggered by damaged ITEM Leaf Litter, damager FIREBALL §ejustkahalll and cancelled false.
[April 24, 2026 03:39:22.776AM UTC]  EntityDamageByEntityEvent was triggered by damaged ITEM Leaf Litter, damager FIREBALL §ejustkahalll and cancelled false.
[April 24, 2026 03:39:22.776AM UTC]  EntityDamageByEntityEvent was triggered by damaged ITEM Leaf Litter, damager FIREBALL §ejustkahalll and cancelled false.
[April 24, 2026 03:39:22.776AM UTC]  EntityDamageByEntityEvent was triggered by damaged ITEM Leaf Litter, damager FIREBALL §ejustkahalll and cancelled false.
[April 24, 2026 03:39:22.776AM UTC]  EntityDamageByEntityEvent was triggered by damaged ITEM Dirt, damager FIREBALL §ejustkahalll and cancelled false.
[April 24, 2026 03:39:22.777AM UTC]  EntityDamageByEntityEvent was triggered by damaged ITEM Dirt, damager FIREBALL §ejustkahalll and cancelled false.
[April 24, 2026 03:39:23.101AM UTC]  PlayerPreTagEvent was triggered on Mrjorge0124 by haw1kEyE1 with type PLAYER, reason ATTACKER, and cancelled false.
[April 24, 2026 03:39:23.102AM UTC]  PlayerTagEvent was triggered on Mrjorge0124 by haw1kEyE1 with type PLAYER and reason ATTACKER.
[April 24, 2026 03:39:23.102AM UTC]  PlayerPreTagEvent was triggered on haw1kEyE1 by Mrjorge0124 with type PLAYER, reason ATTACKED, and cancelled false.
[April 24, 2026 03:39:23.103AM UTC]  PlayerTagEvent was triggered on haw1kEyE1 by Mrjorge0124 with type PLAYER and reason ATTACKED.
[April 24, 2026 03:39:23.103AM UTC]  EntityDamageByEntityEvent was triggered by damaged PLAYER haw1kEyE1, damager PLAYER Mrjorge0124 and cancelled false.
[April 24, 2026 03:39:24.005AM UTC]  PlayerPreTagEvent was triggered on Mrjorge0124 by ianfari777 with type PLAYER, reason ATTACKER, and cancelled false.
[April 24, 2026 03:39:24.006AM UTC]  PlayerReTagEvent was triggered on Mrjorge0124 by ianfari777 with type PLAYER and reason ATTACKER.
[April 24, 2026 03:39:24.006AM UTC]  PlayerPreTagEvent was triggered on ianfari777 by Mrjorge0124 with type PLAYER, reason ATTACKED, and cancelled false.
[April 24, 2026 03:39:24.006AM UTC]  PlayerTagEvent was triggered on ianfari777 by Mrjorge0124 with type PLAYER and reason ATTACKED.
[April 24, 2026 03:39:24.006AM UTC]  EntityDamageByEntityEvent was triggered by damaged PLAYER ianfari777, damager PLAYER Mrjorge0124 and cancelled false.
[April 24, 2026 03:39:24.950AM UTC]  PlayerPreTagEvent was triggered on Mrjorge0124 by haw1kEyE1 with type PLAYER, reason ATTACKER, and cancelled false.
[April 24, 2026 03:39:24.950AM UTC]  PlayerReTagEvent was triggered on Mrjorge0124 by haw1kEyE1 with type PLAYER and reason ATTACKER.
[April 24, 2026 03:39:24.950AM UTC]  PlayerPreTagEvent was triggered on haw1kEyE1 by Mrjorge0124 with type PLAYER, reason ATTACKED, and cancelled false.
[April 24, 2026 03:39:24.950AM UTC]  PlayerReTagEvent was triggered on haw1kEyE1 by Mrjorge0124 with type PLAYER and reason ATTACKED.
[April 24, 2026 03:39:24.950AM UTC]  EntityDamageByEntityEvent was triggered by damaged PLAYER haw1kEyE1, damager PLAYER Mrjorge0124 and cancelled false.
[April 24, 2026 03:39:25.092AM UTC]  PlayerPunishEvent was triggered on ianfari777 with reason SELF_DEATH and cancelled true.
[April 24, 2026 03:39:25.092AM UTC]  PlayerUntagEvent was triggered on ianfari777 with reason SELF_DEATH and expire set to true.
[April 24, 2026 03:39:25.841AM UTC]  PlayerPreTagEvent was triggered on Mrjorge0124 by haw1kEyE1 with type PLAYER, reason ATTACKER, and cancelled false.
[April 24, 2026 03:39:25.842AM UTC]  PlayerReTagEvent was triggered on Mrjorge0124 by haw1kEyE1 with type PLAYER and reason ATTACKER.
[April 24, 2026 03:39:25.842AM UTC]  PlayerPreTagEvent was triggered on haw1kEyE1 by Mrjorge0124 with type PLAYER, reason ATTACKED, and cancelled false.
[April 24, 2026 03:39:25.842AM UTC]  PlayerReTagEvent was triggered on haw1kEyE1 by Mrjorge0124 with type PLAYER and reason ATTACKED.
[April 24, 2026 03:39:25.842AM UTC]  EntityDamageByEntityEvent was triggered by damaged PLAYER haw1kEyE1, damager PLAYER Mrjorge0124 and cancelled false.
[April 24, 2026 03:39:26.748AM UTC]  PlayerPreTagEvent was triggered on Mrjorge0124 by haw1kEyE1 with type PLAYER, reason ATTACKER, and cancelled false.
[April 24, 2026 03:39:26.748AM UTC]  PlayerReTagEvent was triggered on Mrjorge0124 by haw1kEyE1 with type PLAYER and reason ATTACKER.
[April 24, 2026 03:39:26.748AM UTC]  PlayerPreTagEvent was triggered on haw1kEyE1 by Mrjorge0124 with type PLAYER, reason ATTACKED, and cancelled false.
[April 24, 2026 03:39:26.748AM UTC]  PlayerReTagEvent was triggered on haw1kEyE1 by Mrjorge0124 with type PLAYER and reason ATTACKED.
[April 24, 2026 03:39:26.749AM UTC]  EntityDamageByEntityEvent was triggered by damaged PLAYER haw1kEyE1, damager PLAYER Mrjorge0124 and cancelled false.
[April 24, 2026 03:39:26.793AM UTC]  PlayerPreTagEvent was triggered on haw1kEyE1 by Mrjorge0124 with type PLAYER, reason ATTACKER, and cancelled false.
[April 24, 2026 03:39:26.793AM UTC]  PlayerReTagEvent was triggered on haw1kEyE1 by Mrjorge0124 with type PLAYER and reason ATTACKER.
[April 24, 2026 03:39:26.794AM UTC]  PlayerPreTagEvent was triggered on Mrjorge0124 by haw1kEyE1 with type PLAYER, reason ATTACKED, and cancelled false.
[April 24, 2026 03:39:26.794AM UTC]  PlayerReTagEvent was triggered on Mrjorge0124 by haw1kEyE1 with type PLAYER and reason ATTACKED.
[April 24, 2026 03:39:26.794AM UTC]  EntityDamageByEntityEvent was triggered by damaged PLAYER Mrjorge0124, damager PLAYER haw1kEyE1 and cancelled false.
[April 24, 2026 03:39:27.649AM UTC]  PlayerPreTagEvent was triggered on Mrjorge0124 by haw1kEyE1 with type PLAYER, reason ATTACKER, and cancelled false.
[April 24, 2026 03:39:27.649AM UTC]  PlayerReTagEvent was triggered on Mrjorge0124 by haw1kEyE1 with type PLAYER and reason ATTACKER.
[April 24, 2026 03:39:27.649AM UTC]  PlayerPreTagEvent was triggered on haw1kEyE1 by Mrjorge0124 with type PLAYER, reason ATTACKED, and cancelled false.
[April 24, 2026 03:39:27.649AM UTC]  PlayerReTagEvent was triggered on haw1kEyE1 by Mrjorge0124 with type PLAYER and reason ATTACKED.
[April 24, 2026 03:39:27.650AM UTC]  EntityDamageByEntityEvent was triggered by damaged PLAYER haw1kEyE1, damager PLAYER Mrjorge0124 and cancelled false.
[April 24, 2026 03:39:27.651AM UTC]  PlayerPunishEvent was triggered on Mrjorge0124 with reason ENEMY_DEATH and cancelled true.
[April 24, 2026 03:39:27.651AM UTC]  PlayerUntagEvent was triggered on Mrjorge0124 with reason ENEMY_DEATH and expire set to true.
[April 24, 2026 03:39:27.652AM UTC]  PlayerPunishEvent was triggered on haw1kEyE1 with reason SELF_DEATH and cancelled true.
[April 24, 2026 03:39:27.652AM UTC]  PlayerUntagEvent was triggered on haw1kEyE1 with reason SELF_DEATH and expire set to true.
[April 24, 2026 03:39:35.947AM UTC]  EntityDamageByEntityEvent was triggered by damaged PLAYER haw1kEyE1, damager PLAYER Mrjorge0124 and cancelled true.
[April 24, 2026 03:39:36.820AM UTC]  EntityDamageByEntityEvent was triggered by damaged PLAYER haw1kEyE1, damager PLAYER Mrjorge0124 and cancelled true.
[April 24, 2026 03:39:37.717AM UTC]  EntityDamageByEntityEvent was triggered by damaged PLAYER haw1kEyE1, damager PLAYER Mrjorge0124 and cancelled true.
[April 24, 2026 03:39:38.600AM UTC]  EntityDamageByEntityEvent was triggered by damaged PLAYER haw1kEyE1, damager PLAYER Mrjorge0124 and cancelled true.
[April 24, 2026 03:39:38.995AM UTC]  PlayerPreTagEvent was triggered on haw1kEyE1 by Mrjorge0124 with type PLAYER, reason ATTACKER, and cancelled false.
[April 24, 2026 03:39:38.995AM UTC]  PlayerTagEvent was triggered on haw1kEyE1 by Mrjorge0124 with type PLAYER and reason ATTACKER.
[April 24, 2026 03:39:38.995AM UTC]  PlayerPreTagEvent was triggered on Mrjorge0124 by haw1kEyE1 with type PLAYER, reason ATTACKED, and cancelled false.
[April 24, 2026 03:39:38.996AM UTC]  PlayerTagEvent was triggered on Mrjorge0124 by haw1kEyE1 with type PLAYER and reason ATTACKED.
[April 24, 2026 03:39:38.996AM UTC]  EntityDamageByEntityEvent was triggered by damaged PLAYER Mrjorge0124, damager PLAYER haw1kEyE1 and cancelled false.
[April 24, 2026 03:39:39.510AM UTC]  EntityDamageByEntityEvent was triggered by damaged PLAYER ianfari777, damager PLAYER Mrjorge0124 and cancelled true.
[April 24, 2026 03:39:40.243AM UTC]  PlayerPreTagEvent was triggered on haw1kEyE1 by Mrjorge0124 with type PLAYER, reason ATTACKER, and cancelled false.
[April 24, 2026 03:39:40.244AM UTC]  PlayerReTagEvent was triggered on haw1kEyE1 by Mrjorge0124 with type PLAYER and reason ATTACKER.
[April 24, 2026 03:39:40.244AM UTC]  PlayerPreTagEvent was triggered on Mrjorge0124 by haw1kEyE1 with type PLAYER, reason ATTACKED, and cancelled false.
[April 24, 2026 03:39:40.244AM UTC]  PlayerReTagEvent was triggered on Mrjorge0124 by haw1kEyE1 with type PLAYER and reason ATTACKED.
[April 24, 2026 03:39:40.244AM UTC]  EntityDamageByEntityEvent was triggered by damaged PLAYER Mrjorge0124, damager PLAYER haw1kEyE1 and cancelled false.
[April 24, 2026 03:39:40.245AM UTC]  PlayerPunishEvent was triggered on haw1kEyE1 with reason ENEMY_DEATH and cancelled true.
[April 24, 2026 03:39:40.246AM UTC]  PlayerUntagEvent was triggered on haw1kEyE1 with reason ENEMY_DEATH and expire set to true.
[April 24, 2026 03:39:40.246AM UTC]  PlayerPunishEvent was triggered on Mrjorge0124 with reason SELF_DEATH and cancelled true.
[April 24, 2026 03:39:40.246AM UTC]  PlayerUntagEvent was triggered on Mrjorge0124 with reason SELF_DEATH and expire set to true.
[April 24, 2026 03:39:43.006AM UTC]  EntityDamageByEntityEvent was triggered by damaged PIG Pig, damager FIREBALL §8justkahalll and cancelled false.
[April 24, 2026 03:39:43.006AM UTC]  EntityDamageByEntityEvent was triggered by damaged PIG Pig, damager FIREBALL §8justkahalll and cancelled false.
[April 24, 2026 03:39:43.006AM UTC]  EntityDamageByEntityEvent was triggered by damaged PIG Pig, damager FIREBALL §8justkahalll and cancelled false.
[April 24, 2026 03:39:43.006AM UTC]  EntityDamageByEntityEvent was triggered by damaged ITEM Leaf Litter, damager FIREBALL §8justkahalll and cancelled false.
[April 24, 2026 03:39:43.007AM UTC]  EntityDamageByEntityEvent was triggered by damaged PIG Pig, damager FIREBALL §8justkahalll and cancelled false.
[April 24, 2026 03:39:43.007AM UTC]  EntityDamageByEntityEvent was triggered by damaged CHICKEN Chicken, damager FIREBALL §8justkahalll and cancelled false.
[April 24, 2026 03:39:43.007AM UTC]  EntityDamageByEntityEvent was triggered by damaged CHICKEN Chicken, damager FIREBALL §8justkahalll and cancelled false.
[April 24, 2026 03:39:43.007AM UTC]  EntityDamageByEntityEvent was triggered by damaged ITEM Leaf Litter, damager FIREBALL §8justkahalll and cancelled false.
[April 24, 2026 03:39:43.007AM UTC]  EntityDamageByEntityEvent was triggered by damaged ITEM Leaf Litter, damager FIREBALL §8justkahalll and cancelled false.
[April 24, 2026 03:39:50.451AM UTC]  EntityDamageByEntityEvent was triggered by damaged TURTLE Turtle, damager PLAYER Thedestructio and cancelled false.
[April 24, 2026 03:39:50.967AM UTC]  EntityDamageByEntityEvent was triggered by damaged TURTLE Turtle, damager PLAYER Thedestructio and cancelled false.
[April 24, 2026 03:40:05.394AM UTC]  EntityDamageByEntityEvent was triggered by damaged PLAYER aqhez_, damager ARROW Arrow and cancelled false.
[April 24, 2026 03:40:08.244AM UTC]  EntityDamageByEntityEvent was triggered by damaged ZOMBIE Zombie, damager ARROW Arrow and cancelled false.
[April 24, 2026 03:40:08.338AM UTC]  EntityDamageByEntityEvent was triggered by damaged SKELETON Skeleton, damager ZOMBIE Zombie and cancelled false.
[April 24, 2026 03:40:10.940AM UTC]  EntityDamageByEntityEvent was triggered by damaged SKELETON Skeleton, damager ZOMBIE Zombie and cancelled false.
[April 24, 2026 03:40:11.244AM UTC]  EntityDamageByEntityEvent was triggered by damaged ZOMBIE Zombie, damager ARROW Arrow and cancelled false.
[April 24, 2026 03:40:13.137AM UTC]  EntityDamageByEntityEvent was triggered by damaged SKELETON Skeleton, damager ZOMBIE Zombie and cancelled false.
[April 24, 2026 03:40:13.638AM UTC]  EntityDamageByEntityEvent was triggered by damaged SKELETON Skeleton, damager ZOMBIE Zombie and cancelled false.
[April 24, 2026 03:40:14.244AM UTC]  EntityDamageByEntityEvent was triggered by damaged ZOMBIE Zombie, damager ARROW Arrow and cancelled false.
[April 24, 2026 03:40:16.644AM UTC]  EntityDamageByEntityEvent was triggered by damaged SKELETON Skeleton, damager ZOMBIE Zombie and cancelled false.
[April 24, 2026 03:40:17.292AM UTC]  EntityDamageByEntityEvent was triggered by damaged ZOMBIE Zombie, damager ARROW Arrow and cancelled false.
[April 24, 2026 03:40:19.042AM UTC]  EntityDamageByEntityEvent was triggered by damaged ITEM Dirt, damager FIREBALL §ajustkahalll and cancelled false.
[April 24, 2026 03:40:19.042AM UTC]  EntityDamageByEntityEvent was triggered by damaged ITEM Dirt, damager FIREBALL §ajustkahalll and cancelled false.
[April 24, 2026 03:40:19.239AM UTC]  EntityDamageByEntityEvent was triggered by damaged SKELETON Skeleton, damager ZOMBIE Zombie and cancelled false.
[April 24, 2026 03:40:20.242AM UTC]  EntityDamageByEntityEvent was triggered by damaged SKELETON Skeleton, damager ZOMBIE Zombie and cancelled false.
[April 24, 2026 03:40:20.248AM UTC]  EntityDamageByEntityEvent was triggered by damaged ZOMBIE Zombie, damager ARROW Arrow and cancelled false.
[April 24, 2026 03:40:21.861AM UTC]  EntityDamageByEntityEvent was triggered by damaged CHICKEN Chicken, damager PLAYER aqhez_ and cancelled false.
[April 24, 2026 03:40:30.962AM UTC]  EntityDamageByEntityEvent was triggered by damaged SHEEP Sheep, damager PLAYER aqhez_ and cancelled false.
[April 24, 2026 03:40:43.796AM UTC]  EntityDamageByEntityEvent was triggered by damaged COW Cow, damager PLAYER Thedestructio and cancelled false.
[April 24, 2026 03:41:00.099AM UTC]  EntityDamageByEntityEvent was triggered by damaged SHEEP Sheep, damager PLAYER aqhez_ and cancelled false.
[April 24, 2026 03:41:01.708AM UTC]  EntityDamageByEntityEvent was triggered by damaged SHEEP Sheep, damager PLAYER aqhez_ and cancelled false.
[April 24, 2026 03:41:02.361AM UTC]  EntityDamageByEntityEvent was triggered by damaged SHEEP Sheep, damager PLAYER aqhez_ and cancelled false.
[April 24, 2026 03:41:04.809AM UTC]  EntityDamageByEntityEvent was triggered by damaged SHEEP Sheep, damager PLAYER aqhez_ and cancelled false.
[April 24, 2026 03:41:05.407AM UTC]  EntityDamageByEntityEvent was triggered by damaged SHEEP Sheep, damager PLAYER aqhez_ and cancelled false.
[April 24, 2026 03:41:30.559AM UTC]  EntityDamageByEntityEvent was triggered by damaged SHEEP Sheep, damager PLAYER aqhez_ and cancelled false.
[April 24, 2026 03:41:51.138AM UTC]  EntityDamageByEntityEvent was triggered by damaged ITEM Spruce Sapling, damager FIREBALL §0justkahalll and cancelled false.
[April 24, 2026 03:41:51.138AM UTC]  EntityDamageByEntityEvent was triggered by damaged ITEM Dirt, damager FIREBALL §0justkahalll and cancelled false.
[April 24, 2026 03:41:51.138AM UTC]  EntityDamageByEntityEvent was triggered by damaged ITEM Stick, damager FIREBALL §0justkahalll and cancelled false.
[April 24, 2026 03:41:51.138AM UTC]  EntityDamageByEntityEvent was triggered by damaged ITEM Dirt, damager FIREBALL §0justkahalll and cancelled false.
[April 24, 2026 03:41:51.138AM UTC]  EntityDamageByEntityEvent was triggered by damaged ITEM Cobblestone, damager FIREBALL §0justkahalll and cancelled false.
[April 24, 2026 03:41:51.139AM UTC]  EntityDamageByEntityEvent was triggered by damaged ITEM Dirt, damager FIREBALL §0justkahalll and cancelled false.
[April 24, 2026 03:42:07.488AM UTC]  EntityDamageByEntityEvent was triggered by damaged SHEEP Sheep, damager WOLF Wolf and cancelled false.
[April 24, 2026 03:43:36.211AM UTC]  EntityDamageByEntityEvent was triggered by damaged SHEEP Sheep, damager PLAYER Thedestructio and cancelled false.
[April 24, 2026 03:43:37.463AM UTC]  EntityDamageByEntityEvent was triggered by damaged SHEEP Sheep, damager PLAYER Thedestructio and cancelled false.
[April 24, 2026 03:43:42.390AM UTC]  EntityDamageByEntityEvent was triggered by damaged SHEEP Sheep, damager PLAYER Thedestructio and cancelled false.
[April 24, 2026 03:43:47.261AM UTC]  EntityDamageByEntityEvent was triggered by damaged SHEEP Sheep, damager PLAYER Thedestructio and cancelled false.
[April 24, 2026 03:43:59.111AM UTC]  PlayerPreTagEvent was triggered on haw1kEyE1 by panamiguel with type PLAYER, reason ATTACKER, and cancelled false.
[April 24, 2026 03:43:59.112AM UTC]  PlayerTagEvent was triggered on haw1kEyE1 by panamiguel with type PLAYER and reason ATTACKER.
[April 24, 2026 03:43:59.112AM UTC]  PlayerPreTagEvent was triggered on panamiguel by haw1kEyE1 with type PLAYER, reason ATTACKED, and cancelled false.
[April 24, 2026 03:43:59.113AM UTC]  PlayerTagEvent was triggered on panamiguel by haw1kEyE1 with type PLAYER and reason ATTACKED.
[April 24, 2026 03:43:59.113AM UTC]  EntityDamageByEntityEvent was triggered by damaged PLAYER panamiguel, damager PLAYER haw1kEyE1 and cancelled false.
[April 24, 2026 03:43:59.688AM UTC]  PlayerPreTagEvent was triggered on haw1kEyE1 by panamiguel with type PLAYER, reason ATTACKER, and cancelled false.
[April 24, 2026 03:43:59.689AM UTC]  PlayerReTagEvent was triggered on haw1kEyE1 by panamiguel with type PLAYER and reason ATTACKER.
[April 24, 2026 03:43:59.689AM UTC]  PlayerPreTagEvent was triggered on panamiguel by haw1kEyE1 with type PLAYER, reason ATTACKED, and cancelled false.
[April 24, 2026 03:43:59.689AM UTC]  PlayerReTagEvent was triggered on panamiguel by haw1kEyE1 with type PLAYER and reason ATTACKED.
[April 24, 2026 03:43:59.689AM UTC]  EntityDamageByEntityEvent was triggered by damaged PLAYER panamiguel, damager PLAYER haw1kEyE1 and cancelled false.
[April 24, 2026 03:43:59.691AM UTC]  PlayerPunishEvent was triggered on haw1kEyE1 with reason ENEMY_DEATH and cancelled true.
[April 24, 2026 03:43:59.691AM UTC]  PlayerUntagEvent was triggered on haw1kEyE1 with reason ENEMY_DEATH and expire set to true.
[April 24, 2026 03:43:59.691AM UTC]  PlayerPunishEvent was triggered on panamiguel with reason SELF_DEATH and cancelled true.
[April 24, 2026 03:43:59.692AM UTC]  PlayerUntagEvent was triggered on panamiguel with reason SELF_DEATH and expire set to true.
[April 24, 2026 03:44:02.289AM UTC]  EntityDamageByEntityEvent was triggered by damaged GLOW_SQUID Glow Squid, damager AXOLOTL Axolotl and cancelled false.
[April 24, 2026 03:44:03.340AM UTC]  EntityDamageByEntityEvent was triggered by damaged GLOW_SQUID Glow Squid, damager AXOLOTL Axolotl and cancelled false.
[April 24, 2026 03:44:05.088AM UTC]  EntityDamageByEntityEvent was triggered by damaged GLOW_SQUID Glow Squid, damager AXOLOTL Axolotl and cancelled false.
[April 24, 2026 03:44:06.640AM UTC]  EntityDamageByEntityEvent was triggered by damaged GLOW_SQUID Glow Squid, damager AXOLOTL Axolotl and cancelled false.
[April 24, 2026 03:44:07.737AM UTC]  EntityDamageByEntityEvent was triggered by damaged GLOW_SQUID Glow Squid, damager AXOLOTL Axolotl and cancelled false.
[April 24, 2026 03:44:13.086AM UTC]  EntityDamageByEntityEvent was triggered by damaged DROWNED Drowned, damager AXOLOTL Axolotl and cancelled false.
[April 24, 2026 03:44:13.135AM UTC]  EntityDamageByEntityEvent was triggered by damaged AXOLOTL Axolotl, damager DROWNED Drowned and cancelled false.
[April 24, 2026 03:44:20.286AM UTC]  EntityDamageByEntityEvent was triggered by damaged DROWNED Drowned, damager AXOLOTL Axolotl and cancelled false.
[April 24, 2026 03:44:20.335AM UTC]  EntityDamageByEntityEvent was triggered by damaged AXOLOTL Axolotl, damager DROWNED Drowned and cancelled false.
[April 24, 2026 03:44:21.587AM UTC]  EntityDamageByEntityEvent was triggered by damaged AXOLOTL Axolotl, damager DROWNED Drowned and cancelled false.
[April 24, 2026 03:44:21.590AM UTC]  EntityDamageByEntityEvent was triggered by damaged DROWNED Drowned, damager AXOLOTL Axolotl and cancelled false.
[April 24, 2026 03:44:47.133AM UTC]  EntityDamageByEntityEvent was triggered by damaged AXOLOTL Axolotl, damager DROWNED Drowned and cancelled false.
[April 24, 2026 03:44:47.134AM UTC]  EntityDamageByEntityEvent was triggered by damaged DROWNED Drowned, damager AXOLOTL Axolotl and cancelled false.
[April 24, 2026 03:44:48.434AM UTC]  EntityDamageByEntityEvent was triggered by damaged AXOLOTL Axolotl, damager DROWNED Drowned and cancelled false.
[April 24, 2026 03:44:48.435AM UTC]  EntityDamageByEntityEvent was triggered by damaged DROWNED Drowned, damager AXOLOTL Axolotl and cancelled false.
[April 24, 2026 03:45:07.684AM UTC]  EntityDamageByEntityEvent was triggered by damaged DROWNED Drowned, damager AXOLOTL Axolotl and cancelled false.
[April 24, 2026 03:45:07.734AM UTC]  EntityDamageByEntityEvent was triggered by damaged AXOLOTL Axolotl, damager DROWNED Drowned and cancelled false.
[April 24, 2026 03:45:37.034AM UTC]  EntityDamageByEntityEvent was triggered by damaged AXOLOTL Axolotl, damager DROWNED Drowned and cancelled false.
[April 24, 2026 03:45:37.035AM UTC]  EntityDamageByEntityEvent was triggered by damaged DROWNED Drowned, damager AXOLOTL Axolotl and cancelled false.
[April 24, 2026 03:45:38.284AM UTC]  EntityDamageByEntityEvent was triggered by damaged AXOLOTL Axolotl, damager DROWNED Drowned and cancelled false.
[April 24, 2026 03:45:38.284AM UTC]  EntityDamageByEntityEvent was triggered by damaged DROWNED Drowned, damager AXOLOTL Axolotl and cancelled false.
[April 24, 2026 03:45:53.984AM UTC]  EntityDamageByEntityEvent was triggered by damaged AXOLOTL Axolotl, damager DROWNED Drowned and cancelled false.
[April 24, 2026 03:45:53.984AM UTC]  EntityDamageByEntityEvent was triggered by damaged DROWNED Drowned, damager AXOLOTL Axolotl and cancelled false.
[April 24, 2026 03:45:55.684AM UTC]  EntityDamageByEntityEvent was triggered by damaged SHEEP Sheep, damager WOLF Wolf and cancelled false.
[April 24, 2026 03:45:56.932AM UTC]  EntityDamageByEntityEvent was triggered by damaged SHEEP Sheep, damager WOLF Wolf and cancelled false.
[April 24, 2026 03:46:02.283AM UTC]  EntityDamageByEntityEvent was triggered by damaged SKELETON Skeleton, damager WOLF Wolf and cancelled false.
[April 24, 2026 03:46:09.233AM UTC]  EntityDamageByEntityEvent was triggered by damaged SKELETON Skeleton, damager WOLF Wolf and cancelled false.
[April 24, 2026 03:46:10.433AM UTC]  EntityDamageByEntityEvent was triggered by damaged SKELETON Skeleton, damager WOLF Wolf and cancelled false.
[April 24, 2026 03:46:14.386AM UTC]  EntityDamageByEntityEvent was triggered by damaged SHEEP Sheep, damager WOLF Wolf and cancelled false.
[April 24, 2026 03:46:14.890AM UTC]  EntityDamageByEntityEvent was triggered by damaged SHEEP Sheep, damager WOLF Wolf and cancelled false.
[April 24, 2026 03:46:17.634AM UTC]  EntityDamageByEntityEvent was triggered by damaged GLOW_SQUID Glow Squid, damager AXOLOTL Axolotl and cancelled false.
[April 24, 2026 03:46:21.784AM UTC]  EntityDamageByEntityEvent was triggered by damaged GLOW_SQUID Glow Squid, damager AXOLOTL Axolotl and cancelled false.
[April 24, 2026 03:46:22.480AM UTC]  EntityDamageByEntityEvent was triggered by damaged AXOLOTL Axolotl, damager DROWNED Drowned and cancelled false.
[April 24, 2026 03:46:22.481AM UTC]  EntityDamageByEntityEvent was triggered by damaged DROWNED Drowned, damager AXOLOTL Axolotl and cancelled false.
[April 24, 2026 03:46:22.833AM UTC]  EntityDamageByEntityEvent was triggered by damaged GLOW_SQUID Glow Squid, damager AXOLOTL Axolotl and cancelled false.
[April 24, 2026 03:46:24.483AM UTC]  EntityDamageByEntityEvent was triggered by damaged GLOW_SQUID Glow Squid, damager AXOLOTL Axolotl and cancelled false.
[April 24, 2026 03:46:25.834AM UTC]  EntityDamageByEntityEvent was triggered by damaged GLOW_SQUID Glow Squid, damager AXOLOTL Axolotl and cancelled false.
[April 24, 2026 03:46:29.284AM UTC]  EntityDamageByEntityEvent was triggered by damaged GLOW_SQUID Glow Squid, damager AXOLOTL Axolotl and cancelled false.
[April 24, 2026 03:46:30.333AM UTC]  EntityDamageByEntityEvent was triggered by damaged GLOW_SQUID Glow Squid, damager AXOLOTL Axolotl and cancelled false.
[April 24, 2026 03:46:33.732AM UTC]  EntityDamageByEntityEvent was triggered by damaged GLOW_SQUID Glow Squid, damager AXOLOTL Axolotl and cancelled false.
[April 24, 2026 03:46:34.784AM UTC]  EntityDamageByEntityEvent was triggered by damaged GLOW_SQUID Glow Squid, damager AXOLOTL Axolotl and cancelled false.
[April 24, 2026 03:46:35.837AM UTC]  EntityDamageByEntityEvent was triggered by damaged GLOW_SQUID Glow Squid, damager AXOLOTL Axolotl and cancelled false.
[April 24, 2026 03:46:37.034AM UTC]  EntityDamageByEntityEvent was triggered by damaged DROWNED Drowned, damager AXOLOTL Axolotl and cancelled false.
[April 24, 2026 03:46:37.082AM UTC]  EntityDamageByEntityEvent was triggered by damaged AXOLOTL Axolotl, damager DROWNED Drowned and cancelled false.
[April 24, 2026 03:46:38.231AM UTC]  EntityDamageByEntityEvent was triggered by damaged AXOLOTL Axolotl, damager DROWNED Drowned and cancelled false.
[April 24, 2026 03:46:38.232AM UTC]  EntityDamageByEntityEvent was triggered by damaged DROWNED Drowned, damager AXOLOTL Axolotl and cancelled false.
[April 24, 2026 03:46:39.382AM UTC]  EntityDamageByEntityEvent was triggered by damaged AXOLOTL Axolotl, damager DROWNED Drowned and cancelled false.
[April 24, 2026 03:46:39.384AM UTC]  EntityDamageByEntityEvent was triggered by damaged DROWNED Drowned, damager AXOLOTL Axolotl and cancelled false.
[April 24, 2026 03:46:40.734AM UTC]  EntityDamageByEntityEvent was triggered by damaged AXOLOTL Axolotl, damager DROWNED Drowned and cancelled false.
[April 24, 2026 03:46:40.735AM UTC]  EntityDamageByEntityEvent was triggered by damaged DROWNED Drowned, damager AXOLOTL Axolotl and cancelled false.
[April 24, 2026 03:46:41.482AM UTC]  EntityDamageByEntityEvent was triggered by damaged AXOLOTL Axolotl, damager DROWNED Drowned and cancelled false.
[April 24, 2026 03:46:41.482AM UTC]  EntityDamageByEntityEvent was triggered by damaged DROWNED Drowned, damager AXOLOTL Axolotl and cancelled false.
[April 24, 2026 03:46:41.983AM UTC]  EntityDamageByEntityEvent was triggered by damaged AXOLOTL Axolotl, damager DROWNED Drowned and cancelled false.
[April 24, 2026 03:46:44.041AM UTC]  EntityDamageByEntityEvent was triggered by damaged CREEPER Creeper, damager PLAYER haw1kEyE1 and cancelled false.
[April 24, 2026 03:46:48.138AM UTC]  EntityDamageByEntityEvent was triggered by damaged ITEM Spruce Sapling, damager FIREBALL §celpeto and cancelled false.
[April 24, 2026 03:46:48.138AM UTC]  EntityDamageByEntityEvent was triggered by damaged ITEM Spruce Sapling, damager FIREBALL §celpeto and cancelled false.
[April 24, 2026 03:46:48.138AM UTC]  EntityDamageByEntityEvent was triggered by damaged ITEM Spruce Sapling, damager FIREBALL §celpeto and cancelled false.
[April 24, 2026 03:46:48.138AM UTC]  EntityDamageByEntityEvent was triggered by damaged ITEM Spruce Sapling, damager FIREBALL §celpeto and cancelled false.
[April 24, 2026 03:46:48.138AM UTC]  EntityDamageByEntityEvent was triggered by damaged ITEM Spruce Sapling, damager FIREBALL §celpeto and cancelled false.
[April 24, 2026 03:46:48.139AM UTC]  EntityDamageByEntityEvent was triggered by damaged ITEM Sand, damager FIREBALL §celpeto and cancelled false.
[April 24, 2026 03:46:48.139AM UTC]  EntityDamageByEntityEvent was triggered by damaged ITEM Dirt, damager FIREBALL §celpeto and cancelled false.
[April 24, 2026 03:46:48.139AM UTC]  EntityDamageByEntityEvent was triggered by damaged ITEM Stick, damager FIREBALL §celpeto and cancelled false.
[April 24, 2026 03:46:48.139AM UTC]  EntityDamageByEntityEvent was triggered by damaged ITEM Spruce Sapling, damager FIREBALL §celpeto and cancelled false.
[April 24, 2026 03:46:50.343AM UTC]  EntityDamageByEntityEvent was triggered by damaged SPIDER Spider, damager PLAYER haw1kEyE1 and cancelled false.
[April 24, 2026 03:46:54.934AM UTC]  EntityDamageByEntityEvent was triggered by damaged AXOLOTL Axolotl, damager DROWNED Drowned and cancelled false.
[April 24, 2026 03:46:54.985AM UTC]  EntityDamageByEntityEvent was triggered by damaged DROWNED Drowned, damager AXOLOTL Axolotl and cancelled false.
[April 24, 2026 03:46:55.432AM UTC]  EntityDamageByEntityEvent was triggered by damaged SKELETON Skeleton, damager WOLF Wolf and cancelled false.
[April 24, 2026 03:46:56.131AM UTC]  EntityDamageByEntityEvent was triggered by damaged AXOLOTL Axolotl, damager DROWNED Drowned and cancelled false.
[April 24, 2026 03:46:58.933AM UTC]  EntityDamageByEntityEvent was triggered by damaged SKELETON Skeleton, damager WOLF Wolf and cancelled false.
[April 24, 2026 03:47:00.081AM UTC]  EntityDamageByEntityEvent was triggered by damaged SKELETON Skeleton, damager WOLF Wolf and cancelled false.
[April 24, 2026 03:47:01.936AM UTC]  EntityDamageByEntityEvent was triggered by damaged CREEPER Creeper, damager PLAYER ianfari777 and cancelled false.
[April 24, 2026 03:47:02.432AM UTC]  EntityDamageByEntityEvent was triggered by damaged PLAYER ianfari777, damager SPIDER Spider and cancelled false.
[April 24, 2026 03:47:02.543AM UTC]  EntityDamageByEntityEvent was triggered by damaged SPIDER Spider, damager PLAYER ianfari777 and cancelled false.
[April 24, 2026 03:47:02.882AM UTC]  EntityDamageByEntityEvent was triggered by damaged PLAYER ianfari777, damager CREEPER Creeper and cancelled false.
[April 24, 2026 03:47:03.232AM UTC]  EntityDamageByEntityEvent was triggered by damaged SKELETON Skeleton, damager WOLF Wolf and cancelled false.
[April 24, 2026 03:47:03.893AM UTC]  EntityDamageByEntityEvent was triggered by damaged SPIDER Spider, damager PLAYER ianfari777 and cancelled false.
[April 24, 2026 03:47:14.281AM UTC]  EntityDamageByEntityEvent was triggered by damaged SKELETON Skeleton, damager WOLF Wolf and cancelled false.
[April 24, 2026 03:47:19.433AM UTC]  EntityDamageByEntityEvent was triggered by damaged SKELETON Skeleton, damager WOLF Wolf and cancelled false.
[April 24, 2026 03:47:19.437AM UTC]  EntityDamageByEntityEvent was triggered by damaged WOLF Wolf, damager ARROW Arrow and cancelled false.
[April 24, 2026 03:47:19.781AM UTC]  EntityDamageByEntityEvent was triggered by damaged SKELETON Skeleton, damager WOLF Wolf and cancelled false.
[April 24, 2026 03:47:44.584AM UTC]  EntityDamageByEntityEvent was triggered by damaged SKELETON Skeleton, damager WOLF Wolf and cancelled false.
[April 24, 2026 03:47:45.582AM UTC]  EntityDamageByEntityEvent was triggered by damaged SKELETON Skeleton, damager WOLF Wolf and cancelled false.
[April 24, 2026 03:47:50.681AM UTC]  EntityDamageByEntityEvent was triggered by damaged SKELETON Skeleton, damager WOLF Wolf and cancelled false.
[April 24, 2026 03:48:38.131AM UTC]  EntityDamageByEntityEvent was triggered by damaged SKELETON Skeleton, damager WOLF Wolf and cancelled false.
[April 24, 2026 03:49:01.481AM UTC]  EntityDamageByEntityEvent was triggered by damaged SKELETON Skeleton, damager WOLF Wolf and cancelled false.
[April 24, 2026 03:49:02.481AM UTC]  EntityDamageByEntityEvent was triggered by damaged SKELETON Skeleton, damager WOLF Wolf and cancelled false.
[April 24, 2026 03:49:07.480AM UTC]  EntityDamageByEntityEvent was triggered by damaged SKELETON Skeleton, damager WOLF Wolf and cancelled false.
[April 24, 2026 03:49:20.081AM UTC]  EntityDamageByEntityEvent was triggered by damaged SKELETON Skeleton, damager WOLF Wolf and cancelled false.
[April 24, 2026 03:49:21.081AM UTC]  EntityDamageByEntityEvent was triggered by damaged SKELETON Skeleton, damager WOLF Wolf and cancelled false.
[April 24, 2026 03:49:25.990AM UTC]  PlayerPreTagEvent was triggered on ianfari777 by haw1kEyE1 with type PLAYER, reason ATTACKER, and cancelled false.
[April 24, 2026 03:49:25.991AM UTC]  PlayerTagEvent was triggered on ianfari777 by haw1kEyE1 with type PLAYER and reason ATTACKER.
[April 24, 2026 03:49:25.991AM UTC]  PlayerPreTagEvent was triggered on haw1kEyE1 by ianfari777 with type PLAYER, reason ATTACKED, and cancelled false.
[April 24, 2026 03:49:25.991AM UTC]  PlayerTagEvent was triggered on haw1kEyE1 by ianfari777 with type PLAYER and reason ATTACKED.
[April 24, 2026 03:49:25.992AM UTC]  EntityDamageByEntityEvent was triggered by damaged PLAYER haw1kEyE1, damager PLAYER ianfari777 and cancelled false.
[April 24, 2026 03:49:26.644AM UTC]  PlayerPreTagEvent was triggered on ianfari777 by haw1kEyE1 with type PLAYER, reason ATTACKER, and cancelled false.
[April 24, 2026 03:49:26.644AM UTC]  PlayerReTagEvent was triggered on ianfari777 by haw1kEyE1 with type PLAYER and reason ATTACKER.
[April 24, 2026 03:49:26.644AM UTC]  PlayerPreTagEvent was triggered on haw1kEyE1 by ianfari777 with type PLAYER, reason ATTACKED, and cancelled false.
[April 24, 2026 03:49:26.644AM UTC]  PlayerReTagEvent was triggered on haw1kEyE1 by ianfari777 with type PLAYER and reason ATTACKED.
[April 24, 2026 03:49:26.644AM UTC]  EntityDamageByEntityEvent was triggered by damaged PLAYER haw1kEyE1, damager PLAYER ianfari777 and cancelled false.
[April 24, 2026 03:49:27.193AM UTC]  PlayerPreTagEvent was triggered on ianfari777 by haw1kEyE1 with type PLAYER, reason ATTACKER, and cancelled false.
[April 24, 2026 03:49:27.193AM UTC]  PlayerReTagEvent was triggered on ianfari777 by haw1kEyE1 with type PLAYER and reason ATTACKER.
[April 24, 2026 03:49:27.193AM UTC]  PlayerPreTagEvent was triggered on haw1kEyE1 by ianfari777 with type PLAYER, reason ATTACKED, and cancelled false.
[April 24, 2026 03:49:27.193AM UTC]  PlayerReTagEvent was triggered on haw1kEyE1 by ianfari777 with type PLAYER and reason ATTACKED.
[April 24, 2026 03:49:27.193AM UTC]  EntityDamageByEntityEvent was triggered by damaged PLAYER haw1kEyE1, damager PLAYER ianfari777 and cancelled false.
[April 24, 2026 03:49:28.340AM UTC]  PlayerPreTagEvent was triggered on ianfari777 by haw1kEyE1 with type PLAYER, reason ATTACKER, and cancelled false.
[April 24, 2026 03:49:28.340AM UTC]  PlayerReTagEvent was triggered on ianfari777 by haw1kEyE1 with type PLAYER and reason ATTACKER.
[April 24, 2026 03:49:28.341AM UTC]  PlayerPreTagEvent was triggered on haw1kEyE1 by ianfari777 with type PLAYER, reason ATTACKED, and cancelled false.
[April 24, 2026 03:49:28.341AM UTC]  PlayerReTagEvent was triggered on haw1kEyE1 by ianfari777 with type PLAYER and reason ATTACKED.
[April 24, 2026 03:49:28.341AM UTC]  EntityDamageByEntityEvent was triggered by damaged PLAYER haw1kEyE1, damager PLAYER ianfari777 and cancelled false.
[April 24, 2026 03:49:28.494AM UTC]  PlayerPreTagEvent was triggered on haw1kEyE1 by ianfari777 with type PLAYER, reason ATTACKER, and cancelled false.
[April 24, 2026 03:49:28.494AM UTC]  PlayerReTagEvent was triggered on haw1kEyE1 by ianfari777 with type PLAYER and reason ATTACKER.
[April 24, 2026 03:49:28.494AM UTC]  PlayerPreTagEvent was triggered on ianfari777 by haw1kEyE1 with type PLAYER, reason ATTACKED, and cancelled false.
[April 24, 2026 03:49:28.495AM UTC]  PlayerReTagEvent was triggered on ianfari777 by haw1kEyE1 with type PLAYER and reason ATTACKED.
[April 24, 2026 03:49:28.495AM UTC]  EntityDamageByEntityEvent was triggered by damaged PLAYER ianfari777, damager PLAYER haw1kEyE1 and cancelled false.
[April 24, 2026 03:49:28.944AM UTC]  PlayerPreTagEvent was triggered on ianfari777 by haw1kEyE1 with type PLAYER, reason ATTACKER, and cancelled false.
[April 24, 2026 03:49:28.944AM UTC]  PlayerReTagEvent was triggered on ianfari777 by haw1kEyE1 with type PLAYER and reason ATTACKER.
[April 24, 2026 03:49:28.944AM UTC]  PlayerPreTagEvent was triggered on haw1kEyE1 by ianfari777 with type PLAYER, reason ATTACKED, and cancelled false.
[April 24, 2026 03:49:28.944AM UTC]  PlayerReTagEvent was triggered on haw1kEyE1 by ianfari777 with type PLAYER and reason ATTACKED.
[April 24, 2026 03:49:28.945AM UTC]  EntityDamageByEntityEvent was triggered by damaged PLAYER haw1kEyE1, damager PLAYER ianfari777 and cancelled false.
[April 24, 2026 03:49:29.590AM UTC]  PlayerPreTagEvent was triggered on ianfari777 by haw1kEyE1 with type PLAYER, reason ATTACKER, and cancelled false.
[April 24, 2026 03:49:29.591AM UTC]  PlayerReTagEvent was triggered on ianfari777 by haw1kEyE1 with type PLAYER and reason ATTACKER.
[April 24, 2026 03:49:29.591AM UTC]  PlayerPreTagEvent was triggered on haw1kEyE1 by ianfari777 with type PLAYER, reason ATTACKED, and cancelled false.
[April 24, 2026 03:49:29.591AM UTC]  PlayerReTagEvent was triggered on haw1kEyE1 by ianfari777 with type PLAYER and reason ATTACKED.
[April 24, 2026 03:49:29.591AM UTC]  EntityDamageByEntityEvent was triggered by damaged PLAYER haw1kEyE1, damager PLAYER ianfari777 and cancelled false.
[April 24, 2026 03:49:29.794AM UTC]  PlayerPreTagEvent was triggered on haw1kEyE1 by ianfari777 with type PLAYER, reason ATTACKER, and cancelled false.
[April 24, 2026 03:49:29.794AM UTC]  PlayerReTagEvent was triggered on haw1kEyE1 by ianfari777 with type PLAYER and reason ATTACKER.
[April 24, 2026 03:49:29.794AM UTC]  PlayerPreTagEvent was triggered on ianfari777 by haw1kEyE1 with type PLAYER, reason ATTACKED, and cancelled false.
[April 24, 2026 03:49:29.794AM UTC]  PlayerReTagEvent was triggered on ianfari777 by haw1kEyE1 with type PLAYER and reason ATTACKED.
[April 24, 2026 03:49:29.794AM UTC]  EntityDamageByEntityEvent was triggered by damaged PLAYER ianfari777, damager PLAYER haw1kEyE1 and cancelled false.
[April 24, 2026 03:49:30.191AM UTC]  PlayerPreTagEvent was triggered on ianfari777 by haw1kEyE1 with type PLAYER, reason ATTACKER, and cancelled false.
[April 24, 2026 03:49:30.192AM UTC]  PlayerReTagEvent was triggered on ianfari777 by haw1kEyE1 with type PLAYER and reason ATTACKER.
[April 24, 2026 03:49:30.192AM UTC]  PlayerPreTagEvent was triggered on haw1kEyE1 by ianfari777 with type PLAYER, reason ATTACKED, and cancelled false.
[April 24, 2026 03:49:30.192AM UTC]  PlayerReTagEvent was triggered on haw1kEyE1 by ianfari777 with type PLAYER and reason ATTACKED.
[April 24, 2026 03:49:30.192AM UTC]  EntityDamageByEntityEvent was triggered by damaged PLAYER haw1kEyE1, damager PLAYER ianfari777 and cancelled false.
[April 24, 2026 03:49:30.456AM UTC]  PlayerPreTagEvent was triggered on haw1kEyE1 by ianfari777 with type PLAYER, reason ATTACKER, and cancelled false.
[April 24, 2026 03:49:30.456AM UTC]  PlayerReTagEvent was triggered on haw1kEyE1 by ianfari777 with type PLAYER and reason ATTACKER.
[April 24, 2026 03:49:30.456AM UTC]  PlayerPreTagEvent was triggered on ianfari777 by haw1kEyE1 with type PLAYER, reason ATTACKED, and cancelled false.
[April 24, 2026 03:49:30.456AM UTC]  PlayerReTagEvent was triggered on ianfari777 by haw1kEyE1 with type PLAYER and reason ATTACKED.
[April 24, 2026 03:49:30.457AM UTC]  EntityDamageByEntityEvent was triggered by damaged PLAYER ianfari777, damager PLAYER haw1kEyE1 and cancelled false.
[April 24, 2026 03:49:30.741AM UTC]  PlayerPreTagEvent was triggered on ianfari777 by haw1kEyE1 with type PLAYER, reason ATTACKER, and cancelled false.
[April 24, 2026 03:49:30.742AM UTC]  PlayerReTagEvent was triggered on ianfari777 by haw1kEyE1 with type PLAYER and reason ATTACKER.
[April 24, 2026 03:49:30.742AM UTC]  PlayerPreTagEvent was triggered on haw1kEyE1 by ianfari777 with type PLAYER, reason ATTACKED, and cancelled false.
[April 24, 2026 03:49:30.742AM UTC]  PlayerReTagEvent was triggered on haw1kEyE1 by ianfari777 with type PLAYER and reason ATTACKED.
[April 24, 2026 03:49:30.742AM UTC]  EntityDamageByEntityEvent was triggered by damaged PLAYER haw1kEyE1, damager PLAYER ianfari777 and cancelled false.
[April 24, 2026 03:49:31.149AM UTC]  PlayerPreTagEvent was triggered on haw1kEyE1 by ianfari777 with type PLAYER, reason ATTACKER, and cancelled false.
[April 24, 2026 03:49:31.149AM UTC]  PlayerReTagEvent was triggered on haw1kEyE1 by ianfari777 with type PLAYER and reason ATTACKER.
[April 24, 2026 03:49:31.149AM UTC]  PlayerPreTagEvent was triggered on ianfari777 by haw1kEyE1 with type PLAYER, reason ATTACKED, and cancelled false.
[April 24, 2026 03:49:31.149AM UTC]  PlayerReTagEvent was triggered on ianfari777 by haw1kEyE1 with type PLAYER and reason ATTACKED.
[April 24, 2026 03:49:31.150AM UTC]  EntityDamageByEntityEvent was triggered by damaged PLAYER ianfari777, damager PLAYER haw1kEyE1 and cancelled false.
[April 24, 2026 03:49:31.338AM UTC]  PlayerPreTagEvent was triggered on ianfari777 by haw1kEyE1 with type PLAYER, reason ATTACKER, and cancelled false.
[April 24, 2026 03:49:31.338AM UTC]  PlayerReTagEvent was triggered on ianfari777 by haw1kEyE1 with type PLAYER and reason ATTACKER.
[April 24, 2026 03:49:31.338AM UTC]  PlayerPreTagEvent was triggered on haw1kEyE1 by ianfari777 with type PLAYER, reason ATTACKED, and cancelled false.
[April 24, 2026 03:49:31.338AM UTC]  PlayerReTagEvent was triggered on haw1kEyE1 by ianfari777 with type PLAYER and reason ATTACKED.
[April 24, 2026 03:49:31.339AM UTC]  EntityDamageByEntityEvent was triggered by damaged PLAYER haw1kEyE1, damager PLAYER ianfari777 and cancelled false.
[April 24, 2026 03:49:31.944AM UTC]  PlayerPreTagEvent was triggered on ianfari777 by haw1kEyE1 with type PLAYER, reason ATTACKER, and cancelled false.
[April 24, 2026 03:49:31.944AM UTC]  PlayerReTagEvent was triggered on ianfari777 by haw1kEyE1 with type PLAYER and reason ATTACKER.
[April 24, 2026 03:49:31.944AM UTC]  PlayerPreTagEvent was triggered on haw1kEyE1 by ianfari777 with type PLAYER, reason ATTACKED, and cancelled false.
[April 24, 2026 03:49:31.944AM UTC]  PlayerReTagEvent was triggered on haw1kEyE1 by ianfari777 with type PLAYER and reason ATTACKED.
[April 24, 2026 03:49:31.944AM UTC]  EntityDamageByEntityEvent was triggered by damaged PLAYER haw1kEyE1, damager PLAYER ianfari777 and cancelled false.
[April 24, 2026 03:49:32.541AM UTC]  PlayerPreTagEvent was triggered on ianfari777 by haw1kEyE1 with type PLAYER, reason ATTACKER, and cancelled false.
[April 24, 2026 03:49:32.542AM UTC]  PlayerReTagEvent was triggered on ianfari777 by haw1kEyE1 with type PLAYER and reason ATTACKER.
[April 24, 2026 03:49:32.542AM UTC]  PlayerPreTagEvent was triggered on haw1kEyE1 by ianfari777 with type PLAYER, reason ATTACKED, and cancelled false.
[April 24, 2026 03:49:32.542AM UTC]  PlayerReTagEvent was triggered on haw1kEyE1 by ianfari777 with type PLAYER and reason ATTACKED.
[April 24, 2026 03:49:32.542AM UTC]  EntityDamageByEntityEvent was triggered by damaged PLAYER haw1kEyE1, damager PLAYER ianfari777 and cancelled false.
[April 24, 2026 03:49:33.143AM UTC]  PlayerPreTagEvent was triggered on ianfari777 by haw1kEyE1 with type PLAYER, reason ATTACKER, and cancelled false.
[April 24, 2026 03:49:33.143AM UTC]  PlayerReTagEvent was triggered on ianfari777 by haw1kEyE1 with type PLAYER and reason ATTACKER.
[April 24, 2026 03:49:33.143AM UTC]  PlayerPreTagEvent was triggered on haw1kEyE1 by ianfari777 with type PLAYER, reason ATTACKED, and cancelled false.
[April 24, 2026 03:49:33.143AM UTC]  PlayerReTagEvent was triggered on haw1kEyE1 by ianfari777 with type PLAYER and reason ATTACKED.
[April 24, 2026 03:49:33.143AM UTC]  EntityDamageByEntityEvent was triggered by damaged PLAYER haw1kEyE1, damager PLAYER ianfari777 and cancelled false.
[April 24, 2026 03:49:33.346AM UTC]  PlayerPreTagEvent was triggered on haw1kEyE1 by ianfari777 with type PLAYER, reason ATTACKER, and cancelled false.
[April 24, 2026 03:49:33.347AM UTC]  PlayerReTagEvent was triggered on haw1kEyE1 by ianfari777 with type PLAYER and reason ATTACKER.
[April 24, 2026 03:49:33.347AM UTC]  PlayerPreTagEvent was triggered on ianfari777 by haw1kEyE1 with type PLAYER, reason ATTACKED, and cancelled false.
[April 24, 2026 03:49:33.347AM UTC]  PlayerReTagEvent was triggered on ianfari777 by haw1kEyE1 with type PLAYER and reason ATTACKED.
[April 24, 2026 03:49:33.347AM UTC]  EntityDamageByEntityEvent was triggered by damaged PLAYER ianfari777, damager PLAYER haw1kEyE1 and cancelled false.
[April 24, 2026 03:49:33.793AM UTC]  PlayerPreTagEvent was triggered on ianfari777 by haw1kEyE1 with type PLAYER, reason ATTACKER, and cancelled false.
[April 24, 2026 03:49:33.794AM UTC]  PlayerReTagEvent was triggered on ianfari777 by haw1kEyE1 with type PLAYER and reason ATTACKER.
[April 24, 2026 03:49:33.794AM UTC]  PlayerPreTagEvent was triggered on haw1kEyE1 by ianfari777 with type PLAYER, reason ATTACKED, and cancelled false.
[April 24, 2026 03:49:33.794AM UTC]  PlayerReTagEvent was triggered on haw1kEyE1 by ianfari777 with type PLAYER and reason ATTACKED.
[April 24, 2026 03:49:33.794AM UTC]  EntityDamageByEntityEvent was triggered by damaged PLAYER haw1kEyE1, damager PLAYER ianfari777 and cancelled false.
[April 24, 2026 03:49:34.092AM UTC]  PlayerPreTagEvent was triggered on haw1kEyE1 by ianfari777 with type PLAYER, reason ATTACKER, and cancelled false.
[April 24, 2026 03:49:34.093AM UTC]  PlayerReTagEvent was triggered on haw1kEyE1 by ianfari777 with type PLAYER and reason ATTACKER.
[April 24, 2026 03:49:34.093AM UTC]  PlayerPreTagEvent was triggered on ianfari777 by haw1kEyE1 with type PLAYER, reason ATTACKED, and cancelled false.
[April 24, 2026 03:49:34.093AM UTC]  PlayerReTagEvent was triggered on ianfari777 by haw1kEyE1 with type PLAYER and reason ATTACKED.
[April 24, 2026 03:49:34.093AM UTC]  EntityDamageByEntityEvent was triggered by damaged PLAYER ianfari777, damager PLAYER haw1kEyE1 and cancelled false.
[April 24, 2026 03:49:34.283AM UTC]  EntityDamageByEntityEvent was triggered by damaged GLOW_SQUID Glow Squid, damager AXOLOTL Axolotl and cancelled false.
[April 24, 2026 03:49:34.842AM UTC]  PlayerPreTagEvent was triggered on haw1kEyE1 by ianfari777 with type PLAYER, reason ATTACKER, and cancelled false.
[April 24, 2026 03:49:34.842AM UTC]  PlayerReTagEvent was triggered on haw1kEyE1 by ianfari777 with type PLAYER and reason ATTACKER.
[April 24, 2026 03:49:34.842AM UTC]  PlayerPreTagEvent was triggered on ianfari777 by haw1kEyE1 with type PLAYER, reason ATTACKED, and cancelled false.
[April 24, 2026 03:49:34.843AM UTC]  PlayerReTagEvent was triggered on ianfari777 by haw1kEyE1 with type PLAYER and reason ATTACKED.
[April 24, 2026 03:49:34.843AM UTC]  EntityDamageByEntityEvent was triggered by damaged PLAYER ianfari777, damager PLAYER haw1kEyE1 and cancelled false.
[April 24, 2026 03:49:35.190AM UTC]  PlayerPreTagEvent was triggered on ianfari777 by haw1kEyE1 with type PLAYER, reason ATTACKER, and cancelled false.
[April 24, 2026 03:49:35.191AM UTC]  PlayerReTagEvent was triggered on ianfari777 by haw1kEyE1 with type PLAYER and reason ATTACKER.
[April 24, 2026 03:49:35.191AM UTC]  PlayerPreTagEvent was triggered on haw1kEyE1 by ianfari777 with type PLAYER, reason ATTACKED, and cancelled false.
[April 24, 2026 03:49:35.191AM UTC]  PlayerReTagEvent was triggered on haw1kEyE1 by ianfari777 with type PLAYER and reason ATTACKED.
[April 24, 2026 03:49:35.191AM UTC]  EntityDamageByEntityEvent was triggered by damaged PLAYER haw1kEyE1, damager PLAYER ianfari777 and cancelled false.
[April 24, 2026 03:49:35.332AM UTC]  EntityDamageByEntityEvent was triggered by damaged GLOW_SQUID Glow Squid, damager AXOLOTL Axolotl and cancelled false.
[April 24, 2026 03:49:35.544AM UTC]  PlayerPreTagEvent was triggered on haw1kEyE1 by ianfari777 with type PLAYER, reason ATTACKER, and cancelled false.
[April 24, 2026 03:49:35.544AM UTC]  PlayerReTagEvent was triggered on haw1kEyE1 by ianfari777 with type PLAYER and reason ATTACKER.
[April 24, 2026 03:49:35.545AM UTC]  PlayerPreTagEvent was triggered on ianfari777 by haw1kEyE1 with type PLAYER, reason ATTACKED, and cancelled false.
[April 24, 2026 03:49:35.545AM UTC]  PlayerReTagEvent was triggered on ianfari777 by haw1kEyE1 with type PLAYER and reason ATTACKED.
[April 24, 2026 03:49:35.545AM UTC]  EntityDamageByEntityEvent was triggered by damaged PLAYER ianfari777, damager PLAYER haw1kEyE1 and cancelled false.
[April 24, 2026 03:49:35.797AM UTC]  PlayerPreTagEvent was triggered on ianfari777 by haw1kEyE1 with type PLAYER, reason ATTACKER, and cancelled false.
[April 24, 2026 03:49:35.798AM UTC]  PlayerReTagEvent was triggered on ianfari777 by haw1kEyE1 with type PLAYER and reason ATTACKER.
[April 24, 2026 03:49:35.798AM UTC]  PlayerPreTagEvent was triggered on haw1kEyE1 by ianfari777 with type PLAYER, reason ATTACKED, and cancelled false.
[April 24, 2026 03:49:35.798AM UTC]  PlayerReTagEvent was triggered on haw1kEyE1 by ianfari777 with type PLAYER and reason ATTACKED.
[April 24, 2026 03:49:35.798AM UTC]  EntityDamageByEntityEvent was triggered by damaged PLAYER haw1kEyE1, damager PLAYER ianfari777 and cancelled false.
[April 24, 2026 03:49:36.340AM UTC]  PlayerPreTagEvent was triggered on ianfari777 by haw1kEyE1 with type PLAYER, reason ATTACKER, and cancelled false.
[April 24, 2026 03:49:36.341AM UTC]  PlayerReTagEvent was triggered on ianfari777 by haw1kEyE1 with type PLAYER and reason ATTACKER.
[April 24, 2026 03:49:36.341AM UTC]  PlayerPreTagEvent was triggered on haw1kEyE1 by ianfari777 with type PLAYER, reason ATTACKED, and cancelled false.
[April 24, 2026 03:49:36.341AM UTC]  PlayerReTagEvent was triggered on haw1kEyE1 by ianfari777 with type PLAYER and reason ATTACKED.
[April 24, 2026 03:49:36.341AM UTC]  EntityDamageByEntityEvent was triggered by damaged PLAYER haw1kEyE1, damager PLAYER ianfari777 and cancelled false.
[April 24, 2026 03:49:36.843AM UTC]  PlayerPreTagEvent was triggered on ianfari777 by haw1kEyE1 with type PLAYER, reason ATTACKER, and cancelled false.
[April 24, 2026 03:49:36.843AM UTC]  PlayerReTagEvent was triggered on ianfari777 by haw1kEyE1 with type PLAYER and reason ATTACKER.
[April 24, 2026 03:49:36.843AM UTC]  PlayerPreTagEvent was triggered on haw1kEyE1 by ianfari777 with type PLAYER, reason ATTACKED, and cancelled false.
[April 24, 2026 03:49:36.843AM UTC]  PlayerReTagEvent was triggered on haw1kEyE1 by ianfari777 with type PLAYER and reason ATTACKED.
[April 24, 2026 03:49:36.844AM UTC]  EntityDamageByEntityEvent was triggered by damaged PLAYER haw1kEyE1, damager PLAYER ianfari777 and cancelled false.
[April 24, 2026 03:49:37.133AM UTC]  EntityDamageByEntityEvent was triggered by damaged GLOW_SQUID Glow Squid, damager AXOLOTL Axolotl and cancelled false.
[April 24, 2026 03:49:37.450AM UTC]  PlayerPreTagEvent was triggered on ianfari777 by haw1kEyE1 with type PLAYER, reason ATTACKER, and cancelled false.
[April 24, 2026 03:49:37.450AM UTC]  PlayerReTagEvent was triggered on ianfari777 by haw1kEyE1 with type PLAYER and reason ATTACKER.
[April 24, 2026 03:49:37.450AM UTC]  PlayerPreTagEvent was triggered on haw1kEyE1 by ianfari777 with type PLAYER, reason ATTACKED, and cancelled false.
[April 24, 2026 03:49:37.450AM UTC]  PlayerReTagEvent was triggered on haw1kEyE1 by ianfari777 with type PLAYER and reason ATTACKED.
[April 24, 2026 03:49:37.451AM UTC]  EntityDamageByEntityEvent was triggered by damaged PLAYER haw1kEyE1, damager PLAYER ianfari777 and cancelled false.
[April 24, 2026 03:49:37.994AM UTC]  PlayerPreTagEvent was triggered on ianfari777 by haw1kEyE1 with type PLAYER, reason ATTACKER, and cancelled false.
[April 24, 2026 03:49:37.994AM UTC]  PlayerReTagEvent was triggered on ianfari777 by haw1kEyE1 with type PLAYER and reason ATTACKER.
[April 24, 2026 03:49:37.994AM UTC]  PlayerPreTagEvent was triggered on haw1kEyE1 by ianfari777 with type PLAYER, reason ATTACKED, and cancelled false.
[April 24, 2026 03:49:37.994AM UTC]  PlayerReTagEvent was triggered on haw1kEyE1 by ianfari777 with type PLAYER and reason ATTACKED.
[April 24, 2026 03:49:37.995AM UTC]  EntityDamageByEntityEvent was triggered by damaged PLAYER haw1kEyE1, damager PLAYER ianfari777 and cancelled false.
[April 24, 2026 03:49:37.996AM UTC]  PlayerPunishEvent was triggered on ianfari777 with reason ENEMY_DEATH and cancelled true.
[April 24, 2026 03:49:37.997AM UTC]  PlayerUntagEvent was triggered on ianfari777 with reason ENEMY_DEATH and expire set to true.
[April 24, 2026 03:49:37.997AM UTC]  PlayerPunishEvent was triggered on haw1kEyE1 with reason SELF_DEATH and cancelled true.
[April 24, 2026 03:49:37.997AM UTC]  PlayerUntagEvent was triggered on haw1kEyE1 with reason SELF_DEATH and expire set to true.
[April 24, 2026 03:49:46.385AM UTC]  EntityDamageByEntityEvent was triggered by damaged VILLAGER Villager, damager ZOMBIE Zombie and cancelled false.
[April 24, 2026 03:49:46.440AM UTC]  PlayerPreTagEvent was triggered on ianfari777 by haw1kEyE1 with type PLAYER, reason ATTACKER, and cancelled false.
[April 24, 2026 03:49:46.441AM UTC]  PlayerTagEvent was triggered on ianfari777 by haw1kEyE1 with type PLAYER and reason ATTACKER.
[April 24, 2026 03:49:46.441AM UTC]  PlayerPreTagEvent was triggered on haw1kEyE1 by ianfari777 with type PLAYER, reason ATTACKED, and cancelled false.
[April 24, 2026 03:49:46.441AM UTC]  PlayerTagEvent was triggered on haw1kEyE1 by ianfari777 with type PLAYER and reason ATTACKED.
[April 24, 2026 03:49:46.441AM UTC]  EntityDamageByEntityEvent was triggered by damaged PLAYER haw1kEyE1, damager PLAYER ianfari777 and cancelled false.
[April 24, 2026 03:49:47.096AM UTC]  PlayerPreTagEvent was triggered on ianfari777 by haw1kEyE1 with type PLAYER, reason ATTACKER, and cancelled false.
[April 24, 2026 03:49:47.096AM UTC]  PlayerReTagEvent was triggered on ianfari777 by haw1kEyE1 with type PLAYER and reason ATTACKER.
[April 24, 2026 03:49:47.096AM UTC]  PlayerPreTagEvent was triggered on haw1kEyE1 by ianfari777 with type PLAYER, reason ATTACKED, and cancelled false.
[April 24, 2026 03:49:47.096AM UTC]  PlayerReTagEvent was triggered on haw1kEyE1 by ianfari777 with type PLAYER and reason ATTACKED.
[April 24, 2026 03:49:47.097AM UTC]  EntityDamageByEntityEvent was triggered by damaged PLAYER haw1kEyE1, damager PLAYER ianfari777 and cancelled false.
[April 24, 2026 03:49:47.998AM UTC]  PlayerPreTagEvent was triggered on haw1kEyE1 by ianfari777 with type PLAYER, reason ATTACKER, and cancelled false.
[April 24, 2026 03:49:47.998AM UTC]  PlayerReTagEvent was triggered on haw1kEyE1 by ianfari777 with type PLAYER and reason ATTACKER.
[April 24, 2026 03:49:47.998AM UTC]  PlayerPreTagEvent was triggered on ianfari777 by haw1kEyE1 with type PLAYER, reason ATTACKED, and cancelled false.
[April 24, 2026 03:49:47.998AM UTC]  PlayerReTagEvent was triggered on ianfari777 by haw1kEyE1 with type PLAYER and reason ATTACKED.
[April 24, 2026 03:49:47.998AM UTC]  EntityDamageByEntityEvent was triggered by damaged PLAYER ianfari777, damager PLAYER haw1kEyE1 and cancelled false.
[April 24, 2026 03:49:48.546AM UTC]  PlayerPreTagEvent was triggered on haw1kEyE1 by ianfari777 with type PLAYER, reason ATTACKER, and cancelled false.
[April 24, 2026 03:49:48.546AM UTC]  PlayerReTagEvent was triggered on haw1kEyE1 by ianfari777 with type PLAYER and reason ATTACKER.
[April 24, 2026 03:49:48.546AM UTC]  PlayerPreTagEvent was triggered on ianfari777 by haw1kEyE1 with type PLAYER, reason ATTACKED, and cancelled false.
[April 24, 2026 03:49:48.546AM UTC]  PlayerReTagEvent was triggered on ianfari777 by haw1kEyE1 with type PLAYER and reason ATTACKED.
[April 24, 2026 03:49:48.546AM UTC]  EntityDamageByEntityEvent was triggered by damaged PLAYER ianfari777, damager PLAYER haw1kEyE1 and cancelled false.
[April 24, 2026 03:49:49.808AM UTC]  PlayerPreTagEvent was triggered on haw1kEyE1 by ianfari777 with type PLAYER, reason ATTACKER, and cancelled false.
[April 24, 2026 03:49:49.808AM UTC]  PlayerReTagEvent was triggered on haw1kEyE1 by ianfari777 with type PLAYER and reason ATTACKER.
[April 24, 2026 03:49:49.808AM UTC]  PlayerPreTagEvent was triggered on ianfari777 by haw1kEyE1 with type PLAYER, reason ATTACKED, and cancelled false.
[April 24, 2026 03:49:49.808AM UTC]  PlayerReTagEvent was triggered on ianfari777 by haw1kEyE1 with type PLAYER and reason ATTACKED.
[April 24, 2026 03:49:49.808AM UTC]  EntityDamageByEntityEvent was triggered by damaged PLAYER ianfari777, damager PLAYER haw1kEyE1 and cancelled false.
[April 24, 2026 03:49:50.396AM UTC]  PlayerPreTagEvent was triggered on haw1kEyE1 by ianfari777 with type PLAYER, reason ATTACKER, and cancelled false.
[April 24, 2026 03:49:50.396AM UTC]  PlayerReTagEvent was triggered on haw1kEyE1 by ianfari777 with type PLAYER and reason ATTACKER.
[April 24, 2026 03:49:50.397AM UTC]  PlayerPreTagEvent was triggered on ianfari777 by haw1kEyE1 with type PLAYER, reason ATTACKED, and cancelled false.
[April 24, 2026 03:49:50.397AM UTC]  PlayerReTagEvent was triggered on ianfari777 by haw1kEyE1 with type PLAYER and reason ATTACKED.
[April 24, 2026 03:49:50.397AM UTC]  EntityDamageByEntityEvent was triggered by damaged PLAYER ianfari777, damager PLAYER haw1kEyE1 and cancelled false.
[April 24, 2026 03:49:50.945AM UTC]  PlayerPreTagEvent was triggered on haw1kEyE1 by ianfari777 with type PLAYER, reason ATTACKER, and cancelled false.
[April 24, 2026 03:49:50.945AM UTC]  PlayerReTagEvent was triggered on haw1kEyE1 by ianfari777 with type PLAYER and reason ATTACKER.
[April 24, 2026 03:49:50.945AM UTC]  PlayerPreTagEvent was triggered on ianfari777 by haw1kEyE1 with type PLAYER, reason ATTACKED, and cancelled false.
[April 24, 2026 03:49:50.945AM UTC]  PlayerReTagEvent was triggered on ianfari777 by haw1kEyE1 with type PLAYER and reason ATTACKED.
[April 24, 2026 03:49:50.946AM UTC]  EntityDamageByEntityEvent was triggered by damaged PLAYER ianfari777, damager PLAYER haw1kEyE1 and cancelled false.
[April 24, 2026 03:49:51.195AM UTC]  PlayerPreTagEvent was triggered on ianfari777 by haw1kEyE1 with type PLAYER, reason ATTACKER, and cancelled false.
[April 24, 2026 03:49:51.195AM UTC]  PlayerReTagEvent was triggered on ianfari777 by haw1kEyE1 with type PLAYER and reason ATTACKER.
[April 24, 2026 03:49:51.196AM UTC]  PlayerPreTagEvent was triggered on haw1kEyE1 by ianfari777 with type PLAYER, reason ATTACKED, and cancelled false.
[April 24, 2026 03:49:51.196AM UTC]  PlayerReTagEvent was triggered on haw1kEyE1 by ianfari777 with type PLAYER and reason ATTACKED.
[April 24, 2026 03:49:51.196AM UTC]  EntityDamageByEntityEvent was triggered by damaged PLAYER haw1kEyE1, damager PLAYER ianfari777 and cancelled false.
[April 24, 2026 03:49:52.612AM UTC]  PlayerPreTagEvent was triggered on haw1kEyE1 by ianfari777 with type PLAYER, reason ATTACKER, and cancelled false.
[April 24, 2026 03:49:52.613AM UTC]  PlayerReTagEvent was triggered on haw1kEyE1 by ianfari777 with type PLAYER and reason ATTACKER.
[April 24, 2026 03:49:52.613AM UTC]  PlayerPreTagEvent was triggered on ianfari777 by haw1kEyE1 with type PLAYER, reason ATTACKED, and cancelled false.
[April 24, 2026 03:49:52.613AM UTC]  PlayerReTagEvent was triggered on ianfari777 by haw1kEyE1 with type PLAYER and reason ATTACKED.
[April 24, 2026 03:49:52.613AM UTC]  EntityDamageByEntityEvent was triggered by damaged PLAYER ianfari777, damager PLAYER haw1kEyE1 and cancelled false.
[April 24, 2026 03:49:53.947AM UTC]  PlayerPreTagEvent was triggered on haw1kEyE1 by ianfari777 with type PLAYER, reason ATTACKER, and cancelled false.
[April 24, 2026 03:49:53.947AM UTC]  PlayerReTagEvent was triggered on haw1kEyE1 by ianfari777 with type PLAYER and reason ATTACKER.
[April 24, 2026 03:49:53.947AM UTC]  PlayerPreTagEvent was triggered on ianfari777 by haw1kEyE1 with type PLAYER, reason ATTACKED, and cancelled false.
[April 24, 2026 03:49:53.947AM UTC]  PlayerReTagEvent was triggered on ianfari777 by haw1kEyE1 with type PLAYER and reason ATTACKED.
[April 24, 2026 03:49:53.948AM UTC]  EntityDamageByEntityEvent was triggered by damaged PLAYER ianfari777, damager PLAYER haw1kEyE1 and cancelled false.
[April 24, 2026 03:49:54.498AM UTC]  PlayerPreTagEvent was triggered on haw1kEyE1 by ianfari777 with type PLAYER, reason ATTACKER, and cancelled false.
[April 24, 2026 03:49:54.499AM UTC]  PlayerReTagEvent was triggered on haw1kEyE1 by ianfari777 with type PLAYER and reason ATTACKER.
[April 24, 2026 03:49:54.499AM UTC]  PlayerPreTagEvent was triggered on ianfari777 by haw1kEyE1 with type PLAYER, reason ATTACKED, and cancelled false.
[April 24, 2026 03:49:54.499AM UTC]  PlayerReTagEvent was triggered on ianfari777 by haw1kEyE1 with type PLAYER and reason ATTACKED.
[April 24, 2026 03:49:54.499AM UTC]  EntityDamageByEntityEvent was triggered by damaged PLAYER ianfari777, damager PLAYER haw1kEyE1 and cancelled false.
[April 24, 2026 03:49:55.594AM UTC]  PlayerPreTagEvent was triggered on haw1kEyE1 by ianfari777 with type PLAYER, reason ATTACKER, and cancelled false.
[April 24, 2026 03:49:55.595AM UTC]  PlayerReTagEvent was triggered on haw1kEyE1 by ianfari777 with type PLAYER and reason ATTACKER.
[April 24, 2026 03:49:55.595AM UTC]  PlayerPreTagEvent was triggered on ianfari777 by haw1kEyE1 with type PLAYER, reason ATTACKED, and cancelled false.
[April 24, 2026 03:49:55.595AM UTC]  PlayerReTagEvent was triggered on ianfari777 by haw1kEyE1 with type PLAYER and reason ATTACKED.
[April 24, 2026 03:49:55.595AM UTC]  EntityDamageByEntityEvent was triggered by damaged PLAYER ianfari777, damager PLAYER haw1kEyE1 and cancelled false.
[April 24, 2026 03:49:55.606AM UTC]  PlayerPreTagEvent was triggered on ianfari777 by haw1kEyE1 with type PLAYER, reason ATTACKER, and cancelled false.
[April 24, 2026 03:49:55.606AM UTC]  PlayerReTagEvent was triggered on ianfari777 by haw1kEyE1 with type PLAYER and reason ATTACKER.
[April 24, 2026 03:49:55.606AM UTC]  PlayerPreTagEvent was triggered on haw1kEyE1 by ianfari777 with type PLAYER, reason ATTACKED, and cancelled false.
[April 24, 2026 03:49:55.606AM UTC]  PlayerReTagEvent was triggered on haw1kEyE1 by ianfari777 with type PLAYER and reason ATTACKED.
[April 24, 2026 03:49:55.607AM UTC]  EntityDamageByEntityEvent was triggered by damaged PLAYER haw1kEyE1, damager PLAYER ianfari777 and cancelled false.
[April 24, 2026 03:49:56.032AM UTC]  EntityDamageByEntityEvent was triggered by damaged VILLAGER Villager, damager ZOMBIE Zombie and cancelled false.
[April 24, 2026 03:49:56.843AM UTC]  PlayerPreTagEvent was triggered on haw1kEyE1 by ianfari777 with type PLAYER, reason ATTACKER, and cancelled false.
[April 24, 2026 03:49:56.844AM UTC]  PlayerReTagEvent was triggered on haw1kEyE1 by ianfari777 with type PLAYER and reason ATTACKER.
[April 24, 2026 03:49:56.844AM UTC]  PlayerPreTagEvent was triggered on ianfari777 by haw1kEyE1 with type PLAYER, reason ATTACKED, and cancelled false.
[April 24, 2026 03:49:56.844AM UTC]  PlayerReTagEvent was triggered on ianfari777 by haw1kEyE1 with type PLAYER and reason ATTACKED.
[April 24, 2026 03:49:56.844AM UTC]  EntityDamageByEntityEvent was triggered by damaged PLAYER ianfari777, damager PLAYER haw1kEyE1 and cancelled false.
[April 24, 2026 03:49:57.983AM UTC]  EntityDamageByEntityEvent was triggered by damaged PLAYER haw1kEyE1, damager ZOMBIE Zombie and cancelled false.
[April 24, 2026 03:49:58.792AM UTC]  PlayerPreTagEvent was triggered on ianfari777 by haw1kEyE1 with type PLAYER, reason ATTACKER, and cancelled false.
[April 24, 2026 03:49:58.792AM UTC]  PlayerReTagEvent was triggered on ianfari777 by haw1kEyE1 with type PLAYER and reason ATTACKER.
[April 24, 2026 03:49:58.793AM UTC]  PlayerPreTagEvent was triggered on haw1kEyE1 by ianfari777 with type PLAYER, reason ATTACKED, and cancelled false.
[April 24, 2026 03:49:58.793AM UTC]  PlayerReTagEvent was triggered on haw1kEyE1 by ianfari777 with type PLAYER and reason ATTACKED.
[April 24, 2026 03:49:58.793AM UTC]  EntityDamageByEntityEvent was triggered by damaged PLAYER haw1kEyE1, damager PLAYER ianfari777 and cancelled false.
[April 24, 2026 03:50:01.885AM UTC]  EntityDamageByEntityEvent was triggered by damaged PLAYER ianfari777, damager SPIDER Spider and cancelled false.
[April 24, 2026 03:50:02.884AM UTC]  EntityDamageByEntityEvent was triggered by damaged PLAYER ianfari777, damager SPIDER Spider and cancelled false.
[April 24, 2026 03:50:03.394AM UTC]  EntityDamageByEntityEvent was triggered by damaged SPIDER Spider, damager PLAYER ianfari777 and cancelled false.
[April 24, 2026 03:50:04.145AM UTC]  PlayerPreTagEvent was triggered on haw1kEyE1 by ianfari777 with type PLAYER, reason ATTACKER, and cancelled false.
[April 24, 2026 03:50:04.146AM UTC]  PlayerReTagEvent was triggered on haw1kEyE1 by ianfari777 with type PLAYER and reason ATTACKER.
[April 24, 2026 03:50:04.146AM UTC]  PlayerPreTagEvent was triggered on ianfari777 by haw1kEyE1 with type PLAYER, reason ATTACKED, and cancelled false.
[April 24, 2026 03:50:04.146AM UTC]  PlayerReTagEvent was triggered on ianfari777 by haw1kEyE1 with type PLAYER and reason ATTACKED.
[April 24, 2026 03:50:04.146AM UTC]  EntityDamageByEntityEvent was triggered by damaged PLAYER ianfari777, damager PLAYER haw1kEyE1 and cancelled false.
[April 24, 2026 03:50:04.334AM UTC]  EntityDamageByEntityEvent was triggered by damaged PLAYER ianfari777, damager SPIDER Spider and cancelled false.
[April 24, 2026 03:50:04.695AM UTC]  PlayerPreTagEvent was triggered on haw1kEyE1 by ianfari777 with type PLAYER, reason ATTACKER, and cancelled false.
[April 24, 2026 03:50:04.695AM UTC]  PlayerReTagEvent was triggered on haw1kEyE1 by ianfari777 with type PLAYER and reason ATTACKER.
[April 24, 2026 03:50:04.695AM UTC]  PlayerPreTagEvent was triggered on ianfari777 by haw1kEyE1 with type PLAYER, reason ATTACKED, and cancelled false.
[April 24, 2026 03:50:04.695AM UTC]  PlayerReTagEvent was triggered on ianfari777 by haw1kEyE1 with type PLAYER and reason ATTACKED.
[April 24, 2026 03:50:04.695AM UTC]  EntityDamageByEntityEvent was triggered by damaged PLAYER ianfari777, damager PLAYER haw1kEyE1 and cancelled false.
[April 24, 2026 03:50:04.832AM UTC]  EntityDamageByEntityEvent was triggered by damaged ZOMBIE Zombie, damager IRON_GOLEM Iron Golem and cancelled false.
[April 24, 2026 03:50:05.492AM UTC]  PlayerPreTagEvent was triggered on ianfari777 by haw1kEyE1 with type PLAYER, reason ATTACKER, and cancelled false.
[April 24, 2026 03:50:05.492AM UTC]  PlayerReTagEvent was triggered on ianfari777 by haw1kEyE1 with type PLAYER and reason ATTACKER.
[April 24, 2026 03:50:05.492AM UTC]  PlayerPreTagEvent was triggered on haw1kEyE1 by ianfari777 with type PLAYER, reason ATTACKED, and cancelled false.
[April 24, 2026 03:50:05.492AM UTC]  PlayerReTagEvent was triggered on haw1kEyE1 by ianfari777 with type PLAYER and reason ATTACKED.
[April 24, 2026 03:50:05.493AM UTC]  EntityDamageByEntityEvent was triggered by damaged PLAYER haw1kEyE1, damager PLAYER ianfari777 and cancelled false.
[April 24, 2026 03:50:07.584AM UTC]  EntityDamageByEntityEvent was triggered by damaged PLAYER ianfari777, damager ZOMBIE Zombie and cancelled false.
[April 24, 2026 03:50:08.333AM UTC]  EntityDamageByEntityEvent was triggered by damaged PLAYER ianfari777, damager ZOMBIE Zombie and cancelled false.
[April 24, 2026 03:50:09.233AM UTC]  EntityDamageByEntityEvent was triggered by damaged PLAYER ianfari777, damager ZOMBIE Zombie and cancelled false.
[April 24, 2026 03:50:09.234AM UTC]  PlayerPunishEvent was triggered on haw1kEyE1 with reason ENEMY_DEATH and cancelled true.
[April 24, 2026 03:50:09.234AM UTC]  PlayerUntagEvent was triggered on haw1kEyE1 with reason ENEMY_DEATH and expire set to true.
[April 24, 2026 03:50:09.234AM UTC]  PlayerPunishEvent was triggered on ianfari777 with reason SELF_DEATH and cancelled true.
[April 24, 2026 03:50:09.234AM UTC]  PlayerUntagEvent was triggered on ianfari777 with reason SELF_DEATH and expire set to true.
[April 24, 2026 03:50:09.645AM UTC]  EntityDamageByEntityEvent was triggered by damaged ZOMBIE Zombie, damager PLAYER haw1kEyE1 and cancelled false.
[April 24, 2026 03:50:09.884AM UTC]  EntityDamageByEntityEvent was triggered by damaged PLAYER haw1kEyE1, damager ZOMBIE Zombie and cancelled false.
[April 24, 2026 03:50:10.482AM UTC]  EntityDamageByEntityEvent was triggered by damaged PLAYER haw1kEyE1, damager ZOMBIE Zombie and cancelled false.
[April 24, 2026 03:50:11.233AM UTC]  EntityDamageByEntityEvent was triggered by damaged PLAYER haw1kEyE1, damager ZOMBIE Zombie and cancelled false.
[April 24, 2026 03:50:12.783AM UTC]  EntityDamageByEntityEvent was triggered by damaged PLAYER ianfari777, damager ZOMBIE Zombie and cancelled false.
[April 24, 2026 03:50:13.783AM UTC]  EntityDamageByEntityEvent was triggered by damaged PLAYER ianfari777, damager ZOMBIE Zombie and cancelled false.
[April 24, 2026 03:50:14.787AM UTC]  EntityDamageByEntityEvent was triggered by damaged PLAYER ianfari777, damager ZOMBIE Zombie and cancelled false.
[April 24, 2026 03:50:18.783AM UTC]  EntityDamageByEntityEvent was triggered by damaged ZOMBIE Zombie, damager IRON_GOLEM Iron Golem and cancelled false.
[April 24, 2026 03:50:23.896AM UTC]  EntityDamageByEntityEvent was triggered by damaged SPIDER Spider, damager PLAYER haw1kEyE1 and cancelled false.
[April 24, 2026 03:50:25.044AM UTC]  EntityDamageByEntityEvent was triggered by damaged ZOMBIE Zombie, damager PLAYER haw1kEyE1 and cancelled false.
[April 24, 2026 03:50:25.089AM UTC]  EntityDamageByEntityEvent was triggered by damaged PLAYER haw1kEyE1, damager SPIDER Spider and cancelled false.
[April 24, 2026 03:50:25.092AM UTC]  EntityDamageByEntityEvent was triggered by damaged PLAYER haw1kEyE1, damager ZOMBIE Zombie and cancelled false.
[April 24, 2026 03:50:35.903AM UTC]  EntityDamageByEntityEvent was triggered by damaged SPIDER Spider, damager PLAYER haw1kEyE1 and cancelled false.
[April 24, 2026 03:50:35.933AM UTC]  EntityDamageByEntityEvent was triggered by damaged PLAYER haw1kEyE1, damager SPIDER Spider and cancelled false.
[April 24, 2026 03:50:36.403AM UTC]  EntityDamageByEntityEvent was triggered by damaged SPIDER Spider, damager PLAYER haw1kEyE1 and cancelled false.
[April 24, 2026 03:50:46.683AM UTC]  EntityDamageByEntityEvent was triggered by damaged PLAYER ianfari777, damager ZOMBIE Zombie and cancelled false.
[April 24, 2026 03:50:46.733AM UTC]  EntityDamageByEntityEvent was triggered by damaged IRON_GOLEM Iron Golem, damager ZOMBIE Zombie and cancelled false.
[April 24, 2026 03:50:46.782AM UTC]  EntityDamageByEntityEvent was triggered by damaged ZOMBIE Zombie, damager IRON_GOLEM Iron Golem and cancelled false.
[April 24, 2026 03:50:47.884AM UTC]  EntityDamageByEntityEvent was triggered by damaged ZOMBIE Zombie, damager IRON_GOLEM Iron Golem and cancelled false.
[April 24, 2026 03:51:05.033AM UTC]  EntityDamageByEntityEvent was triggered by damaged SHEEP Sheep, damager WOLF Wolf and cancelled false.
[April 24, 2026 03:51:06.037AM UTC]  EntityDamageByEntityEvent was triggered by damaged SHEEP Sheep, damager WOLF Wolf and cancelled false.
