[May 03, 2026 00:01:04.740AM UTC]  EntityDamageByEntityEvent was triggered by damaged PIG Pig, damager PLAYER emi4553 and cancelled false.
[May 03, 2026 00:01:18.968AM UTC]  EntityDamageByEntityEvent was triggered by damaged PLAYER emi4553, damager ARROW Arrow and cancelled false.
[May 03, 2026 00:01:19.147AM UTC]  EntityDamageByEntityEvent was triggered by damaged SKELETON Skeleton, damager PLAYER emi4553 and cancelled false.
[May 03, 2026 00:16:39.586AM UTC]  EntityDamageByEntityEvent was triggered by damaged SKELETON Skeleton, damager PLAYER Akukis and cancelled false.
[May 03, 2026 00:29:11.980AM UTC]  EntityDamageByEntityEvent was triggered by damaged CREEPER Creeper, damager PLAYER Akukis and cancelled false.
[May 03, 2026 00:29:14.427AM UTC]  EntityDamageByEntityEvent was triggered by damaged ZOMBIE Zombie, damager PLAYER Akukis and cancelled false.
[May 03, 2026 00:29:51.480AM UTC]  PlayerPreTagEvent was triggered on Akukis by emi4553 with type PLAYER, reason ATTACKER, and cancelled false.
[May 03, 2026 00:29:51.496AM UTC]  PlayerTagEvent was triggered on Akukis by emi4553 with type PLAYER and reason ATTACKER.
[May 03, 2026 00:29:51.555AM UTC]  PlayerPreTagEvent was triggered on emi4553 by Akukis with type PLAYER, reason ATTACKED, and cancelled false.
[May 03, 2026 00:29:51.556AM UTC]  PlayerTagEvent was triggered on emi4553 by Akukis with type PLAYER and reason ATTACKED.
[May 03, 2026 00:29:51.655AM UTC]  EntityDamageByEntityEvent was triggered by damaged PLAYER emi4553, damager PLAYER Akukis and cancelled false.
[May 03, 2026 00:29:54.977AM UTC]  PlayerPreTagEvent was triggered on Akukis by emi4553 with type PLAYER, reason ATTACKER, and cancelled false.
[May 03, 2026 00:29:54.981AM UTC]  PlayerReTagEvent was triggered on Akukis by emi4553 with type PLAYER and reason ATTACKER.
[May 03, 2026 00:29:54.981AM UTC]  PlayerPreTagEvent was triggered on emi4553 by Akukis with type PLAYER, reason ATTACKED, and cancelled false.
[May 03, 2026 00:29:54.981AM UTC]  PlayerReTagEvent was triggered on emi4553 by Akukis with type PLAYER and reason ATTACKED.
[May 03, 2026 00:29:54.981AM UTC]  EntityDamageByEntityEvent was triggered by damaged PLAYER emi4553, damager PLAYER Akukis and cancelled false.
[May 03, 2026 00:29:55.476AM UTC]  PlayerPreTagEvent was triggered on Akukis by emi4553 with type PLAYER, reason ATTACKER, and cancelled false.
[May 03, 2026 00:29:55.479AM UTC]  PlayerReTagEvent was triggered on Akukis by emi4553 with type PLAYER and reason ATTACKER.
[May 03, 2026 00:29:55.479AM UTC]  PlayerPreTagEvent was triggered on emi4553 by Akukis with type PLAYER, reason ATTACKED, and cancelled false.
[May 03, 2026 00:29:55.479AM UTC]  PlayerReTagEvent was triggered on emi4553 by Akukis with type PLAYER and reason ATTACKED.
[May 03, 2026 00:29:55.479AM UTC]  EntityDamageByEntityEvent was triggered by damaged PLAYER emi4553, damager PLAYER Akukis and cancelled false.
[May 03, 2026 00:30:01.779AM UTC]  PlayerPunishEvent was triggered on Akukis with reason QUIT and cancelled false.
[May 03, 2026 00:30:01.843AM UTC]  PlayerPunishEvent was triggered on emi4553 with reason ENEMY_DEATH and cancelled true.
[May 03, 2026 00:30:01.843AM UTC]  PlayerUntagEvent was triggered on emi4553 with reason ENEMY_DEATH and expire set to true.
[May 03, 2026 00:30:01.851AM UTC]  PlayerUntagEvent was triggered on Akukis with reason QUIT and expire set to false.
[May 03, 2026 00:37:05.423AM UTC]  PlayerPreTagEvent was triggered on Akukis by emi4553 with type PLAYER, reason ATTACKER, and cancelled false.
[May 03, 2026 00:37:05.424AM UTC]  PlayerTagEvent was triggered on Akukis by emi4553 with type PLAYER and reason ATTACKER.
[May 03, 2026 00:37:05.425AM UTC]  PlayerPreTagEvent was triggered on emi4553 by Akukis with type PLAYER, reason ATTACKED, and cancelled false.
[May 03, 2026 00:37:05.425AM UTC]  PlayerTagEvent was triggered on emi4553 by Akukis with type PLAYER and reason ATTACKED.
[May 03, 2026 00:37:05.425AM UTC]  EntityDamageByEntityEvent was triggered by damaged PLAYER emi4553, damager PLAYER Akukis and cancelled false.
[May 03, 2026 00:37:25.612AM UTC]  PlayerPunishEvent was triggered on Akukis with reason EXPIRE and cancelled true.
[May 03, 2026 00:37:25.612AM UTC]  PlayerUntagEvent was triggered on Akukis with reason EXPIRE and expire set to true.
[May 03, 2026 00:37:25.612AM UTC]  PlayerPunishEvent was triggered on emi4553 with reason EXPIRE and cancelled true.
[May 03, 2026 00:37:25.613AM UTC]  PlayerUntagEvent was triggered on emi4553 with reason EXPIRE and expire set to true.
[May 03, 2026 00:45:47.668AM UTC]  PlayerPreTagEvent was triggered on Akukis by emi4553 with type PLAYER, reason ATTACKER, and cancelled false.
[May 03, 2026 00:45:47.669AM UTC]  PlayerTagEvent was triggered on Akukis by emi4553 with type PLAYER and reason ATTACKER.
[May 03, 2026 00:45:47.670AM UTC]  PlayerPreTagEvent was triggered on emi4553 by Akukis with type PLAYER, reason ATTACKED, and cancelled false.
[May 03, 2026 00:45:47.670AM UTC]  PlayerTagEvent was triggered on emi4553 by Akukis with type PLAYER and reason ATTACKED.
[May 03, 2026 00:45:47.670AM UTC]  EntityDamageByEntityEvent was triggered by damaged PLAYER emi4553, damager PLAYER Akukis and cancelled false.
[May 03, 2026 00:46:08.111AM UTC]  PlayerPunishEvent was triggered on Akukis with reason EXPIRE and cancelled true.
[May 03, 2026 00:46:08.111AM UTC]  PlayerUntagEvent was triggered on Akukis with reason EXPIRE and expire set to true.
[May 03, 2026 00:46:08.112AM UTC]  PlayerPunishEvent was triggered on emi4553 with reason EXPIRE and cancelled true.
[May 03, 2026 00:46:08.112AM UTC]  PlayerUntagEvent was triggered on emi4553 with reason EXPIRE and expire set to true.
[May 03, 2026 00:48:42.999AM UTC]  PlayerPreTagEvent was triggered on emi4553 by Akukis with type PLAYER, reason ATTACKER, and cancelled false.
[May 03, 2026 00:48:43.000AM UTC]  PlayerTagEvent was triggered on emi4553 by Akukis with type PLAYER and reason ATTACKER.
[May 03, 2026 00:48:43.000AM UTC]  PlayerPreTagEvent was triggered on Akukis by emi4553 with type PLAYER, reason ATTACKED, and cancelled false.
[May 03, 2026 00:48:43.000AM UTC]  PlayerTagEvent was triggered on Akukis by emi4553 with type PLAYER and reason ATTACKED.
[May 03, 2026 00:48:43.001AM UTC]  EntityDamageByEntityEvent was triggered by damaged PLAYER Akukis, damager PLAYER emi4553 and cancelled false.
[May 03, 2026 00:48:57.923AM UTC]  PlayerPreTagEvent was triggered on emi4553 by Akukis with type PLAYER, reason ATTACKER, and cancelled false.
[May 03, 2026 00:48:57.923AM UTC]  PlayerReTagEvent was triggered on emi4553 by Akukis with type PLAYER and reason ATTACKER.
[May 03, 2026 00:48:57.923AM UTC]  PlayerPreTagEvent was triggered on Akukis by emi4553 with type PLAYER, reason ATTACKED, and cancelled false.
[May 03, 2026 00:48:57.924AM UTC]  PlayerReTagEvent was triggered on Akukis by emi4553 with type PLAYER and reason ATTACKED.
[May 03, 2026 00:48:57.924AM UTC]  EntityDamageByEntityEvent was triggered by damaged PLAYER Akukis, damager PLAYER emi4553 and cancelled false.
[May 03, 2026 00:49:04.721AM UTC]  PlayerPreTagEvent was triggered on emi4553 by Akukis with type PLAYER, reason ATTACKER, and cancelled false.
[May 03, 2026 00:49:04.721AM UTC]  PlayerReTagEvent was triggered on emi4553 by Akukis with type PLAYER and reason ATTACKER.
[May 03, 2026 00:49:04.722AM UTC]  PlayerPreTagEvent was triggered on Akukis by emi4553 with type PLAYER, reason ATTACKED, and cancelled false.
[May 03, 2026 00:49:04.722AM UTC]  PlayerReTagEvent was triggered on Akukis by emi4553 with type PLAYER and reason ATTACKED.
[May 03, 2026 00:49:04.722AM UTC]  EntityDamageByEntityEvent was triggered by damaged PLAYER Akukis, damager PLAYER emi4553 and cancelled false.
[May 03, 2026 00:49:25.111AM UTC]  PlayerPunishEvent was triggered on Akukis with reason EXPIRE and cancelled true.
[May 03, 2026 00:49:25.111AM UTC]  PlayerUntagEvent was triggered on Akukis with reason EXPIRE and expire set to true.
[May 03, 2026 00:49:25.111AM UTC]  PlayerPunishEvent was triggered on emi4553 with reason EXPIRE and cancelled true.
[May 03, 2026 00:49:25.111AM UTC]  PlayerUntagEvent was triggered on emi4553 with reason EXPIRE and expire set to true.
[May 03, 2026 00:49:50.432AM UTC]  PlayerPreTagEvent was triggered on emi4553 by Akukis with type PLAYER, reason ATTACKER, and cancelled false.
[May 03, 2026 00:49:50.433AM UTC]  PlayerTagEvent was triggered on emi4553 by Akukis with type PLAYER and reason ATTACKER.
[May 03, 2026 00:49:50.433AM UTC]  PlayerPreTagEvent was triggered on Akukis by emi4553 with type PLAYER, reason ATTACKED, and cancelled false.
[May 03, 2026 00:49:50.433AM UTC]  PlayerTagEvent was triggered on Akukis by emi4553 with type PLAYER and reason ATTACKED.
[May 03, 2026 00:49:50.434AM UTC]  EntityDamageByEntityEvent was triggered by damaged PLAYER Akukis, damager PLAYER emi4553 and cancelled false.
[May 03, 2026 00:50:07.273AM UTC]  PlayerPreTagEvent was triggered on emi4553 by Akukis with type PLAYER, reason ATTACKER, and cancelled false.
[May 03, 2026 00:50:07.273AM UTC]  PlayerReTagEvent was triggered on emi4553 by Akukis with type PLAYER and reason ATTACKER.
[May 03, 2026 00:50:07.274AM UTC]  PlayerPreTagEvent was triggered on Akukis by emi4553 with type PLAYER, reason ATTACKED, and cancelled false.
[May 03, 2026 00:50:07.274AM UTC]  PlayerReTagEvent was triggered on Akukis by emi4553 with type PLAYER and reason ATTACKED.
[May 03, 2026 00:50:07.274AM UTC]  EntityDamageByEntityEvent was triggered by damaged PLAYER Akukis, damager PLAYER emi4553 and cancelled false.
[May 03, 2026 00:50:27.277AM UTC]  PlayerPreTagEvent was triggered on emi4553 by Akukis with type PLAYER, reason ATTACKER, and cancelled false.
[May 03, 2026 00:50:27.278AM UTC]  PlayerReTagEvent was triggered on emi4553 by Akukis with type PLAYER and reason ATTACKER.
[May 03, 2026 00:50:27.278AM UTC]  PlayerPreTagEvent was triggered on Akukis by emi4553 with type PLAYER, reason ATTACKED, and cancelled false.
[May 03, 2026 00:50:27.278AM UTC]  PlayerReTagEvent was triggered on Akukis by emi4553 with type PLAYER and reason ATTACKED.
[May 03, 2026 00:50:27.279AM UTC]  EntityDamageByEntityEvent was triggered by damaged PLAYER Akukis, damager PLAYER emi4553 and cancelled false.
[May 03, 2026 00:50:34.822AM UTC]  PlayerPreTagEvent was triggered on emi4553 by Akukis with type PLAYER, reason ATTACKER, and cancelled false.
[May 03, 2026 00:50:34.822AM UTC]  PlayerReTagEvent was triggered on emi4553 by Akukis with type PLAYER and reason ATTACKER.
[May 03, 2026 00:50:34.822AM UTC]  PlayerPreTagEvent was triggered on Akukis by emi4553 with type PLAYER, reason ATTACKED, and cancelled false.
[May 03, 2026 00:50:34.822AM UTC]  PlayerReTagEvent was triggered on Akukis by emi4553 with type PLAYER and reason ATTACKED.
[May 03, 2026 00:50:34.823AM UTC]  EntityDamageByEntityEvent was triggered by damaged PLAYER Akukis, damager PLAYER emi4553 and cancelled false.
[May 03, 2026 00:50:55.111AM UTC]  PlayerPunishEvent was triggered on Akukis with reason EXPIRE and cancelled true.
[May 03, 2026 00:50:55.111AM UTC]  PlayerUntagEvent was triggered on Akukis with reason EXPIRE and expire set to true.
[May 03, 2026 00:50:55.111AM UTC]  PlayerPunishEvent was triggered on emi4553 with reason EXPIRE and cancelled true.
[May 03, 2026 00:50:55.111AM UTC]  PlayerUntagEvent was triggered on emi4553 with reason EXPIRE and expire set to true.
[May 03, 2026 00:52:38.965AM UTC]  PlayerPreTagEvent was triggered on Akukis by emi4553 with type PLAYER, reason ATTACKER, and cancelled false.
[May 03, 2026 00:52:38.965AM UTC]  PlayerTagEvent was triggered on Akukis by emi4553 with type PLAYER and reason ATTACKER.
[May 03, 2026 00:52:38.966AM UTC]  PlayerPreTagEvent was triggered on emi4553 by Akukis with type PLAYER, reason ATTACKED, and cancelled false.
[May 03, 2026 00:52:38.966AM UTC]  PlayerTagEvent was triggered on emi4553 by Akukis with type PLAYER and reason ATTACKED.
[May 03, 2026 00:52:38.966AM UTC]  EntityDamageByEntityEvent was triggered by damaged PLAYER emi4553, damager PLAYER Akukis and cancelled false.
[May 03, 2026 00:52:59.111AM UTC]  PlayerPunishEvent was triggered on Akukis with reason EXPIRE and cancelled true.
[May 03, 2026 00:52:59.111AM UTC]  PlayerUntagEvent was triggered on Akukis with reason EXPIRE and expire set to true.
[May 03, 2026 00:52:59.111AM UTC]  PlayerPunishEvent was triggered on emi4553 with reason EXPIRE and cancelled true.
[May 03, 2026 00:52:59.112AM UTC]  PlayerUntagEvent was triggered on emi4553 with reason EXPIRE and expire set to true.
[May 03, 2026 00:54:27.415AM UTC]  EntityDamageByEntityEvent was triggered by damaged PLAYER SlayerTanj, damager ARROW Arrow and cancelled false.
[May 03, 2026 00:54:29.615AM UTC]  EntityDamageByEntityEvent was triggered by damaged PLAYER SlayerTanj, damager ZOMBIE Zombie and cancelled false.
[May 03, 2026 00:54:29.646AM UTC]  EntityDamageByEntityEvent was triggered by damaged ZOMBIE Zombie, damager PLAYER SlayerTanj and cancelled false.
[May 03, 2026 00:54:31.250AM UTC]  EntityDamageByEntityEvent was triggered by damaged ZOMBIE Zombie, damager PLAYER SlayerTanj and cancelled false.
[May 03, 2026 00:54:31.964AM UTC]  EntityDamageByEntityEvent was triggered by damaged PLAYER SlayerTanj, damager ZOMBIE Zombie and cancelled false.
[May 03, 2026 00:54:32.304AM UTC]  EntityDamageByEntityEvent was triggered by damaged ZOMBIE Zombie, damager PLAYER SlayerTanj and cancelled false.
[May 03, 2026 00:54:35.021AM UTC]  EntityDamageByEntityEvent was triggered by damaged SKELETON Skeleton, damager PLAYER SlayerTanj and cancelled false.
[May 03, 2026 00:54:36.053AM UTC]  EntityDamageByEntityEvent was triggered by damaged SKELETON Skeleton, damager PLAYER SlayerTanj and cancelled false.
[May 03, 2026 00:54:44.166AM UTC]  EntityDamageByEntityEvent was triggered by damaged PLAYER SlayerTanj, damager ZOMBIE Zombie and cancelled false.
[May 03, 2026 00:54:45.059AM UTC]  EntityDamageByEntityEvent was triggered by damaged ZOMBIE Zombie, damager PLAYER SlayerTanj and cancelled false.
[May 03, 2026 00:54:45.164AM UTC]  EntityDamageByEntityEvent was triggered by damaged PLAYER SlayerTanj, damager ZOMBIE Zombie and cancelled false.
[May 03, 2026 00:54:45.863AM UTC]  EntityDamageByEntityEvent was triggered by damaged PLAYER SlayerTanj, damager ZOMBIE Zombie and cancelled false.
[May 03, 2026 00:54:46.031AM UTC]  EntityDamageByEntityEvent was triggered by damaged ZOMBIE Zombie, damager PLAYER SlayerTanj and cancelled false.
[May 03, 2026 00:54:46.863AM UTC]  EntityDamageByEntityEvent was triggered by damaged PLAYER SlayerTanj, damager ZOMBIE Zombie and cancelled false.
[May 03, 2026 00:54:46.988AM UTC]  EntityDamageByEntityEvent was triggered by damaged ZOMBIE Zombie, damager PLAYER SlayerTanj and cancelled false.
[May 03, 2026 01:06:52.771AM UTC]  EntityDamageByEntityEvent was triggered by damaged CREEPER Creeper, damager PLAYER Akukis and cancelled false.
[May 03, 2026 01:06:52.776AM UTC]  EntityDamageByEntityEvent was triggered by damaged SKELETON Skeleton, damager PLAYER Akukis and cancelled false.
[May 03, 2026 01:06:52.880AM UTC]  EntityDamageByEntityEvent was triggered by damaged PLAYER Akukis, damager ARROW Arrow and cancelled false.
[May 03, 2026 01:06:55.010AM UTC]  EntityDamageByEntityEvent was triggered by damaged ZOMBIE Zombie, damager PLAYER Akukis and cancelled false.
[May 03, 2026 01:06:55.011AM UTC]  EntityDamageByEntityEvent was triggered by damaged SKELETON Skeleton, damager PLAYER Akukis and cancelled false.
[May 03, 2026 01:06:56.125AM UTC]  EntityDamageByEntityEvent was triggered by damaged CREEPER Creeper, damager ARROW Arrow and cancelled false.
[May 03, 2026 01:06:58.007AM UTC]  EntityDamageByEntityEvent was triggered by damaged CREEPER Creeper, damager PLAYER Akukis and cancelled false.
[May 03, 2026 01:06:59.176AM UTC]  EntityDamageByEntityEvent was triggered by damaged ZOMBIE Zombie, damager ARROW Arrow and cancelled false.
[May 03, 2026 01:07:00.712AM UTC]  EntityDamageByEntityEvent was triggered by damaged ZOMBIE Zombie, damager PLAYER emi4553 and cancelled false.
[May 03, 2026 01:07:00.714AM UTC]  EntityDamageByEntityEvent was triggered by damaged SKELETON Skeleton, damager PLAYER emi4553 and cancelled false.
[May 03, 2026 01:07:04.614AM UTC]  EntityDamageByEntityEvent was triggered by damaged SKELETON Skeleton, damager PLAYER emi4553 and cancelled false.
[May 03, 2026 01:07:04.627AM UTC]  EntityDamageByEntityEvent was triggered by damaged PLAYER emi4553, damager ARROW Arrow and cancelled false.
[May 03, 2026 01:07:04.811AM UTC]  EntityDamageByEntityEvent was triggered by damaged SKELETON Skeleton, damager PLAYER emi4553 and cancelled false.
[May 03, 2026 01:07:15.107AM UTC]  EntityDamageByEntityEvent was triggered by damaged SPIDER Spider, damager PLAYER emi4553 and cancelled false.
[May 03, 2026 01:13:37.574AM UTC]  EntityDamageByEntityEvent was triggered by damaged GLOW_SQUID Glow Squid, damager AXOLOTL Axolotl and cancelled false.
[May 03, 2026 01:13:38.625AM UTC]  EntityDamageByEntityEvent was triggered by damaged GLOW_SQUID Glow Squid, damager AXOLOTL Axolotl and cancelled false.
[May 03, 2026 01:13:39.674AM UTC]  EntityDamageByEntityEvent was triggered by damaged GLOW_SQUID Glow Squid, damager AXOLOTL Axolotl and cancelled false.
[May 03, 2026 01:13:40.725AM UTC]  EntityDamageByEntityEvent was triggered by damaged GLOW_SQUID Glow Squid, damager AXOLOTL Axolotl and cancelled false.
[May 03, 2026 01:13:41.774AM UTC]  EntityDamageByEntityEvent was triggered by damaged GLOW_SQUID Glow Squid, damager AXOLOTL Axolotl and cancelled false.
[May 03, 2026 01:40:43.650AM UTC]  PlayerPreTagEvent was triggered on Akukis by emi4553 with type PLAYER, reason ATTACKER, and cancelled false.
[May 03, 2026 01:40:43.664AM UTC]  PlayerTagEvent was triggered on Akukis by emi4553 with type PLAYER and reason ATTACKER.
[May 03, 2026 01:40:43.784AM UTC]  PlayerPreTagEvent was triggered on emi4553 by Akukis with type PLAYER, reason ATTACKED, and cancelled false.
[May 03, 2026 01:40:43.789AM UTC]  PlayerTagEvent was triggered on emi4553 by Akukis with type PLAYER and reason ATTACKED.
[May 03, 2026 01:40:44.023AM UTC]  EntityDamageByEntityEvent was triggered by damaged PLAYER emi4553, damager PLAYER Akukis and cancelled false.
[May 03, 2026 01:40:47.093AM UTC]  PlayerPreTagEvent was triggered on Akukis by emi4553 with type PLAYER, reason ATTACKER, and cancelled false.
[May 03, 2026 01:40:47.110AM UTC]  PlayerReTagEvent was triggered on Akukis by emi4553 with type PLAYER and reason ATTACKER.
[May 03, 2026 01:40:47.111AM UTC]  PlayerPreTagEvent was triggered on emi4553 by Akukis with type PLAYER, reason ATTACKED, and cancelled false.
[May 03, 2026 01:40:47.111AM UTC]  PlayerReTagEvent was triggered on emi4553 by Akukis with type PLAYER and reason ATTACKED.
[May 03, 2026 01:40:47.111AM UTC]  EntityDamageByEntityEvent was triggered by damaged PLAYER emi4553, damager PLAYER Akukis and cancelled false.
[May 03, 2026 01:40:54.894AM UTC]  PlayerPreTagEvent was triggered on Akukis by emi4553 with type PLAYER, reason ATTACKER, and cancelled false.
[May 03, 2026 01:40:54.906AM UTC]  PlayerReTagEvent was triggered on Akukis by emi4553 with type PLAYER and reason ATTACKER.
[May 03, 2026 01:40:54.907AM UTC]  PlayerPreTagEvent was triggered on emi4553 by Akukis with type PLAYER, reason ATTACKED, and cancelled false.
[May 03, 2026 01:40:54.910AM UTC]  PlayerReTagEvent was triggered on emi4553 by Akukis with type PLAYER and reason ATTACKED.
[May 03, 2026 01:40:54.911AM UTC]  EntityDamageByEntityEvent was triggered by damaged PLAYER emi4553, damager PLAYER Akukis and cancelled false.
[May 03, 2026 01:41:14.944AM UTC]  PlayerPunishEvent was triggered on Akukis with reason EXPIRE and cancelled true.
[May 03, 2026 01:41:14.945AM UTC]  PlayerUntagEvent was triggered on Akukis with reason EXPIRE and expire set to true.
[May 03, 2026 01:41:14.952AM UTC]  PlayerPunishEvent was triggered on emi4553 with reason EXPIRE and cancelled true.
[May 03, 2026 01:41:14.953AM UTC]  PlayerUntagEvent was triggered on emi4553 with reason EXPIRE and expire set to true.
[May 03, 2026 02:08:21.629AM UTC]  EntityDamageByEntityEvent was triggered by damaged ENDERMAN Enderman, damager PLAYER Akukis and cancelled false.
[May 03, 2026 02:08:21.676AM UTC]  EntityDamageByEntityEvent was triggered by damaged PLAYER Akukis, damager ENDERMAN Enderman and cancelled false.
[May 03, 2026 02:08:22.278AM UTC]  EntityDamageByEntityEvent was triggered by damaged ENDERMAN Enderman, damager PLAYER Akukis and cancelled false.
[May 03, 2026 02:08:22.929AM UTC]  EntityDamageByEntityEvent was triggered by damaged ENDERMAN Enderman, damager PLAYER Akukis and cancelled false.
[May 03, 2026 02:16:29.042AM UTC]  EntityDamageByEntityEvent was triggered by damaged ZOMBIFIED_PIGLIN Zombified Piglin, damager PLAYER Akukis and cancelled false.
[May 03, 2026 02:16:30.570AM UTC]  EntityDamageByEntityEvent was triggered by damaged PLAYER Akukis, damager ZOMBIFIED_PIGLIN Zombified Piglin and cancelled false.
[May 03, 2026 02:16:30.624AM UTC]  EntityDamageByEntityEvent was triggered by damaged ZOMBIFIED_PIGLIN Zombified Piglin, damager PLAYER Akukis and cancelled false.
[May 03, 2026 03:05:15.192AM UTC]  EntityDamageByEntityEvent was triggered by damaged CHICKEN Chicken, damager PLAYER LITTLE_GHOTS and cancelled false.
[May 03, 2026 03:05:19.912AM UTC]  EntityDamageByEntityEvent was triggered by damaged SHEEP Sheep, damager PLAYER LITTLE_GHOTS and cancelled false.
[May 03, 2026 03:05:48.262AM UTC]  EntityDamageByEntityEvent was triggered by damaged CHICKEN Chicken, damager PLAYER LITTLE_GHOTS and cancelled false.
[May 03, 2026 03:05:57.663AM UTC]  EntityDamageByEntityEvent was triggered by damaged HORSE Horse, damager PLAYER LITTLE_GHOTS and cancelled false.
[May 03, 2026 03:05:58.262AM UTC]  EntityDamageByEntityEvent was triggered by damaged HORSE Horse, damager PLAYER LITTLE_GHOTS and cancelled false.
[May 03, 2026 03:06:00.915AM UTC]  EntityDamageByEntityEvent was triggered by damaged SHEEP Sheep, damager PLAYER LITTLE_GHOTS and cancelled false.
[May 03, 2026 03:07:09.815AM UTC]  EntityDamageByEntityEvent was triggered by damaged CHICKEN Chicken, damager PLAYER LITTLE_GHOTS and cancelled false.
[May 03, 2026 03:08:04.921AM UTC]  EntityDamageByEntityEvent was triggered by damaged HORSE Horse, damager PLAYER LITTLE_GHOTS and cancelled false.
[May 03, 2026 03:08:06.272AM UTC]  EntityDamageByEntityEvent was triggered by damaged HORSE Horse, damager PLAYER LITTLE_GHOTS and cancelled false.
[May 03, 2026 03:08:08.213AM UTC]  EntityDamageByEntityEvent was triggered by damaged SHEEP Sheep, damager PLAYER LITTLE_GHOTS and cancelled false.
[May 03, 2026 03:08:36.215AM UTC]  EntityDamageByEntityEvent was triggered by damaged HORSE Horse, damager PLAYER LITTLE_GHOTS and cancelled false.
[May 03, 2026 03:08:36.763AM UTC]  EntityDamageByEntityEvent was triggered by damaged HORSE Horse, damager PLAYER LITTLE_GHOTS and cancelled false.
[May 03, 2026 03:08:37.363AM UTC]  EntityDamageByEntityEvent was triggered by damaged HORSE Horse, damager PLAYER LITTLE_GHOTS and cancelled false.
[May 03, 2026 03:08:37.452AM UTC]  EntityDamageByEntityEvent was triggered by damaged SHEEP Sheep, damager WOLF Wolf and cancelled false.
[May 03, 2026 03:08:39.055AM UTC]  EntityDamageByEntityEvent was triggered by damaged SHEEP Sheep, damager WOLF Wolf and cancelled false.
[May 03, 2026 03:11:21.051AM UTC]  EntityDamageByEntityEvent was triggered by damaged PLAYER LITTLE_GHOTS, damager ZOMBIE Zombie and cancelled false.
[May 03, 2026 03:11:22.451AM UTC]  EntityDamageByEntityEvent was triggered by damaged PLAYER LITTLE_GHOTS, damager ZOMBIE Zombie and cancelled false.
[May 03, 2026 03:11:23.451AM UTC]  EntityDamageByEntityEvent was triggered by damaged PLAYER LITTLE_GHOTS, damager ZOMBIE Zombie and cancelled false.
[May 03, 2026 03:11:24.451AM UTC]  EntityDamageByEntityEvent was triggered by damaged PLAYER LITTLE_GHOTS, damager ZOMBIE Zombie and cancelled false.
[May 03, 2026 03:11:25.451AM UTC]  EntityDamageByEntityEvent was triggered by damaged PLAYER LITTLE_GHOTS, damager ZOMBIE Zombie and cancelled false.
[May 03, 2026 03:11:26.451AM UTC]  EntityDamageByEntityEvent was triggered by damaged PLAYER LITTLE_GHOTS, damager ZOMBIE Zombie and cancelled false.
[May 03, 2026 03:11:27.451AM UTC]  EntityDamageByEntityEvent was triggered by damaged PLAYER LITTLE_GHOTS, damager ZOMBIE Zombie and cancelled false.
[May 03, 2026 03:11:28.451AM UTC]  EntityDamageByEntityEvent was triggered by damaged PLAYER LITTLE_GHOTS, damager ZOMBIE Zombie and cancelled false.
[May 03, 2026 03:11:29.451AM UTC]  EntityDamageByEntityEvent was triggered by damaged PLAYER LITTLE_GHOTS, damager ZOMBIE Zombie and cancelled false.
[May 03, 2026 03:11:30.450AM UTC]  EntityDamageByEntityEvent was triggered by damaged PLAYER LITTLE_GHOTS, damager ZOMBIE Zombie and cancelled false.
[May 03, 2026 03:11:31.452AM UTC]  EntityDamageByEntityEvent was triggered by damaged PLAYER LITTLE_GHOTS, damager ZOMBIE Zombie and cancelled false.
[May 03, 2026 03:11:32.450AM UTC]  EntityDamageByEntityEvent was triggered by damaged PLAYER LITTLE_GHOTS, damager ZOMBIE Zombie and cancelled false.
[May 03, 2026 03:11:33.450AM UTC]  EntityDamageByEntityEvent was triggered by damaged PLAYER LITTLE_GHOTS, damager ZOMBIE Zombie and cancelled false.
[May 03, 2026 03:11:34.451AM UTC]  EntityDamageByEntityEvent was triggered by damaged PLAYER LITTLE_GHOTS, damager ZOMBIE Zombie and cancelled false.
[May 03, 2026 03:12:27.502AM UTC]  EntityDamageByEntityEvent was triggered by damaged RABBIT Rabbit, damager WOLF Wolf and cancelled false.
[May 03, 2026 03:18:01.314AM UTC]  EntityDamageByEntityEvent was triggered by damaged CHICKEN Chicken, damager PLAYER LITTLE_GHOTS and cancelled false.
[May 03, 2026 03:19:18.639AM UTC]  EntityDamageByEntityEvent was triggered by damaged SHEEP Sheep, damager PLAYER LITTLE_GHOTS and cancelled false.
[May 03, 2026 03:20:15.660AM UTC]  EntityDamageByEntityEvent was triggered by damaged SHEEP Sheep, damager PLAYER LITTLE_GHOTS and cancelled false.
[May 03, 2026 03:20:23.414AM UTC]  EntityDamageByEntityEvent was triggered by damaged SHEEP Sheep, damager PLAYER LITTLE_GHOTS and cancelled false.
[May 03, 2026 03:21:27.414AM UTC]  EntityDamageByEntityEvent was triggered by damaged PIG Pig, damager PLAYER LITTLE_GHOTS and cancelled false.
[May 03, 2026 03:21:46.562AM UTC]  EntityDamageByEntityEvent was triggered by damaged SHEEP Sheep, damager PLAYER LITTLE_GHOTS and cancelled false.
[May 03, 2026 03:22:10.862AM UTC]  EntityDamageByEntityEvent was triggered by damaged SHEEP Sheep, damager PLAYER LITTLE_GHOTS and cancelled false.
[May 03, 2026 03:22:12.812AM UTC]  EntityDamageByEntityEvent was triggered by damaged SHEEP Sheep, damager PLAYER LITTLE_GHOTS and cancelled false.
[May 03, 2026 03:22:21.062AM UTC]  EntityDamageByEntityEvent was triggered by damaged SHEEP Sheep, damager PLAYER LITTLE_GHOTS and cancelled false.
[May 03, 2026 03:23:06.363AM UTC]  EntityDamageByEntityEvent was triggered by damaged SKELETON Skeleton, damager PLAYER LITTLE_GHOTS and cancelled false.
[May 03, 2026 03:23:08.912AM UTC]  EntityDamageByEntityEvent was triggered by damaged SKELETON Skeleton, damager PLAYER LITTLE_GHOTS and cancelled false.
[May 03, 2026 03:23:10.313AM UTC]  EntityDamageByEntityEvent was triggered by damaged SKELETON Skeleton, damager PLAYER LITTLE_GHOTS and cancelled false.
[May 03, 2026 03:23:31.806AM UTC]  EntityDamageByEntityEvent was triggered by damaged PLAYER LITTLE_GHOTS, damager SPIDER Spider and cancelled false.
[May 03, 2026 03:23:35.793AM UTC]  EntityDamageByEntityEvent was triggered by damaged COW Cow, damager PLAYER LITTLE_GHOTS and cancelled false.
[May 03, 2026 03:23:36.000AM UTC]  EntityDamageByEntityEvent was triggered by damaged SKELETON Skeleton, damager WOLF Wolf and cancelled false.
[May 03, 2026 03:23:37.363AM UTC]  EntityDamageByEntityEvent was triggered by damaged SPIDER Spider, damager PLAYER LITTLE_GHOTS and cancelled false.
[May 03, 2026 03:23:38.251AM UTC]  EntityDamageByEntityEvent was triggered by damaged SKELETON Skeleton, damager WOLF Wolf and cancelled false.
[May 03, 2026 03:23:38.899AM UTC]  EntityDamageByEntityEvent was triggered by damaged PLAYER LITTLE_GHOTS, damager SPIDER Spider and cancelled false.
[May 03, 2026 03:23:39.514AM UTC]  EntityDamageByEntityEvent was triggered by damaged SPIDER Spider, damager PLAYER LITTLE_GHOTS and cancelled false.
[May 03, 2026 03:23:41.161AM UTC]  EntityDamageByEntityEvent was triggered by damaged PLAYER LITTLE_GHOTS, damager CREEPER Creeper and cancelled false.
[May 03, 2026 03:23:41.162AM UTC]  EntityDamageByEntityEvent was triggered by damaged SKELETON Skeleton, damager CREEPER Creeper and cancelled false.
[May 03, 2026 03:23:41.162AM UTC]  EntityDamageByEntityEvent was triggered by damaged ITEM Spider Eye, damager CREEPER Creeper and cancelled false.
[May 03, 2026 03:23:41.163AM UTC]  EntityDamageByEntityEvent was triggered by damaged SPIDER Spider, damager CREEPER Creeper and cancelled false.
[May 03, 2026 03:23:42.665AM UTC]  EntityDamageByEntityEvent was triggered by damaged SKELETON Skeleton, damager PLAYER LITTLE_GHOTS and cancelled false.
[May 03, 2026 03:23:45.011AM UTC]  EntityDamageByEntityEvent was triggered by damaged WITCH Witch, damager PLAYER LITTLE_GHOTS and cancelled false.
[May 03, 2026 03:23:45.611AM UTC]  EntityDamageByEntityEvent was triggered by damaged WITCH Witch, damager PLAYER LITTLE_GHOTS and cancelled false.
[May 03, 2026 03:23:46.166AM UTC]  EntityDamageByEntityEvent was triggered by damaged WITCH Witch, damager PLAYER LITTLE_GHOTS and cancelled false.
[May 03, 2026 03:23:48.063AM UTC]  EntityDamageByEntityEvent was triggered by damaged SKELETON Skeleton, damager PLAYER LITTLE_GHOTS and cancelled false.
[May 03, 2026 03:23:50.613AM UTC]  EntityDamageByEntityEvent was triggered by damaged COW Cow, damager PLAYER LITTLE_GHOTS and cancelled false.
[May 03, 2026 03:23:56.551AM UTC]  EntityDamageByEntityEvent was triggered by damaged PLAYER LITTLE_GHOTS, damager ZOMBIE Zombie and cancelled false.
[May 03, 2026 03:23:57.110AM UTC]  EntityDamageByEntityEvent was triggered by damaged ZOMBIE Zombie, damager PLAYER LITTLE_GHOTS and cancelled false.
[May 03, 2026 03:23:57.714AM UTC]  EntityDamageByEntityEvent was triggered by damaged ZOMBIE Zombie, damager PLAYER LITTLE_GHOTS and cancelled false.
[May 03, 2026 03:24:03.111AM UTC]  EntityDamageByEntityEvent was triggered by damaged COW Cow, damager PLAYER LITTLE_GHOTS and cancelled false.
[May 03, 2026 03:24:07.510AM UTC]  EntityDamageByEntityEvent was triggered by damaged SHEEP Sheep, damager PLAYER LITTLE_GHOTS and cancelled false.
[May 03, 2026 03:24:18.205AM UTC]  EntityDamageByEntityEvent was triggered by damaged PLAYER LITTLE_GHOTS, damager ARROW Arrow and cancelled false.
[May 03, 2026 03:24:20.986AM UTC]  EntityDamageByEntityEvent was triggered by damaged GLOW_SQUID Glow Squid, damager AXOLOTL Axolotl and cancelled false.
[May 03, 2026 03:24:21.704AM UTC]  EntityDamageByEntityEvent was triggered by damaged PLAYER LITTLE_GHOTS, damager ARROW Arrow and cancelled false.
[May 03, 2026 03:24:22.001AM UTC]  EntityDamageByEntityEvent was triggered by damaged GLOW_SQUID Glow Squid, damager AXOLOTL Axolotl and cancelled false.
[May 03, 2026 03:24:24.751AM UTC]  EntityDamageByEntityEvent was triggered by damaged GLOW_SQUID Glow Squid, damager AXOLOTL Axolotl and cancelled false.
[May 03, 2026 03:24:25.801AM UTC]  EntityDamageByEntityEvent was triggered by damaged GLOW_SQUID Glow Squid, damager AXOLOTL Axolotl and cancelled false.
[May 03, 2026 03:24:26.852AM UTC]  EntityDamageByEntityEvent was triggered by damaged GLOW_SQUID Glow Squid, damager AXOLOTL Axolotl and cancelled false.
[May 03, 2026 03:24:47.763AM UTC]  EntityDamageByEntityEvent was triggered by damaged COW Cow, damager PLAYER LITTLE_GHOTS and cancelled false.
[May 03, 2026 03:24:52.013AM UTC]  EntityDamageByEntityEvent was triggered by damaged COW Cow, damager PLAYER LITTLE_GHOTS and cancelled false.
[May 03, 2026 03:24:53.314AM UTC]  EntityDamageByEntityEvent was triggered by damaged COW Cow, damager PLAYER LITTLE_GHOTS and cancelled false.
[May 03, 2026 03:24:55.315AM UTC]  EntityDamageByEntityEvent was triggered by damaged COW Cow, damager PLAYER LITTLE_GHOTS and cancelled false.
[May 03, 2026 03:25:57.451AM UTC]  EntityDamageByEntityEvent was triggered by damaged PLAYER LITTLE_GHOTS, damager ARROW Arrow and cancelled false.
[May 03, 2026 03:27:40.112AM UTC]  EntityDamageByEntityEvent was triggered by damaged SNIFFER Sniffer, damager PLAYER LITTLE_GHOTS and cancelled false.
[May 03, 2026 03:29:46.516AM UTC]  EntityDamageByEntityEvent was triggered by damaged PIG Pig, damager PLAYER LITTLE_GHOTS and cancelled false.
[May 03, 2026 03:29:54.760AM UTC]  EntityDamageByEntityEvent was triggered by damaged PIG Pig, damager PLAYER LITTLE_GHOTS and cancelled false.
[May 03, 2026 03:30:17.012AM UTC]  EntityDamageByEntityEvent was triggered by damaged COW Cow, damager PLAYER LITTLE_GHOTS and cancelled false.
[May 03, 2026 03:30:26.363AM UTC]  EntityDamageByEntityEvent was triggered by damaged PIG Pig, damager PLAYER LITTLE_GHOTS and cancelled false.
[May 03, 2026 03:30:28.652AM UTC]  EntityDamageByEntityEvent was triggered by damaged PLAYER LITTLE_GHOTS, damager ARROW Arrow and cancelled false.
[May 03, 2026 03:30:31.163AM UTC]  EntityDamageByEntityEvent was triggered by damaged PIG Pig, damager PLAYER LITTLE_GHOTS and cancelled false.
[May 03, 2026 03:30:31.704AM UTC]  EntityDamageByEntityEvent was triggered by damaged PLAYER LITTLE_GHOTS, damager ARROW Arrow and cancelled false.
[May 03, 2026 03:30:34.901AM UTC]  EntityDamageByEntityEvent was triggered by damaged PLAYER LITTLE_GHOTS, damager ARROW Arrow and cancelled false.
[May 03, 2026 03:30:40.801AM UTC]  EntityDamageByEntityEvent was triggered by damaged PLAYER LITTLE_GHOTS, damager ARROW Arrow and cancelled false.
[May 03, 2026 03:30:41.212AM UTC]  EntityDamageByEntityEvent was triggered by damaged PIG Pig, damager PLAYER LITTLE_GHOTS and cancelled false.
[May 03, 2026 03:30:43.468AM UTC]  EntityDamageByEntityEvent was triggered by damaged SKELETON Skeleton, damager PLAYER LITTLE_GHOTS and cancelled false.
[May 03, 2026 03:30:43.551AM UTC]  EntityDamageByEntityEvent was triggered by damaged PLAYER LITTLE_GHOTS, damager ARROW Arrow and cancelled false.
[May 03, 2026 03:30:44.112AM UTC]  EntityDamageByEntityEvent was triggered by damaged SKELETON Skeleton, damager PLAYER LITTLE_GHOTS and cancelled false.
[May 03, 2026 03:30:46.313AM UTC]  EntityDamageByEntityEvent was triggered by damaged COW Cow, damager PLAYER LITTLE_GHOTS and cancelled false.
[May 03, 2026 03:30:46.913AM UTC]  EntityDamageByEntityEvent was triggered by damaged COW Cow, damager PLAYER LITTLE_GHOTS and cancelled false.
[May 03, 2026 03:30:48.261AM UTC]  EntityDamageByEntityEvent was triggered by damaged PIG Pig, damager PLAYER LITTLE_GHOTS and cancelled false.
[May 03, 2026 03:30:50.961AM UTC]  EntityDamageByEntityEvent was triggered by damaged PIG Pig, damager PLAYER LITTLE_GHOTS and cancelled false.
[May 03, 2026 03:31:01.215AM UTC]  EntityDamageByEntityEvent was triggered by damaged SHEEP Sheep, damager PLAYER LITTLE_GHOTS and cancelled false.
[May 03, 2026 03:31:02.117AM UTC]  EntityDamageByEntityEvent was triggered by damaged SHEEP Sheep, damager PLAYER LITTLE_GHOTS and cancelled false.
[May 03, 2026 03:31:05.814AM UTC]  EntityDamageByEntityEvent was triggered by damaged PIG Pig, damager PLAYER LITTLE_GHOTS and cancelled false.
[May 03, 2026 03:31:06.461AM UTC]  EntityDamageByEntityEvent was triggered by damaged PIG Pig, damager PLAYER LITTLE_GHOTS and cancelled false.
[May 03, 2026 03:31:11.163AM UTC]  EntityDamageByEntityEvent was triggered by damaged COW Cow, damager PLAYER LITTLE_GHOTS and cancelled false.
[May 03, 2026 03:31:18.065AM UTC]  EntityDamageByEntityEvent was triggered by damaged SHEEP Sheep, damager PLAYER LITTLE_GHOTS and cancelled false.
[May 03, 2026 03:31:22.162AM UTC]  EntityDamageByEntityEvent was triggered by damaged PIG Pig, damager PLAYER LITTLE_GHOTS and cancelled false.
[May 03, 2026 03:31:24.065AM UTC]  EntityDamageByEntityEvent was triggered by damaged PIG Pig, damager PLAYER LITTLE_GHOTS and cancelled false.
[May 03, 2026 03:31:25.065AM UTC]  EntityDamageByEntityEvent was triggered by damaged PIG Pig, damager PLAYER LITTLE_GHOTS and cancelled false.
[May 03, 2026 03:31:28.141AM UTC]  EntityDamageByEntityEvent was triggered by damaged PIG Pig, damager PLAYER LITTLE_GHOTS and cancelled false.
[May 03, 2026 03:32:22.063AM UTC]  EntityDamageByEntityEvent was triggered by damaged COW Cow, damager PLAYER LITTLE_GHOTS and cancelled false.
[May 03, 2026 03:32:52.209AM UTC]  EntityDamageByEntityEvent was triggered by damaged COW Cow, damager PLAYER emi4553 and cancelled false.
[May 03, 2026 03:40:01.051AM UTC]  EntityDamageByEntityEvent was triggered by damaged SQUID Squid, damager GUARDIAN Guardian and cancelled false.
[May 03, 2026 03:40:01.052AM UTC]  EntityDamageByEntityEvent was triggered by damaged SQUID Squid, damager GUARDIAN Guardian and cancelled false.
[May 03, 2026 21:17:37.165PM UTC]  EntityDamageByEntityEvent was triggered by damaged PLAYER emi4553, damager ARROW Arrow and cancelled false.
[May 03, 2026 21:17:40.229PM UTC]  EntityDamageByEntityEvent was triggered by damaged PLAYER emi4553, damager ARROW Arrow and cancelled false.
[May 03, 2026 21:17:41.423PM UTC]  EntityDamageByEntityEvent was triggered by damaged SKELETON Skeleton, damager PLAYER emi4553 and cancelled false.
[May 03, 2026 21:18:46.993PM UTC]  PlayerPreTagEvent was triggered on Akukis by LITTLE_GHOTS with type PLAYER, reason ATTACKER, and cancelled true.
[May 03, 2026 21:18:46.994PM UTC]  PlayerPreTagEvent was triggered on LITTLE_GHOTS by Akukis with type PLAYER, reason ATTACKED, and cancelled true.
[May 03, 2026 21:18:47.426PM UTC]  EntityDamageByEntityEvent was triggered by damaged PLAYER LITTLE_GHOTS, damager PLAYER Akukis and cancelled false.
[May 03, 2026 21:22:56.051PM UTC]  EntityDamageByEntityEvent was triggered by damaged COW Cow, damager PLAYER emi4553 and cancelled false.
[May 03, 2026 21:25:19.862PM UTC]  EntityDamageByEntityEvent was triggered by damaged SHEEP Sheep, damager WOLF Wolf and cancelled false.
[May 03, 2026 21:25:21.363PM UTC]  EntityDamageByEntityEvent was triggered by damaged SHEEP Sheep, damager WOLF Wolf and cancelled false.
[May 03, 2026 21:39:22.509PM UTC]  EntityDamageByEntityEvent was triggered by damaged PLAYER 20Ln, damager SPIDER Spider and cancelled false.
[May 03, 2026 21:39:23.322PM UTC]  EntityDamageByEntityEvent was triggered by damaged SPIDER Spider, damager PLAYER 20Ln and cancelled false.
[May 03, 2026 21:39:23.908PM UTC]  EntityDamageByEntityEvent was triggered by damaged PLAYER 20Ln, damager SPIDER Spider and cancelled false.
[May 03, 2026 21:39:23.920PM UTC]  EntityDamageByEntityEvent was triggered by damaged SPIDER Spider, damager PLAYER 20Ln and cancelled false.
[May 03, 2026 21:39:24.612PM UTC]  EntityDamageByEntityEvent was triggered by damaged SPIDER Spider, damager PLAYER 20Ln and cancelled false.
[May 03, 2026 21:39:25.363PM UTC]  EntityDamageByEntityEvent was triggered by damaged ZOMBIE Zombie, damager PLAYER 20Ln and cancelled false.
[May 03, 2026 21:39:53.658PM UTC]  EntityDamageByEntityEvent was triggered by damaged PLAYER 20Ln, damager SPIDER Spider and cancelled false.
[May 03, 2026 21:39:54.658PM UTC]  EntityDamageByEntityEvent was triggered by damaged PLAYER 20Ln, damager SPIDER Spider and cancelled false.
[May 03, 2026 21:39:55.658PM UTC]  EntityDamageByEntityEvent was triggered by damaged PLAYER 20Ln, damager SPIDER Spider and cancelled false.
[May 03, 2026 21:39:56.658PM UTC]  EntityDamageByEntityEvent was triggered by damaged PLAYER 20Ln, damager SPIDER Spider and cancelled false.
[May 03, 2026 21:39:57.657PM UTC]  EntityDamageByEntityEvent was triggered by damaged PLAYER 20Ln, damager SPIDER Spider and cancelled false.
[May 03, 2026 21:39:58.458PM UTC]  EntityDamageByEntityEvent was triggered by damaged PLAYER 20Ln, damager SPIDER Spider and cancelled false.
[May 03, 2026 21:41:23.061PM UTC]  EntityDamageByEntityEvent was triggered by damaged PLAYER LITTLE_GHOTS, damager ARROW Arrow and cancelled false.
[May 03, 2026 21:42:20.436PM UTC]  EntityDamageByEntityEvent was triggered by damaged SHEEP Sheep, damager PLAYER LITTLE_GHOTS and cancelled false.
[May 03, 2026 21:42:20.864PM UTC]  EntityDamageByEntityEvent was triggered by damaged PLAYER LITTLE_GHOTS, damager ARROW Arrow and cancelled false.
[May 03, 2026 21:42:23.336PM UTC]  EntityDamageByEntityEvent was triggered by damaged SHEEP Sheep, damager PLAYER LITTLE_GHOTS and cancelled false.
[May 03, 2026 21:42:24.889PM UTC]  EntityDamageByEntityEvent was triggered by damaged SHEEP Sheep, damager PLAYER LITTLE_GHOTS and cancelled false.
[May 03, 2026 21:42:27.444PM UTC]  EntityDamageByEntityEvent was triggered by damaged SHEEP Sheep, damager PLAYER LITTLE_GHOTS and cancelled false.
[May 03, 2026 21:55:03.098PM UTC]  PlayerPreTagEvent was triggered on LITTLE_GHOTS by emi4553 with type PLAYER, reason ATTACKER, and cancelled false.
[May 03, 2026 21:55:03.106PM UTC]  PlayerTagEvent was triggered on LITTLE_GHOTS by emi4553 with type PLAYER and reason ATTACKER.
[May 03, 2026 21:55:03.147PM UTC]  PlayerPreTagEvent was triggered on emi4553 by LITTLE_GHOTS with type PLAYER, reason ATTACKED, and cancelled false.
[May 03, 2026 21:55:03.147PM UTC]  PlayerTagEvent was triggered on emi4553 by LITTLE_GHOTS with type PLAYER and reason ATTACKED.
[May 03, 2026 21:55:03.154PM UTC]  EntityDamageByEntityEvent was triggered by damaged PLAYER emi4553, damager PLAYER LITTLE_GHOTS and cancelled false.
[May 03, 2026 21:55:03.600PM UTC]  PlayerPreTagEvent was triggered on LITTLE_GHOTS by emi4553 with type PLAYER, reason ATTACKER, and cancelled false.
[May 03, 2026 21:55:03.602PM UTC]  PlayerReTagEvent was triggered on LITTLE_GHOTS by emi4553 with type PLAYER and reason ATTACKER.
[May 03, 2026 21:55:03.603PM UTC]  PlayerPreTagEvent was triggered on emi4553 by LITTLE_GHOTS with type PLAYER, reason ATTACKED, and cancelled false.
[May 03, 2026 21:55:03.603PM UTC]  PlayerReTagEvent was triggered on emi4553 by LITTLE_GHOTS with type PLAYER and reason ATTACKED.
[May 03, 2026 21:55:03.603PM UTC]  EntityDamageByEntityEvent was triggered by damaged PLAYER emi4553, damager PLAYER LITTLE_GHOTS and cancelled false.
[May 03, 2026 21:55:04.114PM UTC]  PlayerPreTagEvent was triggered on emi4553 by LITTLE_GHOTS with type PLAYER, reason ATTACKER, and cancelled false.
[May 03, 2026 21:55:04.117PM UTC]  PlayerReTagEvent was triggered on emi4553 by LITTLE_GHOTS with type PLAYER and reason ATTACKER.
[May 03, 2026 21:55:04.117PM UTC]  PlayerPreTagEvent was triggered on LITTLE_GHOTS by emi4553 with type PLAYER, reason ATTACKED, and cancelled false.
[May 03, 2026 21:55:04.117PM UTC]  PlayerReTagEvent was triggered on LITTLE_GHOTS by emi4553 with type PLAYER and reason ATTACKED.
[May 03, 2026 21:55:04.117PM UTC]  EntityDamageByEntityEvent was triggered by damaged PLAYER LITTLE_GHOTS, damager PLAYER emi4553 and cancelled false.
[May 03, 2026 21:55:04.128PM UTC]  PlayerPunishEvent was triggered on emi4553 with reason ENEMY_DEATH and cancelled true.
[May 03, 2026 21:55:04.129PM UTC]  PlayerUntagEvent was triggered on emi4553 with reason ENEMY_DEATH and expire set to true.
[May 03, 2026 21:55:04.133PM UTC]  PlayerPunishEvent was triggered on LITTLE_GHOTS with reason SELF_DEATH and cancelled true.
[May 03, 2026 21:55:04.133PM UTC]  PlayerUntagEvent was triggered on LITTLE_GHOTS with reason SELF_DEATH and expire set to true.
[May 03, 2026 21:56:48.960PM UTC]  EntityDamageByEntityEvent was triggered by damaged PLAYER emi4553, damager DROWNED Drowned and cancelled false.
[May 03, 2026 21:56:49.022PM UTC]  EntityDamageByEntityEvent was triggered by damaged DROWNED Drowned, damager PLAYER emi4553 and cancelled false.
[May 03, 2026 21:57:53.314PM UTC]  EntityDamageByEntityEvent was triggered by damaged SKELETON Skeleton, damager LIGHTNING_BOLT Lightning Bolt and cancelled false.
[May 03, 2026 21:58:53.411PM UTC]  EntityDamageByEntityEvent was triggered by damaged PLAYER LITTLE_GHOTS, damager ARROW Arrow and cancelled false.
[May 03, 2026 22:00:54.511PM UTC]  EntityDamageByEntityEvent was triggered by damaged SNIFFER Sniffer, damager LIGHTNING_BOLT Lightning Bolt and cancelled false.
[May 03, 2026 22:00:54.512PM UTC]  EntityDamageByEntityEvent was triggered by damaged SNIFFER Sniffer, damager LIGHTNING_BOLT Lightning Bolt and cancelled false.
[May 03, 2026 22:00:55.059PM UTC]  EntityDamageByEntityEvent was triggered by damaged SNIFFER Sniffer, damager LIGHTNING_BOLT Lightning Bolt and cancelled false.
[May 03, 2026 22:00:55.109PM UTC]  EntityDamageByEntityEvent was triggered by damaged SNIFFER Sniffer, damager LIGHTNING_BOLT Lightning Bolt and cancelled false.
[May 03, 2026 22:01:33.013PM UTC]  EntityDamageByEntityEvent was triggered by damaged CREEPER Creeper, damager LIGHTNING_BOLT Lightning Bolt and cancelled false.
[May 03, 2026 22:02:28.707PM UTC]  EntityDamageByEntityEvent was triggered by damaged PLAYER LITTLE_GHOTS, damager ZOMBIE Zombie and cancelled false.
[May 03, 2026 22:02:28.910PM UTC]  EntityDamageByEntityEvent was triggered by damaged ZOMBIE Zombie, damager PLAYER LITTLE_GHOTS and cancelled false.
[May 03, 2026 22:02:29.512PM UTC]  EntityDamageByEntityEvent was triggered by damaged ZOMBIE Zombie, damager PLAYER LITTLE_GHOTS and cancelled false.
[May 03, 2026 22:02:30.863PM UTC]  EntityDamageByEntityEvent was triggered by damaged ZOMBIE Zombie, damager PLAYER LITTLE_GHOTS and cancelled false.
[May 03, 2026 22:02:30.907PM UTC]  EntityDamageByEntityEvent was triggered by damaged PLAYER LITTLE_GHOTS, damager ZOMBIE Zombie and cancelled false.
[May 03, 2026 22:02:32.011PM UTC]  EntityDamageByEntityEvent was triggered by damaged ZOMBIE Zombie, damager PLAYER LITTLE_GHOTS and cancelled false.
[May 03, 2026 22:02:32.057PM UTC]  EntityDamageByEntityEvent was triggered by damaged PLAYER LITTLE_GHOTS, damager ZOMBIE Zombie and cancelled false.
[May 03, 2026 22:02:33.257PM UTC]  EntityDamageByEntityEvent was triggered by damaged PLAYER LITTLE_GHOTS, damager ZOMBIE Zombie and cancelled false.
[May 03, 2026 22:02:34.362PM UTC]  EntityDamageByEntityEvent was triggered by damaged ZOMBIE Zombie, damager PLAYER LITTLE_GHOTS and cancelled false.
[May 03, 2026 22:02:34.962PM UTC]  EntityDamageByEntityEvent was triggered by damaged ZOMBIE Zombie, damager PLAYER LITTLE_GHOTS and cancelled false.
[May 03, 2026 22:02:35.610PM UTC]  EntityDamageByEntityEvent was triggered by damaged ZOMBIE Zombie, damager PLAYER LITTLE_GHOTS and cancelled false.
[May 03, 2026 22:02:35.657PM UTC]  EntityDamageByEntityEvent was triggered by damaged PLAYER LITTLE_GHOTS, damager ZOMBIE Zombie and cancelled false.
[May 03, 2026 22:02:36.260PM UTC]  EntityDamageByEntityEvent was triggered by damaged ZOMBIE Zombie, damager PLAYER LITTLE_GHOTS and cancelled false.
[May 03, 2026 22:02:36.861PM UTC]  EntityDamageByEntityEvent was triggered by damaged ZOMBIE Zombie, damager PLAYER LITTLE_GHOTS and cancelled false.
[May 03, 2026 22:02:36.907PM UTC]  EntityDamageByEntityEvent was triggered by damaged PLAYER LITTLE_GHOTS, damager ZOMBIE Zombie and cancelled false.
[May 03, 2026 22:02:37.508PM UTC]  EntityDamageByEntityEvent was triggered by damaged ZOMBIE Zombie, damager PLAYER LITTLE_GHOTS and cancelled false.
[May 03, 2026 22:02:38.163PM UTC]  EntityDamageByEntityEvent was triggered by damaged ZOMBIE Zombie, damager PLAYER LITTLE_GHOTS and cancelled false.
[May 03, 2026 22:02:38.760PM UTC]  EntityDamageByEntityEvent was triggered by damaged ZOMBIE Zombie, damager PLAYER LITTLE_GHOTS and cancelled false.
[May 03, 2026 22:02:39.409PM UTC]  EntityDamageByEntityEvent was triggered by damaged ZOMBIE Zombie, damager PLAYER LITTLE_GHOTS and cancelled false.
[May 03, 2026 22:02:39.457PM UTC]  EntityDamageByEntityEvent was triggered by damaged PLAYER LITTLE_GHOTS, damager ZOMBIE Zombie and cancelled false.
[May 03, 2026 22:02:40.158PM UTC]  EntityDamageByEntityEvent was triggered by damaged ZOMBIE Zombie, damager PLAYER LITTLE_GHOTS and cancelled false.
[May 03, 2026 22:02:40.812PM UTC]  EntityDamageByEntityEvent was triggered by damaged ZOMBIE Zombie, damager PLAYER LITTLE_GHOTS and cancelled false.
[May 03, 2026 22:02:41.613PM UTC]  EntityDamageByEntityEvent was triggered by damaged ZOMBIE Zombie, damager PLAYER LITTLE_GHOTS and cancelled false.
[May 03, 2026 22:02:42.511PM UTC]  EntityDamageByEntityEvent was triggered by damaged ZOMBIE Zombie, damager PLAYER LITTLE_GHOTS and cancelled false.
[May 03, 2026 22:02:43.511PM UTC]  EntityDamageByEntityEvent was triggered by damaged ZOMBIE Zombie, damager PLAYER LITTLE_GHOTS and cancelled false.
[May 03, 2026 22:02:44.260PM UTC]  EntityDamageByEntityEvent was triggered by damaged ZOMBIE Zombie, damager PLAYER LITTLE_GHOTS and cancelled false.
[May 03, 2026 22:02:44.959PM UTC]  EntityDamageByEntityEvent was triggered by damaged ZOMBIE Zombie, damager PLAYER LITTLE_GHOTS and cancelled false.
[May 03, 2026 22:02:45.108PM UTC]  EntityDamageByEntityEvent was triggered by damaged PLAYER LITTLE_GHOTS, damager ZOMBIE Zombie and cancelled false.
[May 03, 2026 22:02:45.612PM UTC]  EntityDamageByEntityEvent was triggered by damaged ZOMBIE Zombie, damager PLAYER LITTLE_GHOTS and cancelled false.
[May 03, 2026 22:02:48.908PM UTC]  EntityDamageByEntityEvent was triggered by damaged PLAYER LITTLE_GHOTS, damager ZOMBIE Zombie and cancelled false.
[May 03, 2026 22:02:48.961PM UTC]  EntityDamageByEntityEvent was triggered by damaged ZOMBIE Zombie, damager PLAYER LITTLE_GHOTS and cancelled false.
[May 03, 2026 22:02:49.462PM UTC]  EntityDamageByEntityEvent was triggered by damaged ZOMBIE Zombie, damager PLAYER LITTLE_GHOTS and cancelled false.
[May 03, 2026 22:02:49.962PM UTC]  EntityDamageByEntityEvent was triggered by damaged ZOMBIE Zombie, damager PLAYER LITTLE_GHOTS and cancelled false.
[May 03, 2026 22:02:50.459PM UTC]  EntityDamageByEntityEvent was triggered by damaged ZOMBIE Zombie, damager PLAYER LITTLE_GHOTS and cancelled false.
[May 03, 2026 22:02:50.661PM UTC]  EntityDamageByEntityEvent was triggered by damaged ZOMBIE Zombie, damager PLAYER LITTLE_GHOTS and cancelled false.
[May 03, 2026 22:02:51.014PM UTC]  EntityDamageByEntityEvent was triggered by damaged ZOMBIE Zombie, damager PLAYER LITTLE_GHOTS and cancelled false.
[May 03, 2026 22:02:51.260PM UTC]  EntityDamageByEntityEvent was triggered by damaged ZOMBIE Zombie, damager PLAYER LITTLE_GHOTS and cancelled false.
[May 03, 2026 22:02:51.510PM UTC]  EntityDamageByEntityEvent was triggered by damaged ZOMBIE Zombie, damager PLAYER LITTLE_GHOTS and cancelled false.
[May 03, 2026 22:02:52.110PM UTC]  EntityDamageByEntityEvent was triggered by damaged ZOMBIE Zombie, damager PLAYER LITTLE_GHOTS and cancelled false.
[May 03, 2026 22:02:52.560PM UTC]  EntityDamageByEntityEvent was triggered by damaged ZOMBIE Zombie, damager PLAYER LITTLE_GHOTS and cancelled false.
[May 03, 2026 22:02:52.659PM UTC]  EntityDamageByEntityEvent was triggered by damaged ZOMBIE Zombie, damager PLAYER LITTLE_GHOTS and cancelled false.
[May 03, 2026 22:02:52.809PM UTC]  EntityDamageByEntityEvent was triggered by damaged ZOMBIE Zombie, damager PLAYER LITTLE_GHOTS and cancelled false.
[May 03, 2026 22:02:53.059PM UTC]  EntityDamageByEntityEvent was triggered by damaged ZOMBIE Zombie, damager PLAYER LITTLE_GHOTS and cancelled false.
[May 03, 2026 22:02:53.159PM UTC]  EntityDamageByEntityEvent was triggered by damaged ZOMBIE Zombie, damager PLAYER LITTLE_GHOTS and cancelled false.
[May 03, 2026 22:02:53.311PM UTC]  EntityDamageByEntityEvent was triggered by damaged ZOMBIE Zombie, damager PLAYER LITTLE_GHOTS and cancelled false.
[May 03, 2026 22:02:53.659PM UTC]  EntityDamageByEntityEvent was triggered by damaged ZOMBIE Zombie, damager PLAYER LITTLE_GHOTS and cancelled false.
[May 03, 2026 22:02:53.809PM UTC]  EntityDamageByEntityEvent was triggered by damaged ZOMBIE Zombie, damager PLAYER LITTLE_GHOTS and cancelled false.
[May 03, 2026 22:02:54.162PM UTC]  EntityDamageByEntityEvent was triggered by damaged ZOMBIE Zombie, damager PLAYER LITTLE_GHOTS and cancelled false.
[May 03, 2026 22:02:54.310PM UTC]  EntityDamageByEntityEvent was triggered by damaged ZOMBIE Zombie, damager PLAYER LITTLE_GHOTS and cancelled false.
[May 03, 2026 22:02:54.808PM UTC]  EntityDamageByEntityEvent was triggered by damaged ZOMBIE Zombie, damager PLAYER LITTLE_GHOTS and cancelled false.
[May 03, 2026 22:02:55.059PM UTC]  EntityDamageByEntityEvent was triggered by damaged ZOMBIE Zombie, damager PLAYER LITTLE_GHOTS and cancelled false.
[May 03, 2026 22:02:55.309PM UTC]  EntityDamageByEntityEvent was triggered by damaged ZOMBIE Zombie, damager PLAYER LITTLE_GHOTS and cancelled false.
[May 03, 2026 22:02:55.511PM UTC]  EntityDamageByEntityEvent was triggered by damaged ZOMBIE Zombie, damager PLAYER LITTLE_GHOTS and cancelled false.
[May 03, 2026 22:02:55.859PM UTC]  EntityDamageByEntityEvent was triggered by damaged ZOMBIE Zombie, damager PLAYER LITTLE_GHOTS and cancelled false.
[May 03, 2026 22:02:56.012PM UTC]  EntityDamageByEntityEvent was triggered by damaged ZOMBIE Zombie, damager PLAYER LITTLE_GHOTS and cancelled false.
[May 03, 2026 22:02:56.360PM UTC]  EntityDamageByEntityEvent was triggered by damaged ZOMBIE Zombie, damager PLAYER LITTLE_GHOTS and cancelled false.
[May 03, 2026 22:02:56.912PM UTC]  EntityDamageByEntityEvent was triggered by damaged ZOMBIE Zombie, damager PLAYER LITTLE_GHOTS and cancelled false.
[May 03, 2026 22:02:57.161PM UTC]  EntityDamageByEntityEvent was triggered by damaged ZOMBIE Zombie, damager PLAYER LITTLE_GHOTS and cancelled false.
[May 03, 2026 22:02:57.412PM UTC]  EntityDamageByEntityEvent was triggered by damaged ZOMBIE Zombie, damager PLAYER LITTLE_GHOTS and cancelled false.
[May 03, 2026 22:02:57.709PM UTC]  EntityDamageByEntityEvent was triggered by damaged ZOMBIE Zombie, damager PLAYER LITTLE_GHOTS and cancelled false.
[May 03, 2026 22:02:58.212PM UTC]  EntityDamageByEntityEvent was triggered by damaged ZOMBIE Zombie, damager PLAYER LITTLE_GHOTS and cancelled false.
[May 03, 2026 22:02:58.808PM UTC]  EntityDamageByEntityEvent was triggered by damaged ZOMBIE Zombie, damager PLAYER LITTLE_GHOTS and cancelled false.
[May 03, 2026 22:02:59.759PM UTC]  EntityDamageByEntityEvent was triggered by damaged ZOMBIE Zombie, damager PLAYER LITTLE_GHOTS and cancelled false.
[May 03, 2026 22:03:00.365PM UTC]  EntityDamageByEntityEvent was triggered by damaged ZOMBIE Zombie, damager PLAYER LITTLE_GHOTS and cancelled false.
[May 03, 2026 22:03:00.961PM UTC]  EntityDamageByEntityEvent was triggered by damaged ZOMBIE Zombie, damager PLAYER LITTLE_GHOTS and cancelled false.
[May 03, 2026 22:03:01.509PM UTC]  EntityDamageByEntityEvent was triggered by damaged ZOMBIE Zombie, damager PLAYER LITTLE_GHOTS and cancelled false.
[May 03, 2026 22:03:02.059PM UTC]  EntityDamageByEntityEvent was triggered by damaged ZOMBIE Zombie, damager PLAYER LITTLE_GHOTS and cancelled false.
[May 03, 2026 22:03:02.813PM UTC]  EntityDamageByEntityEvent was triggered by damaged ZOMBIE Zombie, damager PLAYER LITTLE_GHOTS and cancelled false.
[May 03, 2026 22:03:02.856PM UTC]  EntityDamageByEntityEvent was triggered by damaged PLAYER LITTLE_GHOTS, damager ZOMBIE Zombie and cancelled false.
[May 03, 2026 22:06:31.788PM UTC]  PlayerPreTagEvent was triggered on Akukis by emi4553 with type PLAYER, reason ATTACKER, and cancelled true.
[May 03, 2026 22:06:31.789PM UTC]  PlayerPreTagEvent was triggered on emi4553 by Akukis with type PLAYER, reason ATTACKED, and cancelled true.
[May 03, 2026 22:06:31.789PM UTC]  EntityDamageByEntityEvent was triggered by damaged PLAYER emi4553, damager PLAYER Akukis and cancelled false.
[May 03, 2026 22:06:54.862PM UTC]  EntityDamageByEntityEvent was triggered by damaged PLAYER emi4553, damager ZOMBIE Zombie and cancelled false.
[May 03, 2026 22:06:55.011PM UTC]  EntityDamageByEntityEvent was triggered by damaged ZOMBIE Zombie, damager PLAYER emi4553 and cancelled false.
[May 03, 2026 22:06:59.339PM UTC]  PlayerPreTagEvent was triggered on Akukis by emi4553 with type PLAYER, reason ATTACKER, and cancelled true.
[May 03, 2026 22:06:59.339PM UTC]  PlayerPreTagEvent was triggered on emi4553 by Akukis with type PLAYER, reason ATTACKED, and cancelled true.
[May 03, 2026 22:06:59.339PM UTC]  EntityDamageByEntityEvent was triggered by damaged PLAYER emi4553, damager PLAYER Akukis and cancelled false.
[May 03, 2026 22:13:15.915PM UTC]  PlayerPreTagEvent was triggered on emi4553 by LITTLE_GHOTS with type PLAYER, reason ATTACKER, and cancelled false.
[May 03, 2026 22:13:15.916PM UTC]  PlayerTagEvent was triggered on emi4553 by LITTLE_GHOTS with type PLAYER and reason ATTACKER.
[May 03, 2026 22:13:15.917PM UTC]  PlayerPreTagEvent was triggered on LITTLE_GHOTS by emi4553 with type PLAYER, reason ATTACKED, and cancelled false.
[May 03, 2026 22:13:15.917PM UTC]  PlayerTagEvent was triggered on LITTLE_GHOTS by emi4553 with type PLAYER and reason ATTACKED.
[May 03, 2026 22:13:15.918PM UTC]  EntityDamageByEntityEvent was triggered by damaged PLAYER LITTLE_GHOTS, damager PLAYER emi4553 and cancelled false.
[May 03, 2026 22:13:15.920PM UTC]  PlayerPunishEvent was triggered on emi4553 with reason ENEMY_DEATH and cancelled true.
[May 03, 2026 22:13:15.921PM UTC]  PlayerUntagEvent was triggered on emi4553 with reason ENEMY_DEATH and expire set to true.
[May 03, 2026 22:13:15.921PM UTC]  PlayerPunishEvent was triggered on LITTLE_GHOTS with reason SELF_DEATH and cancelled true.
[May 03, 2026 22:13:15.921PM UTC]  PlayerUntagEvent was triggered on LITTLE_GHOTS with reason SELF_DEATH and expire set to true.
[May 03, 2026 22:14:07.074PM UTC]  EntityDamageByEntityEvent was triggered by damaged SNIFFER Sniffer, damager PLAYER emi4553 and cancelled false.
[May 03, 2026 22:14:25.215PM UTC]  EntityDamageByEntityEvent was triggered by damaged SNIFFER Sniffer, damager PLAYER emi4553 and cancelled false.
[May 03, 2026 22:14:34.417PM UTC]  EntityDamageByEntityEvent was triggered by damaged PIG Pig, damager PLAYER emi4553 and cancelled false.
[May 03, 2026 22:14:38.362PM UTC]  EntityDamageByEntityEvent was triggered by damaged SNIFFER Sniffer, damager PLAYER emi4553 and cancelled false.
[May 03, 2026 22:14:44.619PM UTC]  EntityDamageByEntityEvent was triggered by damaged SNIFFER Sniffer, damager PLAYER LITTLE_GHOTS and cancelled false.
[May 03, 2026 22:14:45.229PM UTC]  EntityDamageByEntityEvent was triggered by damaged SNIFFER Sniffer, damager PLAYER emi4553 and cancelled false.
[May 03, 2026 22:14:45.268PM UTC]  EntityDamageByEntityEvent was triggered by damaged SNIFFER Sniffer, damager PLAYER LITTLE_GHOTS and cancelled false.
[May 03, 2026 22:14:46.022PM UTC]  EntityDamageByEntityEvent was triggered by damaged SNIFFER Sniffer, damager PLAYER LITTLE_GHOTS and cancelled false.
[May 03, 2026 22:14:46.670PM UTC]  EntityDamageByEntityEvent was triggered by damaged SNIFFER Sniffer, damager PLAYER LITTLE_GHOTS and cancelled false.
[May 03, 2026 22:14:47.273PM UTC]  EntityDamageByEntityEvent was triggered by damaged SNIFFER Sniffer, damager PLAYER LITTLE_GHOTS and cancelled false.
[May 03, 2026 22:14:47.935PM UTC]  EntityDamageByEntityEvent was triggered by damaged SNIFFER Sniffer, damager PLAYER LITTLE_GHOTS and cancelled false.
[May 03, 2026 22:14:48.577PM UTC]  EntityDamageByEntityEvent was triggered by damaged SNIFFER Sniffer, damager PLAYER LITTLE_GHOTS and cancelled false.
[May 03, 2026 22:14:50.621PM UTC]  EntityDamageByEntityEvent was triggered by damaged SNIFFER Sniffer, damager PLAYER LITTLE_GHOTS and cancelled false.
[May 03, 2026 22:14:51.995PM UTC]  EntityDamageByEntityEvent was triggered by damaged SNIFFER Sniffer, damager PLAYER Akukis and cancelled false.
[May 03, 2026 22:14:56.410PM UTC]  EntityDamageByEntityEvent was triggered by damaged SNIFFER Sniffer, damager PLAYER emi4553 and cancelled false.
[May 03, 2026 22:14:58.176PM UTC]  EntityDamageByEntityEvent was triggered by damaged SNIFFER Sniffer, damager PLAYER emi4553 and cancelled false.
[May 03, 2026 22:14:59.423PM UTC]  EntityDamageByEntityEvent was triggered by damaged SNIFFER Sniffer, damager PLAYER LITTLE_GHOTS and cancelled false.
[May 03, 2026 22:15:00.917PM UTC]  EntityDamageByEntityEvent was triggered by damaged SNIFFER Sniffer, damager PLAYER LITTLE_GHOTS and cancelled false.
[May 03, 2026 22:15:01.670PM UTC]  EntityDamageByEntityEvent was triggered by damaged SNIFFER Sniffer, damager PLAYER LITTLE_GHOTS and cancelled false.
[May 03, 2026 22:15:02.373PM UTC]  EntityDamageByEntityEvent was triggered by damaged SNIFFER Sniffer, damager PLAYER LITTLE_GHOTS and cancelled false.
[May 03, 2026 22:15:03.074PM UTC]  EntityDamageByEntityEvent was triggered by damaged SNIFFER Sniffer, damager PLAYER LITTLE_GHOTS and cancelled false.
[May 03, 2026 22:15:03.819PM UTC]  EntityDamageByEntityEvent was triggered by damaged SNIFFER Sniffer, damager PLAYER LITTLE_GHOTS and cancelled false.
[May 03, 2026 22:15:04.573PM UTC]  EntityDamageByEntityEvent was triggered by damaged SNIFFER Sniffer, damager PLAYER LITTLE_GHOTS and cancelled false.
[May 03, 2026 22:15:04.915PM UTC]  EntityDamageByEntityEvent was triggered by damaged SNIFFER Sniffer, damager PLAYER emi4553 and cancelled false.
[May 03, 2026 22:15:20.844PM UTC]  PlayerPreTagEvent was triggered on Akukis by emi4553 with type PLAYER, reason ATTACKER, and cancelled true.
[May 03, 2026 22:15:20.844PM UTC]  PlayerPreTagEvent was triggered on emi4553 by Akukis with type PLAYER, reason ATTACKED, and cancelled true.
[May 03, 2026 22:15:20.844PM UTC]  EntityDamageByEntityEvent was triggered by damaged PLAYER emi4553, damager PLAYER Akukis and cancelled false.
[May 03, 2026 22:15:31.944PM UTC]  PlayerPreTagEvent was triggered on Akukis by emi4553 with type PLAYER, reason ATTACKER, and cancelled true.
[May 03, 2026 22:15:31.944PM UTC]  PlayerPreTagEvent was triggered on emi4553 by Akukis with type PLAYER, reason ATTACKED, and cancelled true.
[May 03, 2026 22:15:31.945PM UTC]  EntityDamageByEntityEvent was triggered by damaged PLAYER emi4553, damager PLAYER Akukis and cancelled false.
[May 03, 2026 22:15:49.469PM UTC]  EntityDamageByEntityEvent was triggered by damaged ZOMBIE Zombie, damager PLAYER emi4553 and cancelled false.
[May 03, 2026 22:15:56.826PM UTC]  EntityDamageByEntityEvent was triggered by damaged CREEPER Creeper, damager PLAYER LITTLE_GHOTS and cancelled false.
[May 03, 2026 22:15:57.067PM UTC]  EntityDamageByEntityEvent was triggered by damaged PLAYER LITTLE_GHOTS, damager CREEPER Creeper and cancelled false.
[May 03, 2026 22:15:57.067PM UTC]  EntityDamageByEntityEvent was triggered by damaged PLAYER Akukis, damager CREEPER Creeper and cancelled false.
[May 03, 2026 22:16:03.855PM UTC]  EntityDamageByEntityEvent was triggered by damaged PLAYER LITTLE_GHOTS, damager ZOMBIE Zombie and cancelled false.
[May 03, 2026 22:16:04.906PM UTC]  EntityDamageByEntityEvent was triggered by damaged PLAYER LITTLE_GHOTS, damager ZOMBIE Zombie and cancelled false.
[May 03, 2026 22:16:05.556PM UTC]  EntityDamageByEntityEvent was triggered by damaged PLAYER LITTLE_GHOTS, damager SPIDER Spider and cancelled false.
[May 03, 2026 22:16:05.963PM UTC]  EntityDamageByEntityEvent was triggered by damaged SPIDER Spider, damager PLAYER emi4553 and cancelled false.
[May 03, 2026 22:16:07.262PM UTC]  EntityDamageByEntityEvent was triggered by damaged ZOMBIE Zombie, damager PLAYER emi4553 and cancelled false.
[May 03, 2026 22:16:07.460PM UTC]  EntityDamageByEntityEvent was triggered by damaged SPIDER Spider, damager PLAYER emi4553 and cancelled false.
[May 03, 2026 22:16:25.860PM UTC]  EntityDamageByEntityEvent was triggered by damaged PLAYER LITTLE_GHOTS, damager ARROW Arrow and cancelled false.
[May 03, 2026 22:16:39.707PM UTC]  EntityDamageByEntityEvent was triggered by damaged PLAYER emi4553, damager SPIDER Spider and cancelled false.
[May 03, 2026 22:16:39.814PM UTC]  EntityDamageByEntityEvent was triggered by damaged SPIDER Spider, damager PLAYER emi4553 and cancelled false.
[May 03, 2026 22:16:40.665PM UTC]  EntityDamageByEntityEvent was triggered by damaged ZOMBIE Zombie, damager PLAYER emi4553 and cancelled false.
[May 03, 2026 22:16:41.876PM UTC]  EntityDamageByEntityEvent was triggered by damaged SPIDER Spider, damager PLAYER emi4553 and cancelled false.
[May 03, 2026 22:16:41.877PM UTC]  EntityDamageByEntityEvent was triggered by damaged SPIDER Spider, damager PLAYER emi4553 and cancelled false.
[May 03, 2026 22:17:08.659PM UTC]  EntityDamageByEntityEvent was triggered by damaged PLAYER emi4553, damager SPIDER Spider and cancelled false.
[May 03, 2026 22:17:11.810PM UTC]  EntityDamageByEntityEvent was triggered by damaged SPIDER Spider, damager ARROW Arrow and cancelled false.
[May 03, 2026 22:17:14.758PM UTC]  EntityDamageByEntityEvent was triggered by damaged SKELETON Skeleton, damager SPIDER Spider and cancelled false.
[May 03, 2026 22:17:15.759PM UTC]  EntityDamageByEntityEvent was triggered by damaged SKELETON Skeleton, damager SPIDER Spider and cancelled false.
[May 03, 2026 22:17:16.758PM UTC]  EntityDamageByEntityEvent was triggered by damaged SKELETON Skeleton, damager SPIDER Spider and cancelled false.
[May 03, 2026 22:17:17.110PM UTC]  EntityDamageByEntityEvent was triggered by damaged SPIDER Spider, damager ARROW Arrow and cancelled false.
[May 03, 2026 22:17:19.508PM UTC]  EntityDamageByEntityEvent was triggered by damaged SKELETON Skeleton, damager SPIDER Spider and cancelled false.
[May 03, 2026 22:17:20.109PM UTC]  EntityDamageByEntityEvent was triggered by damaged SPIDER Spider, damager ARROW Arrow and cancelled false.
[May 03, 2026 22:17:21.008PM UTC]  EntityDamageByEntityEvent was triggered by damaged SKELETON Skeleton, damager SPIDER Spider and cancelled false.
[May 03, 2026 22:17:22.008PM UTC]  EntityDamageByEntityEvent was triggered by damaged SKELETON Skeleton, damager SPIDER Spider and cancelled false.
[May 03, 2026 22:17:22.708PM UTC]  EntityDamageByEntityEvent was triggered by damaged SKELETON Skeleton, damager SPIDER Spider and cancelled false.
[May 03, 2026 22:17:23.113PM UTC]  EntityDamageByEntityEvent was triggered by damaged SPIDER Spider, damager ARROW Arrow and cancelled false.
[May 03, 2026 22:17:30.157PM UTC]  EntityDamageByEntityEvent was triggered by damaged SKELETON Skeleton, damager WOLF Wolf and cancelled false.
[May 03, 2026 22:17:33.764PM UTC]  EntityDamageByEntityEvent was triggered by damaged ZOMBIE Zombie, damager PLAYER emi4553 and cancelled false.
[May 03, 2026 22:17:36.609PM UTC]  EntityDamageByEntityEvent was triggered by damaged CREEPER Creeper, damager PLAYER emi4553 and cancelled false.
[May 03, 2026 22:17:49.507PM UTC]  EntityDamageByEntityEvent was triggered by damaged SKELETON Skeleton, damager WOLF Wolf and cancelled false.
[May 03, 2026 22:17:52.407PM UTC]  EntityDamageByEntityEvent was triggered by damaged SKELETON Skeleton, damager WOLF Wolf and cancelled false.
[May 03, 2026 22:18:04.256PM UTC]  EntityDamageByEntityEvent was triggered by damaged WOLF Wolf, damager ARROW Arrow and cancelled false.
[May 03, 2026 22:18:06.906PM UTC]  EntityDamageByEntityEvent was triggered by damaged PLAYER emi4553, damager ARROW Arrow and cancelled false.
[May 03, 2026 22:19:36.643PM UTC]  EntityDamageByEntityEvent was triggered by damaged CREEPER Creeper, damager PLAYER emi4553 and cancelled false.
[May 03, 2026 22:19:41.758PM UTC]  EntityDamageByEntityEvent was triggered by damaged PLAYER emi4553, damager TNT Primed TNT and cancelled false.
[May 03, 2026 22:19:41.758PM UTC]  EntityDamageByEntityEvent was triggered by damaged PLAYER LITTLE_GHOTS, damager TNT Primed TNT and cancelled false.
[May 03, 2026 22:19:47.306PM UTC]  EntityDamageByEntityEvent was triggered by damaged PLAYER emi4553, damager TNT Primed TNT and cancelled false.
[May 03, 2026 22:19:47.307PM UTC]  EntityDamageByEntityEvent was triggered by damaged PLAYER LITTLE_GHOTS, damager TNT Primed TNT and cancelled false.
[May 03, 2026 22:19:47.307PM UTC]  EntityDamageByEntityEvent was triggered by damaged ITEM Torch, damager TNT Primed TNT and cancelled false.
[May 03, 2026 22:19:47.307PM UTC]  EntityDamageByEntityEvent was triggered by damaged ITEM Torch, damager TNT Primed TNT and cancelled false.
[May 03, 2026 22:19:47.308PM UTC]  EntityDamageByEntityEvent was triggered by damaged ITEM Cobblestone, damager TNT Primed TNT and cancelled false.
[May 03, 2026 22:19:47.308PM UTC]  EntityDamageByEntityEvent was triggered by damaged ITEM Mossy Cobblestone, damager TNT Primed TNT and cancelled false.
[May 03, 2026 22:19:47.308PM UTC]  EntityDamageByEntityEvent was triggered by damaged ITEM Crafting Table, damager TNT Primed TNT and cancelled false.
[May 03, 2026 22:19:47.308PM UTC]  EntityDamageByEntityEvent was triggered by damaged ITEM Cobblestone, damager TNT Primed TNT and cancelled false.
[May 03, 2026 22:19:48.957PM UTC]  EntityDamageByEntityEvent was triggered by damaged PLAYER emi4553, damager TNT Primed TNT and cancelled false.
[May 03, 2026 22:19:48.958PM UTC]  EntityDamageByEntityEvent was triggered by damaged ITEM Torch, damager TNT Primed TNT and cancelled false.
[May 03, 2026 22:19:48.958PM UTC]  EntityDamageByEntityEvent was triggered by damaged ITEM Torch, damager TNT Primed TNT and cancelled false.
[May 03, 2026 22:19:48.958PM UTC]  EntityDamageByEntityEvent was triggered by damaged ITEM Cobblestone, damager TNT Primed TNT and cancelled false.
[May 03, 2026 22:19:48.958PM UTC]  EntityDamageByEntityEvent was triggered by damaged ITEM Mossy Cobblestone, damager TNT Primed TNT and cancelled false.
[May 03, 2026 22:19:48.959PM UTC]  EntityDamageByEntityEvent was triggered by damaged ITEM Crafting Table, damager TNT Primed TNT and cancelled false.
[May 03, 2026 22:19:48.959PM UTC]  EntityDamageByEntityEvent was triggered by damaged ITEM Cobblestone, damager TNT Primed TNT and cancelled false.
[May 03, 2026 22:19:48.959PM UTC]  EntityDamageByEntityEvent was triggered by damaged ITEM Cobbled Deepslate, damager TNT Primed TNT and cancelled false.
[May 03, 2026 22:19:48.959PM UTC]  EntityDamageByEntityEvent was triggered by damaged ITEM Cobblestone, damager TNT Primed TNT and cancelled false.
[May 03, 2026 22:19:48.959PM UTC]  EntityDamageByEntityEvent was triggered by damaged ITEM Cobbled Deepslate, damager TNT Primed TNT and cancelled false.
[May 03, 2026 22:19:48.960PM UTC]  EntityDamageByEntityEvent was triggered by damaged PLAYER LITTLE_GHOTS, damager TNT Primed TNT and cancelled false.
[May 03, 2026 22:20:02.857PM UTC]  EntityDamageByEntityEvent was triggered by damaged PLAYER emi4553, damager TNT Primed TNT and cancelled false.
[May 03, 2026 22:20:02.858PM UTC]  EntityDamageByEntityEvent was triggered by damaged PLAYER LITTLE_GHOTS, damager TNT Primed TNT and cancelled false.
[May 03, 2026 22:20:02.858PM UTC]  EntityDamageByEntityEvent was triggered by damaged ITEM Lantern, damager TNT Primed TNT and cancelled false.
[May 03, 2026 22:20:17.207PM UTC]  EntityDamageByEntityEvent was triggered by damaged PLAYER LITTLE_GHOTS, damager TNT Primed TNT and cancelled false.
[May 03, 2026 22:20:17.207PM UTC]  EntityDamageByEntityEvent was triggered by damaged PLAYER emi4553, damager TNT Primed TNT and cancelled false.
[May 03, 2026 22:20:17.406PM UTC]  EntityDamageByEntityEvent was triggered by damaged PLAYER emi4553, damager TNT Primed TNT and cancelled false.
[May 03, 2026 22:20:17.406PM UTC]  EntityDamageByEntityEvent was triggered by damaged ITEM Cobbled Deepslate, damager TNT Primed TNT and cancelled false.
[May 03, 2026 22:20:17.407PM UTC]  EntityDamageByEntityEvent was triggered by damaged ITEM Lantern, damager TNT Primed TNT and cancelled false.
[May 03, 2026 22:20:17.407PM UTC]  EntityDamageByEntityEvent was triggered by damaged ITEM Deepslate Bricks, damager TNT Primed TNT and cancelled false.
[May 03, 2026 22:20:17.407PM UTC]  EntityDamageByEntityEvent was triggered by damaged ITEM Cobbled Deepslate, damager TNT Primed TNT and cancelled false.
[May 03, 2026 22:20:17.407PM UTC]  EntityDamageByEntityEvent was triggered by damaged ITEM Chest, damager TNT Primed TNT and cancelled false.
[May 03, 2026 22:20:17.407PM UTC]  EntityDamageByEntityEvent was triggered by damaged ITEM Lantern, damager TNT Primed TNT and cancelled false.
[May 03, 2026 22:20:17.408PM UTC]  EntityDamageByEntityEvent was triggered by damaged ITEM Iron Chain, damager TNT Primed TNT and cancelled false.
[May 03, 2026 22:20:17.408PM UTC]  EntityDamageByEntityEvent was triggered by damaged ITEM Cobbled Deepslate, damager TNT Primed TNT and cancelled false.
[May 03, 2026 22:20:17.408PM UTC]  EntityDamageByEntityEvent was triggered by damaged ITEM Deepslate Bricks, damager TNT Primed TNT and cancelled false.
[May 03, 2026 22:20:17.556PM UTC]  EntityDamageByEntityEvent was triggered by damaged PLAYER LITTLE_GHOTS, damager TNT Primed TNT and cancelled false.
[May 03, 2026 22:20:17.559PM UTC]  EntityDamageByEntityEvent was triggered by damaged PLAYER emi4553, damager TNT Primed TNT and cancelled false.
[May 03, 2026 22:20:17.559PM UTC]  EntityDamageByEntityEvent was triggered by damaged ITEM Lapis Lazuli, damager TNT Primed TNT and cancelled false.
[May 03, 2026 22:20:17.560PM UTC]  EntityDamageByEntityEvent was triggered by damaged ITEM Lapis Lazuli, damager TNT Primed TNT and cancelled false.
[May 03, 2026 22:20:17.560PM UTC]  EntityDamageByEntityEvent was triggered by damaged ITEM Lapis Lazuli, damager TNT Primed TNT and cancelled false.
[May 03, 2026 22:20:17.560PM UTC]  EntityDamageByEntityEvent was triggered by damaged ITEM Spider Eye, damager TNT Primed TNT and cancelled false.
[May 03, 2026 22:20:17.560PM UTC]  EntityDamageByEntityEvent was triggered by damaged ITEM Stone Axe, damager TNT Primed TNT and cancelled false.
[May 03, 2026 22:20:17.561PM UTC]  EntityDamageByEntityEvent was triggered by damaged ITEM Oak Door, damager TNT Primed TNT and cancelled false.
[May 03, 2026 22:20:17.561PM UTC]  EntityDamageByEntityEvent was triggered by damaged ITEM Gravel, damager TNT Primed TNT and cancelled false.
[May 03, 2026 22:20:17.561PM UTC]  EntityDamageByEntityEvent was triggered by damaged ITEM Cobbled Deepslate, damager TNT Primed TNT and cancelled false.
[May 03, 2026 22:20:17.561PM UTC]  EntityDamageByEntityEvent was triggered by damaged ITEM Cobbled Deepslate, damager TNT Primed TNT and cancelled false.
[May 03, 2026 22:20:17.561PM UTC]  EntityDamageByEntityEvent was triggered by damaged ITEM Cobbled Deepslate, damager TNT Primed TNT and cancelled false.
[May 03, 2026 22:20:17.561PM UTC]  EntityDamageByEntityEvent was triggered by damaged ITEM Cobbled Deepslate, damager TNT Primed TNT and cancelled false.
[May 03, 2026 22:20:17.562PM UTC]  EntityDamageByEntityEvent was triggered by damaged ITEM Stick, damager TNT Primed TNT and cancelled false.
[May 03, 2026 22:20:17.562PM UTC]  EntityDamageByEntityEvent was triggered by damaged ITEM Stick, damager TNT Primed TNT and cancelled false.
[May 03, 2026 22:20:17.562PM UTC]  EntityDamageByEntityEvent was triggered by damaged ITEM Stick, damager TNT Primed TNT and cancelled false.
[May 03, 2026 22:20:17.562PM UTC]  EntityDamageByEntityEvent was triggered by damaged ITEM Stick, damager TNT Primed TNT and cancelled false.
[May 03, 2026 22:20:17.563PM UTC]  EntityDamageByEntityEvent was triggered by damaged ITEM Oak Planks, damager TNT Primed TNT and cancelled false.
[May 03, 2026 22:20:17.563PM UTC]  EntityDamageByEntityEvent was triggered by damaged ITEM Deepslate Tiles, damager TNT Primed TNT and cancelled false.
[May 03, 2026 22:20:17.563PM UTC]  EntityDamageByEntityEvent was triggered by damaged ITEM Diorite, damager TNT Primed TNT and cancelled false.
[May 03, 2026 22:20:17.563PM UTC]  EntityDamageByEntityEvent was triggered by damaged ITEM Cobbled Deepslate, damager TNT Primed TNT and cancelled false.
[May 03, 2026 22:20:17.563PM UTC]  EntityDamageByEntityEvent was triggered by damaged ITEM Cobbled Deepslate, damager TNT Primed TNT and cancelled false.
[May 03, 2026 22:20:17.563PM UTC]  EntityDamageByEntityEvent was triggered by damaged ITEM Cobbled Deepslate, damager TNT Primed TNT and cancelled false.
[May 03, 2026 22:20:17.564PM UTC]  EntityDamageByEntityEvent was triggered by damaged ITEM Deepslate Brick Slab, damager TNT Primed TNT and cancelled false.
[May 03, 2026 22:20:17.564PM UTC]  EntityDamageByEntityEvent was triggered by damaged ITEM Deepslate Brick Slab, damager TNT Primed TNT and cancelled false.
[May 03, 2026 22:20:17.564PM UTC]  EntityDamageByEntityEvent was triggered by damaged ITEM Deepslate Brick Slab, damager TNT Primed TNT and cancelled false.
[May 03, 2026 22:20:17.564PM UTC]  EntityDamageByEntityEvent was triggered by damaged ITEM Deepslate Brick Slab, damager TNT Primed TNT and cancelled false.
[May 03, 2026 22:20:17.564PM UTC]  EntityDamageByEntityEvent was triggered by damaged ITEM Tuff Bricks, damager TNT Primed TNT and cancelled false.
[May 03, 2026 22:20:17.565PM UTC]  EntityDamageByEntityEvent was triggered by damaged ITEM Cobbled Deepslate, damager TNT Primed TNT and cancelled false.
[May 03, 2026 22:20:17.565PM UTC]  EntityDamageByEntityEvent was triggered by damaged ITEM Cobbled Deepslate, damager TNT Primed TNT and cancelled false.
[May 03, 2026 22:20:17.565PM UTC]  EntityDamageByEntityEvent was triggered by damaged ITEM Cobbled Deepslate, damager TNT Primed TNT and cancelled false.
[May 03, 2026 22:20:17.565PM UTC]  EntityDamageByEntityEvent was triggered by damaged ITEM Cobbled Deepslate, damager TNT Primed TNT and cancelled false.
[May 03, 2026 22:20:17.565PM UTC]  EntityDamageByEntityEvent was triggered by damaged ITEM Paper, damager TNT Primed TNT and cancelled false.
[May 03, 2026 22:20:17.566PM UTC]  EntityDamageByEntityEvent was triggered by damaged ITEM Cobblestone, damager TNT Primed TNT and cancelled false.
[May 03, 2026 22:20:17.566PM UTC]  EntityDamageByEntityEvent was triggered by damaged ITEM Cobblestone, damager TNT Primed TNT and cancelled false.
[May 03, 2026 22:20:17.566PM UTC]  EntityDamageByEntityEvent was triggered by damaged ITEM Cobblestone, damager TNT Primed TNT and cancelled false.
[May 03, 2026 22:20:17.566PM UTC]  EntityDamageByEntityEvent was triggered by damaged ITEM Tuff, damager TNT Primed TNT and cancelled false.
[May 03, 2026 22:20:17.566PM UTC]  EntityDamageByEntityEvent was triggered by damaged ITEM Torch, damager TNT Primed TNT and cancelled false.
[May 03, 2026 22:20:17.567PM UTC]  EntityDamageByEntityEvent was triggered by damaged ITEM Iron Nugget, damager TNT Primed TNT and cancelled false.
[May 03, 2026 22:20:17.567PM UTC]  EntityDamageByEntityEvent was triggered by damaged ITEM Iron Ingot, damager TNT Primed TNT and cancelled false.
[May 03, 2026 22:20:17.567PM UTC]  EntityDamageByEntityEvent was triggered by damaged ITEM Cobbled Deepslate, damager TNT Primed TNT and cancelled false.
[May 03, 2026 22:20:17.567PM UTC]  EntityDamageByEntityEvent was triggered by damaged ITEM Cobbled Deepslate, damager TNT Primed TNT and cancelled false.
[May 03, 2026 22:20:17.567PM UTC]  EntityDamageByEntityEvent was triggered by damaged ITEM Cobbled Deepslate, damager TNT Primed TNT and cancelled false.
[May 03, 2026 22:20:17.568PM UTC]  EntityDamageByEntityEvent was triggered by damaged ITEM Cobbled Deepslate, damager TNT Primed TNT and cancelled false.
[May 03, 2026 22:20:17.568PM UTC]  EntityDamageByEntityEvent was triggered by damaged ITEM Cobbled Deepslate, damager TNT Primed TNT and cancelled false.
[May 03, 2026 22:20:17.568PM UTC]  EntityDamageByEntityEvent was triggered by damaged ITEM Cobbled Deepslate, damager TNT Primed TNT and cancelled false.
[May 03, 2026 22:20:17.568PM UTC]  EntityDamageByEntityEvent was triggered by damaged ITEM Cobbled Deepslate, damager TNT Primed TNT and cancelled false.
[May 03, 2026 22:20:17.569PM UTC]  EntityDamageByEntityEvent was triggered by damaged ITEM Granite, damager TNT Primed TNT and cancelled false.
[May 03, 2026 22:20:17.569PM UTC]  EntityDamageByEntityEvent was triggered by damaged ITEM Andesite, damager TNT Primed TNT and cancelled false.
[May 03, 2026 22:20:17.569PM UTC]  EntityDamageByEntityEvent was triggered by damaged ITEM Spectral Arrow, damager TNT Primed TNT and cancelled false.
[May 03, 2026 22:20:17.569PM UTC]  EntityDamageByEntityEvent was triggered by damaged ITEM Book, damager TNT Primed TNT and cancelled false.
[May 03, 2026 22:20:17.569PM UTC]  EntityDamageByEntityEvent was triggered by damaged ITEM Book, damager TNT Primed TNT and cancelled false.
[May 03, 2026 22:20:17.570PM UTC]  EntityDamageByEntityEvent was triggered by damaged ITEM Book, damager TNT Primed TNT and cancelled false.
[May 03, 2026 22:20:17.570PM UTC]  EntityDamageByEntityEvent was triggered by damaged ITEM Book, damager TNT Primed TNT and cancelled false.
[May 03, 2026 22:20:17.570PM UTC]  EntityDamageByEntityEvent was triggered by damaged ITEM Pointed Dripstone, damager TNT Primed TNT and cancelled false.
[May 03, 2026 22:20:17.570PM UTC]  EntityDamageByEntityEvent was triggered by damaged ITEM Pointed Dripstone, damager TNT Primed TNT and cancelled false.
[May 03, 2026 22:20:17.570PM UTC]  EntityDamageByEntityEvent was triggered by damaged ITEM Pointed Dripstone, damager TNT Primed TNT and cancelled false.
[May 03, 2026 22:20:17.570PM UTC]  EntityDamageByEntityEvent was triggered by damaged ITEM Shield, damager TNT Primed TNT and cancelled false.
[May 03, 2026 22:20:17.570PM UTC]  EntityDamageByEntityEvent was triggered by damaged ITEM Gravel, damager TNT Primed TNT and cancelled false.
[May 03, 2026 22:20:17.571PM UTC]  EntityDamageByEntityEvent was triggered by damaged ITEM Granite, damager TNT Primed TNT and cancelled false.
[May 03, 2026 22:20:17.571PM UTC]  EntityDamageByEntityEvent was triggered by damaged ITEM Granite, damager TNT Primed TNT and cancelled false.
[May 03, 2026 22:20:17.571PM UTC]  EntityDamageByEntityEvent was triggered by damaged ITEM Cobblestone, damager TNT Primed TNT and cancelled false.
[May 03, 2026 22:20:17.571PM UTC]  EntityDamageByEntityEvent was triggered by damaged ITEM Cobblestone, damager TNT Primed TNT and cancelled false.
[May 03, 2026 22:20:17.571PM UTC]  EntityDamageByEntityEvent was triggered by damaged ITEM Cobblestone, damager TNT Primed TNT and cancelled false.
[May 03, 2026 22:20:17.571PM UTC]  EntityDamageByEntityEvent was triggered by damaged ITEM Cobblestone, damager TNT Primed TNT and cancelled false.
[May 03, 2026 22:20:17.572PM UTC]  EntityDamageByEntityEvent was triggered by damaged ITEM Shears, damager TNT Primed TNT and cancelled false.
[May 03, 2026 22:20:17.572PM UTC]  EntityDamageByEntityEvent was triggered by damaged ITEM Rotten Flesh, damager TNT Primed TNT and cancelled false.
[May 03, 2026 22:20:17.572PM UTC]  EntityDamageByEntityEvent was triggered by damaged ITEM Iron Pickaxe, damager TNT Primed TNT and cancelled false.
[May 03, 2026 22:20:17.572PM UTC]  EntityDamageByEntityEvent was triggered by damaged ITEM Deepslate Bricks, damager TNT Primed TNT and cancelled false.
[May 03, 2026 22:20:17.572PM UTC]  EntityDamageByEntityEvent was triggered by damaged ITEM Deepslate Bricks, damager TNT Primed TNT and cancelled false.
[May 03, 2026 22:20:17.572PM UTC]  EntityDamageByEntityEvent was triggered by damaged ITEM Deepslate Bricks, damager TNT Primed TNT and cancelled false.
[May 03, 2026 22:20:17.573PM UTC]  EntityDamageByEntityEvent was triggered by damaged ITEM Deepslate Bricks, damager TNT Primed TNT and cancelled false.
[May 03, 2026 22:20:17.573PM UTC]  EntityDamageByEntityEvent was triggered by damaged ITEM Deepslate Bricks, damager TNT Primed TNT and cancelled false.
[May 03, 2026 22:20:17.573PM UTC]  EntityDamageByEntityEvent was triggered by damaged ITEM Deepslate Bricks, damager TNT Primed TNT and cancelled false.
[May 03, 2026 22:20:17.573PM UTC]  EntityDamageByEntityEvent was triggered by damaged ITEM Stone Shovel, damager TNT Primed TNT and cancelled false.
[May 03, 2026 22:20:17.573PM UTC]  EntityDamageByEntityEvent was triggered by damaged ITEM Feather, damager TNT Primed TNT and cancelled false.
[May 03, 2026 22:20:17.574PM UTC]  EntityDamageByEntityEvent was triggered by damaged ITEM Cobbled Deepslate, damager TNT Primed TNT and cancelled false.
[May 03, 2026 22:20:17.574PM UTC]  EntityDamageByEntityEvent was triggered by damaged ITEM Cobbled Deepslate, damager TNT Primed TNT and cancelled false.
[May 03, 2026 22:20:17.574PM UTC]  EntityDamageByEntityEvent was triggered by damaged ITEM Cobbled Deepslate, damager TNT Primed TNT and cancelled false.
[May 03, 2026 22:20:17.574PM UTC]  EntityDamageByEntityEvent was triggered by damaged ITEM Cobbled Deepslate, damager TNT Primed TNT and cancelled false.
[May 03, 2026 22:20:17.574PM UTC]  EntityDamageByEntityEvent was triggered by damaged ITEM Deepslate Tiles, damager TNT Primed TNT and cancelled false.
[May 03, 2026 22:20:17.575PM UTC]  EntityDamageByEntityEvent was triggered by damaged ITEM Deepslate Tiles, damager TNT Primed TNT and cancelled false.
[May 03, 2026 22:20:17.575PM UTC]  EntityDamageByEntityEvent was triggered by damaged ITEM Compass, damager TNT Primed TNT and cancelled false.
[May 03, 2026 22:20:17.575PM UTC]  EntityDamageByEntityEvent was triggered by damaged ITEM Cobbled Deepslate, damager TNT Primed TNT and cancelled false.
[May 03, 2026 22:20:17.575PM UTC]  EntityDamageByEntityEvent was triggered by damaged ITEM Cobbled Deepslate, damager TNT Primed TNT and cancelled false.
[May 03, 2026 22:20:17.575PM UTC]  EntityDamageByEntityEvent was triggered by damaged ITEM Cobbled Deepslate, damager TNT Primed TNT and cancelled false.
[May 03, 2026 22:20:17.575PM UTC]  EntityDamageByEntityEvent was triggered by damaged ITEM Cobbled Deepslate, damager TNT Primed TNT and cancelled false.
[May 03, 2026 22:20:17.576PM UTC]  EntityDamageByEntityEvent was triggered by damaged ITEM Iron Pickaxe, damager TNT Primed TNT and cancelled false.
[May 03, 2026 22:20:17.576PM UTC]  EntityDamageByEntityEvent was triggered by damaged ITEM Iron Pickaxe, damager TNT Primed TNT and cancelled false.
[May 03, 2026 22:20:17.576PM UTC]  EntityDamageByEntityEvent was triggered by damaged ITEM Paper, damager TNT Primed TNT and cancelled false.
[May 03, 2026 22:20:17.576PM UTC]  EntityDamageByEntityEvent was triggered by damaged ITEM Lapis Lazuli, damager TNT Primed TNT and cancelled false.
[May 03, 2026 22:20:17.576PM UTC]  EntityDamageByEntityEvent was triggered by damaged ITEM Stone Pickaxe, damager TNT Primed TNT and cancelled false.
[May 03, 2026 22:20:17.576PM UTC]  EntityDamageByEntityEvent was triggered by damaged ITEM Yellow Bed, damager TNT Primed TNT and cancelled false.
[May 03, 2026 22:20:17.576PM UTC]  EntityDamageByEntityEvent was triggered by damaged ITEM Gold Nugget, damager TNT Primed TNT and cancelled false.
[May 03, 2026 22:20:17.577PM UTC]  EntityDamageByEntityEvent was triggered by damaged ITEM Cobbled Deepslate, damager TNT Primed TNT and cancelled false.
[May 03, 2026 22:20:17.577PM UTC]  EntityDamageByEntityEvent was triggered by damaged ITEM Cobbled Deepslate, damager TNT Primed TNT and cancelled false.
[May 03, 2026 22:20:17.577PM UTC]  EntityDamageByEntityEvent was triggered by damaged ITEM Cobbled Deepslate, damager TNT Primed TNT and cancelled false.
[May 03, 2026 22:20:17.577PM UTC]  EntityDamageByEntityEvent was triggered by damaged ITEM Carrot, damager TNT Primed TNT and cancelled false.
[May 03, 2026 22:20:17.577PM UTC]  EntityDamageByEntityEvent was triggered by damaged ITEM Dirt, damager TNT Primed TNT and cancelled false.
[May 03, 2026 22:20:17.578PM UTC]  EntityDamageByEntityEvent was triggered by damaged ITEM Redstone Dust, damager TNT Primed TNT and cancelled false.
[May 03, 2026 22:20:17.578PM UTC]  EntityDamageByEntityEvent was triggered by damaged ITEM Redstone Dust, damager TNT Primed TNT and cancelled false.
[May 03, 2026 22:20:17.578PM UTC]  EntityDamageByEntityEvent was triggered by damaged ITEM Raw Copper, damager TNT Primed TNT and cancelled false.
[May 03, 2026 22:20:17.578PM UTC]  EntityDamageByEntityEvent was triggered by damaged ITEM Cobbled Deepslate, damager TNT Primed TNT and cancelled false.
[May 03, 2026 22:20:17.578PM UTC]  EntityDamageByEntityEvent was triggered by damaged ITEM Cobbled Deepslate, damager TNT Primed TNT and cancelled false.
[May 03, 2026 22:20:17.578PM UTC]  EntityDamageByEntityEvent was triggered by damaged ITEM Cobbled Deepslate, damager TNT Primed TNT and cancelled false.
[May 03, 2026 22:20:17.579PM UTC]  EntityDamageByEntityEvent was triggered by damaged ITEM Cobbled Deepslate, damager TNT Primed TNT and cancelled false.
[May 03, 2026 22:20:17.579PM UTC]  EntityDamageByEntityEvent was triggered by damaged ITEM Crying Obsidian, damager TNT Primed TNT and cancelled false.
[May 03, 2026 22:20:17.579PM UTC]  EntityDamageByEntityEvent was triggered by damaged ITEM Name Tag, damager TNT Primed TNT and cancelled false.
[May 03, 2026 22:20:17.579PM UTC]  EntityDamageByEntityEvent was triggered by damaged ITEM Furnace, damager TNT Primed TNT and cancelled false.
[May 03, 2026 22:20:17.579PM UTC]  EntityDamageByEntityEvent was triggered by damaged ITEM Andesite, damager TNT Primed TNT and cancelled false.
[May 03, 2026 22:20:17.580PM UTC]  EntityDamageByEntityEvent was triggered by damaged ITEM Cobbled Deepslate, damager TNT Primed TNT and cancelled false.
[May 03, 2026 22:20:17.580PM UTC]  EntityDamageByEntityEvent was triggered by damaged ITEM Cobbled Deepslate, damager TNT Primed TNT and cancelled false.
[May 03, 2026 22:20:17.580PM UTC]  EntityDamageByEntityEvent was triggered by damaged ITEM Cobbled Deepslate, damager TNT Primed TNT and cancelled false.
[May 03, 2026 22:20:17.580PM UTC]  EntityDamageByEntityEvent was triggered by damaged ITEM Cobbled Deepslate, damager TNT Primed TNT and cancelled false.
[May 03, 2026 22:20:17.580PM UTC]  EntityDamageByEntityEvent was triggered by damaged ITEM Cracked Polished Blackstone Bricks, damager TNT Primed TNT and cancelled false.
[May 03, 2026 22:20:17.581PM UTC]  EntityDamageByEntityEvent was triggered by damaged ITEM Stone Sword, damager TNT Primed TNT and cancelled false.
[May 03, 2026 22:20:17.581PM UTC]  EntityDamageByEntityEvent was triggered by damaged ITEM Cooked Porkchop, damager TNT Primed TNT and cancelled false.
[May 03, 2026 22:20:17.581PM UTC]  EntityDamageByEntityEvent was triggered by damaged ITEM Azure Bluet, damager TNT Primed TNT and cancelled false.
[May 03, 2026 22:20:17.581PM UTC]  EntityDamageByEntityEvent was triggered by damaged ITEM String, damager TNT Primed TNT and cancelled false.
[May 03, 2026 22:20:17.581PM UTC]  EntityDamageByEntityEvent was triggered by damaged ITEM Tuff Bricks, damager TNT Primed TNT and cancelled false.
[May 03, 2026 22:20:17.582PM UTC]  EntityDamageByEntityEvent was triggered by damaged ITEM Tuff Bricks, damager TNT Primed TNT and cancelled false.
[May 03, 2026 22:20:17.582PM UTC]  EntityDamageByEntityEvent was triggered by damaged ITEM Raw Iron, damager TNT Primed TNT and cancelled false.
[May 03, 2026 22:20:17.582PM UTC]  EntityDamageByEntityEvent was triggered by damaged ITEM Cobblestone, damager TNT Primed TNT and cancelled false.
[May 03, 2026 22:20:17.582PM UTC]  EntityDamageByEntityEvent was triggered by damaged ITEM Cobblestone, damager TNT Primed TNT and cancelled false.
[May 03, 2026 22:20:17.582PM UTC]  EntityDamageByEntityEvent was triggered by damaged ITEM Cobblestone, damager TNT Primed TNT and cancelled false.
[May 03, 2026 22:20:17.582PM UTC]  EntityDamageByEntityEvent was triggered by damaged ITEM Andesite, damager TNT Primed TNT and cancelled false.
[May 03, 2026 22:20:17.583PM UTC]  EntityDamageByEntityEvent was triggered by damaged ITEM Leaf Litter, damager TNT Primed TNT and cancelled false.
[May 03, 2026 22:20:17.583PM UTC]  EntityDamageByEntityEvent was triggered by damaged ITEM Leaf Litter, damager TNT Primed TNT and cancelled false.
[May 03, 2026 22:20:17.583PM UTC]  EntityDamageByEntityEvent was triggered by damaged ITEM Leaf Litter, damager TNT Primed TNT and cancelled false.
[May 03, 2026 22:20:17.583PM UTC]  EntityDamageByEntityEvent was triggered by damaged ITEM Birch Log, damager TNT Primed TNT and cancelled false.
[May 03, 2026 22:20:17.583PM UTC]  EntityDamageByEntityEvent was triggered by damaged ITEM Spider Eye, damager TNT Primed TNT and cancelled false.
[May 03, 2026 22:20:17.584PM UTC]  EntityDamageByEntityEvent was triggered by damaged ITEM Oak Log, damager TNT Primed TNT and cancelled false.
[May 03, 2026 22:20:17.584PM UTC]  EntityDamageByEntityEvent was triggered by damaged ITEM Oak Log, damager TNT Primed TNT and cancelled false.
[May 03, 2026 22:20:17.584PM UTC]  EntityDamageByEntityEvent was triggered by damaged ITEM Oak Log, damager TNT Primed TNT and cancelled false.
[May 03, 2026 22:20:17.584PM UTC]  EntityDamageByEntityEvent was triggered by damaged ITEM Leather, damager TNT Primed TNT and cancelled false.
[May 03, 2026 22:20:17.584PM UTC]  EntityDamageByEntityEvent was triggered by damaged ITEM Raw Beef, damager TNT Primed TNT and cancelled false.
[May 03, 2026 22:20:17.585PM UTC]  EntityDamageByEntityEvent was triggered by damaged ITEM Granite, damager TNT Primed TNT and cancelled false.
[May 03, 2026 22:20:17.585PM UTC]  EntityDamageByEntityEvent was triggered by damaged ITEM Gunpowder, damager TNT Primed TNT and cancelled false.
[May 03, 2026 22:20:17.585PM UTC]  EntityDamageByEntityEvent was triggered by damaged ITEM Bone, damager TNT Primed TNT and cancelled false.
[May 03, 2026 22:20:17.585PM UTC]  EntityDamageByEntityEvent was triggered by damaged ITEM Arrow, damager TNT Primed TNT and cancelled false.
[May 03, 2026 22:20:17.585PM UTC]  EntityDamageByEntityEvent was triggered by damaged ITEM String, damager TNT Primed TNT and cancelled false.
[May 03, 2026 22:20:17.586PM UTC]  EntityDamageByEntityEvent was triggered by damaged ITEM Cobbled Deepslate, damager TNT Primed TNT and cancelled false.
[May 03, 2026 22:20:17.586PM UTC]  EntityDamageByEntityEvent was triggered by damaged ITEM Oak Log, damager TNT Primed TNT and cancelled false.
[May 03, 2026 22:20:17.586PM UTC]  EntityDamageByEntityEvent was triggered by damaged ITEM Raw Porkchop, damager TNT Primed TNT and cancelled false.
[May 03, 2026 22:20:17.586PM UTC]  EntityDamageByEntityEvent was triggered by damaged ITEM Sugar Cane, damager TNT Primed TNT and cancelled false.
[May 03, 2026 22:20:17.586PM UTC]  EntityDamageByEntityEvent was triggered by damaged ITEM Raw Gold, damager TNT Primed TNT and cancelled false.
[May 03, 2026 22:20:17.587PM UTC]  EntityDamageByEntityEvent was triggered by damaged ITEM Deepslate Tiles, damager TNT Primed TNT and cancelled false.
[May 03, 2026 22:20:17.587PM UTC]  EntityDamageByEntityEvent was triggered by damaged ITEM Deepslate Tiles, damager TNT Primed TNT and cancelled false.
[May 03, 2026 22:20:17.587PM UTC]  EntityDamageByEntityEvent was triggered by damaged ITEM Deepslate Tiles, damager TNT Primed TNT and cancelled false.
[May 03, 2026 22:20:17.587PM UTC]  EntityDamageByEntityEvent was triggered by damaged ITEM Tuff Bricks, damager TNT Primed TNT and cancelled false.
[May 03, 2026 22:20:17.587PM UTC]  EntityDamageByEntityEvent was triggered by damaged ITEM Cobbled Deepslate, damager TNT Primed TNT and cancelled false.
[May 03, 2026 22:20:17.587PM UTC]  EntityDamageByEntityEvent was triggered by damaged ITEM Cobbled Deepslate, damager TNT Primed TNT and cancelled false.
[May 03, 2026 22:20:17.588PM UTC]  EntityDamageByEntityEvent was triggered by damaged ITEM Deepslate Bricks, damager TNT Primed TNT and cancelled false.
[May 03, 2026 22:20:17.588PM UTC]  EntityDamageByEntityEvent was triggered by damaged ITEM Chest, damager TNT Primed TNT and cancelled false.
[May 03, 2026 22:20:17.588PM UTC]  EntityDamageByEntityEvent was triggered by damaged ITEM Cobbled Deepslate, damager TNT Primed TNT and cancelled false.
[May 03, 2026 22:20:17.806PM UTC]  EntityDamageByEntityEvent was triggered by damaged PLAYER emi4553, damager TNT Primed TNT and cancelled false.
[May 03, 2026 22:20:17.806PM UTC]  EntityDamageByEntityEvent was triggered by damaged ITEM Book, damager TNT Primed TNT and cancelled false.
[May 03, 2026 22:20:17.807PM UTC]  EntityDamageByEntityEvent was triggered by damaged ITEM Book, damager TNT Primed TNT and cancelled false.
[May 03, 2026 22:20:17.807PM UTC]  EntityDamageByEntityEvent was triggered by damaged ITEM Book, damager TNT Primed TNT and cancelled false.
[May 03, 2026 22:20:17.807PM UTC]  EntityDamageByEntityEvent was triggered by damaged ITEM Book, damager TNT Primed TNT and cancelled false.
[May 03, 2026 22:20:17.807PM UTC]  EntityDamageByEntityEvent was triggered by damaged ITEM Pointed Dripstone, damager TNT Primed TNT and cancelled false.
[May 03, 2026 22:20:17.808PM UTC]  EntityDamageByEntityEvent was triggered by damaged ITEM Pointed Dripstone, damager TNT Primed TNT and cancelled false.
[May 03, 2026 22:20:17.808PM UTC]  EntityDamageByEntityEvent was triggered by damaged ITEM Pointed Dripstone, damager TNT Primed TNT and cancelled false.
[May 03, 2026 22:20:17.808PM UTC]  EntityDamageByEntityEvent was triggered by damaged ITEM Shield, damager TNT Primed TNT and cancelled false.
[May 03, 2026 22:20:17.808PM UTC]  EntityDamageByEntityEvent was triggered by damaged ITEM Gravel, damager TNT Primed TNT and cancelled false.
[May 03, 2026 22:20:17.808PM UTC]  EntityDamageByEntityEvent was triggered by damaged ITEM Granite, damager TNT Primed TNT and cancelled false.
[May 03, 2026 22:20:17.809PM UTC]  EntityDamageByEntityEvent was triggered by damaged ITEM Granite, damager TNT Primed TNT and cancelled false.
[May 03, 2026 22:20:17.809PM UTC]  EntityDamageByEntityEvent was triggered by damaged ITEM Cobblestone, damager TNT Primed TNT and cancelled false.
[May 03, 2026 22:20:17.809PM UTC]  EntityDamageByEntityEvent was triggered by damaged ITEM Cobblestone, damager TNT Primed TNT and cancelled false.
[May 03, 2026 22:20:17.809PM UTC]  EntityDamageByEntityEvent was triggered by damaged ITEM Cobblestone, damager TNT Primed TNT and cancelled false.
[May 03, 2026 22:20:17.809PM UTC]  EntityDamageByEntityEvent was triggered by damaged ITEM Cobblestone, damager TNT Primed TNT and cancelled false.
[May 03, 2026 22:20:17.810PM UTC]  EntityDamageByEntityEvent was triggered by damaged ITEM Shears, damager TNT Primed TNT and cancelled false.
[May 03, 2026 22:20:17.810PM UTC]  EntityDamageByEntityEvent was triggered by damaged ITEM Rotten Flesh, damager TNT Primed TNT and cancelled false.
[May 03, 2026 22:20:17.810PM UTC]  EntityDamageByEntityEvent was triggered by damaged ITEM Deepslate Bricks, damager TNT Primed TNT and cancelled false.
[May 03, 2026 22:20:17.810PM UTC]  EntityDamageByEntityEvent was triggered by damaged ITEM Deepslate Bricks, damager TNT Primed TNT and cancelled false.
[May 03, 2026 22:20:17.810PM UTC]  EntityDamageByEntityEvent was triggered by damaged ITEM Deepslate Bricks, damager TNT Primed TNT and cancelled false.
[May 03, 2026 22:20:17.811PM UTC]  EntityDamageByEntityEvent was triggered by damaged ITEM Deepslate Bricks, damager TNT Primed TNT and cancelled false.
[May 03, 2026 22:20:17.811PM UTC]  EntityDamageByEntityEvent was triggered by damaged ITEM Deepslate Bricks, damager TNT Primed TNT and cancelled false.
[May 03, 2026 22:20:17.811PM UTC]  EntityDamageByEntityEvent was triggered by damaged ITEM Feather, damager TNT Primed TNT and cancelled false.
[May 03, 2026 22:20:17.811PM UTC]  EntityDamageByEntityEvent was triggered by damaged ITEM Cobbled Deepslate, damager TNT Primed TNT and cancelled false.
[May 03, 2026 22:20:17.812PM UTC]  EntityDamageByEntityEvent was triggered by damaged ITEM Cobbled Deepslate, damager TNT Primed TNT and cancelled false.
[May 03, 2026 22:20:17.812PM UTC]  EntityDamageByEntityEvent was triggered by damaged ITEM Cobbled Deepslate, damager TNT Primed TNT and cancelled false.
[May 03, 2026 22:20:17.812PM UTC]  EntityDamageByEntityEvent was triggered by damaged ITEM Cobbled Deepslate, damager TNT Primed TNT and cancelled false.
[May 03, 2026 22:20:17.812PM UTC]  EntityDamageByEntityEvent was triggered by damaged ITEM Deepslate Tiles, damager TNT Primed TNT and cancelled false.
[May 03, 2026 22:20:17.812PM UTC]  EntityDamageByEntityEvent was triggered by damaged ITEM Deepslate Tiles, damager TNT Primed TNT and cancelled false.
[May 03, 2026 22:20:17.812PM UTC]  EntityDamageByEntityEvent was triggered by damaged ITEM Compass, damager TNT Primed TNT and cancelled false.
[May 03, 2026 22:20:17.813PM UTC]  EntityDamageByEntityEvent was triggered by damaged ITEM Cobbled Deepslate, damager TNT Primed TNT and cancelled false.
[May 03, 2026 22:20:17.813PM UTC]  EntityDamageByEntityEvent was triggered by damaged ITEM Cobbled Deepslate, damager TNT Primed TNT and cancelled false.
[May 03, 2026 22:20:17.813PM UTC]  EntityDamageByEntityEvent was triggered by damaged ITEM Cobbled Deepslate, damager TNT Primed TNT and cancelled false.
[May 03, 2026 22:20:17.813PM UTC]  EntityDamageByEntityEvent was triggered by damaged ITEM Cobbled Deepslate, damager TNT Primed TNT and cancelled false.
[May 03, 2026 22:20:17.813PM UTC]  EntityDamageByEntityEvent was triggered by damaged ITEM Iron Pickaxe, damager TNT Primed TNT and cancelled false.
[May 03, 2026 22:20:17.814PM UTC]  EntityDamageByEntityEvent was triggered by damaged ITEM Lapis Lazuli, damager TNT Primed TNT and cancelled false.
[May 03, 2026 22:20:17.814PM UTC]  EntityDamageByEntityEvent was triggered by damaged ITEM Stone Pickaxe, damager TNT Primed TNT and cancelled false.
[May 03, 2026 22:20:17.814PM UTC]  EntityDamageByEntityEvent was triggered by damaged ITEM Redstone Dust, damager TNT Primed TNT and cancelled false.
[May 03, 2026 22:20:17.814PM UTC]  EntityDamageByEntityEvent was triggered by damaged ITEM Redstone Dust, damager TNT Primed TNT and cancelled false.
[May 03, 2026 22:20:17.814PM UTC]  EntityDamageByEntityEvent was triggered by damaged ITEM Andesite, damager TNT Primed TNT and cancelled false.
[May 03, 2026 22:20:17.815PM UTC]  EntityDamageByEntityEvent was triggered by damaged ITEM Cracked Polished Blackstone Bricks, damager TNT Primed TNT and cancelled false.
[May 03, 2026 22:20:17.815PM UTC]  EntityDamageByEntityEvent was triggered by damaged ITEM Stone Sword, damager TNT Primed TNT and cancelled false.
[May 03, 2026 22:20:17.815PM UTC]  EntityDamageByEntityEvent was triggered by damaged ITEM String, damager TNT Primed TNT and cancelled false.
[May 03, 2026 22:20:17.815PM UTC]  EntityDamageByEntityEvent was triggered by damaged ITEM Raw Iron, damager TNT Primed TNT and cancelled false.
[May 03, 2026 22:20:17.816PM UTC]  EntityDamageByEntityEvent was triggered by damaged ITEM Cobbled Deepslate, damager TNT Primed TNT and cancelled false.
[May 03, 2026 22:20:17.816PM UTC]  EntityDamageByEntityEvent was triggered by damaged ITEM Leaf Litter, damager TNT Primed TNT and cancelled false.
[May 03, 2026 22:20:17.816PM UTC]  EntityDamageByEntityEvent was triggered by damaged ITEM Stone Sword, damager TNT Primed TNT and cancelled false.
[May 03, 2026 22:20:17.816PM UTC]  EntityDamageByEntityEvent was triggered by damaged ITEM Stone Axe, damager TNT Primed TNT and cancelled false.
[May 03, 2026 22:20:17.816PM UTC]  EntityDamageByEntityEvent was triggered by damaged ITEM Cobblestone, damager TNT Primed TNT and cancelled false.
[May 03, 2026 22:20:17.816PM UTC]  EntityDamageByEntityEvent was triggered by damaged ITEM Oak Planks, damager TNT Primed TNT and cancelled false.
[May 03, 2026 22:20:17.817PM UTC]  EntityDamageByEntityEvent was triggered by damaged ITEM Coal, damager TNT Primed TNT and cancelled false.
[May 03, 2026 22:20:17.817PM UTC]  EntityDamageByEntityEvent was triggered by damaged ITEM Sugar Cane, damager TNT Primed TNT and cancelled false.
[May 03, 2026 22:20:17.817PM UTC]  EntityDamageByEntityEvent was triggered by damaged ITEM Stone Pickaxe, damager TNT Primed TNT and cancelled false.
[May 03, 2026 22:20:17.817PM UTC]  EntityDamageByEntityEvent was triggered by damaged ITEM Cobbled Deepslate, damager TNT Primed TNT and cancelled false.
[May 03, 2026 22:20:17.817PM UTC]  EntityDamageByEntityEvent was triggered by damaged ITEM Crafting Table, damager TNT Primed TNT and cancelled false.
[May 03, 2026 22:20:17.818PM UTC]  EntityDamageByEntityEvent was triggered by damaged ITEM Stick, damager TNT Primed TNT and cancelled false.
[May 03, 2026 22:20:17.818PM UTC]  EntityDamageByEntityEvent was triggered by damaged ITEM Raw Iron, damager TNT Primed TNT and cancelled false.
[May 03, 2026 22:20:17.818PM UTC]  EntityDamageByEntityEvent was triggered by damaged ITEM Granite, damager TNT Primed TNT and cancelled false.
[May 03, 2026 22:20:17.818PM UTC]  EntityDamageByEntityEvent was triggered by damaged ITEM Rail, damager TNT Primed TNT and cancelled false.
[May 03, 2026 22:20:17.818PM UTC]  EntityDamageByEntityEvent was triggered by damaged ITEM White Wool, damager TNT Primed TNT and cancelled false.
[May 03, 2026 22:20:17.819PM UTC]  EntityDamageByEntityEvent was triggered by damaged ITEM Deepslate Bricks, damager TNT Primed TNT and cancelled false.
[May 03, 2026 22:20:17.819PM UTC]  EntityDamageByEntityEvent was triggered by damaged ITEM Lantern, damager TNT Primed TNT and cancelled false.
[May 03, 2026 22:20:17.819PM UTC]  EntityDamageByEntityEvent was triggered by damaged ITEM Iron Chain, damager TNT Primed TNT and cancelled false.
[May 03, 2026 22:20:17.819PM UTC]  EntityDamageByEntityEvent was triggered by damaged ITEM Iron Axe, damager TNT Primed TNT and cancelled false.
[May 03, 2026 22:20:17.819PM UTC]  EntityDamageByEntityEvent was triggered by damaged ITEM Iron Boots, damager TNT Primed TNT and cancelled false.
[May 03, 2026 22:20:17.820PM UTC]  EntityDamageByEntityEvent was triggered by damaged ITEM Iron Helmet, damager TNT Primed TNT and cancelled false.
[May 03, 2026 22:20:17.820PM UTC]  EntityDamageByEntityEvent was triggered by damaged ITEM Cobbled Deepslate, damager TNT Primed TNT and cancelled false.
[May 03, 2026 22:20:17.820PM UTC]  EntityDamageByEntityEvent was triggered by damaged ITEM Tuff Bricks, damager TNT Primed TNT and cancelled false.
[May 03, 2026 22:20:17.820PM UTC]  EntityDamageByEntityEvent was triggered by damaged ITEM Deepslate Tiles, damager TNT Primed TNT and cancelled false.
[May 03, 2026 22:20:17.821PM UTC]  EntityDamageByEntityEvent was triggered by damaged ITEM Chest, damager TNT Primed TNT and cancelled false.
[May 03, 2026 22:20:17.821PM UTC]  EntityDamageByEntityEvent was triggered by damaged ITEM Deepslate Bricks, damager TNT Primed TNT and cancelled false.
[May 03, 2026 22:20:17.906PM UTC]  EntityDamageByEntityEvent was triggered by damaged ITEM Deepslate Bricks, damager TNT Primed TNT and cancelled false.
[May 03, 2026 22:20:17.907PM UTC]  EntityDamageByEntityEvent was triggered by damaged ITEM Cobbled Deepslate, damager TNT Primed TNT and cancelled false.
[May 03, 2026 22:20:17.907PM UTC]  EntityDamageByEntityEvent was triggered by damaged ITEM Oak Door, damager TNT Primed TNT and cancelled false.
[May 03, 2026 22:20:17.907PM UTC]  EntityDamageByEntityEvent was triggered by damaged ITEM Oak Pressure Plate, damager TNT Primed TNT and cancelled false.
[May 03, 2026 22:20:17.907PM UTC]  EntityDamageByEntityEvent was triggered by damaged ITEM Deepslate Bricks, damager TNT Primed TNT and cancelled false.
[May 03, 2026 22:20:17.907PM UTC]  EntityDamageByEntityEvent was triggered by damaged ITEM Cobbled Deepslate, damager TNT Primed TNT and cancelled false.
[May 03, 2026 22:20:17.908PM UTC]  EntityDamageByEntityEvent was triggered by damaged ITEM Cobbled Deepslate, damager TNT Primed TNT and cancelled false.
[May 03, 2026 22:20:17.908PM UTC]  EntityDamageByEntityEvent was triggered by damaged ITEM Cobbled Deepslate, damager TNT Primed TNT and cancelled false.
[May 03, 2026 22:20:17.908PM UTC]  EntityDamageByEntityEvent was triggered by damaged ITEM Lapis Lazuli, damager TNT Primed TNT and cancelled false.
[May 03, 2026 22:20:17.908PM UTC]  EntityDamageByEntityEvent was triggered by damaged ITEM Stone Pickaxe, damager TNT Primed TNT and cancelled false.
[May 03, 2026 22:20:17.908PM UTC]  EntityDamageByEntityEvent was triggered by damaged ITEM Netherrack, damager TNT Primed TNT and cancelled false.
[May 03, 2026 22:20:17.909PM UTC]  EntityDamageByEntityEvent was triggered by damaged ITEM Netherrack, damager TNT Primed TNT and cancelled false.
[May 03, 2026 22:20:17.909PM UTC]  EntityDamageByEntityEvent was triggered by damaged ITEM Netherrack, damager TNT Primed TNT and cancelled false.
[May 03, 2026 22:20:17.909PM UTC]  EntityDamageByEntityEvent was triggered by damaged ITEM Netherrack, damager TNT Primed TNT and cancelled false.
[May 03, 2026 22:20:17.909PM UTC]  EntityDamageByEntityEvent was triggered by damaged ITEM Arrow, damager TNT Primed TNT and cancelled false.
[May 03, 2026 22:20:17.909PM UTC]  EntityDamageByEntityEvent was triggered by damaged ITEM Nether Quartz, damager TNT Primed TNT and cancelled false.
[May 03, 2026 22:20:17.910PM UTC]  EntityDamageByEntityEvent was triggered by damaged ITEM Dirt, damager TNT Primed TNT and cancelled false.
[May 03, 2026 22:20:17.910PM UTC]  EntityDamageByEntityEvent was triggered by damaged ITEM Diorite, damager TNT Primed TNT and cancelled false.
[May 03, 2026 22:20:17.910PM UTC]  EntityDamageByEntityEvent was triggered by damaged ITEM Netherrack, damager TNT Primed TNT and cancelled false.
[May 03, 2026 22:20:17.910PM UTC]  EntityDamageByEntityEvent was triggered by damaged ITEM Netherrack, damager TNT Primed TNT and cancelled false.
[May 03, 2026 22:20:17.910PM UTC]  EntityDamageByEntityEvent was triggered by damaged ITEM Netherrack, damager TNT Primed TNT and cancelled false.
[May 03, 2026 22:20:17.911PM UTC]  EntityDamageByEntityEvent was triggered by damaged ITEM Netherrack, damager TNT Primed TNT and cancelled false.
[May 03, 2026 22:20:17.911PM UTC]  EntityDamageByEntityEvent was triggered by damaged ITEM Blaze Rod, damager TNT Primed TNT and cancelled false.
[May 03, 2026 22:20:17.911PM UTC]  EntityDamageByEntityEvent was triggered by damaged ITEM Cobblestone, damager TNT Primed TNT and cancelled false.
[May 03, 2026 22:20:17.911PM UTC]  EntityDamageByEntityEvent was triggered by damaged ITEM Cobblestone, damager TNT Primed TNT and cancelled false.
[May 03, 2026 22:20:17.911PM UTC]  EntityDamageByEntityEvent was triggered by damaged ITEM Cobblestone, damager TNT Primed TNT and cancelled false.
[May 03, 2026 22:20:17.911PM UTC]  EntityDamageByEntityEvent was triggered by damaged ITEM Granite, damager TNT Primed TNT and cancelled false.
[May 03, 2026 22:20:17.912PM UTC]  EntityDamageByEntityEvent was triggered by damaged ITEM Stone Axe, damager TNT Primed TNT and cancelled false.
[May 03, 2026 22:20:17.912PM UTC]  EntityDamageByEntityEvent was triggered by damaged ITEM Leather, damager TNT Primed TNT and cancelled false.
[May 03, 2026 22:20:17.912PM UTC]  EntityDamageByEntityEvent was triggered by damaged ITEM Water Bucket, damager TNT Primed TNT and cancelled false.
[May 03, 2026 22:20:17.912PM UTC]  EntityDamageByEntityEvent was triggered by damaged ITEM Bone, damager TNT Primed TNT and cancelled false.
[May 03, 2026 22:20:17.913PM UTC]  EntityDamageByEntityEvent was triggered by damaged ITEM Lapis Lazuli, damager TNT Primed TNT and cancelled false.
[May 03, 2026 22:20:17.913PM UTC]  EntityDamageByEntityEvent was triggered by damaged ITEM Lapis Lazuli, damager TNT Primed TNT and cancelled false.
[May 03, 2026 22:20:17.913PM UTC]  EntityDamageByEntityEvent was triggered by damaged ITEM Lapis Lazuli, damager TNT Primed TNT and cancelled false.
[May 03, 2026 22:20:17.913PM UTC]  EntityDamageByEntityEvent was triggered by damaged ITEM Stone Shovel, damager TNT Primed TNT and cancelled false.
[May 03, 2026 22:20:17.913PM UTC]  EntityDamageByEntityEvent was triggered by damaged ITEM Redstone Dust, damager TNT Primed TNT and cancelled false.
[May 03, 2026 22:20:17.913PM UTC]  EntityDamageByEntityEvent was triggered by damaged ITEM String, damager TNT Primed TNT and cancelled false.
[May 03, 2026 22:20:17.914PM UTC]  EntityDamageByEntityEvent was triggered by damaged ITEM Deepslate Bricks, damager TNT Primed TNT and cancelled false.
[May 03, 2026 22:20:17.914PM UTC]  EntityDamageByEntityEvent was triggered by damaged ITEM Chest, damager TNT Primed TNT and cancelled false.
[May 03, 2026 22:20:17.914PM UTC]  EntityDamageByEntityEvent was triggered by damaged ITEM Cobbled Deepslate, damager TNT Primed TNT and cancelled false.
[May 03, 2026 22:20:17.914PM UTC]  EntityDamageByEntityEvent was triggered by damaged ITEM Tuff Bricks, damager TNT Primed TNT and cancelled false.
[May 03, 2026 22:20:17.914PM UTC]  EntityDamageByEntityEvent was triggered by damaged ITEM Cobbled Deepslate, damager TNT Primed TNT and cancelled false.
[May 03, 2026 22:20:17.915PM UTC]  EntityDamageByEntityEvent was triggered by damaged ITEM Deepslate Bricks, damager TNT Primed TNT and cancelled false.
[May 03, 2026 22:20:17.915PM UTC]  EntityDamageByEntityEvent was triggered by damaged ITEM Deepslate Tile Stairs, damager TNT Primed TNT and cancelled false.
[May 03, 2026 22:20:18.656PM UTC]  EntityDamageByEntityEvent was triggered by damaged PLAYER emi4553, damager TNT Primed TNT and cancelled false.
[May 03, 2026 22:20:18.656PM UTC]  EntityDamageByEntityEvent was triggered by damaged ITEM Deepslate Bricks, damager TNT Primed TNT and cancelled false.
[May 03, 2026 22:20:18.657PM UTC]  EntityDamageByEntityEvent was triggered by damaged ITEM Stone Axe, damager TNT Primed TNT and cancelled false.
[May 03, 2026 22:20:18.657PM UTC]  EntityDamageByEntityEvent was triggered by damaged ITEM Water Bucket, damager TNT Primed TNT and cancelled false.
[May 03, 2026 22:20:18.657PM UTC]  EntityDamageByEntityEvent was triggered by damaged ITEM Tuff Bricks, damager TNT Primed TNT and cancelled false.
[May 03, 2026 22:20:18.657PM UTC]  EntityDamageByEntityEvent was triggered by damaged ITEM Cobbled Deepslate, damager TNT Primed TNT and cancelled false.
[May 03, 2026 22:20:18.657PM UTC]  EntityDamageByEntityEvent was triggered by damaged ITEM Deepslate Bricks, damager TNT Primed TNT and cancelled false.
[May 03, 2026 22:20:18.657PM UTC]  EntityDamageByEntityEvent was triggered by damaged ITEM Cobbled Deepslate, damager TNT Primed TNT and cancelled false.
[May 03, 2026 22:20:18.658PM UTC]  EntityDamageByEntityEvent was triggered by damaged ITEM Cobbled Deepslate, damager TNT Primed TNT and cancelled false.
[May 03, 2026 22:21:15.958PM UTC]  EntityDamageByEntityEvent was triggered by damaged PLAYER LITTLE_GHOTS, damager ARROW Arrow and cancelled false.
[May 03, 2026 22:21:42.606PM UTC]  EntityDamageByEntityEvent was triggered by damaged PLAYER LITTLE_GHOTS, damager SPIDER Spider and cancelled false.
[May 03, 2026 22:21:43.328PM UTC]  EntityDamageByEntityEvent was triggered by damaged SPIDER Spider, damager PLAYER LITTLE_GHOTS and cancelled false.
[May 03, 2026 22:21:44.608PM UTC]  EntityDamageByEntityEvent was triggered by damaged PLAYER LITTLE_GHOTS, damager SPIDER Spider and cancelled false.
[May 03, 2026 22:21:44.675PM UTC]  EntityDamageByEntityEvent was triggered by damaged SPIDER Spider, damager PLAYER LITTLE_GHOTS and cancelled false.
[May 03, 2026 22:21:45.678PM UTC]  EntityDamageByEntityEvent was triggered by damaged SPIDER Spider, damager PLAYER LITTLE_GHOTS and cancelled false.
[May 03, 2026 22:21:46.328PM UTC]  EntityDamageByEntityEvent was triggered by damaged SPIDER Spider, damager PLAYER LITTLE_GHOTS and cancelled false.
[May 03, 2026 22:21:46.930PM UTC]  EntityDamageByEntityEvent was triggered by damaged SPIDER Spider, damager PLAYER LITTLE_GHOTS and cancelled false.
[May 03, 2026 22:21:47.806PM UTC]  EntityDamageByEntityEvent was triggered by damaged PLAYER LITTLE_GHOTS, damager SPIDER Spider and cancelled false.
[May 03, 2026 22:21:48.073PM UTC]  EntityDamageByEntityEvent was triggered by damaged SPIDER Spider, damager PLAYER LITTLE_GHOTS and cancelled false.
[May 03, 2026 22:21:49.380PM UTC]  EntityDamageByEntityEvent was triggered by damaged SPIDER Spider, damager PLAYER LITTLE_GHOTS and cancelled false.
[May 03, 2026 22:21:50.256PM UTC]  EntityDamageByEntityEvent was triggered by damaged PLAYER LITTLE_GHOTS, damager SPIDER Spider and cancelled false.
[May 03, 2026 22:21:50.424PM UTC]  EntityDamageByEntityEvent was triggered by damaged SPIDER Spider, damager PLAYER LITTLE_GHOTS and cancelled false.
[May 03, 2026 22:21:51.075PM UTC]  EntityDamageByEntityEvent was triggered by damaged SPIDER Spider, damager PLAYER LITTLE_GHOTS and cancelled false.
[May 03, 2026 22:21:52.224PM UTC]  EntityDamageByEntityEvent was triggered by damaged SPIDER Spider, damager PLAYER LITTLE_GHOTS and cancelled false.
[May 03, 2026 22:21:52.507PM UTC]  EntityDamageByEntityEvent was triggered by damaged PLAYER LITTLE_GHOTS, damager SPIDER Spider and cancelled false.
[May 03, 2026 22:21:52.775PM UTC]  EntityDamageByEntityEvent was triggered by damaged SPIDER Spider, damager PLAYER LITTLE_GHOTS and cancelled false.
[May 03, 2026 22:21:53.378PM UTC]  EntityDamageByEntityEvent was triggered by damaged SPIDER Spider, damager PLAYER LITTLE_GHOTS and cancelled false.
[May 03, 2026 22:21:53.878PM UTC]  EntityDamageByEntityEvent was triggered by damaged SPIDER Spider, damager PLAYER LITTLE_GHOTS and cancelled false.
[May 03, 2026 22:21:54.477PM UTC]  EntityDamageByEntityEvent was triggered by damaged SPIDER Spider, damager PLAYER LITTLE_GHOTS and cancelled false.
[May 03, 2026 22:21:54.975PM UTC]  EntityDamageByEntityEvent was triggered by damaged SPIDER Spider, damager PLAYER LITTLE_GHOTS and cancelled false.
[May 03, 2026 22:21:56.406PM UTC]  EntityDamageByEntityEvent was triggered by damaged PLAYER LITTLE_GHOTS, damager ZOMBIE Zombie and cancelled false.
[May 03, 2026 22:21:56.429PM UTC]  EntityDamageByEntityEvent was triggered by damaged ZOMBIE Zombie, damager PLAYER LITTLE_GHOTS and cancelled false.
[May 03, 2026 22:21:57.456PM UTC]  EntityDamageByEntityEvent was triggered by damaged PLAYER LITTLE_GHOTS, damager ZOMBIE Zombie and cancelled false.
[May 03, 2026 22:21:57.578PM UTC]  EntityDamageByEntityEvent was triggered by damaged ZOMBIE Zombie, damager PLAYER LITTLE_GHOTS and cancelled false.
[May 03, 2026 22:21:58.225PM UTC]  EntityDamageByEntityEvent was triggered by damaged ZOMBIE Zombie, damager PLAYER LITTLE_GHOTS and cancelled false.
[May 03, 2026 22:21:59.854PM UTC]  EntityDamageByEntityEvent was triggered by damaged PLAYER LITTLE_GHOTS, damager ZOMBIE Zombie and cancelled false.
[May 03, 2026 22:22:00.305PM UTC]  EntityDamageByEntityEvent was triggered by damaged PLAYER emi4553, damager ZOMBIE Zombie and cancelled false.
[May 03, 2026 22:22:00.421PM UTC]  EntityDamageByEntityEvent was triggered by damaged ZOMBIE Zombie, damager PLAYER emi4553 and cancelled false.
[May 03, 2026 22:22:00.780PM UTC]  EntityDamageByEntityEvent was triggered by damaged ZOMBIE_VILLAGER Zombie Villager, damager PLAYER LITTLE_GHOTS and cancelled false.
[May 03, 2026 22:22:00.804PM UTC]  EntityDamageByEntityEvent was triggered by damaged PLAYER LITTLE_GHOTS, damager ZOMBIE_VILLAGER Zombie Villager and cancelled false.
[May 03, 2026 22:22:01.254PM UTC]  EntityDamageByEntityEvent was triggered by damaged PLAYER emi4553, damager ZOMBIE Zombie and cancelled false.
[May 03, 2026 22:22:01.323PM UTC]  EntityDamageByEntityEvent was triggered by damaged ZOMBIE Zombie, damager PLAYER emi4553 and cancelled false.
[May 03, 2026 22:22:02.527PM UTC]  EntityDamageByEntityEvent was triggered by damaged ZOMBIE Zombie, damager PLAYER emi4553 and cancelled false.
[May 03, 2026 22:22:02.529PM UTC]  EntityDamageByEntityEvent was triggered by damaged ZOMBIE Zombie, damager PLAYER emi4553 and cancelled false.
[May 03, 2026 22:22:09.380PM UTC]  EntityDamageByEntityEvent was triggered by damaged ZOMBIE Zombie, damager PLAYER LITTLE_GHOTS and cancelled false.
[May 03, 2026 22:22:09.879PM UTC]  EntityDamageByEntityEvent was triggered by damaged ZOMBIE Zombie, damager PLAYER LITTLE_GHOTS and cancelled false.
[May 03, 2026 22:22:10.155PM UTC]  EntityDamageByEntityEvent was triggered by damaged PLAYER LITTLE_GHOTS, damager ZOMBIE Zombie and cancelled false.
[May 03, 2026 22:22:10.479PM UTC]  EntityDamageByEntityEvent was triggered by damaged ZOMBIE Zombie, damager PLAYER LITTLE_GHOTS and cancelled false.
[May 03, 2026 22:22:11.155PM UTC]  EntityDamageByEntityEvent was triggered by damaged PLAYER LITTLE_GHOTS, damager ZOMBIE Zombie and cancelled false.
[May 03, 2026 22:22:11.229PM UTC]  EntityDamageByEntityEvent was triggered by damaged ZOMBIE Zombie, damager PLAYER LITTLE_GHOTS and cancelled false.
[May 03, 2026 22:22:11.376PM UTC]  EntityDamageByEntityEvent was triggered by damaged ZOMBIE_VILLAGER Zombie Villager, damager PLAYER emi4553 and cancelled false.
[May 03, 2026 22:22:12.154PM UTC]  EntityDamageByEntityEvent was triggered by damaged PLAYER LITTLE_GHOTS, damager ZOMBIE Zombie and cancelled false.
[May 03, 2026 22:22:12.330PM UTC]  EntityDamageByEntityEvent was triggered by damaged ZOMBIE Zombie, damager PLAYER LITTLE_GHOTS and cancelled false.
[May 03, 2026 22:22:12.564PM UTC]  EntityDamageByEntityEvent was triggered by damaged ZOMBIE Zombie, damager PLAYER emi4553 and cancelled false.
[May 03, 2026 22:22:24.466PM UTC]  PlayerPreTagEvent was triggered on emi4553 by LITTLE_GHOTS with type PLAYER, reason ATTACKER, and cancelled false.
[May 03, 2026 22:22:24.467PM UTC]  PlayerTagEvent was triggered on emi4553 by LITTLE_GHOTS with type PLAYER and reason ATTACKER.
[May 03, 2026 22:22:24.467PM UTC]  PlayerPreTagEvent was triggered on LITTLE_GHOTS by emi4553 with type PLAYER, reason ATTACKED, and cancelled false.
[May 03, 2026 22:22:24.468PM UTC]  PlayerTagEvent was triggered on LITTLE_GHOTS by emi4553 with type PLAYER and reason ATTACKED.
[May 03, 2026 22:22:24.468PM UTC]  EntityDamageByEntityEvent was triggered by damaged PLAYER LITTLE_GHOTS, damager PLAYER emi4553 and cancelled false.
[May 03, 2026 22:22:24.470PM UTC]  PlayerPunishEvent was triggered on emi4553 with reason ENEMY_DEATH and cancelled true.
[May 03, 2026 22:22:24.470PM UTC]  PlayerUntagEvent was triggered on emi4553 with reason ENEMY_DEATH and expire set to true.
[May 03, 2026 22:22:24.471PM UTC]  PlayerPunishEvent was triggered on LITTLE_GHOTS with reason SELF_DEATH and cancelled true.
[May 03, 2026 22:22:24.471PM UTC]  PlayerUntagEvent was triggered on LITTLE_GHOTS with reason SELF_DEATH and expire set to true.
[May 03, 2026 22:22:48.656PM UTC]  EntityDamageByEntityEvent was triggered by damaged SPIDER Spider, damager PLAYER emi4553 and cancelled false.
[May 03, 2026 22:23:04.655PM UTC]  EntityDamageByEntityEvent was triggered by damaged PLAYER LITTLE_GHOTS, damager ARROW Arrow and cancelled false.
[May 03, 2026 22:23:04.926PM UTC]  EntityDamageByEntityEvent was triggered by damaged SKELETON Skeleton, damager PLAYER LITTLE_GHOTS and cancelled false.
[May 03, 2026 22:23:05.928PM UTC]  EntityDamageByEntityEvent was triggered by damaged SKELETON Skeleton, damager PLAYER LITTLE_GHOTS and cancelled false.
[May 03, 2026 22:23:06.925PM UTC]  EntityDamageByEntityEvent was triggered by damaged SKELETON Skeleton, damager PLAYER LITTLE_GHOTS and cancelled false.
[May 03, 2026 22:23:07.655PM UTC]  EntityDamageByEntityEvent was triggered by damaged PLAYER LITTLE_GHOTS, damager ARROW Arrow and cancelled false.
[May 03, 2026 22:23:07.881PM UTC]  EntityDamageByEntityEvent was triggered by damaged SKELETON Skeleton, damager PLAYER LITTLE_GHOTS and cancelled false.
[May 03, 2026 22:23:08.825PM UTC]  EntityDamageByEntityEvent was triggered by damaged SKELETON Skeleton, damager PLAYER LITTLE_GHOTS and cancelled false.
[May 03, 2026 22:23:09.579PM UTC]  EntityDamageByEntityEvent was triggered by damaged SKELETON Skeleton, damager PLAYER LITTLE_GHOTS and cancelled false.
[May 03, 2026 22:23:10.427PM UTC]  EntityDamageByEntityEvent was triggered by damaged SKELETON Skeleton, damager PLAYER LITTLE_GHOTS and cancelled false.
[May 03, 2026 22:23:10.607PM UTC]  EntityDamageByEntityEvent was triggered by damaged PLAYER LITTLE_GHOTS, damager ARROW Arrow and cancelled false.
[May 03, 2026 22:23:11.329PM UTC]  EntityDamageByEntityEvent was triggered by damaged SKELETON Skeleton, damager PLAYER LITTLE_GHOTS and cancelled false.
[May 03, 2026 22:23:11.528PM UTC]  EntityDamageByEntityEvent was triggered by damaged SKELETON Skeleton, damager PLAYER emi4553 and cancelled false.
[May 03, 2026 22:24:50.465PM UTC]  PlayerPreTagEvent was triggered on emi4553 by LITTLE_GHOTS with type PLAYER, reason ATTACKER, and cancelled false.
[May 03, 2026 22:24:50.466PM UTC]  PlayerTagEvent was triggered on emi4553 by LITTLE_GHOTS with type PLAYER and reason ATTACKER.
[May 03, 2026 22:24:50.467PM UTC]  PlayerPreTagEvent was triggered on LITTLE_GHOTS by emi4553 with type PLAYER, reason ATTACKED, and cancelled false.
[May 03, 2026 22:24:50.467PM UTC]  PlayerTagEvent was triggered on LITTLE_GHOTS by emi4553 with type PLAYER and reason ATTACKED.
[May 03, 2026 22:24:50.468PM UTC]  EntityDamageByEntityEvent was triggered by damaged PLAYER LITTLE_GHOTS, damager PLAYER emi4553 and cancelled false.
[May 03, 2026 22:24:50.470PM UTC]  PlayerPunishEvent was triggered on emi4553 with reason ENEMY_DEATH and cancelled true.
[May 03, 2026 22:24:50.470PM UTC]  PlayerUntagEvent was triggered on emi4553 with reason ENEMY_DEATH and expire set to true.
[May 03, 2026 22:24:50.470PM UTC]  PlayerPunishEvent was triggered on LITTLE_GHOTS with reason SELF_DEATH and cancelled true.
[May 03, 2026 22:24:50.471PM UTC]  PlayerUntagEvent was triggered on LITTLE_GHOTS with reason SELF_DEATH and expire set to true.
[May 03, 2026 22:25:09.812PM UTC]  PlayerPreTagEvent was triggered on emi4553 by LITTLE_GHOTS with type PLAYER, reason ATTACKER, and cancelled false.
[May 03, 2026 22:25:09.813PM UTC]  PlayerTagEvent was triggered on emi4553 by LITTLE_GHOTS with type PLAYER and reason ATTACKER.
[May 03, 2026 22:25:09.816PM UTC]  PlayerPreTagEvent was triggered on LITTLE_GHOTS by emi4553 with type PLAYER, reason ATTACKED, and cancelled false.
[May 03, 2026 22:25:09.817PM UTC]  PlayerTagEvent was triggered on LITTLE_GHOTS by emi4553 with type PLAYER and reason ATTACKED.
[May 03, 2026 22:25:09.817PM UTC]  EntityDamageByEntityEvent was triggered by damaged PLAYER LITTLE_GHOTS, damager PLAYER emi4553 and cancelled false.
[May 03, 2026 22:25:30.263PM UTC]  PlayerPunishEvent was triggered on emi4553 with reason EXPIRE and cancelled true.
[May 03, 2026 22:25:30.263PM UTC]  PlayerUntagEvent was triggered on emi4553 with reason EXPIRE and expire set to true.
[May 03, 2026 22:25:30.264PM UTC]  PlayerPunishEvent was triggered on LITTLE_GHOTS with reason EXPIRE and cancelled true.
[May 03, 2026 22:25:30.264PM UTC]  PlayerUntagEvent was triggered on LITTLE_GHOTS with reason EXPIRE and expire set to true.
[May 03, 2026 22:25:36.863PM UTC]  PlayerPreTagEvent was triggered on emi4553 by LITTLE_GHOTS with type PLAYER, reason ATTACKER, and cancelled false.
[May 03, 2026 22:25:36.866PM UTC]  PlayerTagEvent was triggered on emi4553 by LITTLE_GHOTS with type PLAYER and reason ATTACKER.
[May 03, 2026 22:25:36.867PM UTC]  PlayerPreTagEvent was triggered on LITTLE_GHOTS by emi4553 with type PLAYER, reason ATTACKED, and cancelled false.
[May 03, 2026 22:25:36.867PM UTC]  PlayerTagEvent was triggered on LITTLE_GHOTS by emi4553 with type PLAYER and reason ATTACKED.
[May 03, 2026 22:25:36.869PM UTC]  EntityDamageByEntityEvent was triggered by damaged PLAYER LITTLE_GHOTS, damager PLAYER emi4553 and cancelled false.
[May 03, 2026 22:25:36.874PM UTC]  PlayerPunishEvent was triggered on emi4553 with reason ENEMY_DEATH and cancelled true.
[May 03, 2026 22:25:36.876PM UTC]  PlayerUntagEvent was triggered on emi4553 with reason ENEMY_DEATH and expire set to true.
[May 03, 2026 22:25:36.877PM UTC]  PlayerPunishEvent was triggered on LITTLE_GHOTS with reason SELF_DEATH and cancelled true.
[May 03, 2026 22:25:36.879PM UTC]  PlayerUntagEvent was triggered on LITTLE_GHOTS with reason SELF_DEATH and expire set to true.
[May 03, 2026 22:31:30.507PM UTC]  EntityDamageByEntityEvent was triggered by damaged ITEM Deepslate Bricks, damager TNT Primed TNT and cancelled false.
[May 03, 2026 22:31:30.508PM UTC]  EntityDamageByEntityEvent was triggered by damaged ITEM Oak Pressure Plate, damager TNT Primed TNT and cancelled false.
[May 03, 2026 22:31:30.705PM UTC]  EntityDamageByEntityEvent was triggered by damaged ITEM Deepslate Bricks, damager TNT Primed TNT and cancelled false.
[May 03, 2026 22:31:30.705PM UTC]  EntityDamageByEntityEvent was triggered by damaged ITEM Cobbled Deepslate, damager TNT Primed TNT and cancelled false.
[May 03, 2026 22:31:30.706PM UTC]  EntityDamageByEntityEvent was triggered by damaged ITEM Deepslate Tiles, damager TNT Primed TNT and cancelled false.
[May 03, 2026 22:31:30.706PM UTC]  EntityDamageByEntityEvent was triggered by damaged ITEM Deepslate Bricks, damager TNT Primed TNT and cancelled false.
[May 03, 2026 22:31:30.905PM UTC]  EntityDamageByEntityEvent was triggered by damaged ITEM Deepslate Bricks, damager TNT Primed TNT and cancelled false.
[May 03, 2026 22:31:30.905PM UTC]  EntityDamageByEntityEvent was triggered by damaged ITEM Oak Pressure Plate, damager TNT Primed TNT and cancelled false.
[May 03, 2026 22:31:30.906PM UTC]  EntityDamageByEntityEvent was triggered by damaged ITEM Deepslate Tiles, damager TNT Primed TNT and cancelled false.
[May 03, 2026 22:31:30.906PM UTC]  EntityDamageByEntityEvent was triggered by damaged ITEM Deepslate Bricks, damager TNT Primed TNT and cancelled false.
[May 03, 2026 22:31:30.906PM UTC]  EntityDamageByEntityEvent was triggered by damaged ITEM Deepslate Tiles, damager TNT Primed TNT and cancelled false.
[May 03, 2026 22:31:30.906PM UTC]  EntityDamageByEntityEvent was triggered by damaged ITEM Deepslate Bricks, damager TNT Primed TNT and cancelled false.
[May 03, 2026 22:31:30.906PM UTC]  EntityDamageByEntityEvent was triggered by damaged ITEM Lantern, damager TNT Primed TNT and cancelled false.
[May 03, 2026 22:31:30.907PM UTC]  EntityDamageByEntityEvent was triggered by damaged ITEM Deepslate Bricks, damager TNT Primed TNT and cancelled false.
[May 03, 2026 22:31:31.005PM UTC]  EntityDamageByEntityEvent was triggered by damaged ITEM Deepslate Bricks, damager TNT Primed TNT and cancelled false.
[May 03, 2026 22:31:31.005PM UTC]  EntityDamageByEntityEvent was triggered by damaged ITEM Deepslate Bricks, damager TNT Primed TNT and cancelled false.
[May 03, 2026 22:31:31.005PM UTC]  EntityDamageByEntityEvent was triggered by damaged ITEM Crafting Table, damager TNT Primed TNT and cancelled false.
[May 03, 2026 22:31:31.005PM UTC]  EntityDamageByEntityEvent was triggered by damaged ITEM Oak Door, damager TNT Primed TNT and cancelled false.
[May 03, 2026 22:31:31.005PM UTC]  EntityDamageByEntityEvent was triggered by damaged ITEM Deepslate Bricks, damager TNT Primed TNT and cancelled false.
[May 03, 2026 22:31:31.006PM UTC]  EntityDamageByEntityEvent was triggered by damaged ITEM Deepslate Tile Stairs, damager TNT Primed TNT and cancelled false.
[May 03, 2026 22:31:31.006PM UTC]  EntityDamageByEntityEvent was triggered by damaged ITEM Deepslate Tiles, damager TNT Primed TNT and cancelled false.
[May 03, 2026 22:31:31.006PM UTC]  EntityDamageByEntityEvent was triggered by damaged ITEM Oak Door, damager TNT Primed TNT and cancelled false.
[May 03, 2026 22:31:31.006PM UTC]  EntityDamageByEntityEvent was triggered by damaged ITEM Lantern, damager TNT Primed TNT and cancelled false.
[May 03, 2026 22:31:31.006PM UTC]  EntityDamageByEntityEvent was triggered by damaged ITEM Deepslate Bricks, damager TNT Primed TNT and cancelled false.
[May 03, 2026 22:31:31.007PM UTC]  EntityDamageByEntityEvent was triggered by damaged ITEM Deepslate Tile Stairs, damager TNT Primed TNT and cancelled false.
[May 03, 2026 22:31:31.007PM UTC]  EntityDamageByEntityEvent was triggered by damaged ITEM Cobbled Deepslate, damager TNT Primed TNT and cancelled false.
[May 03, 2026 22:31:31.007PM UTC]  EntityDamageByEntityEvent was triggered by damaged ITEM Oak Pressure Plate, damager TNT Primed TNT and cancelled false.
[May 03, 2026 22:31:31.007PM UTC]  EntityDamageByEntityEvent was triggered by damaged ITEM Iron Chain, damager TNT Primed TNT and cancelled false.
[May 03, 2026 22:31:31.007PM UTC]  EntityDamageByEntityEvent was triggered by damaged ITEM Deepslate Bricks, damager TNT Primed TNT and cancelled false.
[May 03, 2026 22:31:31.007PM UTC]  EntityDamageByEntityEvent was triggered by damaged ITEM Deepslate Bricks, damager TNT Primed TNT and cancelled false.
[May 03, 2026 22:31:31.008PM UTC]  EntityDamageByEntityEvent was triggered by damaged ITEM Deepslate Bricks, damager TNT Primed TNT and cancelled false.
[May 03, 2026 22:31:31.009PM UTC]  EntityDamageByEntityEvent was triggered by damaged ITEM Deepslate Bricks, damager TNT Primed TNT and cancelled false.
[May 03, 2026 22:31:31.009PM UTC]  EntityDamageByEntityEvent was triggered by damaged ITEM Deepslate Bricks, damager TNT Primed TNT and cancelled false.
[May 03, 2026 22:31:31.009PM UTC]  EntityDamageByEntityEvent was triggered by damaged ITEM Cobbled Deepslate, damager TNT Primed TNT and cancelled false.
[May 03, 2026 22:31:31.009PM UTC]  EntityDamageByEntityEvent was triggered by damaged ITEM Deepslate Tiles, damager TNT Primed TNT and cancelled false.
[May 03, 2026 22:31:31.009PM UTC]  EntityDamageByEntityEvent was triggered by damaged ITEM Cobbled Deepslate, damager TNT Primed TNT and cancelled false.
[May 03, 2026 22:31:31.009PM UTC]  EntityDamageByEntityEvent was triggered by damaged ITEM Deepslate Bricks, damager TNT Primed TNT and cancelled false.
[May 03, 2026 22:31:31.010PM UTC]  EntityDamageByEntityEvent was triggered by damaged ITEM Deepslate Bricks, damager TNT Primed TNT and cancelled false.
[May 03, 2026 22:31:31.010PM UTC]  EntityDamageByEntityEvent was triggered by damaged ITEM Deepslate Bricks, damager TNT Primed TNT and cancelled false.
[May 03, 2026 22:31:31.056PM UTC]  EntityDamageByEntityEvent was triggered by damaged ITEM Oak Door, damager TNT Primed TNT and cancelled false.
[May 03, 2026 22:31:31.056PM UTC]  EntityDamageByEntityEvent was triggered by damaged ITEM Deepslate Tile Stairs, damager TNT Primed TNT and cancelled false.
[May 03, 2026 22:31:31.057PM UTC]  EntityDamageByEntityEvent was triggered by damaged ITEM Deepslate Bricks, damager TNT Primed TNT and cancelled false.
[May 03, 2026 22:31:31.057PM UTC]  EntityDamageByEntityEvent was triggered by damaged ITEM Cobbled Deepslate, damager TNT Primed TNT and cancelled false.
[May 03, 2026 22:31:31.057PM UTC]  EntityDamageByEntityEvent was triggered by damaged ITEM Deepslate Bricks, damager TNT Primed TNT and cancelled false.
[May 03, 2026 22:31:31.057PM UTC]  EntityDamageByEntityEvent was triggered by damaged ITEM Deepslate Bricks, damager TNT Primed TNT and cancelled false.
[May 03, 2026 22:31:31.057PM UTC]  EntityDamageByEntityEvent was triggered by damaged ITEM Oak Door, damager TNT Primed TNT and cancelled false.
[May 03, 2026 22:31:31.057PM UTC]  EntityDamageByEntityEvent was triggered by damaged ITEM Deepslate Bricks, damager TNT Primed TNT and cancelled false.
[May 03, 2026 22:31:31.058PM UTC]  EntityDamageByEntityEvent was triggered by damaged ITEM Deepslate Tiles, damager TNT Primed TNT and cancelled false.
[May 03, 2026 22:31:31.058PM UTC]  EntityDamageByEntityEvent was triggered by damaged ITEM Tuff Bricks, damager TNT Primed TNT and cancelled false.
[May 03, 2026 22:31:31.058PM UTC]  EntityDamageByEntityEvent was triggered by damaged ITEM Deepslate Tiles, damager TNT Primed TNT and cancelled false.
[May 03, 2026 22:31:31.106PM UTC]  EntityDamageByEntityEvent was triggered by damaged ITEM Deepslate Bricks, damager TNT Primed TNT and cancelled false.
[May 03, 2026 22:31:31.106PM UTC]  EntityDamageByEntityEvent was triggered by damaged ITEM Granite, damager TNT Primed TNT and cancelled false.
[May 03, 2026 22:31:31.106PM UTC]  EntityDamageByEntityEvent was triggered by damaged ITEM Furnace, damager TNT Primed TNT and cancelled false.
[May 03, 2026 22:31:31.106PM UTC]  EntityDamageByEntityEvent was triggered by damaged ITEM Chest, damager TNT Primed TNT and cancelled false.
[May 03, 2026 22:31:31.106PM UTC]  EntityDamageByEntityEvent was triggered by damaged ITEM Deepslate Tiles, damager TNT Primed TNT and cancelled false.
[May 03, 2026 22:31:31.107PM UTC]  EntityDamageByEntityEvent was triggered by damaged ITEM Tuff Bricks, damager TNT Primed TNT and cancelled false.
[May 03, 2026 22:31:31.107PM UTC]  EntityDamageByEntityEvent was triggered by damaged ITEM Deepslate Bricks, damager TNT Primed TNT and cancelled false.
[May 03, 2026 22:31:31.107PM UTC]  EntityDamageByEntityEvent was triggered by damaged ITEM Deepslate Tiles, damager TNT Primed TNT and cancelled false.
[May 03, 2026 22:31:31.107PM UTC]  EntityDamageByEntityEvent was triggered by damaged ITEM Iron Chain, damager TNT Primed TNT and cancelled false.
[May 03, 2026 22:31:31.107PM UTC]  EntityDamageByEntityEvent was triggered by damaged ITEM Deepslate Bricks, damager TNT Primed TNT and cancelled false.
[May 03, 2026 22:31:31.107PM UTC]  EntityDamageByEntityEvent was triggered by damaged ITEM Lantern, damager TNT Primed TNT and cancelled false.
[May 03, 2026 22:31:31.107PM UTC]  EntityDamageByEntityEvent was triggered by damaged ITEM Deepslate Bricks, damager TNT Primed TNT and cancelled false.
[May 03, 2026 22:31:31.107PM UTC]  EntityDamageByEntityEvent was triggered by damaged ITEM Cobbled Deepslate, damager TNT Primed TNT and cancelled false.
[May 03, 2026 22:31:31.108PM UTC]  EntityDamageByEntityEvent was triggered by damaged ITEM Lantern, damager TNT Primed TNT and cancelled false.
[May 03, 2026 22:31:31.108PM UTC]  EntityDamageByEntityEvent was triggered by damaged ITEM Deepslate Tiles, damager TNT Primed TNT and cancelled false.
[May 03, 2026 22:31:31.108PM UTC]  EntityDamageByEntityEvent was triggered by damaged ITEM Deepslate Tile Stairs, damager TNT Primed TNT and cancelled false.
[May 03, 2026 22:31:31.108PM UTC]  EntityDamageByEntityEvent was triggered by damaged ITEM Deepslate Bricks, damager TNT Primed TNT and cancelled false.
[May 03, 2026 22:31:31.110PM UTC]  EntityDamageByEntityEvent was triggered by damaged ITEM Deepslate Bricks, damager TNT Primed TNT and cancelled false.
[May 03, 2026 22:31:31.110PM UTC]  EntityDamageByEntityEvent was triggered by damaged ITEM Granite, damager TNT Primed TNT and cancelled false.
[May 03, 2026 22:31:31.110PM UTC]  EntityDamageByEntityEvent was triggered by damaged ITEM Furnace, damager TNT Primed TNT and cancelled false.
[May 03, 2026 22:31:31.110PM UTC]  EntityDamageByEntityEvent was triggered by damaged ITEM Chest, damager TNT Primed TNT and cancelled false.
[May 03, 2026 22:31:31.110PM UTC]  EntityDamageByEntityEvent was triggered by damaged ITEM Rotten Flesh, damager TNT Primed TNT and cancelled false.
[May 03, 2026 22:31:31.110PM UTC]  EntityDamageByEntityEvent was triggered by damaged ITEM Arrow, damager TNT Primed TNT and cancelled false.
[May 03, 2026 22:31:31.111PM UTC]  EntityDamageByEntityEvent was triggered by damaged ITEM Cobbled Deepslate, damager TNT Primed TNT and cancelled false.
[May 03, 2026 22:31:31.111PM UTC]  EntityDamageByEntityEvent was triggered by damaged ITEM Tuff Bricks, damager TNT Primed TNT and cancelled false.
[May 03, 2026 22:31:31.111PM UTC]  EntityDamageByEntityEvent was triggered by damaged ITEM Tuff, damager TNT Primed TNT and cancelled false.
[May 03, 2026 22:31:31.111PM UTC]  EntityDamageByEntityEvent was triggered by damaged ITEM Chest, damager TNT Primed TNT and cancelled false.
[May 03, 2026 22:31:31.111PM UTC]  EntityDamageByEntityEvent was triggered by damaged ITEM Deepslate Bricks, damager TNT Primed TNT and cancelled false.
[May 03, 2026 22:31:31.111PM UTC]  EntityDamageByEntityEvent was triggered by damaged ITEM Hopper, damager TNT Primed TNT and cancelled false.
[May 03, 2026 22:31:31.111PM UTC]  EntityDamageByEntityEvent was triggered by damaged ITEM Deepslate Tiles, damager TNT Primed TNT and cancelled false.
[May 03, 2026 22:31:31.112PM UTC]  EntityDamageByEntityEvent was triggered by damaged ITEM Cobbled Deepslate, damager TNT Primed TNT and cancelled false.
[May 03, 2026 22:31:31.112PM UTC]  EntityDamageByEntityEvent was triggered by damaged ITEM Deepslate Bricks, damager TNT Primed TNT and cancelled false.
[May 03, 2026 22:31:31.112PM UTC]  EntityDamageByEntityEvent was triggered by damaged ITEM Cobbled Deepslate, damager TNT Primed TNT and cancelled false.
[May 03, 2026 22:31:31.112PM UTC]  EntityDamageByEntityEvent was triggered by damaged ITEM Deepslate Tiles, damager TNT Primed TNT and cancelled false.
[May 03, 2026 22:31:31.112PM UTC]  EntityDamageByEntityEvent was triggered by damaged ITEM Tuff Bricks, damager TNT Primed TNT and cancelled false.
[May 03, 2026 22:31:31.112PM UTC]  EntityDamageByEntityEvent was triggered by damaged ITEM Deepslate Bricks, damager TNT Primed TNT and cancelled false.
[May 03, 2026 22:31:31.112PM UTC]  EntityDamageByEntityEvent was triggered by damaged ITEM Deepslate Tiles, damager TNT Primed TNT and cancelled false.
[May 03, 2026 22:31:31.113PM UTC]  EntityDamageByEntityEvent was triggered by damaged ITEM Cobbled Deepslate, damager TNT Primed TNT and cancelled false.
[May 03, 2026 22:31:31.113PM UTC]  EntityDamageByEntityEvent was triggered by damaged ITEM Deepslate Bricks, damager TNT Primed TNT and cancelled false.
[May 03, 2026 22:31:31.113PM UTC]  EntityDamageByEntityEvent was triggered by damaged ITEM Deepslate Bricks, damager TNT Primed TNT and cancelled false.
[May 03, 2026 22:31:31.113PM UTC]  EntityDamageByEntityEvent was triggered by damaged ITEM Cobbled Deepslate, damager TNT Primed TNT and cancelled false.
[May 03, 2026 22:31:31.113PM UTC]  EntityDamageByEntityEvent was triggered by damaged ITEM Lantern, damager TNT Primed TNT and cancelled false.
[May 03, 2026 22:31:31.113PM UTC]  EntityDamageByEntityEvent was triggered by damaged ITEM Deepslate Tiles, damager TNT Primed TNT and cancelled false.
[May 03, 2026 22:31:31.113PM UTC]  EntityDamageByEntityEvent was triggered by damaged ITEM Deepslate Bricks, damager TNT Primed TNT and cancelled false.
[May 03, 2026 22:31:31.114PM UTC]  EntityDamageByEntityEvent was triggered by damaged ITEM Lantern, damager TNT Primed TNT and cancelled false.
[May 03, 2026 22:31:31.116PM UTC]  EntityDamageByEntityEvent was triggered by damaged ITEM Granite, damager TNT Primed TNT and cancelled false.
[May 03, 2026 22:31:31.116PM UTC]  EntityDamageByEntityEvent was triggered by damaged ITEM Rotten Flesh, damager TNT Primed TNT and cancelled false.
[May 03, 2026 22:31:31.116PM UTC]  EntityDamageByEntityEvent was triggered by damaged ITEM Arrow, damager TNT Primed TNT and cancelled false.
[May 03, 2026 22:31:31.116PM UTC]  EntityDamageByEntityEvent was triggered by damaged ITEM Cobbled Deepslate, damager TNT Primed TNT and cancelled false.
[May 03, 2026 22:31:31.116PM UTC]  EntityDamageByEntityEvent was triggered by damaged ITEM Cobbled Deepslate, damager TNT Primed TNT and cancelled false.
[May 03, 2026 22:31:31.116PM UTC]  EntityDamageByEntityEvent was triggered by damaged ITEM Tuff Bricks, damager TNT Primed TNT and cancelled false.
[May 03, 2026 22:31:31.117PM UTC]  EntityDamageByEntityEvent was triggered by damaged ITEM Tuff, damager TNT Primed TNT and cancelled false.
[May 03, 2026 22:31:31.117PM UTC]  EntityDamageByEntityEvent was triggered by damaged ITEM Cobbled Deepslate, damager TNT Primed TNT and cancelled false.
[May 03, 2026 22:31:31.117PM UTC]  EntityDamageByEntityEvent was triggered by damaged ITEM Deepslate Bricks, damager TNT Primed TNT and cancelled false.
[May 03, 2026 22:31:31.117PM UTC]  EntityDamageByEntityEvent was triggered by damaged ITEM Furnace, damager TNT Primed TNT and cancelled false.
[May 03, 2026 22:31:31.117PM UTC]  EntityDamageByEntityEvent was triggered by damaged ITEM Tuff, damager TNT Primed TNT and cancelled false.
[May 03, 2026 22:31:31.117PM UTC]  EntityDamageByEntityEvent was triggered by damaged ITEM Hopper, damager TNT Primed TNT and cancelled false.
[May 03, 2026 22:31:31.117PM UTC]  EntityDamageByEntityEvent was triggered by damaged ITEM Chest, damager TNT Primed TNT and cancelled false.
[May 03, 2026 22:31:31.118PM UTC]  EntityDamageByEntityEvent was triggered by damaged ITEM Deepslate Bricks, damager TNT Primed TNT and cancelled false.
[May 03, 2026 22:31:31.118PM UTC]  EntityDamageByEntityEvent was triggered by damaged ITEM Deepslate Tiles, damager TNT Primed TNT and cancelled false.
[May 03, 2026 22:31:31.118PM UTC]  EntityDamageByEntityEvent was triggered by damaged ITEM Iron Chain, damager TNT Primed TNT and cancelled false.
[May 03, 2026 22:31:31.118PM UTC]  EntityDamageByEntityEvent was triggered by damaged ITEM Cobbled Deepslate, damager TNT Primed TNT and cancelled false.
[May 03, 2026 22:31:31.120PM UTC]  EntityDamageByEntityEvent was triggered by damaged ITEM Deepslate Bricks, damager TNT Primed TNT and cancelled false.
[May 03, 2026 22:31:31.120PM UTC]  EntityDamageByEntityEvent was triggered by damaged ITEM Cobbled Deepslate, damager TNT Primed TNT and cancelled false.
[May 03, 2026 22:31:31.120PM UTC]  EntityDamageByEntityEvent was triggered by damaged ITEM Tuff, damager TNT Primed TNT and cancelled false.
[May 03, 2026 22:31:31.120PM UTC]  EntityDamageByEntityEvent was triggered by damaged ITEM Cobbled Deepslate, damager TNT Primed TNT and cancelled false.
[May 03, 2026 22:31:31.121PM UTC]  EntityDamageByEntityEvent was triggered by damaged ITEM Cobbled Deepslate, damager TNT Primed TNT and cancelled false.
[May 03, 2026 22:31:31.121PM UTC]  EntityDamageByEntityEvent was triggered by damaged ITEM Cobbled Deepslate, damager TNT Primed TNT and cancelled false.
[May 03, 2026 22:31:31.121PM UTC]  EntityDamageByEntityEvent was triggered by damaged ITEM Deepslate Tiles, damager TNT Primed TNT and cancelled false.
[May 03, 2026 22:31:31.156PM UTC]  EntityDamageByEntityEvent was triggered by damaged ITEM Tuff, damager TNT Primed TNT and cancelled false.
[May 03, 2026 22:31:31.156PM UTC]  EntityDamageByEntityEvent was triggered by damaged ITEM Cobbled Deepslate, damager TNT Primed TNT and cancelled false.
[May 03, 2026 22:31:31.157PM UTC]  EntityDamageByEntityEvent was triggered by damaged ITEM Deepslate Bricks, damager TNT Primed TNT and cancelled false.
[May 03, 2026 22:31:31.157PM UTC]  EntityDamageByEntityEvent was triggered by damaged ITEM Cobbled Deepslate, damager TNT Primed TNT and cancelled false.
[May 03, 2026 22:31:31.157PM UTC]  EntityDamageByEntityEvent was triggered by damaged ITEM Cobbled Deepslate, damager TNT Primed TNT and cancelled false.
[May 03, 2026 22:31:31.157PM UTC]  EntityDamageByEntityEvent was triggered by damaged ITEM Cobbled Deepslate, damager TNT Primed TNT and cancelled false.
[May 03, 2026 22:31:31.157PM UTC]  EntityDamageByEntityEvent was triggered by damaged ITEM Cobbled Deepslate, damager TNT Primed TNT and cancelled false.
[May 03, 2026 22:31:31.355PM UTC]  EntityDamageByEntityEvent was triggered by damaged ITEM Cobbled Deepslate, damager TNT Primed TNT and cancelled false.
[May 03, 2026 22:31:31.356PM UTC]  EntityDamageByEntityEvent was triggered by damaged ITEM Deepslate Bricks, damager TNT Primed TNT and cancelled false.
[May 03, 2026 22:31:31.356PM UTC]  EntityDamageByEntityEvent was triggered by damaged ITEM Deepslate Tiles, damager TNT Primed TNT and cancelled false.
[May 03, 2026 22:31:31.356PM UTC]  EntityDamageByEntityEvent was triggered by damaged ITEM Tuff, damager TNT Primed TNT and cancelled false.
[May 03, 2026 22:31:31.356PM UTC]  EntityDamageByEntityEvent was triggered by damaged ITEM Cobbled Deepslate, damager TNT Primed TNT and cancelled false.
[May 03, 2026 22:31:31.356PM UTC]  EntityDamageByEntityEvent was triggered by damaged ITEM Iron Chain, damager TNT Primed TNT and cancelled false.
[May 03, 2026 22:31:31.356PM UTC]  EntityDamageByEntityEvent was triggered by damaged ITEM Cobbled Deepslate, damager TNT Primed TNT and cancelled false.
[May 03, 2026 22:31:31.406PM UTC]  EntityDamageByEntityEvent was triggered by damaged ITEM Leather, damager TNT Primed TNT and cancelled false.
[May 03, 2026 22:31:31.406PM UTC]  EntityDamageByEntityEvent was triggered by damaged ITEM Beetroot Seeds, damager TNT Primed TNT and cancelled false.
[May 03, 2026 22:31:31.406PM UTC]  EntityDamageByEntityEvent was triggered by damaged ITEM Rail, damager TNT Primed TNT and cancelled false.
[May 03, 2026 22:31:31.406PM UTC]  EntityDamageByEntityEvent was triggered by damaged ITEM Gunpowder, damager TNT Primed TNT and cancelled false.
[May 03, 2026 22:31:31.406PM UTC]  EntityDamageByEntityEvent was triggered by damaged ITEM Deepslate Bricks, damager TNT Primed TNT and cancelled false.
[May 03, 2026 22:31:31.407PM UTC]  EntityDamageByEntityEvent was triggered by damaged ITEM Cobbled Deepslate, damager TNT Primed TNT and cancelled false.
[May 03, 2026 22:31:31.407PM UTC]  EntityDamageByEntityEvent was triggered by damaged ITEM Cobbled Deepslate, damager TNT Primed TNT and cancelled false.
[May 03, 2026 22:31:31.407PM UTC]  EntityDamageByEntityEvent was triggered by damaged ITEM Chest, damager TNT Primed TNT and cancelled false.
[May 03, 2026 22:31:31.407PM UTC]  EntityDamageByEntityEvent was triggered by damaged ITEM Cobbled Deepslate, damager TNT Primed TNT and cancelled false.
[May 03, 2026 22:31:31.407PM UTC]  EntityDamageByEntityEvent was triggered by damaged ITEM Oak Door, damager TNT Primed TNT and cancelled false.
[May 03, 2026 22:31:31.407PM UTC]  EntityDamageByEntityEvent was triggered by damaged ITEM Deepslate Tile Stairs, damager TNT Primed TNT and cancelled false.
[May 03, 2026 22:31:31.407PM UTC]  EntityDamageByEntityEvent was triggered by damaged ITEM Deepslate Bricks, damager TNT Primed TNT and cancelled false.
[May 03, 2026 22:31:31.408PM UTC]  EntityDamageByEntityEvent was triggered by damaged ITEM Deepslate Bricks, damager TNT Primed TNT and cancelled false.
[May 03, 2026 22:31:31.408PM UTC]  EntityDamageByEntityEvent was triggered by damaged ITEM Deepslate, damager TNT Primed TNT and cancelled false.
[May 03, 2026 22:31:31.408PM UTC]  EntityDamageByEntityEvent was triggered by damaged ITEM Cobbled Deepslate, damager TNT Primed TNT and cancelled false.
[May 03, 2026 22:31:31.408PM UTC]  EntityDamageByEntityEvent was triggered by damaged ITEM Deepslate Tiles, damager TNT Primed TNT and cancelled false.
[May 03, 2026 22:31:31.408PM UTC]  EntityDamageByEntityEvent was triggered by damaged ITEM Cobbled Deepslate, damager TNT Primed TNT and cancelled false.
[May 03, 2026 22:31:31.408PM UTC]  EntityDamageByEntityEvent was triggered by damaged ITEM Deepslate Bricks, damager TNT Primed TNT and cancelled false.
[May 03, 2026 22:31:31.408PM UTC]  EntityDamageByEntityEvent was triggered by damaged ITEM Cobbled Deepslate, damager TNT Primed TNT and cancelled false.
[May 03, 2026 22:31:31.505PM UTC]  EntityDamageByEntityEvent was triggered by damaged ITEM Lapis Lazuli, damager TNT Primed TNT and cancelled false.
[May 03, 2026 22:31:31.505PM UTC]  EntityDamageByEntityEvent was triggered by damaged ITEM Tuff, damager TNT Primed TNT and cancelled false.
[May 03, 2026 22:31:31.505PM UTC]  EntityDamageByEntityEvent was triggered by damaged ITEM Redstone Dust, damager TNT Primed TNT and cancelled false.
[May 03, 2026 22:31:31.505PM UTC]  EntityDamageByEntityEvent was triggered by damaged ITEM Deepslate Bricks, damager TNT Primed TNT and cancelled false.
[May 03, 2026 22:31:31.506PM UTC]  EntityDamageByEntityEvent was triggered by damaged ITEM Cobbled Deepslate, damager TNT Primed TNT and cancelled false.
[May 03, 2026 22:31:31.506PM UTC]  EntityDamageByEntityEvent was triggered by damaged ITEM Redstone Dust, damager TNT Primed TNT and cancelled false.
[May 03, 2026 22:31:31.508PM UTC]  EntityDamageByEntityEvent was triggered by damaged ITEM Tuff, damager TNT Primed TNT and cancelled false.
[May 03, 2026 22:31:31.508PM UTC]  EntityDamageByEntityEvent was triggered by damaged ITEM Cobbled Deepslate, damager TNT Primed TNT and cancelled false.
[May 03, 2026 22:31:31.508PM UTC]  EntityDamageByEntityEvent was triggered by damaged ITEM Cobbled Deepslate, damager TNT Primed TNT and cancelled false.
[May 03, 2026 22:31:31.508PM UTC]  EntityDamageByEntityEvent was triggered by damaged ITEM Raw Gold, damager TNT Primed TNT and cancelled false.
[May 03, 2026 22:31:31.508PM UTC]  EntityDamageByEntityEvent was triggered by damaged ITEM Cobbled Deepslate, damager TNT Primed TNT and cancelled false.
[May 03, 2026 22:31:31.508PM UTC]  EntityDamageByEntityEvent was triggered by damaged ITEM Redstone Dust, damager TNT Primed TNT and cancelled false.
[May 03, 2026 22:31:31.508PM UTC]  EntityDamageByEntityEvent was triggered by damaged ITEM Cobbled Deepslate, damager TNT Primed TNT and cancelled false.
[May 03, 2026 22:31:31.509PM UTC]  EntityDamageByEntityEvent was triggered by damaged ITEM Diamond, damager TNT Primed TNT and cancelled false.
[May 03, 2026 22:31:31.509PM UTC]  EntityDamageByEntityEvent was triggered by damaged ITEM Tuff, damager TNT Primed TNT and cancelled false.
[May 03, 2026 22:31:31.556PM UTC]  EntityDamageByEntityEvent was triggered by damaged ITEM Deepslate Bricks, damager TNT Primed TNT and cancelled false.
[May 03, 2026 22:31:31.556PM UTC]  EntityDamageByEntityEvent was triggered by damaged ITEM Cobbled Deepslate, damager TNT Primed TNT and cancelled false.
[May 03, 2026 22:31:31.556PM UTC]  EntityDamageByEntityEvent was triggered by damaged ITEM Crafting Table, damager TNT Primed TNT and cancelled false.
[May 03, 2026 22:31:31.556PM UTC]  EntityDamageByEntityEvent was triggered by damaged ITEM Deepslate Bricks, damager TNT Primed TNT and cancelled false.
[May 03, 2026 22:31:31.556PM UTC]  EntityDamageByEntityEvent was triggered by damaged ITEM Cobbled Deepslate, damager TNT Primed TNT and cancelled false.
[May 03, 2026 22:31:31.556PM UTC]  EntityDamageByEntityEvent was triggered by damaged ITEM Cobbled Deepslate, damager TNT Primed TNT and cancelled false.
[May 03, 2026 22:31:31.557PM UTC]  EntityDamageByEntityEvent was triggered by damaged ITEM Deepslate Bricks, damager TNT Primed TNT and cancelled false.
[May 03, 2026 22:31:31.558PM UTC]  EntityDamageByEntityEvent was triggered by damaged ITEM Cobbled Deepslate, damager TNT Primed TNT and cancelled false.
[May 03, 2026 22:31:31.558PM UTC]  EntityDamageByEntityEvent was triggered by damaged ITEM Cobbled Deepslate, damager TNT Primed TNT and cancelled false.
[May 03, 2026 22:31:31.558PM UTC]  EntityDamageByEntityEvent was triggered by damaged ITEM Cobbled Deepslate, damager TNT Primed TNT and cancelled false.
[May 03, 2026 22:31:31.558PM UTC]  EntityDamageByEntityEvent was triggered by damaged ITEM Cobbled Deepslate, damager TNT Primed TNT and cancelled false.
[May 03, 2026 22:31:31.558PM UTC]  EntityDamageByEntityEvent was triggered by damaged ITEM Redstone Dust, damager TNT Primed TNT and cancelled false.
[May 03, 2026 22:31:31.558PM UTC]  EntityDamageByEntityEvent was triggered by damaged ITEM Deepslate Tiles, damager TNT Primed TNT and cancelled false.
[May 03, 2026 22:31:31.559PM UTC]  EntityDamageByEntityEvent was triggered by damaged ITEM Cobbled Deepslate, damager TNT Primed TNT and cancelled false.
[May 03, 2026 22:31:31.560PM UTC]  EntityDamageByEntityEvent was triggered by damaged ITEM Tuff, damager TNT Primed TNT and cancelled false.
[May 03, 2026 22:31:31.560PM UTC]  EntityDamageByEntityEvent was triggered by damaged ITEM Cobbled Deepslate, damager TNT Primed TNT and cancelled false.
[May 03, 2026 22:31:31.560PM UTC]  EntityDamageByEntityEvent was triggered by damaged ITEM Diamond, damager TNT Primed TNT and cancelled false.
[May 03, 2026 22:31:31.560PM UTC]  EntityDamageByEntityEvent was triggered by damaged ITEM Tuff, damager TNT Primed TNT and cancelled false.
[May 03, 2026 22:31:31.561PM UTC]  EntityDamageByEntityEvent was triggered by damaged ITEM Redstone Dust, damager TNT Primed TNT and cancelled false.
[May 03, 2026 22:31:31.562PM UTC]  EntityDamageByEntityEvent was triggered by damaged ITEM Cobbled Deepslate, damager TNT Primed TNT and cancelled false.
[May 03, 2026 22:31:31.562PM UTC]  EntityDamageByEntityEvent was triggered by damaged ITEM Deepslate Tiles, damager TNT Primed TNT and cancelled false.
[May 03, 2026 22:31:31.562PM UTC]  EntityDamageByEntityEvent was triggered by damaged ITEM Deepslate Bricks, damager TNT Primed TNT and cancelled false.
[May 03, 2026 22:31:31.562PM UTC]  EntityDamageByEntityEvent was triggered by damaged ITEM Cobbled Deepslate, damager TNT Primed TNT and cancelled false.
[May 03, 2026 22:31:31.563PM UTC]  EntityDamageByEntityEvent was triggered by damaged ITEM Cobbled Deepslate, damager TNT Primed TNT and cancelled false.
[May 03, 2026 22:31:31.563PM UTC]  EntityDamageByEntityEvent was triggered by damaged ITEM Cobbled Deepslate, damager TNT Primed TNT and cancelled false.
[May 03, 2026 22:31:31.563PM UTC]  EntityDamageByEntityEvent was triggered by damaged ITEM Raw Gold, damager TNT Primed TNT and cancelled false.
[May 03, 2026 22:31:31.563PM UTC]  EntityDamageByEntityEvent was triggered by damaged ITEM Deepslate Bricks, damager TNT Primed TNT and cancelled false.
[May 03, 2026 22:31:31.605PM UTC]  EntityDamageByEntityEvent was triggered by damaged ITEM Cobbled Deepslate, damager TNT Primed TNT and cancelled false.
[May 03, 2026 22:31:31.605PM UTC]  EntityDamageByEntityEvent was triggered by damaged ITEM Tuff, damager TNT Primed TNT and cancelled false.
[May 03, 2026 22:31:31.605PM UTC]  EntityDamageByEntityEvent was triggered by damaged ITEM Deepslate Bricks, damager TNT Primed TNT and cancelled false.
[May 03, 2026 22:31:31.606PM UTC]  EntityDamageByEntityEvent was triggered by damaged ITEM Deepslate Brick Slab, damager TNT Primed TNT and cancelled false.
[May 03, 2026 22:31:31.606PM UTC]  EntityDamageByEntityEvent was triggered by damaged ITEM Cobbled Deepslate, damager TNT Primed TNT and cancelled false.
[May 03, 2026 22:31:31.606PM UTC]  EntityDamageByEntityEvent was triggered by damaged ITEM Cobbled Deepslate, damager TNT Primed TNT and cancelled false.
[May 03, 2026 22:31:31.606PM UTC]  EntityDamageByEntityEvent was triggered by damaged ITEM Cobbled Deepslate, damager TNT Primed TNT and cancelled false.
[May 03, 2026 22:31:31.606PM UTC]  EntityDamageByEntityEvent was triggered by damaged ITEM Cobbled Deepslate, damager TNT Primed TNT and cancelled false.
[May 03, 2026 22:31:31.607PM UTC]  EntityDamageByEntityEvent was triggered by damaged ITEM Cobbled Deepslate, damager TNT Primed TNT and cancelled false.
[May 03, 2026 22:31:31.608PM UTC]  EntityDamageByEntityEvent was triggered by damaged ITEM Tuff, damager TNT Primed TNT and cancelled false.
[May 03, 2026 22:31:31.608PM UTC]  EntityDamageByEntityEvent was triggered by damaged ITEM Cobbled Deepslate, damager TNT Primed TNT and cancelled false.
[May 03, 2026 22:31:31.706PM UTC]  EntityDamageByEntityEvent was triggered by damaged ITEM Tuff, damager TNT Primed TNT and cancelled false.
[May 03, 2026 22:31:31.706PM UTC]  EntityDamageByEntityEvent was triggered by damaged ITEM Cobbled Deepslate, damager TNT Primed TNT and cancelled false.
[May 03, 2026 22:31:31.706PM UTC]  EntityDamageByEntityEvent was triggered by damaged ITEM Cobbled Deepslate, damager TNT Primed TNT and cancelled false.
[May 03, 2026 22:31:31.706PM UTC]  EntityDamageByEntityEvent was triggered by damaged ITEM Lantern, damager TNT Primed TNT and cancelled false.
[May 03, 2026 22:31:31.707PM UTC]  EntityDamageByEntityEvent was triggered by damaged ITEM Cobbled Deepslate, damager TNT Primed TNT and cancelled false.
[May 03, 2026 22:31:31.707PM UTC]  EntityDamageByEntityEvent was triggered by damaged ITEM Cobbled Deepslate, damager TNT Primed TNT and cancelled false.
[May 03, 2026 22:31:31.707PM UTC]  EntityDamageByEntityEvent was triggered by damaged ITEM Cobbled Deepslate, damager TNT Primed TNT and cancelled false.
[May 03, 2026 22:31:31.707PM UTC]  EntityDamageByEntityEvent was triggered by damaged ITEM Deepslate Tiles, damager TNT Primed TNT and cancelled false.
[May 03, 2026 22:31:31.707PM UTC]  EntityDamageByEntityEvent was triggered by damaged ITEM Deepslate Bricks, damager TNT Primed TNT and cancelled false.
[May 03, 2026 22:31:31.707PM UTC]  EntityDamageByEntityEvent was triggered by damaged ITEM Cobbled Deepslate, damager TNT Primed TNT and cancelled false.
[May 03, 2026 22:31:31.806PM UTC]  EntityDamageByEntityEvent was triggered by damaged ITEM Deepslate Brick Slab, damager TNT Primed TNT and cancelled false.
[May 03, 2026 22:31:31.806PM UTC]  EntityDamageByEntityEvent was triggered by damaged ITEM Cobbled Deepslate, damager TNT Primed TNT and cancelled false.
[May 03, 2026 22:31:31.806PM UTC]  EntityDamageByEntityEvent was triggered by damaged ITEM Deepslate Bricks, damager TNT Primed TNT and cancelled false.
[May 03, 2026 22:31:31.806PM UTC]  EntityDamageByEntityEvent was triggered by damaged ITEM Tuff, damager TNT Primed TNT and cancelled false.
[May 03, 2026 22:31:31.806PM UTC]  EntityDamageByEntityEvent was triggered by damaged ITEM Cobbled Deepslate, damager TNT Primed TNT and cancelled false.
[May 03, 2026 22:31:31.806PM UTC]  EntityDamageByEntityEvent was triggered by damaged ITEM Cobbled Deepslate, damager TNT Primed TNT and cancelled false.
[May 03, 2026 22:31:31.806PM UTC]  EntityDamageByEntityEvent was triggered by damaged ITEM Cobbled Deepslate, damager TNT Primed TNT and cancelled false.
[May 03, 2026 22:31:31.808PM UTC]  EntityDamageByEntityEvent was triggered by damaged ITEM Cobbled Deepslate, damager TNT Primed TNT and cancelled false.
[May 03, 2026 22:31:31.808PM UTC]  EntityDamageByEntityEvent was triggered by damaged ITEM Cobbled Deepslate, damager TNT Primed TNT and cancelled false.
[May 03, 2026 22:31:31.808PM UTC]  EntityDamageByEntityEvent was triggered by damaged ITEM Tuff, damager TNT Primed TNT and cancelled false.
[May 03, 2026 22:31:31.808PM UTC]  EntityDamageByEntityEvent was triggered by damaged ITEM Cobbled Deepslate, damager TNT Primed TNT and cancelled false.
[May 03, 2026 22:31:31.808PM UTC]  EntityDamageByEntityEvent was triggered by damaged ITEM Lapis Lazuli, damager TNT Primed TNT and cancelled false.
[May 03, 2026 22:31:31.809PM UTC]  EntityDamageByEntityEvent was triggered by damaged ITEM Cobbled Deepslate, damager TNT Primed TNT and cancelled false.
[May 03, 2026 22:31:31.809PM UTC]  EntityDamageByEntityEvent was triggered by damaged ITEM Deepslate Tiles, damager TNT Primed TNT and cancelled false.
[May 03, 2026 22:31:31.809PM UTC]  EntityDamageByEntityEvent was triggered by damaged ITEM Deepslate Tiles, damager TNT Primed TNT and cancelled false.
[May 03, 2026 22:31:31.809PM UTC]  EntityDamageByEntityEvent was triggered by damaged ITEM Cobbled Deepslate, damager TNT Primed TNT and cancelled false.
[May 03, 2026 22:31:31.905PM UTC]  EntityDamageByEntityEvent was triggered by damaged ITEM Cobbled Deepslate, damager TNT Primed TNT and cancelled false.
[May 03, 2026 22:31:31.905PM UTC]  EntityDamageByEntityEvent was triggered by damaged ITEM Lantern, damager TNT Primed TNT and cancelled false.
[May 03, 2026 22:31:31.906PM UTC]  EntityDamageByEntityEvent was triggered by damaged ITEM Cobbled Deepslate, damager TNT Primed TNT and cancelled false.
[May 03, 2026 22:31:31.906PM UTC]  EntityDamageByEntityEvent was triggered by damaged ITEM Cobbled Deepslate, damager TNT Primed TNT and cancelled false.
[May 03, 2026 22:31:31.906PM UTC]  EntityDamageByEntityEvent was triggered by damaged ITEM Cobbled Deepslate, damager TNT Primed TNT and cancelled false.
[May 03, 2026 22:31:31.906PM UTC]  EntityDamageByEntityEvent was triggered by damaged ITEM Cobbled Deepslate, damager TNT Primed TNT and cancelled false.
[May 03, 2026 22:31:31.906PM UTC]  EntityDamageByEntityEvent was triggered by damaged ITEM Deepslate Tiles, damager TNT Primed TNT and cancelled false.
[May 03, 2026 22:31:31.906PM UTC]  EntityDamageByEntityEvent was triggered by damaged ITEM Cobbled Deepslate, damager TNT Primed TNT and cancelled false.
[May 03, 2026 22:31:32.055PM UTC]  EntityDamageByEntityEvent was triggered by damaged ITEM Deepslate Bricks, damager TNT Primed TNT and cancelled false.
[May 03, 2026 22:31:32.055PM UTC]  EntityDamageByEntityEvent was triggered by damaged ITEM Deepslate Bricks, damager TNT Primed TNT and cancelled false.
[May 03, 2026 22:31:32.055PM UTC]  EntityDamageByEntityEvent was triggered by damaged ITEM Cobbled Deepslate, damager TNT Primed TNT and cancelled false.
[May 03, 2026 22:31:32.056PM UTC]  EntityDamageByEntityEvent was triggered by damaged ITEM Tuff, damager TNT Primed TNT and cancelled false.
[May 03, 2026 22:31:32.056PM UTC]  EntityDamageByEntityEvent was triggered by damaged ITEM Crafting Table, damager TNT Primed TNT and cancelled false.
[May 03, 2026 22:31:32.056PM UTC]  EntityDamageByEntityEvent was triggered by damaged ITEM Cobbled Deepslate, damager TNT Primed TNT and cancelled false.
[May 03, 2026 22:31:32.056PM UTC]  EntityDamageByEntityEvent was triggered by damaged ITEM Cobbled Deepslate, damager TNT Primed TNT and cancelled false.
[May 03, 2026 22:31:32.155PM UTC]  EntityDamageByEntityEvent was triggered by damaged ITEM Cobbled Deepslate, damager TNT Primed TNT and cancelled false.
[May 03, 2026 22:31:32.155PM UTC]  EntityDamageByEntityEvent was triggered by damaged ITEM Cobbled Deepslate, damager TNT Primed TNT and cancelled false.
[May 03, 2026 22:31:32.155PM UTC]  EntityDamageByEntityEvent was triggered by damaged ITEM Deepslate Tiles, damager TNT Primed TNT and cancelled false.
[May 03, 2026 22:31:32.156PM UTC]  EntityDamageByEntityEvent was triggered by damaged ITEM Cobbled Deepslate, damager TNT Primed TNT and cancelled false.
[May 03, 2026 22:31:32.205PM UTC]  EntityDamageByEntityEvent was triggered by damaged ITEM Cobbled Deepslate, damager TNT Primed TNT and cancelled false.
[May 03, 2026 22:31:32.205PM UTC]  EntityDamageByEntityEvent was triggered by damaged ITEM Cobbled Deepslate, damager TNT Primed TNT and cancelled false.
[May 03, 2026 22:31:32.205PM UTC]  EntityDamageByEntityEvent was triggered by damaged ITEM Raw Gold, damager TNT Primed TNT and cancelled false.
[May 03, 2026 22:31:32.205PM UTC]  EntityDamageByEntityEvent was triggered by damaged ITEM Cobbled Deepslate, damager TNT Primed TNT and cancelled false.
[May 03, 2026 22:31:32.205PM UTC]  EntityDamageByEntityEvent was triggered by damaged ITEM Tuff, damager TNT Primed TNT and cancelled false.
[May 03, 2026 22:31:32.205PM UTC]  EntityDamageByEntityEvent was triggered by damaged ITEM Cobbled Deepslate, damager TNT Primed TNT and cancelled false.
[May 03, 2026 22:31:32.206PM UTC]  EntityDamageByEntityEvent was triggered by damaged ITEM Cobbled Deepslate, damager TNT Primed TNT and cancelled false.
[May 03, 2026 22:31:32.206PM UTC]  EntityDamageByEntityEvent was triggered by damaged ITEM Cobbled Deepslate, damager TNT Primed TNT and cancelled false.
[May 03, 2026 22:31:32.355PM UTC]  EntityDamageByEntityEvent was triggered by damaged ITEM Cobbled Deepslate, damager TNT Primed TNT and cancelled false.
[May 03, 2026 22:31:32.355PM UTC]  EntityDamageByEntityEvent was triggered by damaged ITEM Raw Gold, damager TNT Primed TNT and cancelled false.
[May 03, 2026 22:31:32.355PM UTC]  EntityDamageByEntityEvent was triggered by damaged ITEM Cobbled Deepslate, damager TNT Primed TNT and cancelled false.
[May 03, 2026 22:31:32.355PM UTC]  EntityDamageByEntityEvent was triggered by damaged ITEM Cobbled Deepslate, damager TNT Primed TNT and cancelled false.
[May 03, 2026 22:31:32.355PM UTC]  EntityDamageByEntityEvent was triggered by damaged ITEM Cobbled Deepslate, damager TNT Primed TNT and cancelled false.
[May 03, 2026 22:31:32.356PM UTC]  EntityDamageByEntityEvent was triggered by damaged ITEM Cobbled Deepslate, damager TNT Primed TNT and cancelled false.
[May 03, 2026 22:31:32.356PM UTC]  EntityDamageByEntityEvent was triggered by damaged ITEM Cobbled Deepslate, damager TNT Primed TNT and cancelled false.
[May 03, 2026 22:31:32.656PM UTC]  EntityDamageByEntityEvent was triggered by damaged ITEM Tuff, damager TNT Primed TNT and cancelled false.
[May 03, 2026 22:31:32.656PM UTC]  EntityDamageByEntityEvent was triggered by damaged ITEM Tuff, damager TNT Primed TNT and cancelled false.
[May 03, 2026 22:31:32.656PM UTC]  EntityDamageByEntityEvent was triggered by damaged ITEM Cobbled Deepslate, damager TNT Primed TNT and cancelled false.
[May 03, 2026 22:31:32.657PM UTC]  EntityDamageByEntityEvent was triggered by damaged ITEM Tuff, damager TNT Primed TNT and cancelled false.
[May 03, 2026 22:31:32.657PM UTC]  EntityDamageByEntityEvent was triggered by damaged ITEM Cobbled Deepslate, damager TNT Primed TNT and cancelled false.
[May 03, 2026 22:31:32.657PM UTC]  EntityDamageByEntityEvent was triggered by damaged ITEM Cobbled Deepslate, damager TNT Primed TNT and cancelled false.
[May 03, 2026 22:31:32.657PM UTC]  EntityDamageByEntityEvent was triggered by damaged ITEM Deepslate Bricks, damager TNT Primed TNT and cancelled false.
[May 03, 2026 22:31:32.657PM UTC]  EntityDamageByEntityEvent was triggered by damaged ITEM Cobbled Deepslate, damager TNT Primed TNT and cancelled false.
[May 03, 2026 22:31:32.657PM UTC]  EntityDamageByEntityEvent was triggered by damaged ITEM Cobbled Deepslate, damager TNT Primed TNT and cancelled false.
[May 03, 2026 22:31:32.657PM UTC]  EntityDamageByEntityEvent was triggered by damaged ITEM Cobbled Deepslate, damager TNT Primed TNT and cancelled false.
[May 03, 2026 22:31:32.657PM UTC]  EntityDamageByEntityEvent was triggered by damaged ITEM Lapis Lazuli, damager TNT Primed TNT and cancelled false.
[May 03, 2026 22:31:32.863PM UTC]  EntityDamageByEntityEvent was triggered by damaged ITEM Cobbled Deepslate, damager TNT Primed TNT and cancelled false.
[May 03, 2026 22:31:32.863PM UTC]  EntityDamageByEntityEvent was triggered by damaged ITEM Cobbled Deepslate, damager TNT Primed TNT and cancelled false.
[May 03, 2026 22:31:32.863PM UTC]  EntityDamageByEntityEvent was triggered by damaged ITEM Cobbled Deepslate, damager TNT Primed TNT and cancelled false.
[May 03, 2026 22:31:32.863PM UTC]  EntityDamageByEntityEvent was triggered by damaged ITEM Cobbled Deepslate, damager TNT Primed TNT and cancelled false.
[May 03, 2026 22:31:32.863PM UTC]  EntityDamageByEntityEvent was triggered by damaged ITEM Cobbled Deepslate, damager TNT Primed TNT and cancelled false.
[May 03, 2026 22:31:32.863PM UTC]  EntityDamageByEntityEvent was triggered by damaged ITEM Cobbled Deepslate, damager TNT Primed TNT and cancelled false.
[May 03, 2026 22:31:32.864PM UTC]  EntityDamageByEntityEvent was triggered by damaged ITEM Raw Gold, damager TNT Primed TNT and cancelled false.
[May 03, 2026 22:31:32.864PM UTC]  EntityDamageByEntityEvent was triggered by damaged ITEM Cobbled Deepslate, damager TNT Primed TNT and cancelled false.
[May 03, 2026 22:31:32.864PM UTC]  EntityDamageByEntityEvent was triggered by damaged ITEM Cobbled Deepslate, damager TNT Primed TNT and cancelled false.
[May 03, 2026 22:31:32.864PM UTC]  EntityDamageByEntityEvent was triggered by damaged ITEM Cobbled Deepslate, damager TNT Primed TNT and cancelled false.
[May 03, 2026 22:31:32.905PM UTC]  EntityDamageByEntityEvent was triggered by damaged ITEM Cobbled Deepslate, damager TNT Primed TNT and cancelled false.
[May 03, 2026 22:31:32.905PM UTC]  EntityDamageByEntityEvent was triggered by damaged ITEM Cobbled Deepslate, damager TNT Primed TNT and cancelled false.
[May 03, 2026 22:31:32.905PM UTC]  EntityDamageByEntityEvent was triggered by damaged ITEM Cobbled Deepslate, damager TNT Primed TNT and cancelled false.
[May 03, 2026 22:31:32.906PM UTC]  EntityDamageByEntityEvent was triggered by damaged ITEM Cobbled Deepslate, damager TNT Primed TNT and cancelled false.
[May 03, 2026 22:31:32.906PM UTC]  EntityDamageByEntityEvent was triggered by damaged ITEM Cobbled Deepslate, damager TNT Primed TNT and cancelled false.
[May 03, 2026 22:31:32.906PM UTC]  EntityDamageByEntityEvent was triggered by damaged ITEM Raw Gold, damager TNT Primed TNT and cancelled false.
[May 03, 2026 22:31:32.955PM UTC]  EntityDamageByEntityEvent was triggered by damaged ITEM Cobbled Deepslate, damager TNT Primed TNT and cancelled false.
[May 03, 2026 22:31:34.805PM UTC]  EntityDamageByEntityEvent was triggered by damaged ITEM Deepslate Bricks, damager TNT Primed TNT and cancelled false.
[May 03, 2026 22:31:34.805PM UTC]  EntityDamageByEntityEvent was triggered by damaged ITEM Cobbled Deepslate, damager TNT Primed TNT and cancelled false.
[May 03, 2026 22:31:34.805PM UTC]  EntityDamageByEntityEvent was triggered by damaged ITEM Cobbled Deepslate, damager TNT Primed TNT and cancelled false.
[May 03, 2026 22:31:34.805PM UTC]  EntityDamageByEntityEvent was triggered by damaged ITEM Tuff, damager TNT Primed TNT and cancelled false.
[May 03, 2026 22:31:34.805PM UTC]  EntityDamageByEntityEvent was triggered by damaged ITEM Crafting Table, damager TNT Primed TNT and cancelled false.
[May 03, 2026 22:31:34.806PM UTC]  EntityDamageByEntityEvent was triggered by damaged ITEM Deepslate Tiles, damager TNT Primed TNT and cancelled false.
[May 03, 2026 22:31:34.806PM UTC]  EntityDamageByEntityEvent was triggered by damaged ITEM Cobbled Deepslate, damager TNT Primed TNT and cancelled false.
[May 03, 2026 22:31:34.806PM UTC]  EntityDamageByEntityEvent was triggered by damaged ITEM Cobbled Deepslate, damager TNT Primed TNT and cancelled false.
[May 03, 2026 22:31:40.906PM UTC]  EntityDamageByEntityEvent was triggered by damaged ITEM Deepslate Bricks, damager TNT Primed TNT and cancelled false.
[May 03, 2026 22:31:40.906PM UTC]  EntityDamageByEntityEvent was triggered by damaged ITEM Deepslate Bricks, damager TNT Primed TNT and cancelled false.
[May 03, 2026 22:31:40.906PM UTC]  EntityDamageByEntityEvent was triggered by damaged ITEM Crafting Table, damager TNT Primed TNT and cancelled false.
[May 03, 2026 22:31:40.906PM UTC]  EntityDamageByEntityEvent was triggered by damaged ITEM Cobbled Deepslate, damager TNT Primed TNT and cancelled false.
[May 03, 2026 22:31:40.906PM UTC]  EntityDamageByEntityEvent was triggered by damaged ITEM Cobbled Deepslate, damager TNT Primed TNT and cancelled false.
[May 03, 2026 22:31:40.906PM UTC]  EntityDamageByEntityEvent was triggered by damaged ITEM Cobbled Deepslate, damager TNT Primed TNT and cancelled false.
[May 03, 2026 22:31:40.906PM UTC]  EntityDamageByEntityEvent was triggered by damaged ITEM Deepslate Bricks, damager TNT Primed TNT and cancelled false.
[May 03, 2026 22:31:40.907PM UTC]  EntityDamageByEntityEvent was triggered by damaged ITEM Deepslate Tiles, damager TNT Primed TNT and cancelled false.
[May 03, 2026 22:31:40.907PM UTC]  EntityDamageByEntityEvent was triggered by damaged ITEM Tuff Bricks, damager TNT Primed TNT and cancelled false.
[May 03, 2026 22:31:40.907PM UTC]  EntityDamageByEntityEvent was triggered by damaged ITEM Cobbled Deepslate, damager TNT Primed TNT and cancelled false.
[May 03, 2026 22:31:40.907PM UTC]  EntityDamageByEntityEvent was triggered by damaged ITEM Deepslate Bricks, damager TNT Primed TNT and cancelled false.
[May 03, 2026 22:31:40.907PM UTC]  EntityDamageByEntityEvent was triggered by damaged ITEM Tuff Bricks, damager TNT Primed TNT and cancelled false.
[May 03, 2026 22:31:41.556PM UTC]  EntityDamageByEntityEvent was triggered by damaged ITEM Cobbled Deepslate, damager TNT Primed TNT and cancelled false.
[May 03, 2026 22:31:41.556PM UTC]  EntityDamageByEntityEvent was triggered by damaged ITEM Cobbled Deepslate, damager TNT Primed TNT and cancelled false.
[May 03, 2026 22:31:41.556PM UTC]  EntityDamageByEntityEvent was triggered by damaged ITEM Cobbled Deepslate, damager TNT Primed TNT and cancelled false.
[May 03, 2026 22:31:41.556PM UTC]  EntityDamageByEntityEvent was triggered by damaged ITEM Deepslate Bricks, damager TNT Primed TNT and cancelled false.
[May 03, 2026 22:31:41.556PM UTC]  EntityDamageByEntityEvent was triggered by damaged ITEM Tuff Bricks, damager TNT Primed TNT and cancelled false.
[May 03, 2026 22:31:41.557PM UTC]  EntityDamageByEntityEvent was triggered by damaged ITEM Chest, damager TNT Primed TNT and cancelled false.
[May 03, 2026 22:31:41.557PM UTC]  EntityDamageByEntityEvent was triggered by damaged ITEM Deepslate Tiles, damager TNT Primed TNT and cancelled false.
[May 03, 2026 22:31:41.557PM UTC]  EntityDamageByEntityEvent was triggered by damaged ITEM Cobbled Deepslate, damager TNT Primed TNT and cancelled false.
[May 03, 2026 22:31:41.557PM UTC]  EntityDamageByEntityEvent was triggered by damaged ITEM Deepslate Bricks, damager TNT Primed TNT and cancelled false.
[May 03, 2026 22:31:41.557PM UTC]  EntityDamageByEntityEvent was triggered by damaged ITEM Tuff Bricks, damager TNT Primed TNT and cancelled false.
[May 03, 2026 22:31:41.557PM UTC]  EntityDamageByEntityEvent was triggered by damaged ITEM Tuff Bricks, damager TNT Primed TNT and cancelled false.
[May 03, 2026 22:31:41.557PM UTC]  EntityDamageByEntityEvent was triggered by damaged ITEM Lantern, damager TNT Primed TNT and cancelled false.
[May 03, 2026 22:31:41.557PM UTC]  EntityDamageByEntityEvent was triggered by damaged ITEM Deepslate Tile Stairs, damager TNT Primed TNT and cancelled false.
[May 03, 2026 22:31:41.605PM UTC]  EntityDamageByEntityEvent was triggered by damaged ITEM Deepslate Bricks, damager TNT Primed TNT and cancelled false.
[May 03, 2026 22:31:41.605PM UTC]  EntityDamageByEntityEvent was triggered by damaged ITEM Cobbled Deepslate, damager TNT Primed TNT and cancelled false.
[May 03, 2026 22:31:41.605PM UTC]  EntityDamageByEntityEvent was triggered by damaged ITEM Cobbled Deepslate, damager TNT Primed TNT and cancelled false.
[May 03, 2026 22:31:41.605PM UTC]  EntityDamageByEntityEvent was triggered by damaged ITEM Deepslate Bricks, damager TNT Primed TNT and cancelled false.
[May 03, 2026 22:31:41.605PM UTC]  EntityDamageByEntityEvent was triggered by damaged ITEM Chest, damager TNT Primed TNT and cancelled false.
[May 03, 2026 22:31:41.606PM UTC]  EntityDamageByEntityEvent was triggered by damaged ITEM Deepslate Tiles, damager TNT Primed TNT and cancelled false.
[May 03, 2026 22:31:41.606PM UTC]  EntityDamageByEntityEvent was triggered by damaged ITEM Deepslate Bricks, damager TNT Primed TNT and cancelled false.
[May 03, 2026 22:31:41.606PM UTC]  EntityDamageByEntityEvent was triggered by damaged ITEM Tuff Bricks, damager TNT Primed TNT and cancelled false.
[May 03, 2026 22:31:41.606PM UTC]  EntityDamageByEntityEvent was triggered by damaged ITEM Cobbled Deepslate, damager TNT Primed TNT and cancelled false.
[May 03, 2026 22:31:41.606PM UTC]  EntityDamageByEntityEvent was triggered by damaged ITEM Deepslate Bricks, damager TNT Primed TNT and cancelled false.
[May 03, 2026 22:31:41.606PM UTC]  EntityDamageByEntityEvent was triggered by damaged ITEM Chest, damager TNT Primed TNT and cancelled false.
[May 03, 2026 22:31:41.607PM UTC]  EntityDamageByEntityEvent was triggered by damaged ITEM Tuff Bricks, damager TNT Primed TNT and cancelled false.
[May 03, 2026 22:31:41.607PM UTC]  EntityDamageByEntityEvent was triggered by damaged ITEM Deepslate Tiles, damager TNT Primed TNT and cancelled false.
[May 03, 2026 22:31:41.607PM UTC]  EntityDamageByEntityEvent was triggered by damaged ITEM Cobbled Deepslate, damager TNT Primed TNT and cancelled false.
[May 03, 2026 22:31:41.607PM UTC]  EntityDamageByEntityEvent was triggered by damaged ITEM Lantern, damager TNT Primed TNT and cancelled false.
[May 03, 2026 22:31:41.607PM UTC]  EntityDamageByEntityEvent was triggered by damaged ITEM Cobbled Deepslate, damager TNT Primed TNT and cancelled false.
[May 03, 2026 22:31:41.607PM UTC]  EntityDamageByEntityEvent was triggered by damaged ITEM Deepslate Bricks, damager TNT Primed TNT and cancelled false.
[May 03, 2026 22:31:41.607PM UTC]  EntityDamageByEntityEvent was triggered by damaged ITEM Tuff Bricks, damager TNT Primed TNT and cancelled false.
[May 03, 2026 22:31:41.608PM UTC]  EntityDamageByEntityEvent was triggered by damaged ITEM Lantern, damager TNT Primed TNT and cancelled false.
[May 03, 2026 22:31:41.608PM UTC]  EntityDamageByEntityEvent was triggered by damaged ITEM Deepslate Tile Stairs, damager TNT Primed TNT and cancelled false.
[May 03, 2026 22:31:41.608PM UTC]  EntityDamageByEntityEvent was triggered by damaged ITEM Deepslate Bricks, damager TNT Primed TNT and cancelled false.
[May 03, 2026 22:31:41.705PM UTC]  EntityDamageByEntityEvent was triggered by damaged ITEM Cobbled Deepslate, damager TNT Primed TNT and cancelled false.
[May 03, 2026 22:31:41.705PM UTC]  EntityDamageByEntityEvent was triggered by damaged ITEM Cobbled Deepslate, damager TNT Primed TNT and cancelled false.
[May 03, 2026 22:31:41.706PM UTC]  EntityDamageByEntityEvent was triggered by damaged ITEM Deepslate Bricks, damager TNT Primed TNT and cancelled false.
[May 03, 2026 22:31:41.706PM UTC]  EntityDamageByEntityEvent was triggered by damaged ITEM Cobbled Deepslate, damager TNT Primed TNT and cancelled false.
[May 03, 2026 22:31:41.706PM UTC]  EntityDamageByEntityEvent was triggered by damaged ITEM Tuff Bricks, damager TNT Primed TNT and cancelled false.
[May 03, 2026 22:31:41.706PM UTC]  EntityDamageByEntityEvent was triggered by damaged ITEM Deepslate Tiles, damager TNT Primed TNT and cancelled false.
[May 03, 2026 22:31:41.706PM UTC]  EntityDamageByEntityEvent was triggered by damaged ITEM Cobbled Deepslate, damager TNT Primed TNT and cancelled false.
[May 03, 2026 22:31:41.706PM UTC]  EntityDamageByEntityEvent was triggered by damaged ITEM Chest, damager TNT Primed TNT and cancelled false.
[May 03, 2026 22:31:41.706PM UTC]  EntityDamageByEntityEvent was triggered by damaged ITEM Cobbled Deepslate, damager TNT Primed TNT and cancelled false.
[May 03, 2026 22:31:41.706PM UTC]  EntityDamageByEntityEvent was triggered by damaged ITEM Tuff Bricks, damager TNT Primed TNT and cancelled false.
[May 03, 2026 22:31:41.905PM UTC]  EntityDamageByEntityEvent was triggered by damaged ITEM Cobbled Deepslate, damager TNT Primed TNT and cancelled false.
[May 03, 2026 22:31:41.905PM UTC]  EntityDamageByEntityEvent was triggered by damaged ITEM Cobbled Deepslate, damager TNT Primed TNT and cancelled false.
[May 03, 2026 22:31:41.906PM UTC]  EntityDamageByEntityEvent was triggered by damaged ITEM Deepslate Bricks, damager TNT Primed TNT and cancelled false.
[May 03, 2026 22:31:41.906PM UTC]  EntityDamageByEntityEvent was triggered by damaged ITEM Tuff Bricks, damager TNT Primed TNT and cancelled false.
[May 03, 2026 22:31:41.906PM UTC]  EntityDamageByEntityEvent was triggered by damaged ITEM Cobbled Deepslate, damager TNT Primed TNT and cancelled false.
[May 03, 2026 22:31:41.906PM UTC]  EntityDamageByEntityEvent was triggered by damaged ITEM Cobbled Deepslate, damager TNT Primed TNT and cancelled false.
[May 03, 2026 22:31:41.906PM UTC]  EntityDamageByEntityEvent was triggered by damaged ITEM Deepslate Tiles, damager TNT Primed TNT and cancelled false.
[May 03, 2026 22:31:41.906PM UTC]  EntityDamageByEntityEvent was triggered by damaged ITEM Tuff Bricks, damager TNT Primed TNT and cancelled false.
[May 03, 2026 22:31:41.906PM UTC]  EntityDamageByEntityEvent was triggered by damaged ITEM Cobbled Deepslate, damager TNT Primed TNT and cancelled false.
[May 03, 2026 22:31:41.908PM UTC]  EntityDamageByEntityEvent was triggered by damaged ITEM Cobbled Deepslate, damager TNT Primed TNT and cancelled false.
[May 03, 2026 22:31:41.908PM UTC]  EntityDamageByEntityEvent was triggered by damaged ITEM Cobbled Deepslate, damager TNT Primed TNT and cancelled false.
[May 03, 2026 22:31:41.908PM UTC]  EntityDamageByEntityEvent was triggered by damaged ITEM Cobbled Deepslate, damager TNT Primed TNT and cancelled false.
[May 03, 2026 22:31:41.908PM UTC]  EntityDamageByEntityEvent was triggered by damaged ITEM Cobbled Deepslate, damager TNT Primed TNT and cancelled false.
[May 03, 2026 22:31:41.908PM UTC]  EntityDamageByEntityEvent was triggered by damaged ITEM Tuff Bricks, damager TNT Primed TNT and cancelled false.
[May 03, 2026 22:31:41.908PM UTC]  EntityDamageByEntityEvent was triggered by damaged ITEM Cobbled Deepslate, damager TNT Primed TNT and cancelled false.
[May 03, 2026 22:31:41.908PM UTC]  EntityDamageByEntityEvent was triggered by damaged ITEM Cobbled Deepslate, damager TNT Primed TNT and cancelled false.
[May 03, 2026 22:31:41.909PM UTC]  EntityDamageByEntityEvent was triggered by damaged ITEM Deepslate Tiles, damager TNT Primed TNT and cancelled false.
[May 03, 2026 22:31:41.909PM UTC]  EntityDamageByEntityEvent was triggered by damaged ITEM Deepslate Bricks, damager TNT Primed TNT and cancelled false.
[May 03, 2026 22:31:41.909PM UTC]  EntityDamageByEntityEvent was triggered by damaged ITEM Deepslate Bricks, damager TNT Primed TNT and cancelled false.
[May 03, 2026 22:31:41.909PM UTC]  EntityDamageByEntityEvent was triggered by damaged ITEM Deepslate Bricks, damager TNT Primed TNT and cancelled false.
[May 03, 2026 22:31:41.909PM UTC]  EntityDamageByEntityEvent was triggered by damaged ITEM Deepslate Bricks, damager TNT Primed TNT and cancelled false.
[May 03, 2026 22:31:41.909PM UTC]  EntityDamageByEntityEvent was triggered by damaged ITEM Deepslate Bricks, damager TNT Primed TNT and cancelled false.
[May 03, 2026 22:31:42.155PM UTC]  EntityDamageByEntityEvent was triggered by damaged ITEM Deepslate Bricks, damager TNT Primed TNT and cancelled false.
[May 03, 2026 22:31:42.156PM UTC]  EntityDamageByEntityEvent was triggered by damaged ITEM Iron Chain, damager TNT Primed TNT and cancelled false.
[May 03, 2026 22:31:42.156PM UTC]  EntityDamageByEntityEvent was triggered by damaged ITEM Cobbled Deepslate, damager TNT Primed TNT and cancelled false.
[May 03, 2026 22:31:42.156PM UTC]  EntityDamageByEntityEvent was triggered by damaged ITEM Deepslate Bricks, damager TNT Primed TNT and cancelled false.
[May 03, 2026 22:31:42.156PM UTC]  EntityDamageByEntityEvent was triggered by damaged ITEM Deepslate Bricks, damager TNT Primed TNT and cancelled false.
[May 03, 2026 22:31:42.156PM UTC]  EntityDamageByEntityEvent was triggered by damaged ITEM Deepslate Bricks, damager TNT Primed TNT and cancelled false.
[May 03, 2026 22:31:42.156PM UTC]  EntityDamageByEntityEvent was triggered by damaged ITEM Cobbled Deepslate, damager TNT Primed TNT and cancelled false.
[May 03, 2026 22:31:42.157PM UTC]  EntityDamageByEntityEvent was triggered by damaged ITEM Deepslate Bricks, damager TNT Primed TNT and cancelled false.
[May 03, 2026 22:31:42.255PM UTC]  EntityDamageByEntityEvent was triggered by damaged ITEM Deepslate Tiles, damager TNT Primed TNT and cancelled false.
[May 03, 2026 22:31:42.255PM UTC]  EntityDamageByEntityEvent was triggered by damaged ITEM Deepslate Bricks, damager TNT Primed TNT and cancelled false.
[May 03, 2026 22:31:42.255PM UTC]  EntityDamageByEntityEvent was triggered by damaged ITEM Iron Chain, damager TNT Primed TNT and cancelled false.
[May 03, 2026 22:31:42.256PM UTC]  EntityDamageByEntityEvent was triggered by damaged ITEM Cobbled Deepslate, damager TNT Primed TNT and cancelled false.
[May 03, 2026 22:31:42.256PM UTC]  EntityDamageByEntityEvent was triggered by damaged ITEM Deepslate Bricks, damager TNT Primed TNT and cancelled false.
[May 03, 2026 22:31:42.256PM UTC]  EntityDamageByEntityEvent was triggered by damaged ITEM Deepslate Bricks, damager TNT Primed TNT and cancelled false.
[May 03, 2026 22:31:42.256PM UTC]  EntityDamageByEntityEvent was triggered by damaged ITEM Deepslate Bricks, damager TNT Primed TNT and cancelled false.
[May 03, 2026 22:31:42.256PM UTC]  EntityDamageByEntityEvent was triggered by damaged ITEM Deepslate Bricks, damager TNT Primed TNT and cancelled false.
[May 03, 2026 22:31:42.256PM UTC]  EntityDamageByEntityEvent was triggered by damaged ITEM Cobbled Deepslate, damager TNT Primed TNT and cancelled false.
[May 03, 2026 22:31:42.256PM UTC]  EntityDamageByEntityEvent was triggered by damaged ITEM Deepslate Bricks, damager TNT Primed TNT and cancelled false.
[May 03, 2026 22:31:42.256PM UTC]  EntityDamageByEntityEvent was triggered by damaged ITEM Cobbled Deepslate, damager TNT Primed TNT and cancelled false.
[May 03, 2026 22:31:42.257PM UTC]  EntityDamageByEntityEvent was triggered by damaged ITEM Cobbled Deepslate, damager TNT Primed TNT and cancelled false.
[May 03, 2026 22:31:42.257PM UTC]  EntityDamageByEntityEvent was triggered by damaged ITEM Cobbled Deepslate, damager TNT Primed TNT and cancelled false.
[May 03, 2026 22:31:42.257PM UTC]  EntityDamageByEntityEvent was triggered by damaged ITEM Tuff Bricks, damager TNT Primed TNT and cancelled false.
[May 03, 2026 22:31:42.258PM UTC]  EntityDamageByEntityEvent was triggered by damaged ITEM Deepslate Tiles, damager TNT Primed TNT and cancelled false.
[May 03, 2026 22:31:42.258PM UTC]  EntityDamageByEntityEvent was triggered by damaged ITEM Cobbled Deepslate, damager TNT Primed TNT and cancelled false.
[May 03, 2026 22:31:42.805PM UTC]  EntityDamageByEntityEvent was triggered by damaged ITEM Cobbled Deepslate, damager TNT Primed TNT and cancelled false.
[May 03, 2026 22:31:42.805PM UTC]  EntityDamageByEntityEvent was triggered by damaged ITEM Tuff Bricks, damager TNT Primed TNT and cancelled false.
[May 03, 2026 22:31:42.806PM UTC]  EntityDamageByEntityEvent was triggered by damaged ITEM Deepslate Bricks, damager TNT Primed TNT and cancelled false.
[May 03, 2026 22:31:42.806PM UTC]  EntityDamageByEntityEvent was triggered by damaged ITEM Cobbled Deepslate, damager TNT Primed TNT and cancelled false.
[May 03, 2026 22:31:42.806PM UTC]  EntityDamageByEntityEvent was triggered by damaged ITEM Cobbled Deepslate, damager TNT Primed TNT and cancelled false.
[May 03, 2026 22:31:42.806PM UTC]  EntityDamageByEntityEvent was triggered by damaged ITEM Cobbled Deepslate, damager TNT Primed TNT and cancelled false.
[May 03, 2026 22:31:42.806PM UTC]  EntityDamageByEntityEvent was triggered by damaged ITEM Tuff Bricks, damager TNT Primed TNT and cancelled false.
[May 03, 2026 22:31:42.806PM UTC]  EntityDamageByEntityEvent was triggered by damaged ITEM Cobbled Deepslate, damager TNT Primed TNT and cancelled false.
[May 03, 2026 22:39:39.558PM UTC]  PlayerPreTagEvent was triggered on Akukis by emi4553 with type PLAYER, reason ATTACKER, and cancelled true.
[May 03, 2026 22:39:39.558PM UTC]  PlayerPreTagEvent was triggered on emi4553 by Akukis with type PLAYER, reason ATTACKED, and cancelled true.
[May 03, 2026 22:39:39.558PM UTC]  EntityDamageByEntityEvent was triggered by damaged PLAYER emi4553, damager PLAYER Akukis and cancelled false.
[May 03, 2026 22:39:41.706PM UTC]  PlayerPreTagEvent was triggered on Akukis by emi4553 with type PLAYER, reason ATTACKER, and cancelled true.
[May 03, 2026 22:39:41.707PM UTC]  PlayerPreTagEvent was triggered on emi4553 by Akukis with type PLAYER, reason ATTACKED, and cancelled true.
[May 03, 2026 22:39:41.707PM UTC]  EntityDamageByEntityEvent was triggered by damaged PLAYER emi4553, damager PLAYER Akukis and cancelled false.
[May 03, 2026 22:39:42.958PM UTC]  PlayerPreTagEvent was triggered on Akukis by emi4553 with type PLAYER, reason ATTACKER, and cancelled true.
[May 03, 2026 22:39:42.958PM UTC]  PlayerPreTagEvent was triggered on emi4553 by Akukis with type PLAYER, reason ATTACKED, and cancelled true.
[May 03, 2026 22:39:42.958PM UTC]  EntityDamageByEntityEvent was triggered by damaged PLAYER emi4553, damager PLAYER Akukis and cancelled false.
[May 03, 2026 22:39:43.857PM UTC]  PlayerPreTagEvent was triggered on Akukis by emi4553 with type PLAYER, reason ATTACKER, and cancelled true.
[May 03, 2026 22:39:43.857PM UTC]  PlayerPreTagEvent was triggered on emi4553 by Akukis with type PLAYER, reason ATTACKED, and cancelled true.
[May 03, 2026 22:39:43.857PM UTC]  EntityDamageByEntityEvent was triggered by damaged PLAYER emi4553, damager PLAYER Akukis and cancelled false.
[May 03, 2026 22:39:44.608PM UTC]  PlayerPreTagEvent was triggered on Akukis by emi4553 with type PLAYER, reason ATTACKER, and cancelled true.
[May 03, 2026 22:39:44.608PM UTC]  PlayerPreTagEvent was triggered on emi4553 by Akukis with type PLAYER, reason ATTACKED, and cancelled true.
[May 03, 2026 22:39:44.609PM UTC]  EntityDamageByEntityEvent was triggered by damaged PLAYER emi4553, damager PLAYER Akukis and cancelled false.
[May 03, 2026 22:39:45.408PM UTC]  PlayerPreTagEvent was triggered on Akukis by emi4553 with type PLAYER, reason ATTACKER, and cancelled true.
[May 03, 2026 22:39:45.408PM UTC]  PlayerPreTagEvent was triggered on emi4553 by Akukis with type PLAYER, reason ATTACKED, and cancelled true.
[May 03, 2026 22:39:45.408PM UTC]  EntityDamageByEntityEvent was triggered by damaged PLAYER emi4553, damager PLAYER Akukis and cancelled false.
[May 03, 2026 22:39:46.308PM UTC]  PlayerPreTagEvent was triggered on Akukis by emi4553 with type PLAYER, reason ATTACKER, and cancelled true.
[May 03, 2026 22:39:46.308PM UTC]  PlayerPreTagEvent was triggered on emi4553 by Akukis with type PLAYER, reason ATTACKED, and cancelled true.
[May 03, 2026 22:39:46.308PM UTC]  EntityDamageByEntityEvent was triggered by damaged PLAYER emi4553, damager PLAYER Akukis and cancelled false.
[May 03, 2026 22:39:47.108PM UTC]  PlayerPreTagEvent was triggered on Akukis by emi4553 with type PLAYER, reason ATTACKER, and cancelled true.
[May 03, 2026 22:39:47.108PM UTC]  PlayerPreTagEvent was triggered on emi4553 by Akukis with type PLAYER, reason ATTACKED, and cancelled true.
[May 03, 2026 22:39:47.108PM UTC]  EntityDamageByEntityEvent was triggered by damaged PLAYER emi4553, damager PLAYER Akukis and cancelled false.
[May 03, 2026 22:39:47.908PM UTC]  PlayerPreTagEvent was triggered on Akukis by emi4553 with type PLAYER, reason ATTACKER, and cancelled true.
[May 03, 2026 22:39:47.908PM UTC]  PlayerPreTagEvent was triggered on emi4553 by Akukis with type PLAYER, reason ATTACKED, and cancelled true.
[May 03, 2026 22:39:47.908PM UTC]  EntityDamageByEntityEvent was triggered by damaged PLAYER emi4553, damager PLAYER Akukis and cancelled false.
[May 03, 2026 22:39:48.608PM UTC]  PlayerPreTagEvent was triggered on Akukis by emi4553 with type PLAYER, reason ATTACKER, and cancelled true.
[May 03, 2026 22:39:48.608PM UTC]  PlayerPreTagEvent was triggered on emi4553 by Akukis with type PLAYER, reason ATTACKED, and cancelled true.
[May 03, 2026 22:39:48.609PM UTC]  EntityDamageByEntityEvent was triggered by damaged PLAYER emi4553, damager PLAYER Akukis and cancelled false.
[May 03, 2026 22:40:23.308PM UTC]  PlayerPreTagEvent was triggered on Akukis by emi4553 with type PLAYER, reason ATTACKER, and cancelled true.
[May 03, 2026 22:40:23.309PM UTC]  PlayerPreTagEvent was triggered on emi4553 by Akukis with type PLAYER, reason ATTACKED, and cancelled true.
[May 03, 2026 22:40:23.309PM UTC]  EntityDamageByEntityEvent was triggered by damaged PLAYER emi4553, damager PLAYER Akukis and cancelled false.
[May 03, 2026 22:40:24.157PM UTC]  PlayerPreTagEvent was triggered on Akukis by emi4553 with type PLAYER, reason ATTACKER, and cancelled true.
[May 03, 2026 22:40:24.158PM UTC]  PlayerPreTagEvent was triggered on emi4553 by Akukis with type PLAYER, reason ATTACKED, and cancelled true.
[May 03, 2026 22:40:24.158PM UTC]  EntityDamageByEntityEvent was triggered by damaged PLAYER emi4553, damager PLAYER Akukis and cancelled false.
[May 03, 2026 22:40:25.008PM UTC]  PlayerPreTagEvent was triggered on Akukis by emi4553 with type PLAYER, reason ATTACKER, and cancelled true.
[May 03, 2026 22:40:25.008PM UTC]  PlayerPreTagEvent was triggered on emi4553 by Akukis with type PLAYER, reason ATTACKED, and cancelled true.
[May 03, 2026 22:40:25.008PM UTC]  EntityDamageByEntityEvent was triggered by damaged PLAYER emi4553, damager PLAYER Akukis and cancelled false.
[May 03, 2026 22:40:25.657PM UTC]  PlayerPreTagEvent was triggered on Akukis by emi4553 with type PLAYER, reason ATTACKER, and cancelled true.
[May 03, 2026 22:40:25.657PM UTC]  PlayerPreTagEvent was triggered on emi4553 by Akukis with type PLAYER, reason ATTACKED, and cancelled true.
[May 03, 2026 22:40:25.657PM UTC]  EntityDamageByEntityEvent was triggered by damaged PLAYER emi4553, damager PLAYER Akukis and cancelled false.
[May 03, 2026 22:40:26.657PM UTC]  PlayerPreTagEvent was triggered on Akukis by emi4553 with type PLAYER, reason ATTACKER, and cancelled true.
[May 03, 2026 22:40:26.657PM UTC]  PlayerPreTagEvent was triggered on emi4553 by Akukis with type PLAYER, reason ATTACKED, and cancelled true.
[May 03, 2026 22:40:26.657PM UTC]  EntityDamageByEntityEvent was triggered by damaged PLAYER emi4553, damager PLAYER Akukis and cancelled false.
[May 03, 2026 22:40:27.360PM UTC]  PlayerPreTagEvent was triggered on Akukis by emi4553 with type PLAYER, reason ATTACKER, and cancelled true.
[May 03, 2026 22:40:27.360PM UTC]  PlayerPreTagEvent was triggered on emi4553 by Akukis with type PLAYER, reason ATTACKED, and cancelled true.
[May 03, 2026 22:40:27.360PM UTC]  EntityDamageByEntityEvent was triggered by damaged PLAYER emi4553, damager PLAYER Akukis and cancelled false.
[May 03, 2026 22:40:29.208PM UTC]  PlayerPreTagEvent was triggered on Akukis by emi4553 with type PLAYER, reason ATTACKER, and cancelled true.
[May 03, 2026 22:40:29.208PM UTC]  PlayerPreTagEvent was triggered on emi4553 by Akukis with type PLAYER, reason ATTACKED, and cancelled true.
[May 03, 2026 22:40:29.208PM UTC]  EntityDamageByEntityEvent was triggered by damaged PLAYER emi4553, damager PLAYER Akukis and cancelled false.
[May 03, 2026 22:40:30.257PM UTC]  PlayerPreTagEvent was triggered on Akukis by emi4553 with type PLAYER, reason ATTACKER, and cancelled true.
[May 03, 2026 22:40:30.257PM UTC]  PlayerPreTagEvent was triggered on emi4553 by Akukis with type PLAYER, reason ATTACKED, and cancelled true.
[May 03, 2026 22:40:30.258PM UTC]  EntityDamageByEntityEvent was triggered by damaged PLAYER emi4553, damager PLAYER Akukis and cancelled false.
[May 03, 2026 22:40:31.109PM UTC]  PlayerPreTagEvent was triggered on Akukis by emi4553 with type PLAYER, reason ATTACKER, and cancelled true.
[May 03, 2026 22:40:31.109PM UTC]  PlayerPreTagEvent was triggered on emi4553 by Akukis with type PLAYER, reason ATTACKED, and cancelled true.
[May 03, 2026 22:40:31.109PM UTC]  EntityDamageByEntityEvent was triggered by damaged PLAYER emi4553, damager PLAYER Akukis and cancelled false.
[May 03, 2026 22:40:31.910PM UTC]  PlayerPreTagEvent was triggered on Akukis by emi4553 with type PLAYER, reason ATTACKER, and cancelled true.
[May 03, 2026 22:40:31.910PM UTC]  PlayerPreTagEvent was triggered on emi4553 by Akukis with type PLAYER, reason ATTACKED, and cancelled true.
[May 03, 2026 22:40:31.910PM UTC]  EntityDamageByEntityEvent was triggered by damaged PLAYER emi4553, damager PLAYER Akukis and cancelled false.
[May 03, 2026 22:40:34.107PM UTC]  PlayerPreTagEvent was triggered on Akukis by emi4553 with type PLAYER, reason ATTACKER, and cancelled true.
[May 03, 2026 22:40:34.107PM UTC]  PlayerPreTagEvent was triggered on emi4553 by Akukis with type PLAYER, reason ATTACKED, and cancelled true.
[May 03, 2026 22:40:34.107PM UTC]  EntityDamageByEntityEvent was triggered by damaged PLAYER emi4553, damager PLAYER Akukis and cancelled false.
[May 03, 2026 22:40:35.107PM UTC]  PlayerPreTagEvent was triggered on Akukis by emi4553 with type PLAYER, reason ATTACKER, and cancelled true.
[May 03, 2026 22:40:35.107PM UTC]  PlayerPreTagEvent was triggered on emi4553 by Akukis with type PLAYER, reason ATTACKED, and cancelled true.
[May 03, 2026 22:40:35.107PM UTC]  EntityDamageByEntityEvent was triggered by damaged PLAYER emi4553, damager PLAYER Akukis and cancelled false.
[May 03, 2026 22:40:35.707PM UTC]  PlayerPreTagEvent was triggered on Akukis by emi4553 with type PLAYER, reason ATTACKER, and cancelled true.
[May 03, 2026 22:40:35.707PM UTC]  PlayerPreTagEvent was triggered on emi4553 by Akukis with type PLAYER, reason ATTACKED, and cancelled true.
[May 03, 2026 22:40:35.707PM UTC]  EntityDamageByEntityEvent was triggered by damaged PLAYER emi4553, damager PLAYER Akukis and cancelled false.
[May 03, 2026 22:40:36.308PM UTC]  PlayerPreTagEvent was triggered on Akukis by emi4553 with type PLAYER, reason ATTACKER, and cancelled true.
[May 03, 2026 22:40:36.309PM UTC]  PlayerPreTagEvent was triggered on emi4553 by Akukis with type PLAYER, reason ATTACKED, and cancelled true.
[May 03, 2026 22:40:36.309PM UTC]  EntityDamageByEntityEvent was triggered by damaged PLAYER emi4553, damager PLAYER Akukis and cancelled false.
[May 03, 2026 22:40:37.507PM UTC]  PlayerPreTagEvent was triggered on Akukis by emi4553 with type PLAYER, reason ATTACKER, and cancelled true.
[May 03, 2026 22:40:37.508PM UTC]  PlayerPreTagEvent was triggered on emi4553 by Akukis with type PLAYER, reason ATTACKED, and cancelled true.
[May 03, 2026 22:40:37.508PM UTC]  EntityDamageByEntityEvent was triggered by damaged PLAYER emi4553, damager PLAYER Akukis and cancelled false.
[May 03, 2026 22:40:41.959PM UTC]  PlayerPreTagEvent was triggered on Akukis by emi4553 with type PLAYER, reason ATTACKER, and cancelled true.
[May 03, 2026 22:40:41.960PM UTC]  PlayerPreTagEvent was triggered on emi4553 by Akukis with type PLAYER, reason ATTACKED, and cancelled true.
[May 03, 2026 22:40:41.960PM UTC]  EntityDamageByEntityEvent was triggered by damaged PLAYER emi4553, damager PLAYER Akukis and cancelled false.
[May 03, 2026 22:40:42.807PM UTC]  PlayerPreTagEvent was triggered on Akukis by emi4553 with type PLAYER, reason ATTACKER, and cancelled true.
[May 03, 2026 22:40:42.807PM UTC]  PlayerPreTagEvent was triggered on emi4553 by Akukis with type PLAYER, reason ATTACKED, and cancelled true.
[May 03, 2026 22:40:42.807PM UTC]  EntityDamageByEntityEvent was triggered by damaged PLAYER emi4553, damager PLAYER Akukis and cancelled false.
[May 03, 2026 22:40:44.508PM UTC]  PlayerPreTagEvent was triggered on Akukis by emi4553 with type PLAYER, reason ATTACKER, and cancelled true.
[May 03, 2026 22:40:44.508PM UTC]  PlayerPreTagEvent was triggered on emi4553 by Akukis with type PLAYER, reason ATTACKED, and cancelled true.
[May 03, 2026 22:40:44.508PM UTC]  EntityDamageByEntityEvent was triggered by damaged PLAYER emi4553, damager PLAYER Akukis and cancelled false.
[May 03, 2026 22:40:53.758PM UTC]  PlayerPreTagEvent was triggered on Akukis by emi4553 with type PLAYER, reason ATTACKER, and cancelled true.
[May 03, 2026 22:40:53.758PM UTC]  PlayerPreTagEvent was triggered on emi4553 by Akukis with type PLAYER, reason ATTACKED, and cancelled true.
[May 03, 2026 22:40:53.758PM UTC]  EntityDamageByEntityEvent was triggered by damaged PLAYER emi4553, damager PLAYER Akukis and cancelled false.
[May 03, 2026 22:40:54.457PM UTC]  PlayerPreTagEvent was triggered on Akukis by emi4553 with type PLAYER, reason ATTACKER, and cancelled true.
[May 03, 2026 22:40:54.457PM UTC]  PlayerPreTagEvent was triggered on emi4553 by Akukis with type PLAYER, reason ATTACKED, and cancelled true.
[May 03, 2026 22:40:54.458PM UTC]  EntityDamageByEntityEvent was triggered by damaged PLAYER emi4553, damager PLAYER Akukis and cancelled false.
[May 03, 2026 23:16:09.730PM UTC]  EntityDamageByEntityEvent was triggered by damaged ZOMBIE Zombie, damager PLAYER .Elaxelinsan0 and cancelled false.
[May 03, 2026 23:16:10.343PM UTC]  EntityDamageByEntityEvent was triggered by damaged ZOMBIE Zombie, damager PLAYER .Elaxelinsan0 and cancelled false.
[May 03, 2026 23:16:12.234PM UTC]  EntityDamageByEntityEvent was triggered by damaged ZOMBIE Zombie, damager PLAYER .Elaxelinsan0 and cancelled false.
[May 03, 2026 23:16:12.672PM UTC]  EntityDamageByEntityEvent was triggered by damaged ZOMBIE Zombie, damager PLAYER .Elaxelinsan0 and cancelled false.
[May 03, 2026 23:16:12.844PM UTC]  EntityDamageByEntityEvent was triggered by damaged ZOMBIE Zombie, damager PLAYER .Elaxelinsan0 and cancelled false.
[May 03, 2026 23:16:13.015PM UTC]  EntityDamageByEntityEvent was triggered by damaged ZOMBIE Zombie, damager PLAYER .Elaxelinsan0 and cancelled false.
[May 03, 2026 23:16:15.105PM UTC]  EntityDamageByEntityEvent was triggered by damaged PLAYER .Elaxelinsan0, damager ZOMBIE Zombie and cancelled false.
[May 03, 2026 23:16:15.994PM UTC]  EntityDamageByEntityEvent was triggered by damaged ZOMBIE Zombie, damager PLAYER .Elaxelinsan0 and cancelled false.
[May 03, 2026 23:16:16.794PM UTC]  EntityDamageByEntityEvent was triggered by damaged ZOMBIE Zombie, damager PLAYER .Elaxelinsan0 and cancelled false.
[May 03, 2026 23:17:13.303PM UTC]  EntityDamageByEntityEvent was triggered by damaged PLAYER Akukis, damager ZOMBIE Zombie and cancelled false.
[May 03, 2026 23:17:14.255PM UTC]  EntityDamageByEntityEvent was triggered by damaged PLAYER Akukis, damager ZOMBIE Zombie and cancelled false.
[May 03, 2026 23:17:14.432PM UTC]  EntityDamageByEntityEvent was triggered by damaged ZOMBIE Zombie, damager PLAYER Akukis and cancelled false.
[May 03, 2026 23:17:15.887PM UTC]  EntityDamageByEntityEvent was triggered by damaged ZOMBIE Zombie, damager PLAYER Akukis and cancelled false.
[May 03, 2026 23:17:15.904PM UTC]  EntityDamageByEntityEvent was triggered by damaged PLAYER Akukis, damager ZOMBIE Zombie and cancelled false.
[May 03, 2026 23:17:16.704PM UTC]  EntityDamageByEntityEvent was triggered by damaged PLAYER Akukis, damager PHANTOM Phantom and cancelled false.
[May 03, 2026 23:17:19.231PM UTC]  EntityDamageByEntityEvent was triggered by damaged ZOMBIE Zombie, damager PLAYER Akukis and cancelled false.
[May 03, 2026 23:17:24.704PM UTC]  EntityDamageByEntityEvent was triggered by damaged PLAYER Akukis, damager PHANTOM Phantom and cancelled false.
[May 03, 2026 23:17:24.931PM UTC]  EntityDamageByEntityEvent was triggered by damaged PHANTOM Phantom, damager PLAYER Akukis and cancelled false.
[May 03, 2026 23:17:26.054PM UTC]  EntityDamageByEntityEvent was triggered by damaged PLAYER Akukis, damager PHANTOM Phantom and cancelled false.
[May 03, 2026 23:17:26.179PM UTC]  EntityDamageByEntityEvent was triggered by damaged PHANTOM Phantom, damager PLAYER Akukis and cancelled false.
[May 03, 2026 23:17:33.304PM UTC]  EntityDamageByEntityEvent was triggered by damaged PLAYER Akukis, damager PHANTOM Phantom and cancelled false.
[May 03, 2026 23:17:33.830PM UTC]  EntityDamageByEntityEvent was triggered by damaged PHANTOM Phantom, damager PLAYER Akukis and cancelled false.
[May 03, 2026 23:17:36.454PM UTC]  EntityDamageByEntityEvent was triggered by damaged PLAYER Akukis, damager PHANTOM Phantom and cancelled false.
[May 03, 2026 23:17:36.779PM UTC]  EntityDamageByEntityEvent was triggered by damaged ZOMBIE Zombie, damager PLAYER Akukis and cancelled false.
[May 03, 2026 23:17:37.482PM UTC]  EntityDamageByEntityEvent was triggered by damaged PHANTOM Phantom, damager PLAYER Akukis and cancelled false.
[May 03, 2026 23:17:38.731PM UTC]  EntityDamageByEntityEvent was triggered by damaged ZOMBIE Zombie, damager PLAYER Akukis and cancelled false.
[May 03, 2026 23:17:55.880PM UTC]  PlayerPreTagEvent was triggered on Akukis by .Elaxelinsan0 with type PLAYER, reason ATTACKER, and cancelled false.
[May 03, 2026 23:17:55.880PM UTC]  PlayerTagEvent was triggered on Akukis by .Elaxelinsan0 with type PLAYER and reason ATTACKER.
[May 03, 2026 23:17:55.881PM UTC]  PlayerPreTagEvent was triggered on .Elaxelinsan0 by Akukis with type PLAYER, reason ATTACKED, and cancelled false.
[May 03, 2026 23:17:55.881PM UTC]  PlayerTagEvent was triggered on .Elaxelinsan0 by Akukis with type PLAYER and reason ATTACKED.
[May 03, 2026 23:17:55.881PM UTC]  EntityDamageByEntityEvent was triggered by damaged PLAYER .Elaxelinsan0, damager PLAYER Akukis and cancelled false.
[May 03, 2026 23:18:07.345PM UTC]  PlayerPreTagEvent was triggered on .Elaxelinsan0 by Akukis with type PLAYER, reason ATTACKER, and cancelled false.
[May 03, 2026 23:18:07.345PM UTC]  PlayerReTagEvent was triggered on .Elaxelinsan0 by Akukis with type PLAYER and reason ATTACKER.
[May 03, 2026 23:18:07.345PM UTC]  PlayerPreTagEvent was triggered on Akukis by .Elaxelinsan0 with type PLAYER, reason ATTACKED, and cancelled false.
[May 03, 2026 23:18:07.345PM UTC]  PlayerReTagEvent was triggered on Akukis by .Elaxelinsan0 with type PLAYER and reason ATTACKED.
[May 03, 2026 23:18:07.346PM UTC]  EntityDamageByEntityEvent was triggered by damaged PLAYER Akukis, damager PLAYER .Elaxelinsan0 and cancelled false.
[May 03, 2026 23:18:08.031PM UTC]  PlayerPreTagEvent was triggered on Akukis by .Elaxelinsan0 with type PLAYER, reason ATTACKER, and cancelled false.
[May 03, 2026 23:18:08.032PM UTC]  PlayerReTagEvent was triggered on Akukis by .Elaxelinsan0 with type PLAYER and reason ATTACKER.
[May 03, 2026 23:18:08.032PM UTC]  PlayerPreTagEvent was triggered on .Elaxelinsan0 by Akukis with type PLAYER, reason ATTACKED, and cancelled false.
[May 03, 2026 23:18:08.032PM UTC]  PlayerReTagEvent was triggered on .Elaxelinsan0 by Akukis with type PLAYER and reason ATTACKED.
[May 03, 2026 23:18:08.032PM UTC]  EntityDamageByEntityEvent was triggered by damaged PLAYER .Elaxelinsan0, damager PLAYER Akukis and cancelled false.
[May 03, 2026 23:18:08.731PM UTC]  PlayerPreTagEvent was triggered on Akukis by .Elaxelinsan0 with type PLAYER, reason ATTACKER, and cancelled false.
[May 03, 2026 23:18:08.731PM UTC]  PlayerReTagEvent was triggered on Akukis by .Elaxelinsan0 with type PLAYER and reason ATTACKER.
[May 03, 2026 23:18:08.731PM UTC]  PlayerPreTagEvent was triggered on .Elaxelinsan0 by Akukis with type PLAYER, reason ATTACKED, and cancelled false.
[May 03, 2026 23:18:08.731PM UTC]  PlayerReTagEvent was triggered on .Elaxelinsan0 by Akukis with type PLAYER and reason ATTACKED.
[May 03, 2026 23:18:08.732PM UTC]  EntityDamageByEntityEvent was triggered by damaged PLAYER .Elaxelinsan0, damager PLAYER Akukis and cancelled false.
[May 03, 2026 23:18:10.681PM UTC]  PlayerPreTagEvent was triggered on Akukis by .Elaxelinsan0 with type PLAYER, reason ATTACKER, and cancelled false.
[May 03, 2026 23:18:10.681PM UTC]  PlayerReTagEvent was triggered on Akukis by .Elaxelinsan0 with type PLAYER and reason ATTACKER.
[May 03, 2026 23:18:10.681PM UTC]  PlayerPreTagEvent was triggered on .Elaxelinsan0 by Akukis with type PLAYER, reason ATTACKED, and cancelled false.
[May 03, 2026 23:18:10.682PM UTC]  PlayerReTagEvent was triggered on .Elaxelinsan0 by Akukis with type PLAYER and reason ATTACKED.
[May 03, 2026 23:18:10.682PM UTC]  EntityDamageByEntityEvent was triggered by damaged PLAYER .Elaxelinsan0, damager PLAYER Akukis and cancelled false.
[May 03, 2026 23:18:11.882PM UTC]  PlayerPreTagEvent was triggered on Akukis by .Elaxelinsan0 with type PLAYER, reason ATTACKER, and cancelled false.
[May 03, 2026 23:18:11.882PM UTC]  PlayerReTagEvent was triggered on Akukis by .Elaxelinsan0 with type PLAYER and reason ATTACKER.
[May 03, 2026 23:18:11.882PM UTC]  PlayerPreTagEvent was triggered on .Elaxelinsan0 by Akukis with type PLAYER, reason ATTACKED, and cancelled false.
[May 03, 2026 23:18:11.882PM UTC]  PlayerReTagEvent was triggered on .Elaxelinsan0 by Akukis with type PLAYER and reason ATTACKED.
[May 03, 2026 23:18:11.883PM UTC]  EntityDamageByEntityEvent was triggered by damaged PLAYER .Elaxelinsan0, damager PLAYER Akukis and cancelled false.
[May 03, 2026 23:18:12.435PM UTC]  PlayerPreTagEvent was triggered on Akukis by .Elaxelinsan0 with type PLAYER, reason ATTACKER, and cancelled false.
[May 03, 2026 23:18:12.436PM UTC]  PlayerReTagEvent was triggered on Akukis by .Elaxelinsan0 with type PLAYER and reason ATTACKER.
[May 03, 2026 23:18:12.436PM UTC]  PlayerPreTagEvent was triggered on .Elaxelinsan0 by Akukis with type PLAYER, reason ATTACKED, and cancelled false.
[May 03, 2026 23:18:12.436PM UTC]  PlayerReTagEvent was triggered on .Elaxelinsan0 by Akukis with type PLAYER and reason ATTACKED.
[May 03, 2026 23:18:12.436PM UTC]  EntityDamageByEntityEvent was triggered by damaged PLAYER .Elaxelinsan0, damager PLAYER Akukis and cancelled false.
[May 03, 2026 23:18:13.032PM UTC]  PlayerPreTagEvent was triggered on Akukis by .Elaxelinsan0 with type PLAYER, reason ATTACKER, and cancelled false.
[May 03, 2026 23:18:13.033PM UTC]  PlayerReTagEvent was triggered on Akukis by .Elaxelinsan0 with type PLAYER and reason ATTACKER.
[May 03, 2026 23:18:13.033PM UTC]  PlayerPreTagEvent was triggered on .Elaxelinsan0 by Akukis with type PLAYER, reason ATTACKED, and cancelled false.
[May 03, 2026 23:18:13.033PM UTC]  PlayerReTagEvent was triggered on .Elaxelinsan0 by Akukis with type PLAYER and reason ATTACKED.
[May 03, 2026 23:18:13.033PM UTC]  EntityDamageByEntityEvent was triggered by damaged PLAYER .Elaxelinsan0, damager PLAYER Akukis and cancelled false.
[May 03, 2026 23:18:14.780PM UTC]  PlayerPreTagEvent was triggered on Akukis by .Elaxelinsan0 with type PLAYER, reason ATTACKER, and cancelled false.
[May 03, 2026 23:18:14.781PM UTC]  PlayerReTagEvent was triggered on Akukis by .Elaxelinsan0 with type PLAYER and reason ATTACKER.
[May 03, 2026 23:18:14.781PM UTC]  PlayerPreTagEvent was triggered on .Elaxelinsan0 by Akukis with type PLAYER, reason ATTACKED, and cancelled false.
[May 03, 2026 23:18:14.781PM UTC]  PlayerReTagEvent was triggered on .Elaxelinsan0 by Akukis with type PLAYER and reason ATTACKED.
[May 03, 2026 23:18:14.781PM UTC]  EntityDamageByEntityEvent was triggered by damaged PLAYER .Elaxelinsan0, damager PLAYER Akukis and cancelled false.
[May 03, 2026 23:18:26.956PM UTC]  EntityDamageByEntityEvent was triggered by damaged PLAYER .Elaxelinsan0, damager ARROW Arrow and cancelled false.
[May 03, 2026 23:18:32.130PM UTC]  EntityDamageByEntityEvent was triggered by damaged CREEPER Creeper, damager PLAYER Akukis and cancelled false.
[May 03, 2026 23:18:33.381PM UTC]  EntityDamageByEntityEvent was triggered by damaged CREEPER Creeper, damager PLAYER Akukis and cancelled false.
[May 03, 2026 23:18:34.260PM UTC]  EntityDamageByEntityEvent was triggered by damaged SKELETON Skeleton, damager CREEPER Creeper and cancelled false.
[May 03, 2026 23:18:34.260PM UTC]  EntityDamageByEntityEvent was triggered by damaged ZOMBIE Zombie, damager CREEPER Creeper and cancelled false.
[May 03, 2026 23:18:34.261PM UTC]  EntityDamageByEntityEvent was triggered by damaged CREEPER Creeper, damager CREEPER Creeper and cancelled false.
[May 03, 2026 23:18:35.252PM UTC]  PlayerPunishEvent was triggered on Akukis with reason EXPIRE and cancelled true.
[May 03, 2026 23:18:35.252PM UTC]  PlayerUntagEvent was triggered on Akukis with reason EXPIRE and expire set to true.
[May 03, 2026 23:18:35.252PM UTC]  PlayerPunishEvent was triggered on .Elaxelinsan0 with reason EXPIRE and cancelled true.
[May 03, 2026 23:18:35.252PM UTC]  PlayerUntagEvent was triggered on .Elaxelinsan0 with reason EXPIRE and expire set to true.
[May 03, 2026 23:18:46.404PM UTC]  EntityDamageByEntityEvent was triggered by damaged PLAYER Akukis, damager ARROW Arrow and cancelled false.
[May 03, 2026 23:18:51.754PM UTC]  EntityDamageByEntityEvent was triggered by damaged PLAYER Akukis, damager ZOMBIE Zombie and cancelled false.
[May 03, 2026 23:18:52.553PM UTC]  EntityDamageByEntityEvent was triggered by damaged PLAYER Akukis, damager ZOMBIE Zombie and cancelled false.
[May 03, 2026 23:18:53.554PM UTC]  EntityDamageByEntityEvent was triggered by damaged PLAYER Akukis, damager ZOMBIE Zombie and cancelled false.
[May 03, 2026 23:18:54.553PM UTC]  EntityDamageByEntityEvent was triggered by damaged PLAYER Akukis, damager ZOMBIE Zombie and cancelled false.
[May 03, 2026 23:18:55.554PM UTC]  EntityDamageByEntityEvent was triggered by damaged PLAYER Akukis, damager ZOMBIE Zombie and cancelled false.
[May 03, 2026 23:18:56.554PM UTC]  EntityDamageByEntityEvent was triggered by damaged PLAYER Akukis, damager ZOMBIE Zombie and cancelled false.
[May 03, 2026 23:20:08.854PM UTC]  EntityDamageByEntityEvent was triggered by damaged PLAYER Akukis, damager ZOMBIE Zombie and cancelled false.
[May 03, 2026 23:20:09.481PM UTC]  EntityDamageByEntityEvent was triggered by damaged ZOMBIE Zombie, damager PLAYER Akukis and cancelled false.
[May 03, 2026 23:20:09.504PM UTC]  EntityDamageByEntityEvent was triggered by damaged PLAYER Akukis, damager ZOMBIE Zombie and cancelled false.
[May 03, 2026 23:20:09.983PM UTC]  EntityDamageByEntityEvent was triggered by damaged ZOMBIE Zombie, damager PLAYER Akukis and cancelled false.
[May 03, 2026 23:20:28.204PM UTC]  EntityDamageByEntityEvent was triggered by damaged PLAYER Akukis, damager ZOMBIE Zombie and cancelled false.
[May 03, 2026 23:20:29.654PM UTC]  EntityDamageByEntityEvent was triggered by damaged PLAYER Akukis, damager ZOMBIE Zombie and cancelled false.
[May 03, 2026 23:20:30.704PM UTC]  EntityDamageByEntityEvent was triggered by damaged PLAYER Akukis, damager ZOMBIE Zombie and cancelled false.
[May 03, 2026 23:20:31.433PM UTC]  EntityDamageByEntityEvent was triggered by damaged ZOMBIE Zombie, damager PLAYER Akukis and cancelled false.
[May 03, 2026 23:20:32.181PM UTC]  EntityDamageByEntityEvent was triggered by damaged ZOMBIE Zombie, damager PLAYER Akukis and cancelled false.
[May 03, 2026 23:20:46.755PM UTC]  EntityDamageByEntityEvent was triggered by damaged PLAYER Akukis, damager ARROW Arrow and cancelled false.
[May 03, 2026 23:20:47.782PM UTC]  EntityDamageByEntityEvent was triggered by damaged SKELETON Skeleton, damager PLAYER Akukis and cancelled false.
[May 03, 2026 23:20:48.383PM UTC]  EntityDamageByEntityEvent was triggered by damaged SKELETON Skeleton, damager PLAYER Akukis and cancelled false.
[May 03, 2026 23:20:52.904PM UTC]  EntityDamageByEntityEvent was triggered by damaged PLAYER Akukis, damager SPIDER Spider and cancelled false.
[May 03, 2026 23:20:52.933PM UTC]  EntityDamageByEntityEvent was triggered by damaged SPIDER Spider, damager PLAYER Akukis and cancelled false.
[May 03, 2026 23:21:16.562PM UTC]  EntityDamageByEntityEvent was triggered by damaged ZOMBIE Zombie, damager PLAYER .Elaxelinsan0 and cancelled false.
[May 03, 2026 23:21:17.013PM UTC]  EntityDamageByEntityEvent was triggered by damaged ZOMBIE Zombie, damager PLAYER .Elaxelinsan0 and cancelled false.
[May 03, 2026 23:21:18.004PM UTC]  EntityDamageByEntityEvent was triggered by damaged PLAYER .Elaxelinsan0, damager ZOMBIE Zombie and cancelled false.
[May 03, 2026 23:21:18.322PM UTC]  EntityDamageByEntityEvent was triggered by damaged ZOMBIE Zombie, damager PLAYER .Elaxelinsan0 and cancelled false.
[May 03, 2026 23:21:19.703PM UTC]  EntityDamageByEntityEvent was triggered by damaged PLAYER .Elaxelinsan0, damager ZOMBIE Zombie and cancelled false.
[May 03, 2026 23:21:20.237PM UTC]  EntityDamageByEntityEvent was triggered by damaged ZOMBIE Zombie, damager PLAYER .Elaxelinsan0 and cancelled false.
[May 03, 2026 23:21:21.305PM UTC]  EntityDamageByEntityEvent was triggered by damaged PLAYER .Elaxelinsan0, damager ZOMBIE Zombie and cancelled false.
[May 03, 2026 23:21:21.465PM UTC]  EntityDamageByEntityEvent was triggered by damaged ZOMBIE Zombie, damager PLAYER .Elaxelinsan0 and cancelled false.
[May 03, 2026 23:21:22.914PM UTC]  EntityDamageByEntityEvent was triggered by damaged ZOMBIE Zombie, damager PLAYER .Elaxelinsan0 and cancelled false.
[May 03, 2026 23:21:32.205PM UTC]  EntityDamageByEntityEvent was triggered by damaged PLAYER .Elaxelinsan0, damager SPIDER Spider and cancelled false.
[May 03, 2026 23:21:35.214PM UTC]  EntityDamageByEntityEvent was triggered by damaged SPIDER Spider, damager PLAYER .Elaxelinsan0 and cancelled false.
[May 03, 2026 23:21:35.904PM UTC]  EntityDamageByEntityEvent was triggered by damaged SPIDER Spider, damager PLAYER .Elaxelinsan0 and cancelled false.
[May 03, 2026 23:21:38.693PM UTC]  EntityDamageByEntityEvent was triggered by damaged SPIDER Spider, damager PLAYER .Elaxelinsan0 and cancelled false.
[May 03, 2026 23:21:40.323PM UTC]  EntityDamageByEntityEvent was triggered by damaged SPIDER Spider, damager PLAYER .Elaxelinsan0 and cancelled false.
[May 03, 2026 23:21:40.892PM UTC]  EntityDamageByEntityEvent was triggered by damaged SPIDER Spider, damager PLAYER .Elaxelinsan0 and cancelled false.
[May 03, 2026 23:26:06.187PM UTC]  PlayerPreTagEvent was triggered on Akukis by .Elaxelinsan0 with type PLAYER, reason ATTACKER, and cancelled false.
[May 03, 2026 23:26:06.188PM UTC]  PlayerTagEvent was triggered on Akukis by .Elaxelinsan0 with type PLAYER and reason ATTACKER.
[May 03, 2026 23:26:06.188PM UTC]  PlayerPreTagEvent was triggered on .Elaxelinsan0 by Akukis with type PLAYER, reason ATTACKED, and cancelled false.
[May 03, 2026 23:26:06.188PM UTC]  PlayerTagEvent was triggered on .Elaxelinsan0 by Akukis with type PLAYER and reason ATTACKED.
[May 03, 2026 23:26:06.189PM UTC]  EntityDamageByEntityEvent was triggered by damaged PLAYER .Elaxelinsan0, damager PLAYER Akukis and cancelled false.
[May 03, 2026 23:26:08.536PM UTC]  PlayerPreTagEvent was triggered on Akukis by .Elaxelinsan0 with type PLAYER, reason ATTACKER, and cancelled false.
[May 03, 2026 23:26:08.536PM UTC]  PlayerReTagEvent was triggered on Akukis by .Elaxelinsan0 with type PLAYER and reason ATTACKER.
[May 03, 2026 23:26:08.537PM UTC]  PlayerPreTagEvent was triggered on .Elaxelinsan0 by Akukis with type PLAYER, reason ATTACKED, and cancelled false.
[May 03, 2026 23:26:08.537PM UTC]  PlayerReTagEvent was triggered on .Elaxelinsan0 by Akukis with type PLAYER and reason ATTACKED.
[May 03, 2026 23:26:08.537PM UTC]  EntityDamageByEntityEvent was triggered by damaged PLAYER .Elaxelinsan0, damager PLAYER Akukis and cancelled false.
[May 03, 2026 23:26:09.636PM UTC]  PlayerPreTagEvent was triggered on Akukis by .Elaxelinsan0 with type PLAYER, reason ATTACKER, and cancelled false.
[May 03, 2026 23:26:09.636PM UTC]  PlayerReTagEvent was triggered on Akukis by .Elaxelinsan0 with type PLAYER and reason ATTACKER.
[May 03, 2026 23:26:09.637PM UTC]  PlayerPreTagEvent was triggered on .Elaxelinsan0 by Akukis with type PLAYER, reason ATTACKED, and cancelled false.
[May 03, 2026 23:26:09.637PM UTC]  PlayerReTagEvent was triggered on .Elaxelinsan0 by Akukis with type PLAYER and reason ATTACKED.
[May 03, 2026 23:26:09.637PM UTC]  EntityDamageByEntityEvent was triggered by damaged PLAYER .Elaxelinsan0, damager PLAYER Akukis and cancelled false.
[May 03, 2026 23:26:10.385PM UTC]  PlayerPreTagEvent was triggered on Akukis by .Elaxelinsan0 with type PLAYER, reason ATTACKER, and cancelled false.
[May 03, 2026 23:26:10.386PM UTC]  PlayerReTagEvent was triggered on Akukis by .Elaxelinsan0 with type PLAYER and reason ATTACKER.
[May 03, 2026 23:26:10.386PM UTC]  PlayerPreTagEvent was triggered on .Elaxelinsan0 by Akukis with type PLAYER, reason ATTACKED, and cancelled false.
[May 03, 2026 23:26:10.386PM UTC]  PlayerReTagEvent was triggered on .Elaxelinsan0 by Akukis with type PLAYER and reason ATTACKED.
[May 03, 2026 23:26:10.386PM UTC]  EntityDamageByEntityEvent was triggered by damaged PLAYER .Elaxelinsan0, damager PLAYER Akukis and cancelled false.
[May 03, 2026 23:26:11.436PM UTC]  PlayerPreTagEvent was triggered on Akukis by .Elaxelinsan0 with type PLAYER, reason ATTACKER, and cancelled false.
[May 03, 2026 23:26:11.436PM UTC]  PlayerReTagEvent was triggered on Akukis by .Elaxelinsan0 with type PLAYER and reason ATTACKER.
[May 03, 2026 23:26:11.436PM UTC]  PlayerPreTagEvent was triggered on .Elaxelinsan0 by Akukis with type PLAYER, reason ATTACKED, and cancelled false.
[May 03, 2026 23:26:11.436PM UTC]  PlayerReTagEvent was triggered on .Elaxelinsan0 by Akukis with type PLAYER and reason ATTACKED.
[May 03, 2026 23:26:11.436PM UTC]  EntityDamageByEntityEvent was triggered by damaged PLAYER .Elaxelinsan0, damager PLAYER Akukis and cancelled false.
[May 03, 2026 23:26:12.038PM UTC]  PlayerPreTagEvent was triggered on Akukis by .Elaxelinsan0 with type PLAYER, reason ATTACKER, and cancelled false.
[May 03, 2026 23:26:12.039PM UTC]  PlayerReTagEvent was triggered on Akukis by .Elaxelinsan0 with type PLAYER and reason ATTACKER.
[May 03, 2026 23:26:12.039PM UTC]  PlayerPreTagEvent was triggered on .Elaxelinsan0 by Akukis with type PLAYER, reason ATTACKED, and cancelled false.
[May 03, 2026 23:26:12.039PM UTC]  PlayerReTagEvent was triggered on .Elaxelinsan0 by Akukis with type PLAYER and reason ATTACKED.
[May 03, 2026 23:26:12.039PM UTC]  EntityDamageByEntityEvent was triggered by damaged PLAYER .Elaxelinsan0, damager PLAYER Akukis and cancelled false.
[May 03, 2026 23:26:12.985PM UTC]  PlayerPreTagEvent was triggered on Akukis by .Elaxelinsan0 with type PLAYER, reason ATTACKER, and cancelled false.
[May 03, 2026 23:26:12.985PM UTC]  PlayerReTagEvent was triggered on Akukis by .Elaxelinsan0 with type PLAYER and reason ATTACKER.
[May 03, 2026 23:26:12.985PM UTC]  PlayerPreTagEvent was triggered on .Elaxelinsan0 by Akukis with type PLAYER, reason ATTACKED, and cancelled false.
[May 03, 2026 23:26:12.985PM UTC]  PlayerReTagEvent was triggered on .Elaxelinsan0 by Akukis with type PLAYER and reason ATTACKED.
[May 03, 2026 23:26:12.985PM UTC]  EntityDamageByEntityEvent was triggered by damaged PLAYER .Elaxelinsan0, damager PLAYER Akukis and cancelled false.
[May 03, 2026 23:26:13.737PM UTC]  PlayerPreTagEvent was triggered on Akukis by .Elaxelinsan0 with type PLAYER, reason ATTACKER, and cancelled false.
[May 03, 2026 23:26:13.737PM UTC]  PlayerReTagEvent was triggered on Akukis by .Elaxelinsan0 with type PLAYER and reason ATTACKER.
[May 03, 2026 23:26:13.737PM UTC]  PlayerPreTagEvent was triggered on .Elaxelinsan0 by Akukis with type PLAYER, reason ATTACKED, and cancelled false.
[May 03, 2026 23:26:13.737PM UTC]  PlayerReTagEvent was triggered on .Elaxelinsan0 by Akukis with type PLAYER and reason ATTACKED.
[May 03, 2026 23:26:13.738PM UTC]  EntityDamageByEntityEvent was triggered by damaged PLAYER .Elaxelinsan0, damager PLAYER Akukis and cancelled false.
[May 03, 2026 23:26:33.752PM UTC]  PlayerPunishEvent was triggered on Akukis with reason EXPIRE and cancelled true.
[May 03, 2026 23:26:33.752PM UTC]  PlayerUntagEvent was triggered on Akukis with reason EXPIRE and expire set to true.
[May 03, 2026 23:26:33.752PM UTC]  PlayerPunishEvent was triggered on .Elaxelinsan0 with reason EXPIRE and cancelled true.
[May 03, 2026 23:26:33.752PM UTC]  PlayerUntagEvent was triggered on .Elaxelinsan0 with reason EXPIRE and expire set to true.
[May 03, 2026 23:27:32.539PM UTC]  PlayerPreTagEvent was triggered on Akukis by .Elaxelinsan0 with type PLAYER, reason ATTACKER, and cancelled false.
[May 03, 2026 23:27:32.539PM UTC]  PlayerTagEvent was triggered on Akukis by .Elaxelinsan0 with type PLAYER and reason ATTACKER.
[May 03, 2026 23:27:32.541PM UTC]  PlayerPreTagEvent was triggered on .Elaxelinsan0 by Akukis with type PLAYER, reason ATTACKED, and cancelled false.
[May 03, 2026 23:27:32.544PM UTC]  PlayerTagEvent was triggered on .Elaxelinsan0 by Akukis with type PLAYER and reason ATTACKED.
[May 03, 2026 23:27:32.544PM UTC]  EntityDamageByEntityEvent was triggered by damaged PLAYER .Elaxelinsan0, damager PLAYER Akukis and cancelled false.
[May 03, 2026 23:27:33.340PM UTC]  PlayerPreTagEvent was triggered on Akukis by .Elaxelinsan0 with type PLAYER, reason ATTACKER, and cancelled false.
[May 03, 2026 23:27:33.340PM UTC]  PlayerReTagEvent was triggered on Akukis by .Elaxelinsan0 with type PLAYER and reason ATTACKER.
[May 03, 2026 23:27:33.340PM UTC]  PlayerPreTagEvent was triggered on .Elaxelinsan0 by Akukis with type PLAYER, reason ATTACKED, and cancelled false.
[May 03, 2026 23:27:33.341PM UTC]  PlayerReTagEvent was triggered on .Elaxelinsan0 by Akukis with type PLAYER and reason ATTACKED.
[May 03, 2026 23:27:33.341PM UTC]  EntityDamageByEntityEvent was triggered by damaged PLAYER .Elaxelinsan0, damager PLAYER Akukis and cancelled false.
[May 03, 2026 23:27:34.960PM UTC]  EntityDamageByEntityEvent was triggered by damaged GLOW_SQUID Glow Squid, damager AXOLOTL Axolotl and cancelled false.
[May 03, 2026 23:27:36.008PM UTC]  EntityDamageByEntityEvent was triggered by damaged GLOW_SQUID Glow Squid, damager AXOLOTL Axolotl and cancelled false.
[May 03, 2026 23:27:37.061PM UTC]  EntityDamageByEntityEvent was triggered by damaged GLOW_SQUID Glow Squid, damager AXOLOTL Axolotl and cancelled false.
[May 03, 2026 23:27:38.108PM UTC]  EntityDamageByEntityEvent was triggered by damaged GLOW_SQUID Glow Squid, damager AXOLOTL Axolotl and cancelled false.
[May 03, 2026 23:27:39.511PM UTC]  EntityDamageByEntityEvent was triggered by damaged GLOW_SQUID Glow Squid, damager AXOLOTL Axolotl and cancelled false.
[May 03, 2026 23:27:51.247PM UTC]  PlayerPreTagEvent was triggered on .Elaxelinsan0 by Akukis with type PLAYER, reason ATTACKER, and cancelled false.
[May 03, 2026 23:27:51.247PM UTC]  PlayerReTagEvent was triggered on .Elaxelinsan0 by Akukis with type PLAYER and reason ATTACKER.
[May 03, 2026 23:27:51.247PM UTC]  PlayerPreTagEvent was triggered on Akukis by .Elaxelinsan0 with type PLAYER, reason ATTACKED, and cancelled false.
[May 03, 2026 23:27:51.248PM UTC]  PlayerReTagEvent was triggered on Akukis by .Elaxelinsan0 with type PLAYER and reason ATTACKED.
[May 03, 2026 23:27:51.248PM UTC]  EntityDamageByEntityEvent was triggered by damaged PLAYER Akukis, damager PLAYER .Elaxelinsan0 and cancelled false.
[May 03, 2026 23:28:11.252PM UTC]  PlayerPunishEvent was triggered on Akukis with reason EXPIRE and cancelled true.
[May 03, 2026 23:28:11.252PM UTC]  PlayerUntagEvent was triggered on Akukis with reason EXPIRE and expire set to true.
[May 03, 2026 23:28:11.252PM UTC]  PlayerPunishEvent was triggered on .Elaxelinsan0 with reason EXPIRE and cancelled true.
[May 03, 2026 23:28:11.252PM UTC]  PlayerUntagEvent was triggered on .Elaxelinsan0 with reason EXPIRE and expire set to true.
[May 03, 2026 23:29:40.838PM UTC]  PlayerPreTagEvent was triggered on Akukis by .Elaxelinsan0 with type PLAYER, reason ATTACKER, and cancelled false.
[May 03, 2026 23:29:40.839PM UTC]  PlayerTagEvent was triggered on Akukis by .Elaxelinsan0 with type PLAYER and reason ATTACKER.
[May 03, 2026 23:29:40.839PM UTC]  PlayerPreTagEvent was triggered on .Elaxelinsan0 by Akukis with type PLAYER, reason ATTACKED, and cancelled false.
[May 03, 2026 23:29:40.839PM UTC]  PlayerTagEvent was triggered on .Elaxelinsan0 by Akukis with type PLAYER and reason ATTACKED.
[May 03, 2026 23:29:40.840PM UTC]  EntityDamageByEntityEvent was triggered by damaged PLAYER .Elaxelinsan0, damager PLAYER Akukis and cancelled false.
[May 03, 2026 23:30:01.252PM UTC]  PlayerPunishEvent was triggered on Akukis with reason EXPIRE and cancelled true.
[May 03, 2026 23:30:01.252PM UTC]  PlayerUntagEvent was triggered on Akukis with reason EXPIRE and expire set to true.
[May 03, 2026 23:30:01.252PM UTC]  PlayerPunishEvent was triggered on .Elaxelinsan0 with reason EXPIRE and cancelled true.
[May 03, 2026 23:30:01.252PM UTC]  PlayerUntagEvent was triggered on .Elaxelinsan0 with reason EXPIRE and expire set to true.
[May 03, 2026 23:44:06.754PM UTC]  EntityDamageByEntityEvent was triggered by damaged PLAYER .Elaxelinsan0, damager DROWNED Drowned and cancelled false.
[May 03, 2026 23:44:44.555PM UTC]  EntityDamageByEntityEvent was triggered by damaged PLAYER .Elaxelinsan0, damager DROWNED Drowned and cancelled false.
[May 03, 2026 23:44:51.775PM UTC]  EntityDamageByEntityEvent was triggered by damaged SQUID Squid, damager PLAYER .Elaxelinsan0 and cancelled false.
[May 03, 2026 23:47:09.654PM UTC]  EntityDamageByEntityEvent was triggered by damaged PLAYER .Elaxelinsan0, damager DROWNED Drowned and cancelled false.
[May 03, 2026 23:47:10.654PM UTC]  EntityDamageByEntityEvent was triggered by damaged PLAYER .Elaxelinsan0, damager DROWNED Drowned and cancelled false.
[May 03, 2026 23:47:11.654PM UTC]  EntityDamageByEntityEvent was triggered by damaged PLAYER .Elaxelinsan0, damager DROWNED Drowned and cancelled false.
[May 03, 2026 23:47:14.397PM UTC]  EntityDamageByEntityEvent was triggered by damaged DROWNED Drowned, damager PLAYER .Elaxelinsan0 and cancelled false.
[May 03, 2026 23:47:14.932PM UTC]  EntityDamageByEntityEvent was triggered by damaged DROWNED Drowned, damager PLAYER .Elaxelinsan0 and cancelled false.
[May 03, 2026 23:47:15.954PM UTC]  EntityDamageByEntityEvent was triggered by damaged PLAYER .Elaxelinsan0, damager DROWNED Drowned and cancelled false.
[May 03, 2026 23:52:18.932PM UTC]  PlayerPreTagEvent was triggered on Akukis by .Elaxelinsan0 with type PLAYER, reason ATTACKER, and cancelled false.
[May 03, 2026 23:52:18.932PM UTC]  PlayerTagEvent was triggered on Akukis by .Elaxelinsan0 with type PLAYER and reason ATTACKER.
[May 03, 2026 23:52:18.934PM UTC]  PlayerPreTagEvent was triggered on .Elaxelinsan0 by Akukis with type PLAYER, reason ATTACKED, and cancelled false.
[May 03, 2026 23:52:18.935PM UTC]  PlayerTagEvent was triggered on .Elaxelinsan0 by Akukis with type PLAYER and reason ATTACKED.
[May 03, 2026 23:52:18.935PM UTC]  EntityDamageByEntityEvent was triggered by damaged PLAYER .Elaxelinsan0, damager PLAYER Akukis and cancelled false.
[May 03, 2026 23:52:39.252PM UTC]  PlayerPunishEvent was triggered on Akukis with reason EXPIRE and cancelled true.
[May 03, 2026 23:52:39.252PM UTC]  PlayerUntagEvent was triggered on Akukis with reason EXPIRE and expire set to true.
[May 03, 2026 23:52:39.252PM UTC]  PlayerPunishEvent was triggered on .Elaxelinsan0 with reason EXPIRE and cancelled true.
[May 03, 2026 23:52:39.252PM UTC]  PlayerUntagEvent was triggered on .Elaxelinsan0 with reason EXPIRE and expire set to true.
[May 03, 2026 23:53:38.357PM UTC]  EntityDamageByEntityEvent was triggered by damaged PLAYER .Elaxelinsan0, damager DROWNED Drowned and cancelled false.
[May 03, 2026 23:53:40.237PM UTC]  EntityDamageByEntityEvent was triggered by damaged DROWNED Drowned, damager PLAYER .Elaxelinsan0 and cancelled false.
[May 03, 2026 23:53:40.738PM UTC]  EntityDamageByEntityEvent was triggered by damaged DROWNED Drowned, damager PLAYER .Elaxelinsan0 and cancelled false.
[May 03, 2026 23:53:41.265PM UTC]  EntityDamageByEntityEvent was triggered by damaged DROWNED Drowned, damager PLAYER .Elaxelinsan0 and cancelled false.
[May 03, 2026 23:53:43.639PM UTC]  EntityDamageByEntityEvent was triggered by damaged DROWNED Drowned, damager PLAYER .Elaxelinsan0 and cancelled false.
[May 03, 2026 23:53:44.195PM UTC]  EntityDamageByEntityEvent was triggered by damaged DROWNED Drowned, damager PLAYER .Elaxelinsan0 and cancelled false.
[May 03, 2026 23:55:02.255PM UTC]  EntityDamageByEntityEvent was triggered by damaged PLAYER .Elaxelinsan0, damager DROWNED Drowned and cancelled false.
[May 03, 2026 23:55:03.304PM UTC]  EntityDamageByEntityEvent was triggered by damaged PLAYER .Elaxelinsan0, damager DROWNED Drowned and cancelled false.
[May 03, 2026 23:55:04.304PM UTC]  EntityDamageByEntityEvent was triggered by damaged PLAYER .Elaxelinsan0, damager DROWNED Drowned and cancelled false.
[May 03, 2026 23:55:05.306PM UTC]  EntityDamageByEntityEvent was triggered by damaged PLAYER .Elaxelinsan0, damager DROWNED Drowned and cancelled false.
[May 03, 2026 23:55:06.058PM UTC]  EntityDamageByEntityEvent was triggered by damaged DROWNED Drowned, damager PLAYER .Elaxelinsan0 and cancelled false.
[May 03, 2026 23:55:06.304PM UTC]  EntityDamageByEntityEvent was triggered by damaged PLAYER .Elaxelinsan0, damager DROWNED Drowned and cancelled false.
[May 03, 2026 23:55:06.924PM UTC]  EntityDamageByEntityEvent was triggered by damaged DROWNED Drowned, damager PLAYER .Elaxelinsan0 and cancelled false.
[May 03, 2026 23:55:09.306PM UTC]  EntityDamageByEntityEvent was triggered by damaged DROWNED Drowned, damager PLAYER .Elaxelinsan0 and cancelled false.
[May 03, 2026 23:56:52.854PM UTC]  EntityDamageByEntityEvent was triggered by damaged PLAYER .Elaxelinsan0, damager DROWNED Drowned and cancelled false.
[May 03, 2026 23:56:54.004PM UTC]  EntityDamageByEntityEvent was triggered by damaged PLAYER .Elaxelinsan0, damager DROWNED Drowned and cancelled false.
[May 03, 2026 23:56:55.005PM UTC]  EntityDamageByEntityEvent was triggered by damaged PLAYER .Elaxelinsan0, damager DROWNED Drowned and cancelled false.
[May 03, 2026 23:56:56.754PM UTC]  EntityDamageByEntityEvent was triggered by damaged PLAYER .Elaxelinsan0, damager DROWNED Drowned and cancelled false.
[May 03, 2026 23:56:59.705PM UTC]  EntityDamageByEntityEvent was triggered by damaged PLAYER .Elaxelinsan0, damager DROWNED Drowned and cancelled false.
[May 03, 2026 23:57:00.448PM UTC]  EntityDamageByEntityEvent was triggered by damaged DROWNED Drowned, damager PLAYER .Elaxelinsan0 and cancelled false.
[May 03, 2026 23:57:00.921PM UTC]  EntityDamageByEntityEvent was triggered by damaged DROWNED Drowned, damager PLAYER .Elaxelinsan0 and cancelled false.
[May 03, 2026 23:57:10.789PM UTC]  EntityDamageByEntityEvent was triggered by damaged DROWNED Drowned, damager PLAYER .Elaxelinsan0 and cancelled false.
[May 03, 2026 23:57:11.298PM UTC]  EntityDamageByEntityEvent was triggered by damaged DROWNED Drowned, damager PLAYER .Elaxelinsan0 and cancelled false.
[May 03, 2026 23:57:11.507PM UTC]  EntityDamageByEntityEvent was triggered by damaged DROWNED Drowned, damager PLAYER .Elaxelinsan0 and cancelled false.
[May 03, 2026 23:57:15.904PM UTC]  EntityDamageByEntityEvent was triggered by damaged PLAYER .Elaxelinsan0, damager DROWNED Drowned and cancelled false.
[May 03, 2026 23:57:16.904PM UTC]  EntityDamageByEntityEvent was triggered by damaged PLAYER .Elaxelinsan0, damager DROWNED Drowned and cancelled false.
[May 03, 2026 23:57:17.903PM UTC]  EntityDamageByEntityEvent was triggered by damaged PLAYER .Elaxelinsan0, damager DROWNED Drowned and cancelled false.
[May 03, 2026 23:57:18.634PM UTC]  EntityDamageByEntityEvent was triggered by damaged DROWNED Drowned, damager PLAYER Akukis and cancelled false.
[May 03, 2026 23:57:19.004PM UTC]  EntityDamageByEntityEvent was triggered by damaged PLAYER .Elaxelinsan0, damager DROWNED Drowned and cancelled false.
[May 03, 2026 23:57:19.185PM UTC]  EntityDamageByEntityEvent was triggered by damaged DROWNED Drowned, damager PLAYER Akukis and cancelled false.
[May 03, 2026 23:57:19.786PM UTC]  EntityDamageByEntityEvent was triggered by damaged DROWNED Drowned, damager PLAYER Akukis and cancelled false.
[May 03, 2026 23:58:42.135PM UTC]  PlayerPreTagEvent was triggered on Akukis by .Elaxelinsan0 with type PLAYER, reason ATTACKER, and cancelled false.
[May 03, 2026 23:58:42.135PM UTC]  PlayerTagEvent was triggered on Akukis by .Elaxelinsan0 with type PLAYER and reason ATTACKER.
[May 03, 2026 23:58:42.136PM UTC]  PlayerPreTagEvent was triggered on .Elaxelinsan0 by Akukis with type PLAYER, reason ATTACKED, and cancelled false.
[May 03, 2026 23:58:42.136PM UTC]  PlayerTagEvent was triggered on .Elaxelinsan0 by Akukis with type PLAYER and reason ATTACKED.
[May 03, 2026 23:58:42.136PM UTC]  EntityDamageByEntityEvent was triggered by damaged PLAYER .Elaxelinsan0, damager PLAYER Akukis and cancelled false.
[May 03, 2026 23:59:02.252PM UTC]  PlayerPunishEvent was triggered on Akukis with reason EXPIRE and cancelled true.
[May 03, 2026 23:59:02.252PM UTC]  PlayerUntagEvent was triggered on Akukis with reason EXPIRE and expire set to true.
[May 03, 2026 23:59:02.252PM UTC]  PlayerPunishEvent was triggered on .Elaxelinsan0 with reason EXPIRE and cancelled true.
[May 03, 2026 23:59:02.252PM UTC]  PlayerUntagEvent was triggered on .Elaxelinsan0 with reason EXPIRE and expire set to true.
